year,month,beuti_46N,beuti_47N,cuti_46N,cuti_47N,q_cms,pdo,sst_anom,sst_anom_se,n_sst_stations,sst_anom_naive3,columbia_lower_q_beaver_cms,columbia_lower_q_willamette_cms,columbia_lower_q_dalles_cms,mur_anom_long_beach,mur_anom_twin_harbors,mur_anom_copalis,mur_anom_mocrocks,mur_anom_kalaloch,mur_sst_long_beach,mur_sst_twin_harbors,mur_sst_copalis,mur_sst_mocrocks,mur_sst_kalaloch,ndbc_met_tau_along_anom,ndbc_met_tau_along_clim,ndbc_met_n_tau_along,ndbc_met_ekman_anom,ndbc_met_ekman_clim,ndbc_met_n_ekman,ndbc_met_hs_anom,ndbc_met_hs_clim,ndbc_met_n_hs,ndbc_met_hs2_anom,ndbc_met_hs2_clim,ndbc_met_n_hs2,ndbc_met_storm_anom,ndbc_met_storm_clim,ndbc_met_n_storm,oisst_anom_regional,oisst_sst_regional,oisst_n_pixels_regional,oisst_n_days,oisst_anom_copalis,oisst_anom_kalaloch,oisst_anom_long_beach,oisst_anom_mocrocks,oisst_anom_twin_harbors,pdo_ncei,pdo_psl,upwelling_beuti_45N,upwelling_beuti_46N,upwelling_beuti_47N,upwelling_cuti_45N,upwelling_cuti_46N,upwelling_cuti_47N,index_vintage
1988,1,0.45974193548387104,-4.749612903225806,0.03961290322580645,-0.34661290322580646,NA,0.86,NA,NA,0,NA,NA,NA,NA,NA,NA,NA,NA,NA,NA,NA,NA,NA,NA,NA,NA,NA,NA,NA,NA,NA,NA,NA,NA,NA,NA,NA,NA,NA,-0.1992465108069945,9.042457478005865,55,31,-0.35441450949157094,-0.5102946037435281,-0.03270843289526048,-0.4099428016726403,-0.264144298420284,0.23,0.399,0.04461290322580645,1.2036774193548387,-1.6279032258064516,-0.01629032258064515,0.1044516129032258,-0.11674193548387096,cached
1988,2,1.0679655172413793,0.22537931034482755,0.07320689655172413,0.015931034482758625,NA,1.13,NA,NA,0,NA,NA,NA,NA,NA,NA,NA,NA,NA,NA,NA,NA,NA,NA,NA,NA,NA,NA,NA,NA,NA,NA,NA,NA,NA,NA,NA,NA,NA,-0.7075139470121634,8.46269592476489,55,29,-0.4503805937753622,-0.7356987146820675,-0.5583945322084437,-0.5567007813827077,-0.41378814902893346,0.47,0.643,3.7135172413793103,1.8560344827586208,0.978103448275862,0.26155172413793104,0.1349655172413793,0.05813793103448276,cached
1988,3,-0.24758064516129039,0.6584193548387097,-0.012967741935483872,0.02580645161290323,NA,1.22,NA,NA,0,NA,NA,NA,NA,NA,NA,NA,NA,NA,NA,NA,NA,NA,NA,NA,NA,NA,NA,NA,NA,NA,NA,NA,NA,NA,NA,NA,NA,NA,-0.283798463298676,9.133700879765396,55,31,-0.1542345620180304,-0.3218567326490713,-0.06910596285434956,-0.21431580047789764,-0.13672381476050907,0.49,0.633,2.597967741935484,2.414483870967742,2.6571290322580645,0.19564516129032256,0.1607741935483871,0.1522258064516129,cached
1988,4,-0.3273,-1.2547,-0.018033333333333325,-0.07116666666666667,NA,1.02,NA,NA,0,NA,NA,NA,NA,NA,NA,NA,NA,NA,NA,NA,NA,NA,NA,NA,NA,NA,NA,NA,NA,NA,NA,NA,NA,NA,NA,NA,NA,NA,-0.6176718913270637,9.608854545454545,55,30,-0.22122605363984724,-0.2642030651340992,-0.3358314176245217,-0.21907279693486595,-0.2832260536398466,0.34,0.475,1.6846,1.0205333333333333,0.5059666666666667,0.1258,0.0774,0.05396666666666666,cached
1988,5,0.05641935483870967,-0.21380645161290324,0.007483870967741937,-0.057322580645161283,NA,1,NA,NA,0,NA,NA,NA,NA,NA,NA,NA,NA,NA,NA,NA,NA,NA,NA,NA,NA,NA,NA,NA,NA,NA,NA,NA,NA,NA,NA,NA,NA,NA,-0.27855498207885304,11.61791788856305,55,31,0.02718996415770706,0.23826403823178133,-0.31900788530465957,0.10116463560334606,-0.07015507765830324,0.37,0.49,0.13687096774193547,0.39535483870967736,0.3289354838709677,-0.00135483870967743,0.06229032258064516,0.03841935483870968,cached
1988,6,0.06386666666666667,-0.032233333333333336,0.1966,0.09079999999999999,NA,0.79,NA,NA,0,NA,NA,NA,NA,NA,NA,NA,NA,NA,NA,NA,NA,NA,NA,NA,NA,NA,NA,NA,NA,NA,NA,NA,NA,NA,NA,NA,NA,NA,-0.6177044949494948,12.846860606060606,55,30,-0.4972259259259258,-0.45895833333333275,-0.473331481481481,-0.4979143518518517,-0.4650222222222216,0.21,0.307,0.3138333333333333,0.10966666666666666,0.06776666666666667,0.4014,0.27093333333333336,0.1244,cached
1988,7,0.19380645161290322,0.14838709677419354,0.38467741935483873,0.32370967741935486,NA,0.53,NA,NA,0,NA,NA,NA,NA,NA,NA,NA,NA,NA,NA,NA,NA,NA,NA,NA,NA,NA,NA,NA,NA,NA,NA,NA,NA,NA,NA,NA,NA,NA,-0.5811203256143189,13.81049853372434,55,31,-0.880685283030528,-1.1491177542948954,-0.7374886447905075,-1.0075267581263134,-0.7311719039673713,-0.15,0.172,1.3186451612903225,0.26345161290322583,0.1723225806451613,0.7791935483870968,0.48358064516129035,0.3321290322580645,cached
1988,8,0.35729032258064514,0.29580645161290325,0.3003225806451613,0.25190322580645164,NA,-0.11,NA,NA,0,NA,NA,NA,NA,NA,NA,NA,NA,NA,NA,NA,NA,NA,NA,NA,NA,NA,NA,NA,NA,NA,NA,NA,NA,NA,NA,NA,NA,NA,-1.2492808635898152,13.571055718475073,55,31,-1.3234397828127662,-1.0386474739716676,-1.6171317844342037,-1.2517742447516642,-1.408361870626387,-0.88,-0.362,1.878774193548387,0.4572903225806452,0.3394838709677419,0.6899677419354838,0.3790967741935484,0.289,cached
1988,9,0.1664,0.26703333333333334,0.22713333333333333,0.1812,NA,-0.18,NA,NA,0,NA,NA,NA,NA,NA,NA,NA,NA,NA,NA,NA,NA,NA,NA,NA,NA,NA,NA,NA,NA,NA,NA,NA,NA,NA,NA,NA,NA,NA,-1.6638249979905153,12.896121212121212,55,30,-1.7152540524609492,-2.1942991452991456,-1.5509658119658123,-1.9177123489537289,-1.5939593280282935,-0.98,-0.334,1.3684333333333334,0.23246666666666668,0.3416,0.4953,0.3113,0.2217,cached
1988,10,0.006451612903225808,1.2903225806451505e-4,0.10609677419354839,0.016387096774193553,NA,0.04,NA,NA,0,NA,NA,NA,NA,NA,NA,NA,NA,NA,NA,NA,NA,NA,NA,NA,NA,NA,NA,NA,NA,NA,NA,NA,NA,NA,NA,NA,NA,NA,-0.5655550154773541,12.505947214076246,55,31,-0.42120848267622496,-0.3502777180406209,-0.4072296744324966,-0.4068216547192354,-0.4133661589008361,-0.36,-0.05,0.451,0.04696774193548387,0.02290322580645161,0.2752903225806452,0.17006451612903226,0.06061290322580645,cached
1988,11,-0.10636666666666666,-0.36036666666666667,-0.15996666666666667,-0.2955,NA,0.08,NA,NA,0,NA,NA,NA,NA,NA,NA,NA,NA,NA,NA,NA,NA,NA,NA,NA,NA,NA,NA,NA,NA,NA,NA,NA,NA,NA,NA,NA,NA,NA,0.00449478337754191,11.35838181818182,55,30,0.2028311229000881,0.2025384615384613,0.21732449160035472,0.21583023872679044,0.19786943707633375,-0.06,0.056,-0.3662,-0.00366666666666667,0.08136666666666663,-0.3782666666666667,-0.095,-0.07326666666666667,cached
1988,12,0.03438709677419352,-0.35383870967741937,0.022838709677419352,-0.00941935483870968,NA,-0.06,NA,NA,0,NA,NA,NA,NA,NA,NA,NA,NA,NA,NA,NA,NA,NA,NA,NA,NA,NA,NA,NA,NA,NA,NA,NA,NA,NA,NA,NA,NA,NA,-0.5778082324803885,9.408269794721408,55,31,-0.5816867202961843,-0.4206144658893714,-0.4689931365852858,-0.5253643451434016,-0.5914375012593703,-0.14,-0.136,1.8624516129032256,1.138516129032258,1.0592580645161291,0.31867741935483873,0.14241935483870968,0.10741935483870968,cached
1989,1,1.4127419354838708,-1.3310000000000002,0.08806451612903225,-0.06351612903225806,NA,-0.96,NA,NA,0,NA,NA,NA,NA,NA,NA,NA,NA,NA,NA,NA,NA,NA,NA,NA,NA,NA,NA,NA,NA,NA,NA,NA,NA,NA,NA,NA,NA,NA,-1.0477274492234168,8.193976539589443,55,31,-1.1649521439001729,-0.937713958582238,-1.3714181103146157,-1.0424159199522105,-1.2975851586353375,-1.24,-0.989,2.890290322580645,4.655838709677419,1.9506774193548384,0.19025806451612903,0.2632258064516129,0.08041935483870967,cached
1989,2,0.10557142857142862,0.5262142857142856,0.019107142857142864,0.05410714285714286,NA,-1.13,NA,NA,0,NA,NA,NA,NA,NA,NA,NA,NA,NA,NA,NA,NA,NA,NA,NA,NA,NA,NA,NA,NA,NA,NA,NA,NA,NA,NA,NA,NA,NA,-2.2722877938549755,6.897922077922078,55,28,-2.5473715625766755,-1.999532869033463,-2.79956448294736,-2.336791093369571,-2.749662533265387,-1.45,-1.094,-0.3121428571428574,1.6302857142857143,4.2716071428571425,0.0452142857142857,0.06682142857142857,0.16507142857142856,cached
1989,3,-4.103967741935484,-11.730290322580645,-0.1494193548387097,-0.4607096774193548,NA,-0.79,NA,NA,0,NA,NA,NA,NA,NA,NA,NA,NA,NA,NA,NA,NA,NA,NA,NA,NA,NA,NA,NA,NA,NA,NA,NA,NA,NA,NA,NA,NA,NA,-1.5142442110992624,7.9032551319648094,55,31,-1.4170302609427612,-1.5845449046920823,-1.29910596285435,-1.472595370370371,-1.3742506964809384,-1.24,-0.87,-11.171354838709677,-3.423451612903226,-4.739258064516129,-0.47374193548387095,-0.12383870967741936,-0.18458064516129033,cached
1989,4,2.015633333333333,0.05123333333333344,0.17136666666666667,0.05123333333333333,NA,0.04,NA,NA,0,NA,NA,NA,NA,NA,NA,NA,NA,NA,NA,NA,NA,NA,NA,NA,NA,NA,NA,NA,NA,NA,NA,NA,NA,NA,NA,NA,NA,NA,-0.2334234064785788,9.99310303030303,55,30,-0.1764482758620692,-0.0895363984674334,0.05439080459770137,-0.1505172413793107,-0.11600383141762433,-0.32,-0.122,2.2417,3.110866666666667,1.4183,0.2098,0.24336666666666668,0.13546666666666665,cached
1989,5,0.41416129032258064,0.21129032258064517,0.18167741935483872,0.11706451612903225,NA,0.1,NA,NA,0,NA,NA,NA,NA,NA,NA,NA,NA,NA,NA,NA,NA,NA,NA,NA,NA,NA,NA,NA,NA,NA,NA,NA,NA,NA,NA,NA,NA,NA,0.384553522319974,12.281026392961875,55,31,-0.01259498207885201,0.1709522102747917,0.1759383512544801,0.06750872162485126,0.01005997610513809,-0.09,0.011,1.2218387096774193,0.5284516129032258,0.30241935483870963,0.3497096774193548,0.23848387096774193,0.148,cached
1989,6,0.09483333333333334,0.12246666666666667,0.09343333333333334,0.020800000000000003,NA,0.18,NA,NA,0,NA,NA,NA,NA,NA,NA,NA,NA,NA,NA,NA,NA,NA,NA,NA,NA,NA,NA,NA,NA,NA,NA,NA,NA,NA,NA,NA,NA,NA,-0.3391287373737374,13.125436363636364,55,30,-0.01622592592592653,-0.09595833333333265,-0.33955370370370375,0.00175231481481397,-0.13668888888888908,0.11,0.071,0.8195666666666667,0.12793333333333332,0.1883,0.40896666666666665,0.1558,0.08056666666666666,cached
1989,7,0.006580645161290323,0.0014516129032258066,0.19851612903225807,0.066,NA,0.81,NA,NA,0,NA,NA,NA,NA,NA,NA,NA,NA,NA,NA,NA,NA,NA,NA,NA,NA,NA,NA,NA,NA,NA,NA,NA,NA,NA,NA,NA,NA,NA,0.28431075942966927,14.675929618768327,55,31,0.8116803083673213,0.6259360091459646,0.5751995272525026,0.7373119515511058,0.8032366981831665,0.56,0.571,0.14329032258064517,0.00938709677419354,0.00303225806451612,0.4469677419354839,0.2788709677419355,0.1270967741935484,cached
1989,8,0.3001935483870968,0.31590322580645164,0.30054838709677417,0.1996451612903226,NA,-0.08,NA,NA,0,NA,NA,NA,NA,NA,NA,NA,NA,NA,NA,NA,NA,NA,NA,NA,NA,NA,NA,NA,NA,NA,NA,NA,NA,NA,NA,NA,NA,NA,0.05420887248056623,14.874545454545457,55,31,0.13580752901519114,-0.1124109148318831,-0.05089522529441837,0.11016123911930424,0.0520682369004953,-0.44,-0.079,0.7946451612903226,0.3578387096774194,0.3706774193548387,0.5329354838709678,0.3586774193548387,0.23380645161290323,cached
1989,9,0.2524666666666667,0.1381,0.3349,0.18276666666666666,NA,-0.32,NA,NA,0,NA,NA,NA,NA,NA,NA,NA,NA,NA,NA,NA,NA,NA,NA,NA,NA,NA,NA,NA,NA,NA,NA,NA,NA,NA,NA,NA,NA,NA,-1.0468613616268791,13.513084848484848,55,30,-0.6992540524609497,-0.9690769230769232,-1.0677435897435903,-0.7362679045092845,-0.9071815502505156,-0.57,-0.202,1.5879666666666667,0.2976,0.18046666666666664,0.5126000000000001,0.3864,0.22813333333333333,cached
1989,10,0.20893548387096775,-0.07154838709677419,0.027483870967741932,-0.11435483870967743,NA,-0.42,NA,NA,0,NA,NA,NA,NA,NA,NA,NA,NA,NA,NA,NA,NA,NA,NA,NA,NA,NA,NA,NA,NA,NA,NA,NA,NA,NA,NA,NA,NA,NA,-0.7531561884978819,12.31834604105572,55,31,-0.44712246117084814,-0.49780459976105185,-0.8302404271206681,-0.43725176224611734,-0.59186078255675,-0.51,-0.231,0.29138709677419355,0.23806451612903223,-0.031,-0.08174193548387096,0.02461290322580645,-0.01767741935483871,cached
1989,11,0.21813333333333335,-0.3544,0.09960000000000001,-0.021100000000000004,NA,-0.73,NA,NA,0,NA,NA,NA,NA,NA,NA,NA,NA,NA,NA,NA,NA,NA,NA,NA,NA,NA,NA,NA,NA,NA,NA,NA,NA,NA,NA,NA,NA,NA,-0.3974688529860944,10.95641818181818,55,30,-0.35705776598880057,-0.2557948717948726,-0.2770088417329788,-0.3513919834954322,-0.34513056292366606,-0.76,-0.552,0.1602,0.20406666666666667,0.04549999999999999,0.06603333333333333,0.1015,0.07463333333333333,cached
1989,12,-0.2603870967741936,-1.6866129032258064,-0.036806451612903225,-0.15467741935483872,NA,-0.06,NA,NA,0,NA,NA,NA,NA,NA,NA,NA,NA,NA,NA,NA,NA,NA,NA,NA,NA,NA,NA,NA,NA,NA,NA,NA,NA,NA,NA,NA,NA,NA,-0.3524651239759896,9.633612903225806,55,31,-0.5145899461026353,-0.5612596271796946,-0.09856302905840408,-0.5667621946057668,-0.42595363029162847,-0.1,-0,1.4534838709677418,-0.27154838709677426,-0.4494193548387097,0.14748387096774193,-0.04235483870967742,-0.05064516129032258,cached
1990,1,-0.8208064516129032,-4.0042580645161285,-0.05429032258064515,-0.27129032258064517,4539.822451612903,-0.32,-0.45947898732941306,0.46693290060771264,1,-0.37542178814994287,NA,1748.1513496774194,4539.822451612904,NA,NA,NA,NA,NA,NA,NA,NA,NA,NA,0.02124452493476333,-0.04346117135093125,1,0.19371895933182431,-0.3950287423332433,1,0.4768574090184306,3.0380461192418053,1,3.3274112942952305,10.760348504887103,1,0.17239512895401335,0.19371513931441783,1,-0.03000897415010306,9.211695014662755,55,31,-0.02419945572813079,0.00852260055754724,-0.12851488450816362,-0.03295355436081296,-0.06210128766759659,-0.42,-0.254,-4.144645161290322,0.4098709677419355,-0.37187096774193545,-0.39638709677419354,0.03751612903225807,-0.04290322580645162,cached
1990,2,2.0732142857142857,-1.976142857142857,0.09742857142857143,-0.12453571428571429,5119.272914285714,-0.71,-1.4838201692500825,0.46693290060771264,1,-1.3499184887962912,NA,1866.4816457142856,5119.272914285714,NA,NA,NA,NA,NA,NA,NA,NA,NA,NA,-0.00550410341878762,-0.02358349043317241,1,-0.04980950778813096,-0.21618706177108857,1,0.4410823785638217,2.7817170822996253,1,4.037413063394593,9.177554802588356,1,0.16645749306020957,0.13759334284466052,1,-1.186651430218612,7.983558441558442,55,28,-1.4449906101957233,-1.4186995357001295,-1.2158740067568836,-1.458100617179095,-1.3726387237415771,-1.28,-0.837,-0.9405714285714288,5.558678571428572,3.833142857142857,-0.04360714285714286,0.2829642857142857,0.14835714285714283,cached
1990,3,1.9279354838709677,-1.9805483870967744,0.1286774193548387,-0.08309677419354837,5481.584412903226,-0.54,-0.4060455961303383,0.46693290060771264,1,-0.4687402180361371,NA,1037.1256361290325,5481.584412903226,NA,NA,NA,NA,NA,NA,NA,NA,NA,NA,0.0189224880302109,-0.03139367513489231,1,0.17487690855290508,-0.2864238315235854,1,-0.5008931381193958,2.665874766366925,1,-2.968096585125534,8.51652694236105,1,-0.09174183436081049,0.1315736547088193,1,-0.5407368797209634,8.876762463343109,55,31,-0.5629442394373848,-0.45293200146627594,-0.3734070381231671,-0.539477090800478,-0.5422076857282505,-1.24,-0.707,1.680741935483871,4.205129032258064,1.0568064516129032,0.11674193548387098,0.2561935483870968,0.06629032258064516,cached
1990,4,1.7097333333333333,1.3585,0.13376666666666667,0.10713333333333333,6093.77536,0.36,0.0185234657009858,0.46693290060771264,1,-0.03848177294959498,NA,751.0559253333333,6093.77536,NA,NA,NA,NA,NA,NA,NA,NA,NA,NA,0.01760415549096794,-0.013295056158115,1,0.16020604563105845,-0.12124090984207082,1,-0.4920381052005766,2.271133662954427,1,-2.4356644615855614,6.065962832180807,1,-0.04461295678541414,0.04746974758371827,1,0.0830978056426333,10.309624242424242,55,30,-0.2335593869731808,-0.33364750957854444,0.24850191570881228,-0.27718390804597764,-0.08400383141762428,-0.15,0.105,3.745733333333334,2.0844666666666667,2.241766666666667,0.2749,0.16273333333333334,0.15476666666666666,cached
1990,5,1.201741935483871,0.8364193548387097,0.07906451612903226,0.009387096774193542,6476.326193548387,0.13,-0.8928849084451989,0.46693290060771264,1,-1.0914234351182888,NA,700.0643716129033,6476.326193548387,NA,NA,NA,NA,NA,NA,NA,NA,NA,NA,-0.00953979838715915,0.00588625556904433,1,-0.08754687830696121,0.05424115217687762,1,0.02660301628001455,1.7459837116450605,1,0.07397419834715212,3.502661425063787,1,-0.00775103457106092,0.00608708018730358,1,-0.8641561550993807,11.032316715542525,55,31,-1.334100358422938,-1.3064671445639178,-0.9678250896057352,-1.3070074074074067,-1.255316367980883,-0.32,-0.047,2.7775806451612906,1.640516129032258,1.1989032258064516,0.22696774193548383,0.1255806451612903,0.06680645161290323,cached
1990,6,0.0023666666666666667,-0.24703333333333333,0.12636666666666665,-0.010466666666666673,8959.4355200000009,0.01,-0.006456793479864822,0.46693290060771264,1,-0.008687558060335832,NA,652.2302933333333,8959.435519999999,NA,NA,NA,NA,NA,NA,NA,NA,NA,NA,-0.01463031022343286,0.01012452179940359,1,-0.13410413309079597,0.09291438823800792,1,0.1655454721072976,1.5781520879503164,1,0.4437998508964349,2.8926578281877036,1,-0.00417683594612292,0.00379011301117982,1,-0.07994691919191917,13.384618181818182,55,30,0.18832962962962976,0.18004166666666718,-0.11322037037036974,0.20830787037037032,0.1372,-0.25,-0.136,0.13506666666666667,0.00766666666666666,-0.13770000000000002,0.32816666666666666,0.18626666666666664,0.078,cached
1990,7,0.12396774193548386,0.16493548387096774,0.39506451612903226,0.3260967741935484,5158.224825806452,0.11,-0.3606686721747668,0.46693290060771264,1,-0.29394235157155535,NA,256.4862668387097,5158.224825806451,NA,NA,NA,NA,NA,NA,NA,NA,NA,NA,0.00187896405610381,0.01849652630860572,1,0.01821009276934363,0.16962703021083023,1,0.07685649938686095,1.3756230183104603,1,0.27343224058728516,2.115424334863351,1,-4.421760844566728e-5,4.443015431374131e-5,1,0.04860401456163404,14.440222873900291,55,31,0.05211041589420281,0.20464568656531945,-0.11587574156470144,0.09043023112099806,-0.01009663515016671,-0.31,-0.047,0.9051612903225806,0.15548387096774194,0.17870967741935484,0.6855806451612904,0.47683870967741937,0.3568709677419355,cached
1990,8,0.16322580645161291,0.09464516129032258,0.21570967741935484,0.11745161290322581,4048.1149212903224,0.1,0.2569179875693397,0.46693290060771264,1,0.39211509324897875,NA,223.06330838709675,4048.1149212903224,NA,NA,NA,NA,NA,NA,NA,NA,NA,NA,-0.00445273559443493,0.0118395873230912,1,-0.0404821628742501,0.10903444588391292,1,-0.02098403630617187,1.371162251293646,1,-0.23575426613558292,2.1478446610543926,1,-0.00152475896196234,0.00177833099527385,1,0.00288335928408517,14.823219941348974,55,31,0.22172150750981423,0.3786643539853216,-0.07627156938043989,0.3020967229902715,0.07604673152415072,-0.43,0.004,1.1344193548387096,0.19712903225806452,0.10467741935483872,0.2635483870967742,0.25183870967741934,0.1513225806451613,cached
1990,9,0.0752,6.666666666666666e-4,0.2967666666666667,0.22876666666666667,3157.3232,0.14,2.683744546865575,0.46693290060771264,1,2.76446339555892,NA,266.2628704,3157.3232,NA,NA,NA,NA,NA,NA,NA,NA,NA,NA,0.00839297535295069,0.00333015431422671,1,0.07753874971362101,0.03061700900419594,1,-0.38674399204559273,1.7606557391483988,1,-1.5582857303390203,3.733043183516791,1,-0.01998760664374267,0.02144356607479433,1,1.352938638373121,15.912884848484849,55,30,2.1751903919834947,2.5152564102564097,0.5015897435897436,2.387843206601826,1.7060406719717072,-0.26,0.058,0.1883,0.0871,8.333333333333333e-4,0.3748666666666667,0.3257,0.25976666666666665,cached
1990,10,-0.01303225806451613,-0.18703225806451612,0.04925806451612903,-0.07290322580645162,3214.596211612903,-0.68,0.03762712883704873,0.46693290060771264,1,0.1821799479498143,NA,453.3428335483871,3214.596211612903,NA,NA,NA,NA,NA,NA,NA,NA,NA,NA,-0.00402706645639061,-0.01530261171434133,1,-0.03635139611831035,-0.13950021211025795,1,0.40959619306513295,2.383572742281081,1,1.768276123869847,6.984763063880868,1,0.02411963022491554,0.08766654137026772,1,-0.4123350741283805,12.65916715542522,55,31,0.1788990442054962,-0.16597664277180377,-0.2340038679808837,0.1183396356033454,0.06039728195937913,-1.16,-0.701,0.022,-0.00393548387096774,-0.11090322580645162,0.14048387096774193,0.08274193548387097,0.02603225806451612,cached
1990,11,-0.19486666666666666,-0.20413333333333333,-0.07476666666666668,-0.16886666666666666,4636.404053333334,-1.57,0.1545983575624119,0.46693290060771264,1,0.23463987490836047,NA,1220.5484693333333,4636.404053333334,NA,NA,NA,NA,NA,NA,NA,NA,NA,NA,-0.00763296287591538,-0.03598439743619079,1,-0.06922671265565604,-0.32709510869141695,1,0.0652305724116339,2.962644343457769,1,-0.2328041734781429,10.44953511270244,1,-0.03845127365102662,0.19658611961503183,1,0.25651902580178443,11.61040606060606,55,30,0.3891644562334211,0.3849829059829055,0.46943560271146545,0.39716357206012337,0.364869437076333,-1.88,-1.439,0.00906666666666666,-0.09456666666666667,-0.01636666666666668,-0.00983333333333332,0.00323333333333334,-0.04966666666666666,cached
1990,12,1.0900967741935483,3.7036129032258063,0.06729032258064517,0.16470967741935483,5856.096929032258,-1.93,NA,NA,0,NA,NA,1175.1472,5856.096929032257,NA,NA,NA,NA,NA,NA,NA,NA,NA,NA,NA,NA,NA,NA,NA,NA,NA,NA,NA,NA,NA,NA,NA,NA,NA,-0.8533214289613268,9.13275659824047,55,31,-1.022869515995109,-0.4438402723409845,-0.9299608785207696,-0.8761170333154441,-1.0601471786787258,-2.22,-1.722,6.020354838709677,1.7329354838709676,4.0318387096774195,0.5115806451612903,0.15106451612903227,0.2216774193548387,cached
1991,1,-1.461258064516129,-5.8992258064516125,-0.04309677419354839,-0.20509677419354838,5889.8944,-1.57,NA,NA,0,NA,NA,1239.2710503225803,5889.8944,NA,NA,NA,NA,NA,NA,NA,NA,NA,NA,NA,NA,NA,NA,NA,NA,NA,NA,NA,NA,NA,NA,NA,NA,NA,-1.8200148392527424,7.421689149560117,55,31,-1.9303284879861944,-2.0211548187972914,-1.9704503683791317,-1.996932048984468,-1.8871550511084565,-1.8,-1.302,-0.7694193548387099,-0.4225483870967743,-2.4011612903225807,-0.04232258064516128,0.00196774193548387,-0.07406451612903227,cached
1991,2,-3.7384642857142856,-11.404642857142857,-0.13964285714285712,-0.41896428571428573,5772.581942857143,-0.76,NA,NA,0,NA,NA,1077.45424,5772.581942857143,NA,NA,NA,NA,NA,NA,NA,NA,NA,NA,NA,NA,NA,NA,NA,NA,NA,NA,NA,NA,NA,NA,NA,NA,NA,-0.8524436380108199,8.317766233766234,55,28,-0.7418953721004851,-1.0715566785572723,-0.5449216258045032,-0.8752434743219517,-0.6654958665987204,-1.09,-0.65,-6.053571428571429,-2.1762857142857146,-4.463928571428571,-0.25253571428571425,-0.07367857142857143,-0.15767857142857145,cached
1991,3,0.9493548387096775,0.0801935483870967,0.05212903225806452,0.006258064516129033,6290.8968258064515,-0.63,-0.6588538083322387,0.46693290060771264,1,-0.7215484302380375,NA,1187.0219870967742,6290.8968258064515,NA,NA,NA,NA,NA,NA,NA,NA,NA,NA,0.02376884603146713,-0.03139367513489231,1,0.21927758881529497,-0.2864238315235854,1,-0.34588082990023034,2.665874766366925,1,-2.78058989707675,8.51652694236105,1,-0.12600784287069663,0.1315736547088193,1,-0.8884553547942771,8.529043988269795,55,31,-0.9466001534158792,-0.8571255498533729,-1.0585683284457474,-0.8963588112305855,-1.0181216642228748,-1.11,-0.61,0.7693870967741935,0.933451612903226,2.098451612903226,0.04680645161290323,0.0522258064516129,0.09680645161290324,cached
1991,4,-0.3726000000000001,-1.5934000000000001,0.017966666666666666,-0.031200000000000006,6702.58656,-1.04,-0.2702534896368341,0.46693290060771264,1,-0.32725872828741487,NA,1094.9162666666666,6702.58656,NA,NA,NA,NA,NA,NA,NA,NA,NA,NA,0.00454986581453099,-0.013295056158115,1,0.04060709280383249,-0.12124090984207082,1,0.01969569618466774,2.271133662954427,1,0.1653694485390164,6.065962832180807,1,0.0292175044111913,0.04746974758371827,1,-0.7088415882967608,9.517684848484848,55,30,-0.5825593869731804,-0.5824252873563219,-0.5762758620689657,-0.569961685823755,-0.6173371647509581,-1.63,-1.198,-0.8838333333333332,0.9789,0.4224666666666666,0.0149,0.11203333333333336,0.08080000000000001,cached
1991,5,1.4021612903225806,0.9438064516129032,0.18338709677419354,0.11206451612903226,8403.695483870968,-1.04,-0.5969237767687992,0.46693290060771264,1,-0.7954623034418891,NA,997.2080825806452,8403.695483870968,NA,NA,NA,NA,NA,NA,NA,NA,NA,NA,-0.0019181143831093,0.00588625556904433,1,-0.01771960709895946,0.05424115217687762,1,0.23163792073012376,1.7459837116450605,1,0.8614619109810636,3.502661425063787,1,-0.0037024515751095,0.00608708018730358,1,-1.1081092342782666,10.788363636363636,55,31,-0.800014336917562,-0.8311983273596167,-1.0851369175627248,-0.7720611708482673,-0.8958540023894853,-1.65,-1.176,3.836451612903226,1.921709677419355,1.3586451612903223,0.4377096774193549,0.2454516129032258,0.15,cached
1991,6,1.5814666666666666,1.6787,0.30306666666666665,0.22033333333333333,8290.215146666667,-1.87,-1.682317266046265,0.46693290060771264,1,-1.6845480306267362,NA,441.6476906666666,8290.215146666667,NA,NA,NA,NA,NA,NA,NA,NA,NA,NA,6.982523074225847e-4,0.01012452179940359,1,0.00633093250653351,0.09291438823800792,1,-0.12991315638038273,1.5781520879503164,1,-0.5188725336880378,2.8926578281877036,1,-0.00417683594612292,0.00379011301117982,1,-1.5409590404040403,11.92360606060606,55,30,-1.7647814814814815,-1.5519583333333329,-1.6216648148148145,-1.688914351851852,-1.7861333333333331,-2.25,-1.826,3.8274666666666666,2.0089,1.7566333333333333,0.6202666666666666,0.3865666666666666,0.2386,cached
1991,7,0.271741935483871,0.32406451612903225,0.401,0.2794516129032258,5935.566658064517,-1.22,-1.0558169912255664,0.46693290060771264,1,-0.989090670622355,6656.274890322581,249.56235251612904,5935.566658064517,NA,NA,NA,NA,NA,NA,NA,NA,NA,NA,-0.00133320784789654,0.01849652630860572,1,-0.01121873143645837,0.16962703021083023,1,-0.11776366532350772,1.3756230183104603,1,-0.3593043801660733,2.115424334863351,1,-4.421760844566728e-5,4.443015431374131e-5,1,-0.9303226716553749,13.461296187683285,55,31,-0.48240571313805464,-0.851483345692745,-0.3791015480163142,-0.6101074032876035,-0.4398815813867258,-1.57,-1.171,1.9215806451612905,0.35996774193548386,0.4007096774193548,0.7010967741935484,0.48829032258064514,0.30732258064516127,cached
1991,8,0.06890322580645161,-0.024161290322580645,0.07867741935483871,-0.05261290322580646,4650.349316129033,-0.14,-0.7036999934996597,0.46693290060771264,1,-0.5685028878200207,5223.992877419355,216.9340913548387,4650.349316129033,NA,NA,NA,NA,NA,NA,NA,NA,NA,NA,-0.01637671073106597,0.0118395873230912,1,-0.1497255591237648,0.10903444588391292,1,0.27773714367520086,1.371162251293646,1,1.1322463421022382,2.1478446610543926,1,0.02382735371409399,0.00177833099527385,1,-0.2796210395428943,14.540715542521994,55,31,-0.16666558926437958,-0.3917657535415599,-0.07207802099334278,-0.2412366103430621,-0.10255541901348347,-0.58,-0.317,0.4798064516129033,0.07903225806451614,-0.00903225806451613,0.169258064516129,0.0986774193548387,0.01325806451612903,cached
1991,9,0.0873,0.004866666666666667,0.40813333333333335,0.3223,3491.744608,0.74,-0.4759292171645262,0.46693290060771264,1,-0.3952103684711812,4136.140586666666,285.9808021333333,3491.744608,NA,NA,NA,NA,NA,NA,NA,NA,NA,NA,0.01329526045391845,0.00333015431422671,1,0.12245181500238546,0.03061700900419594,1,-0.08194649019143672,1.7606557391483988,1,-0.5759270616027238,3.733043183516791,1,-0.01998760664374267,0.02144356607479433,1,-0.30395833132384864,14.25598787878788,55,30,-0.23069849690539357,-0.3164102564102566,-0.31518803418803404,-0.16882346006483986,-0.3000704391394044,0.37,0.613,0.2727,0.10736666666666668,0.00576666666666666,0.5937666666666667,0.48663333333333336,0.34336666666666665,cached
1991,10,0.7410645161290322,0.4489032258064516,0.34919354838709676,0.21706451612903227,3527.177145806452,0.46,-1.619700884118062,0.30764005451387483,2,-1.538501336145984,4144.300696774194,373.3981130322581,3527.177145806452,NA,NA,NA,NA,NA,NA,NA,NA,NA,NA,0.02466520090192291,-0.01530261171434133,2,0.22069967899428383,-0.13950021211025795,2,-0.5223020828733772,2.383572742281081,2,-3.1035927565681756,6.984763063880868,2,-0.08614175824432604,0.08766654137026772,2,-0.6736312618116651,12.397870967741936,55,31,-1.504326762246117,-1.208449761051374,-1.2318533303464754,-1.4657463859020314,-1.3915382019115892,0.41,0.545,1.127709677419355,0.9111290322580644,0.4595806451612903,0.3741290322580645,0.4155161290322581,0.22751612903225807,cached
1991,11,-1.0506666666666666,-2.8513333333333333,-0.15066666666666667,-0.2722,3902.05504,0.37,-1.1000298185009398,0.30764005451387483,2,-1.1270217473598194,5637.87488,1246.1279786666666,3902.05504,NA,NA,NA,NA,NA,NA,NA,NA,NA,NA,0.00292213194802648,-0.03598439743619079,2,0.02526921790915376,-0.32709510869141695,2,-0.03038060407527538,2.962644343457769,2,-0.07845513544650211,10.44953511270244,2,-0.0140720038797727,0.19658611961503183,2,-0.77412339844064,10.579763636363635,55,30,-0.9446133215443564,-1.2433504273504277,-0.46867550839964583,-1.0800586501620988,-0.8061305629236664,0.56,0.598,-0.8206666666666667,-1.1214666666666666,-1.8520333333333332,-0.22396666666666668,-0.16723333333333334,-0.1588,cached
1991,12,-1.0396451612903226,-3.5746451612903227,-0.0965483870967742,-0.2910322580645161,3994.861068387097,-0.14,-0.39450064255969197,0.30764005451387483,2,-0.35283343201538386,6265.320361290323,1622.735329032258,3994.861068387097,NA,NA,NA,NA,NA,NA,NA,NA,NA,NA,0.02544084512219427,-0.0396607922339353,2,0.22097579521037825,-0.36234644429461615,2,-0.07236427500362368,3.2290487723991776,2,-1.1323337861497054,12.373965380752756,2,-0.05414396654486778,0.2589516329947506,2,0.05018003731433305,10.03625806451613,55,31,-0.4342673654574749,-0.3611521002979738,-0.07608991077883391,-0.44342886127243375,-0.31917943674324195,-0.21,-0.042,-1.4120645161290322,-1.2434193548387098,-2.2506451612903224,-0.11619354838709677,-0.11425806451612902,-0.18096774193548387,cached
1992,1,-5.313903225806452,-12.220064516129032,-0.5051935483870967,-0.9548709677419355,4277.663690322581,0.3,-0.05709825139051535,0.30764005451387483,2,-0.09453577462703677,5645.091096774194,883.48416,4277.663690322581,NA,NA,NA,NA,NA,NA,NA,NA,NA,NA,-0.02045842415169054,-0.04346117135093125,2,-0.19973840983071728,-0.3950287423332433,2,0.29364603080737073,3.0380461192418053,2,1.6418058880718662,10.760348504887103,2,0.05445856628053086,0.19371513931441783,2,0.3965130199847943,9.638217008797652,55,31,0.02687581308907442,0.08981292313819249,0.4437431800079654,-0.00919011350059702,0.15746860480552213,0.08,0.244,-8.142645161290323,-5.856290322580645,-8.376483870967743,-0.7908709677419355,-0.5505806451612903,-0.665483870967742,cached
1992,2,-0.6659655172413793,-3.4726206896551726,-0.06558620689655173,-0.33386206896551723,3813.0035862068967,0.46,1.1432884277471063,0.30764005451387483,2,1.1936896715842336,6249.224827586207,1207.6626979310345,3813.003586206896,NA,NA,NA,NA,NA,NA,NA,NA,NA,NA,-1.965433728780077e-4,-0.02358349043317241,2,-0.00739012956052297,-0.21618706177108857,2,-0.24897673035387247,2.7817170822996253,2,-1.965225002822136,9.177554802588356,2,-0.0735986076765573,0.13759334284466052,2,0.9703920091006896,10.140601880877744,55,29,0.9714584866844084,0.8894736991110358,1.272639950550177,0.9249084140195916,1.0665566785572735,0.17,0.27,-1.7435172413793103,-0.674103448275862,-1.553793103448276,-0.2063448275862069,-0.0673103448275862,-0.1436896551724138,cached
1992,3,0.8130322580645161,0.6324516129032258,0.1684516129032258,0.11919354838709678,4433.4974348387095,0.47,1.7245324266090354,0.30764005451387483,2,1.748623188705409,5570.188593548387,524.7742451612903,4433.4974348387095,NA,NA,NA,NA,NA,NA,NA,NA,NA,NA,0.04800135741049348,-0.03139367513489231,2,0.43222132925428874,-0.2864238315235854,2,-0.7440937338964649,2.665874766366925,2,-4.701716795956375,8.51652694236105,2,-0.1392960617240027,0.1315736547088193,2,1.6501546158802096,11.067653958944282,55,31,1.6789912444335826,1.692014235092864,1.7526144672531767,1.6680497909199516,1.7083299486803518,0.12,0.207,1.2730645161290322,0.9115806451612904,0.8608387096774194,0.2944193548387097,0.19,0.1484516129032258,cached
1992,4,-0.06136666666666667,-0.2896666666666667,-0.0452,-0.1929,4240.723968,0.92,1.5230061695358983,0.30764005451387483,2,1.5290304640116332,5554.812266666666,724.6646677333333,4240.723968,NA,NA,NA,NA,NA,NA,NA,NA,NA,NA,-0.00301590068039386,-0.013295056158115,2,-0.02323371311294767,-0.12124090984207082,2,-0.22026873445509176,2.271133662954427,2,-1.2763471988003374,6.065962832180807,2,-0.04653219687194816,0.04746974758371827,2,1.3351402298850574,11.561666666666667,55,30,1.152662835249042,1.1354636015325668,1.47427969348659,1.0988160919540224,1.2674406130268203,0.55,0.615,0.02303333333333333,0.02836666666666668,-0.03610000000000001,-0.0619,0.02073333333333333,-0.06549999999999999,cached
1992,5,0.041935483870967745,0.07661290322580645,0.3155483870967742,0.3038709677419355,5958.402787096774,1.59,0.7115498929723134,0.30764005451387483,2,0.5618190182780793,6753.100077419354,396.3347210322581,5958.402787096774,NA,NA,NA,NA,NA,NA,NA,NA,NA,NA,0.01760002503092202,0.00588625556904433,2,0.16295098171657338,0.05424115217687762,2,-0.16747253944978627,1.7459837116450605,2,-0.784550302034786,3.502661425063787,2,-0.00719703770739362,0.00608708018730358,2,0.7927998566308244,12.689272727272728,55,31,0.3036415770609325,0.42138231780167307,0.7652931899641574,0.3257882915173245,0.4136083632019118,1.26,1.349,0.3785483870967742,0.05796774193548387,0.07690322580645162,0.6624193548387097,0.4090645161290323,0.29129032258064513,cached
1992,6,0.05996666666666667,0.042833333333333334,0.2009,0.15586666666666665,5311.287786666667,1.38,-0.4118603202602404,0.30764005451387483,2,-0.3909651560271614,5774.739413333334,201.7572,5311.287786666667,NA,NA,NA,NA,NA,NA,NA,NA,NA,NA,4.859540538332078e-5,0.01012452179940359,2,0.00300293487195598,0.09291438823800792,2,-0.17874378388591944,1.5781520879503164,2,-0.7531659594719552,2.8926578281877036,2,-0.00432234994790357,0.00379011301117982,2,0.08428944444444456,13.548854545454546,55,30,-0.36867037037037126,-0.2646249999999994,-0.158109259259259,-0.3458032407407412,-0.28168888888888866,1.22,1.239,0.4274,0.08276666666666667,0.04603333333333333,0.4752666666666666,0.2779,0.181,cached
1992,7,0.20074193548387095,0.0754516129032258,0.3669032258064516,0.3263225806451613,3480.9568206451613,1.72,0.11920682686335196,0.30764005451387483,2,0.22908375028328987,3951.563767741935,195.40418890322584,3480.9568206451613,NA,NA,NA,NA,NA,NA,NA,NA,NA,NA,-0.00452979483658948,0.01849652630860572,2,-0.03431386291874422,0.16962703021083023,2,0.01341687512937305,1.3756230183104603,2,-0.06744237979708718,2.115424334863351,2,-2.478016559407753e-5,4.443015431374131e-5,2,0.6919647183739509,15.08358357771261,55,31,0.8721104158942031,0.7690542887158571,0.5000382369299222,0.8686022741317512,0.7858173433444566,1.5,1.579,0.5766774193548387,0.24377419354838709,0.0925483870967742,0.5740322580645161,0.4440322580645162,0.3433548387096774,cached
1992,8,0.13861290322580647,0.10525806451612903,0.306258064516129,0.25593548387096776,3042.13776516129,1.24,-0.9349478873877394,0.30764005451387483,2,-0.7954184990503474,3459.856237419355,207.13282477419355,3042.13776516129,NA,NA,NA,NA,NA,NA,NA,NA,NA,NA,-0.00483817365375402,0.0118395873230912,2,-0.0385063810335322,0.10903444588391292,2,0.00666319340952626,1.371162251293646,2,-0.04338573744970558,2.1478446610543926,2,-0.00173019792939899,0.00177833099527385,2,-0.1791459662291112,14.641190615835775,55,31,0.06548494837002927,-0.03316360300392537,-0.43057264464925754,0.0753225294418846,-0.04008230073391358,0.85,1.113,0.5459354838709677,0.16532258064516128,0.1495483870967742,0.4535806451612903,0.3574516129032258,0.299,cached
1992,9,0.1676,0.049133333333333334,0.2904,0.15063333333333334,2738.23456,0.83,-1.7370226619415015,0.30764005451387483,2,-1.716721223423801,3191.8696959999997,217.5862912,2738.23456,NA,NA,NA,NA,NA,NA,NA,NA,NA,NA,-0.0025859093710823,0.00333015431422671,2,-0.01724691131269731,0.03061700900419594,2,-0.10856666183579083,1.7606557391483988,2,-0.4760001642719986,3.733043183516791,2,-0.01702210986259572,0.02144356607479433,2,-1.125812876778394,13.434133333333332,55,30,-1.2998096080165051,-1.5311880341880346,-0.9536324786324784,-1.4023790156203957,-1.1656259946949603,0.45,0.872,0.6144000000000001,0.2006,0.0562,0.2882,0.3416,0.17673333333333333,cached
1992,10,0.05816129032258065,-0.056451612903225805,0.14790322580645163,0.025548387096774185,2705.4418787096774,1.41,-0.49018109714721725,0.30764005451387483,2,-0.40842665705828374,3340.3776103225805,271.2840784516129,2705.4418787096774,NA,NA,NA,NA,NA,NA,NA,NA,NA,NA,0.00433977385088384,-0.01530261171434133,2,0.03959315836860296,-0.13950021211025795,2,-0.18022985566418048,2.383572742281081,2,-1.3808015459910432,6.984763063880868,2,-0.05949354307152071,0.08766654137026772,2,-0.02781132046269147,13.043690909090907,55,20,-0.06218160095579487,-0.2081970728793312,-0.04728881421744368,-0.10637004181601029,-0.04967261051373958,1.28,1.377,0.3977741935483871,0.08083870967741935,-0.04048387096774193,0.11116129032258064,0.1993548387096774,0.08874193548387098,cached
1992,11,0.10973333333333334,-0.6325666666666667,0.04423333333333333,-0.16153333333333333,3208.859776,1.29,0.08549745600254785,0.30764005451387483,2,0.06940470597011572,4625.077333333334,808.2558613333333,3208.859776,NA,NA,NA,NA,NA,NA,NA,NA,NA,NA,0.02452990039864155,-0.03598439743619079,2,0.2204309681195467,-0.32709510869141695,2,-0.3014640539543424,2.962644343457769,2,-2.21723671626657,10.44953511270244,2,-0.10067579712130888,0.19658611961503183,2,0.14560387428663285,11.499490909090907,55,15,-0.12272443265546802,0.00398290598290588,0.22699115826702077,-0.09528087238432131,-0.06268611847922223,1.31,1.35,-0.11496666666666668,0.13923333333333335,-0.25233333333333335,-0.07186666666666668,0.05486666666666667,-0.0285,cached
1992,12,-0.4092903225806451,-2.1809354838709676,-0.0294516129032258,-0.1745483870967742,4032.951731612903,0.51,-0.7550189853714042,0.30764005451387483,2,-0.7199438141112191,6685.505135483871,1581.4476077419356,4032.951731612904,NA,NA,NA,NA,NA,NA,NA,NA,NA,NA,0.02728492659117871,-0.0396607922339353,2,0.2389614280096164,-0.36234644429461615,2,-0.2052261555431451,3.2290487723991776,2,-1.7998977885403304,12.373965380752756,2,-0.06632595294526579,0.2589516329947506,2,-0.5695004870948442,9.416577540106951,55,17,-0.951332514097576,-0.7182109238273858,-0.5541860524613137,-0.8761802844223391,-0.8847012583751201,0.33,0.474,-0.7701612903225806,-0.5489032258064516,-0.24035483870967744,-0.0587741935483871,-0.05041935483870968,-0.02335483870967742,cached
1993,1,-0.15380645161290327,-6.106354838709677,-0.009290322580645164,-0.34416129032258064,4144.300696774194,0.02,-1.0077281946295253,0.30764005451387483,2,-1.0758981226868816,6677.284129032258,1346.2354787096774,4144.300696774194,NA,NA,NA,NA,NA,NA,NA,NA,NA,NA,0.03803822291455568,-0.04346117135093125,2,0.32989062844034683,-0.3950287423332433,2,-0.8644453398347802,3.0380461192418053,2,-5.13612172936878,10.760348504887103,2,-0.1535467814876443,0.19371513931441783,2,-0.984928231237102,8.256775757575758,55,15,-1.4934180937209616,-1.6412910195141377,-0.5107371067303857,-1.6015341995221026,-1.1992410726138327,-0.28,0.01,-0.9706129032258064,-1.4709354838709676,-4.02616129032258,-0.09274193548387095,-0.11125806451612905,-0.22396774193548383,cached
1993,2,-0.16107142857142862,-5.792321428571428,-0.023964285714285712,-0.3112857142857143,3790.9116,0.41,-0.3238201703387876,0.30764005451387483,2,-0.2920127456771269,5410.5314285714285,743.5182628571429,3790.9116,NA,NA,NA,NA,NA,NA,NA,NA,NA,NA,0.03313240268271737,-0.02358349043317241,2,0.28060587893040845,-0.21618706177108857,2,-0.76001757594399,2.7817170822996253,2,-4.854174260923684,9.177554802588356,2,-0.14425440815666485,0.13759334284466052,2,-0.8541059756731573,8.316103896103897,55,14,-0.940347753052866,-1.0797709642715585,-0.4370644829473598,-1.0056006171790948,-0.8385911046939581,0.02,0.312,-0.35728571428571415,-1.7420357142857144,-4.230357142857143,-0.10296428571428572,-0.13339285714285715,-0.22667857142857145,cached
1993,3,-0.8415806451612903,-4.002,-0.050741935483870966,-0.19870967741935486,4109.224402580645,0.69,-0.22038147868423832,0.46693290060771264,1,-0.28307610059003707,7016.1722838709675,1812.7319225806452,4109.224402580645,NA,NA,NA,NA,NA,NA,NA,NA,NA,NA,0.00657705725552691,-0.03139367513489231,1,0.06177227938887607,-0.2864238315235854,1,-0.25162436321850007,2.665874766366925,1,-1.4754230552145031,8.51652694236105,1,-0.0380747250115539,0.1315736547088193,1,0.10836429329956453,9.525863636363637,55,16,-0.22516198137286855,-0.11937689393939384,0.17166016617790744,-0.20742735961768233,-0.145695588954057,0.24,0.545,-4.336838709677419,-1.2890645161290322,-0.20383870967741935,-0.30932258064516127,-0.0805483870967742,0.01041935483870967,cached
1993,4,-1.5436666666666667,-5.0553,-0.15426666666666666,-0.4717,4453.288746666667,1.32,0.6748102216178862,0.46693290060771264,1,0.6178049829673053,7739.925333333333,2040.508608,4453.288746666666,NA,NA,NA,NA,NA,NA,NA,NA,NA,NA,-0.02882720220040717,-0.013295056158115,1,-0.2651822287120698,-0.12124090984207082,1,0.43855319573659207,2.271133662954427,1,1.9768678344362705,6.065962832180807,1,0.01774882542089651,0.04746974758371827,1,0.18401901776384536,10.410545454545456,55,15,0.33088505747126423,0.37157471264367814,0.20094636015325604,0.3317049808429117,0.2822183908045979,1,1.123,-4.556433333333334,-2.1376666666666666,-2.9031333333333333,-0.5563,-0.21883333333333332,-0.2739,cached
1993,5,0.19651612903225807,-0.18261290322580645,0.05758064516129032,-0.1163225806451613,8575.42317419355,2.17,1.8402110026157013,0.46693290060771264,1,1.6416724759426113,11018.888980645164,1323.3080051612903,8575.423174193547,NA,NA,NA,NA,NA,NA,NA,NA,NA,NA,-0.02088605047712665,0.00588625556904433,1,-0.19149737290363225,0.05424115217687762,1,0.12576594183182904,1.7459837116450605,1,0.5992665898548214,3.502661425063787,1,-0.00775103457106092,0.00608708018730358,1,0.7410786445096125,12.637551515151516,55,15,1.4748315412186386,1.5421493428912794,0.9468845878136196,1.5211287933094393,1.2819524492234171,1.79,1.776,-0.07938709677419356,0.2567741935483871,-0.04183870967741936,0.01625806451612902,0.0802258064516129,-0.03735483870967742,cached
1993,6,0.0037666666666666664,0.002266666666666667,0.20546666666666666,0.0756,6485.491093333333,2.24,1.0522153822843638,0.30764005451387483,2,1.1448462877861392,8530.907946666666,1065.4667946666666,6485.491093333333,NA,NA,NA,NA,NA,NA,NA,NA,NA,NA,0.00704156357411551,0.01012452179940359,2,0.05599130399625317,0.09291438823800792,2,-0.16100846444198288,1.5781520879503164,2,-0.6840853549324105,2.8926578281877036,2,-0.00432234994790357,0.00379011301117982,2,0.981604595959596,14.446169696969696,55,15,1.4991074074074078,1.833708333333334,0.9958907407407408,1.5970856481481484,1.2892000000000003,2.05,1.928,0.08876666666666666,0.0056,0.00273333333333333,0.3859,0.26180000000000003,0.11336666666666669,cached
1993,7,0.01625806451612903,0.11583870967741935,0.23780645161290323,0.19312903225806452,4778.231638709677,1.7,-0.10400830095716715,0.30764005451387483,2,-0.0016853812345596353,5608.553290322581,385.83923612903226,4778.231638709677,NA,NA,NA,NA,NA,NA,NA,NA,NA,NA,-0.01578349147006803,0.01849652630860572,2,-0.1376612469739972,0.16962703021083023,2,0.09661544424630387,1.3756230183104603,2,0.3264052545062628,2.115424334863351,2,-2.478016559407753e-5,4.443015431374131e-5,2,-0.0029764350962349,14.388642424242423,55,15,0.44363729761463294,0.28106862563341944,0.154425333704116,0.4241578296873059,0.3474875942405138,1.48,1.464,0.1980967741935484,0.02290322580645161,0.13719354838709677,0.4642258064516129,0.306,0.22129032258064515,cached
1993,8,0.008,-3.225806451612904e-4,0.3164193548387097,0.1925483870967742,3449.442962580645,2.27,0.08532039041429446,0.30764005451387483,2,0.25332746467595246,4022.812490322581,335.6910967741935,3449.442962580645,NA,NA,NA,NA,NA,NA,NA,NA,NA,NA,0.0022749831056729,0.0118395873230912,2,0.02428352723207627,0.10903444588391292,2,0.12808991403190634,1.371162251293646,2,0.354045214582228,2.1478446610543926,2,-0.00173019792939899,0.00177833099527385,2,0.44126569066238447,15.261602272727274,55,16,1.6745104860044375,1.1225286012971492,0.540301011264722,1.577170647721454,1.3811072153951187,1.96,1.962,0.33783870967741936,0.01087096774193548,-3.2258064516129115e-5,0.5545806451612904,0.36274193548387096,0.21529032258064515,cached
1993,9,0.1942,0.022166666666666668,0.3424333333333333,0.2217,2945.513536,1.58,-1.4660280818622893,0.30764005451387483,2,-1.4260692952375509,3346.479424,360.8504213333334,2945.513536,NA,NA,NA,NA,NA,NA,NA,NA,NA,NA,0.01162617555361472,0.00333015431422671,2,0.10425512655008856,0.03061700900419594,2,-0.4355541686493215,1.7606557391483988,2,-1.7577552629644804,3.733043183516791,2,-0.01843254709813874,0.02144356607479433,2,NA,NA,NA,NA,NA,NA,NA,NA,NA,1.15,1.437,0.8698333333333333,0.19483333333333333,0.02136666666666666,0.36246666666666666,0.354,0.22236666666666663,cached
1993,10,0.1879032258064516,-0.13241935483870967,0.10306451612903227,-0.05506451612903226,2918.8226683870967,1.46,-1.4372025787069656,0.30764005451387483,2,-1.3217520330109842,3555.1285677419355,410.9589780645161,2918.8226683870967,NA,NA,NA,NA,NA,NA,NA,NA,NA,NA,0.01044278659134441,-0.01530261171434133,2,0.0976112989202998,-0.13950021211025795,2,-0.8091666332237256,2.383572742281081,2,-4.097015982405715,6.984763063880868,2,-0.07893075705974742,0.08766654137026772,2,-0.6801991992505702,12.39130303030303,55,12,-1.1995149342891278,-1.062419295101553,-1.1040665919952204,-1.1664811529271208,-1.1633392771804063,1.31,1.478,0.35838709677419356,0.10496774193548387,-0.00493548387096774,0.15564516129032258,0.0777741935483871,0.01361290322580645,cached
1993,11,1.3896,-0.8339,0.24026666666666666,0.0017999999999999945,3230.663712,1.08,-1.317973246756378,0.30764005451387483,2,-1.257397999492384,3853.538922666666,337.2247712,3230.663712,NA,NA,NA,NA,NA,NA,NA,NA,NA,NA,0.035251311398613,-0.03598439743619079,2,0.31440309783128395,-0.32709510869141695,2,-0.6658719971836347,2.962644343457769,2,-4.454323465373872,10.44953511270244,2,-0.15195247500304085,0.19658611961503183,2,-1.0377597620770036,10.316127272727272,55,10,-1.4400577659888014,-1.3434615384615387,-1.5805643972885346,-1.4005030946065435,-1.4627972295903338,1.13,1.229,0.7720333333333333,1.6566,-0.2879333333333334,0.2421,0.2814,0.05093333333333333,cached
1993,12,-3.1485806451612905,-8.01316129032258,-0.23158064516129032,-0.5674193548387096,3292.969806451613,0.75,-1.4326275482361006,0.30764005451387483,2,-1.3618475546688193,4967.314787096774,821.8266116129032,3292.969806451613,NA,NA,NA,NA,NA,NA,NA,NA,NA,NA,-0.00103063248525134,-0.0396607922339353,2,-3.894294507452696e-4,-0.36234644429461615,2,-0.15962032128780965,3.2290487723991776,2,-1.2617576067311962,12.373965380752756,2,-0.05100408542868683,0.2589516329947506,2,-0.6745780272017959,9.3115,55,12,-0.9507279389341772,-1.02031876696464,-0.8281239609580453,-0.9732227680824698,-0.9253711930156427,0.67,0.752,-8.097096774193549,-3.712903225806451,-5.407870967741935,-0.6714516129032257,-0.2704838709677419,-0.3739032258064516,cached
1994,1,-0.3295483870967742,-3.9996129032258065,-0.01877419354838709,-0.26738709677419353,3336.9978632258067,0.97,-0.5354249102430413,0.30764005451387483,2,-0.524988397393801,5637.783535483871,1251.3285264516128,3336.997863225806,NA,NA,NA,NA,NA,NA,NA,NA,NA,NA,0.02527753079173807,-0.04346117135093125,2,0.233096879359051,-0.3950287423332433,2,-0.5463923329248471,3.0380461192418053,2,-3.9887583628182335,10.760348504887103,2,-0.16356117475757295,0.19371513931441783,2,NA,NA,NA,NA,NA,NA,NA,NA,NA,0.85,0.945,-3.0462903225806452,-0.6420967741935484,-1.7127741935483871,-0.2891290322580645,-0.04890322580645161,-0.12041935483870968,cached
1994,2,-1.3478214285714285,-7.958428571428572,-0.103,-0.4981785714285714,4048.2910857142856,0.51,-0.7163328124744669,0.30764005451387483,2,-0.625368999073201,5911.132,908.4636228571428,4048.2910857142856,NA,NA,NA,NA,NA,NA,NA,NA,NA,NA,-0.02867594544440593,-0.02358349043317241,2,-0.255903285632895,-0.21618706177108857,2,-0.16813628652090182,2.7817170822996253,2,-1.018966032531469,9.177554802588356,2,-0.00582938209443187,0.13759334284466052,2,NA,NA,NA,NA,NA,NA,NA,NA,NA,0.33,0.556,-5.1498928571428575,-0.2231785714285714,-3.8985357142857144,-0.3939642857142857,-0.0165,-0.23789285714285716,cached
1994,3,-0.9723225806451613,-2.91858064516129,-0.07948387096774194,-0.23409677419354838,3670.314002580645,0.59,0.11933370486672373,0.30764005451387483,2,0.16508185315029955,5615.860851612903,984.7852283870968,3670.314002580645,NA,NA,NA,NA,NA,NA,NA,NA,NA,NA,0.0053593052887403,-0.03139367513489231,2,0.04454523108219056,-0.2864238315235854,2,0.01803269323444891,2.665874766366925,2,0.06620588135818142,8.51652694236105,2,0.00567561463062336,0.1315736547088193,2,0.2293436321425396,9.646842975206612,55,11,0.5088152913544034,0.4023465909090908,0.3981374389051808,0.466114307048984,0.5125430474095788,0.27,0.481,0.7534838709677419,-0.10699999999999996,-0.7693548387096775,0.12148387096774194,0.00332258064516129,-0.059,cached
1994,4,0.046933333333333334,-2.2953666666666668,0.017266666666666666,-0.14646666666666666,4236.570837333334,0.87,0.4573285497362805,0.30764005451387483,2,0.5211400047517838,5568.026773333334,773.614976,4236.570837333334,NA,NA,NA,NA,NA,NA,NA,NA,NA,NA,8.84453931117235e-4,-0.013295056158115,2,0.01061413637651598,-0.12124090984207082,2,-0.04270755449969165,2.271133662954427,2,-0.7188981425583352,6.065962832180807,2,-0.04105942825592503,0.04746974758371827,2,NA,NA,NA,NA,NA,NA,NA,NA,NA,0.49,0.717,1.9566666666666668,0.8734000000000001,-1.1684,0.22413333333333332,0.09696666666666667,-0.06036666666666666,cached
1994,5,0.15532258064516127,0.22425806451612904,0.23061290322580646,0.13383870967741934,5930.085987096774,0.83,0.2828864871085976,0.30764005451387483,2,0.21595405878172969,6649.880774193549,354.75469729032255,5930.085987096774,NA,NA,NA,NA,NA,NA,NA,NA,NA,NA,-0.00199026182710617,0.00588625556904433,2,-0.01430106770486011,0.05424115217687762,2,0.15416505218669202,1.7459837116450605,2,0.3341315805889943,3.502661425063787,2,-0.00447594927201947,0.00608708018730358,2,0.47406046269143054,12.370533333333332,55,15,0.7350537634408602,0.585038231780168,0.5146623655913979,0.7220176821983273,0.6630635603345283,0.55,0.684,0.8255483870967741,0.1988064516129032,0.27229032258064517,0.48261290322580647,0.2945483870967742,0.16893548387096774,cached
1994,6,0.004433333333333333,0.0025666666666666667,0.16246666666666665,0.05843333333333334,5451.9278933333335,0.18,0.19462132762834725,0.30764005451387483,2,0.29443584152423874,6112.653226666666,352.9877898666666,5451.9278933333335,NA,NA,NA,NA,NA,NA,NA,NA,NA,NA,-0.01112362962011254,0.01012452179940359,2,-0.09760300990482056,0.09291438823800792,2,-0.04293903314595612,1.5781520879503164,2,0.4580524621170432,2.8926578281877036,2,0.04212402174192701,0.00379011301117982,2,0.3612409595959596,13.82580606060606,55,15,0.7868851851851849,0.8030416666666671,0.22789074074074145,0.8204189814814811,0.6400888888888888,0.1,0.152,0.14196666666666666,0.00536666666666666,0.0033,0.45026666666666665,0.2265,0.10296666666666666,cached
1994,7,0.21358064516129033,0.2877741935483871,0.3453548387096774,0.3086451612903226,4259.394787096774,-0.67,-2.260800943608093,0.30764005451387483,2,-2.1198862116491597,4686.887122580645,222.51524129032256,4259.394787096774,NA,NA,NA,NA,NA,NA,NA,NA,NA,NA,-0.00102561095120831,0.01849652630860572,2,-0.00851312970639443,0.16962703021083023,2,0.06366049773680475,1.3756230183104603,2,0.12527774838109149,2.115424334863351,2,-2.478016559407753e-5,4.443015431374131e-5,2,-0.7646855260053258,13.626933333333334,55,15,-0.9908071468298112,-0.9295980410332464,-1.4706857774069952,-0.9851755036460268,-1.0389568502039304,-0.91,-0.472,1.1795483870967742,0.22529032258064516,0.3177741935483871,0.7537096774193548,0.4005483870967742,0.3363548387096774,cached
1994,8,0.0026451612903225807,-3.2258064516129006e-5,0.18796774193548388,0.07909677419354838,2604.2321548387094,-0.54,1.1493651833612128,0.30764005451387483,2,1.362081869968252,3032.1812129032255,215.93843612903223,2604.2321548387094,NA,NA,NA,NA,NA,NA,NA,NA,NA,NA,-0.0026916199220086,0.0118395873230912,2,-0.01656762726324464,0.10903444588391292,2,-0.36842608329847865,1.371162251293646,2,-1.053846676570586,2.1478446610543926,2,-0.00173019792939899,0.00177833099527385,2,2.246910171181865,17.067246753246753,55,14,2.749778343147294,2.6861297917733395,1.8614319636456744,2.8063670762928816,2.533458405871309,-0.88,-0.426,0.07770967741935483,0.00341935483870967,1.290322580645161e-4,0.3267741935483871,0.21174193548387096,0.12748387096774194,cached
1994,9,0.013233333333333333,0.010666666666666666,0.23773333333333335,0.09683333333333333,2145.1863786666668,-1.12,-1.4450855434494825,0.4089479683802696,1,-1.44852136356422,2616.566709333333,248.338336,2145.1863786666668,NA,NA,NA,NA,NA,NA,NA,NA,NA,NA,-0.00336560733545197,0.00333015431422671,1,-0.03021498031741839,0.03061700900419594,1,-0.01323434834964919,1.7606557391483988,1,-0.3803354242984035,3.733043183516791,1,-0.01687748755253481,0.02144356607479433,1,0.7978999437344264,15.357846153846154,55,13,0.4707801355732393,0.7178205128205123,-0.12206837606837576,0.6406124373710581,0.3254167403477748,-1.51,-0.886,0.0536,0.01463333333333333,0.01106666666666666,0.35583333333333333,0.2469,0.13873333333333335,cached
1994,10,0.02874193548387097,-0.04919354838709677,0.08567741935483872,0.026096774193548385,2648.7169341935482,-0.68,-1.9687296693442575,0.4089479683802696,1,-1.9663773922001813,3242.730322580645,392.5804614193548,2648.716934193548,NA,NA,NA,NA,NA,NA,NA,NA,NA,NA,0.00494376507972273,-0.01530261171434133,1,0.04535135986581946,-0.13950021211025795,1,0.0011526790350627,2.383572742281081,1,-0.12361500079037126,6.984763063880868,1,-0.00729807738698912,0.08766654137026772,1,0.1852250431736722,13.256727272727272,55,12,-0.5597927120669054,-0.250197072879331,-0.4029554808841098,-0.45898115292712066,-0.531950388291517,-1.06,-0.591,0.3180322580645161,0.02470967741935483,0.02087096774193548,0.12745161290322582,0.08796774193548387,0.0973548387096774,cached
1994,11,-0.6502333333333333,-2.1437999999999997,-0.056433333333333335,-0.24659999999999999,3064.255317333333,-1.55,-1.8683798179452358,0.4089479683802696,1,-1.9222025450564395,4908.245333333333,1331.5503253333334,3064.255317333333,NA,NA,NA,NA,NA,NA,NA,NA,NA,NA,NA,NA,NA,NA,NA,NA,0.5676528595097882,2.962644343457769,1,3.026029945903514,10.44953511270244,1,0.10186538503460764,0.19658611961503183,1,-0.7008520697693114,10.653034965034966,55,13,-0.9822116121426476,-0.7498461538461539,-1.0085643972885354,-0.8711441202475694,-1.0454895372826414,-1.93,-1.428,-1.522233333333333,-0.6206,-1.1366333333333332,-0.18536666666666668,-0.05783333333333333,-0.10596666666666664,cached
1994,12,-3.178870967741936,-7.12358064516129,-0.26767741935483874,-0.5773870967741935,3472.3704361290324,-1.87,-1.5339143332463219,0.30764005451387483,2,-1.4300717049603184,6657.188335483871,2188.3405729032256,3472.3704361290324,NA,NA,NA,NA,NA,NA,NA,NA,NA,NA,-0.01687264294668,-0.0396607922339353,1,-0.15454860955987276,-0.36234644429461615,1,0.2865563155088467,3.2290487723991776,2,1.379509817826202,12.373965380752756,2,0.06931580881813316,0.2589516329947506,2,-0.850953027201796,9.135125,55,16,-1.096700161156399,-0.9476104336313066,-1.0129850720691571,-1.0560699903046913,-1.059468415237865,-2.22,-1.852,-9.173032258064516,-2.9673548387096775,-3.3831290322580645,-0.7197741935483871,-0.25112903225806454,-0.26764516129032256,cached
1995,1,-2.513645161290323,-7.600032258064516,-0.19370967741935485,-0.5780645161290323,4084.9267612903227,-0.37,-0.6413414219711336,0.46693290060771264,1,-0.5572842227916635,7358.714219354839,2376.9669987096772,4084.9267612903222,NA,NA,NA,NA,NA,NA,NA,NA,NA,NA,0.01019072386291462,-0.04346117135093125,1,0.0924478012894352,-0.3950287423332433,1,-0.43050829588421985,3.0380461192418053,1,-3.1376387643489156,10.760348504887103,1,-0.12181082929135378,0.19371513931441783,1,-0.16557065547952635,9.076133333333331,55,15,-0.15941809372096158,-0.19751324173635965,-0.00829266228594131,-0.1755341995221027,-0.11946329483605508,-0.86,-0.578,-9.200322580645162,-3.8131612903225807,-3.5383548387096773,-0.8916129032258064,-0.2918387096774193,-0.2559677419354839,cached
1995,2,1.472357142857143,-2.8694285714285717,0.13217857142857142,-0.17617857142857143,5408.5088,0.57,0.661292814351357,0.46693290060771264,1,0.7951944948051484,8954.176685714287,2409.1528914285714,5408.5088,NA,NA,NA,NA,NA,NA,NA,NA,NA,NA,0.02118345794933222,-0.02358349043317241,1,0.19469283376023253,-0.21618706177108857,1,-0.4384686361706792,2.7817170822996253,1,-2.723439730600403,9.177554802588356,1,-0.09385665762091358,0.13759334284466052,1,0.7438420762748945,9.914051948051949,55,14,0.8479855802804673,0.6454671309665372,1.179364088481212,0.7603517637732864,0.9566469905441366,0.02,0.239,-3.091892857142857,1.6286428571428573,-0.7213571428571428,-0.19946428571428573,0.1400357142857143,-0.01578571428571428,cached
1995,3,-1.9754516129032258,-8.281612903225806,-0.2282258064516129,-0.7636451612903226,5141.782812903226,0.95,0.494163080400812,0.46693290060771264,1,0.43146845849501325,7050.8832,1253.9775174193546,5141.782812903226,NA,NA,NA,NA,NA,NA,NA,NA,NA,NA,NA,NA,NA,NA,NA,NA,-0.3347053295783858,2.665874766366925,1,-1.3091996935832746,8.51652694236105,1,-0.03765422358343584,0.1315736547088193,1,0.7037006569359281,10.1212,55,15,0.32742135196046424,0.5421647727272726,0.9865212772890188,0.3556698626045396,0.4821794110459426,0.46,0.71,-3.4021935483870966,-2.158967741935484,-4.683580645161291,-0.573741935483871,-0.241,-0.4391290322580645,cached
1995,4,1.1146666666666667,-1.5919,0.13896666666666666,-0.12343333333333334,5129.116373333333,1.04,0.7517151742870856,0.46693290060771264,1,0.6947099356365047,6352.402133333334,939.4570346666666,5129.116373333333,NA,NA,NA,NA,NA,NA,NA,NA,NA,NA,NA,NA,NA,NA,NA,NA,-0.02827867254283896,2.271133662954427,1,-0.4215729006041696,6.065962832180807,1,-0.03908769109065692,0.04746974758371827,1,0.4655099268547545,10.692036363636364,55,15,0.6315517241379306,0.44668582375478927,0.7265019157088121,0.568371647509578,0.7166628352490422,0.49,0.712,2.1479,1.556633333333333,-0.9216,0.25216666666666665,0.19243333333333332,-0.06193333333333333,cached
1995,5,0.30806451612903224,0.5064516129032258,0.20825806451612902,0.10325806451612904,7415.347819354839,1.33,0.1190739043620358,0.30764005451387483,2,0.014097944405529361,8738.929858064515,887.6860077419354,7415.347819354839,NA,NA,NA,NA,NA,NA,NA,NA,NA,NA,0.01443173396752904,0.00588625556904433,2,0.12641004898640634,0.05424115217687762,2,0.01356033109687794,1.7459837116450605,2,-0.08565593737327938,3.502661425063787,2,-0.00719703770739362,0.00608708018730358,2,0.14559985663082442,12.042072727272728,55,15,-0.15872401433691685,0.07437156511350136,0.01444014336917535,-0.08242676224611618,-0.12693643966547144,0.89,1.153,1.5987096774193548,0.38125806451612904,0.6323548387096775,0.5573870967741935,0.2603548387096774,0.13151612903225807,cached
1995,6,0.23873333333333333,0.1461666666666667,0.19763333333333333,0.03590000000000001,7944.750186666667,1.5,-0.8557184246450649,0.30764005451387483,2,-0.8340867780030115,8692.313706666668,436.645056,7944.750186666667,NA,NA,NA,NA,NA,NA,NA,NA,NA,NA,-0.0033777909339609,0.01012452179940359,2,-0.02830290566414446,0.09291438823800792,2,0.2365907352279495,1.5781520879503164,2,1.0847724382005235,2.8926578281877036,2,0.00196744963798539,0.00379011301117982,2,-0.4754499494949494,12.989115151515152,55,15,-0.885114814814815,-0.7714027777777771,-0.8123314814814808,-0.851581018518519,-0.8296888888888893,1.03,1.15,0.7475333333333333,0.3026,0.29336666666666666,0.352,0.23916666666666667,0.08403333333333333,cached
1995,7,0.14409677419354838,0.04125806451612903,0.29480645161290325,0.1802258064516129,5616.774296774193,1.62,0.7095405816692495,0.30764005451387483,2,0.8313651117905403,6183.110296774194,259.25400567741934,5616.774296774193,NA,NA,NA,NA,NA,NA,NA,NA,NA,NA,-0.00571570604050922,0.01849652630860572,2,-0.04913793454565565,0.16962703021083023,2,-0.12453076885060062,1.3756230183104603,2,-0.4025864053933779,2.115424334863351,2,-2.478016559407753e-5,4.443015431374131e-5,2,1.235790231570432,15.62740909090909,55,16,1.8373456309479668,1.2848741811889752,1.072800333704116,1.703602274131751,1.6888348164627365,1,1.262,0.6629677419354839,0.1814516129032258,0.05667741935483871,0.4959677419354839,0.33641935483870966,0.22141935483870967,cached
1995,8,0.24674193548387097,0.08529032258064516,0.25767741935483873,0.13012903225806452,4004.5435870967744,0.61,-0.9045319982358491,0.30764005451387483,2,-0.8385062026872481,4358.046864516129,236.50008670967745,4004.543587096774,NA,NA,NA,NA,NA,NA,NA,NA,NA,NA,-0.0052762178766201,0.0118395873230912,2,-0.04207434847476551,0.10903444588391292,2,-0.03506171573212435,1.371162251293646,2,-0.08367201300731242,2.1478446610543926,2,-0.00173019792939899,0.00177833099527385,2,-0.3483850669133733,14.471951515151517,55,15,0.02207993044888212,-0.19612417648062852,-0.26928232206861163,-0.059537685611879,-0.03024000682710396,-0.11,0.277,0.7334516129032258,0.28274193548387094,0.1187741935483871,0.367,0.2884516129032258,0.1636774193548387,cached
1995,9,9e-4,0,0.09863333333333334,-0.035366666666666664,2957.406592,1.56,0.7414295326421163,0.4089479683802696,1,0.7379937125273788,3466.825824,305.4533216,2957.406592,NA,NA,NA,NA,NA,NA,NA,NA,NA,NA,-0.01003819224017071,0.00333015431422671,1,-0.09134692905114164,0.03061700900419594,1,-0.11650735734863604,1.7606557391483988,1,-0.49219747956370463,3.733043183516791,1,-0.01687748755253481,0.02144356607479433,1,1.0725628807973635,15.63250909090909,55,15,1.4874126142057171,1.4323675213675209,0.9535897435897436,1.5371765399351596,1.28037400530504,1.22,1.342,0.0808,0.0012,0,0.2395,0.10976666666666668,0.01059999999999999,cached
1995,10,0.02996774193548387,0.009741935483870968,0.16490322580645161,-0.07306451612903225,3525.350255483871,0.96,0.752366579135242,0.4089479683802696,1,0.7547188562793181,4652.176206451612,549.9853316129032,3525.350255483871,NA,NA,NA,NA,NA,NA,NA,NA,NA,NA,0.00359611203532677,-0.01530261171434133,1,0.03300462198278416,-0.13950021211025795,1,0.08052000768264027,2.383572742281081,1,-0.15366202187627198,6.984763063880868,1,-0.05764196153246768,0.08766654137026772,1,0.6275644371130662,13.699066666666669,55,15,1.1489850657108729,1.10341403823178,0.9413222968936684,1.154074402628435,1.058382945041816,0.64,0.692,0.0592258064516129,0.03709677419354838,0.00893548387096774,0.2268064516129032,0.18964516129032255,0.01016129032258064,cached
1995,11,-0.5230666666666667,-1.6519,-0.2406,-0.5385333333333333,4623.472714666666,0.29,-0.3264748842498294,0.30764005451387483,2,-0.2830899100780835,7263.2592,1506.3593706666666,4623.472714666666,NA,NA,NA,NA,NA,NA,NA,NA,NA,NA,-0.02571211044904271,-0.03598439743619079,2,-0.2481080666740547,-0.32709510869141695,2,-0.03685339160688199,2.962644343457769,2,-0.860842231025317,10.44953511270244,2,-0.06220937650994093,0.19658611961503183,2,NA,NA,NA,NA,NA,NA,NA,NA,NA,0.05,0.182,-1.0477666666666663,-0.5267000000000001,-1.1552666666666669,-0.4809,-0.262,-0.3646,cached
1995,12,-0.5543870967741935,-2.2551290322580644,-0.22199999999999998,-0.5729354838709677,7313.955406451613,0.41,0.16175598996785076,0.30764005451387483,2,0.27554782702172087,12199.060129032256,3334.3488722580646,7313.955406451612,NA,NA,NA,NA,NA,NA,NA,NA,NA,NA,-0.00245310591417428,-0.0396607922339353,2,-0.028275811663932,-0.36234644429461615,2,-0.02054700165688256,3.2290487723991776,2,-0.7422072441946173,12.373965380752756,2,-0.05497307565739222,0.2589516329947506,2,0.3934044902807215,10.379482517482517,55,13,0.5540370183307809,0.6616684125225394,0.4673674920334072,0.5787216763619755,0.5033681232236736,0.44,0.425,-1.4883225806451612,-0.6293548387096775,-1.2580967741935485,-0.7170322580645161,-0.25064516129032255,-0.3096774193548387,cached
1996,1,0.9962580645161291,-0.24851612903225806,0.14838709677419354,-0.10941935483870968,7053.623535483871,0.89,0.1318371113779963,0.46693290060771264,1,0.21589431055746644,10995.139406451612,2982.6724851612903,7053.623535483871,NA,NA,NA,NA,NA,NA,NA,NA,NA,NA,0.01795228961980059,-0.04346117135093125,1,0.16355662144215163,-0.3950287423332433,1,-0.358205072495914,3.0380461192418053,1,-2.7587374431345237,10.760348504887103,1,-0.12566202869165363,0.19371513931441783,1,NA,NA,NA,NA,NA,NA,NA,NA,NA,1.01,0.947,0.2212903225806451,0.9911612903225808,0.881225806451613,-0.11574193548387098,0.14180645161290323,0.05041935483870968,cached
1996,2,-0.9270689655172414,-3.323413793103448,-0.09937931034482758,-0.2557241379310345,9638.452855172414,1.08,-0.30160253290527145,0.46693290060771264,1,-0.16770085245148003,15388.716137931036,4232.678091034482,9638.452855172414,NA,NA,NA,NA,NA,NA,NA,NA,NA,NA,-0.00258905229724149,-0.02358349043317241,1,-0.02310280292589416,-0.21618706177108857,1,-0.1224168391305104,2.7817170822996253,1,-0.5870625900084375,9.177554802588356,1,0.03093192588860014,0.13759334284466052,1,0.2220628554956737,9.392272727272728,55,14,-0.407966800671914,0.08713379763320361,0.5824593265764495,-0.27298156956004743,-0.29168634278919586,1.01,1.068,-3.161655172413793,-1.3755862068965516,-0.5899999999999999,-0.5635172413793104,-0.15679310344827585,-0.01951724137931035,cached
1996,3,-0.040838709677419344,-0.05412903225806451,0.011419354838709674,0.03138709677419355,8754.458425806451,1.13,0.4347410768755523,0.46693290060771264,1,0.3720464549697535,10654.424361290325,1104.6292335483872,8754.458425806451,NA,NA,NA,NA,NA,NA,NA,NA,NA,NA,0.02923218737559724,-0.03139367513489231,1,0.26933086018363744,-0.2864238315235854,1,-0.8319936668286797,2.665874766366925,1,-4.53018982578069,8.51652694236105,1,-0.09761309549882947,0.1315736547088193,1,0.3720824751177463,9.789581818181816,55,10,-0.0852453147062023,0.35649810606060583,0.3587434995112411,0.02778097371565084,-0.05382058895405706,0.85,1.013,-0.638258064516129,-0.20877419354838703,1.2439032258064515,-0.06070967741935484,-0.00580645161290322,0.129,cached
1996,4,-0.36150000000000004,-4.0427,-0.07553333333333333,-0.5022333333333333,9077.422186666667,1.52,0.5136486506064863,0.46693290060771264,1,0.4566434119559055,11007.684053333332,1424.7125973333334,9077.422186666668,NA,NA,NA,NA,NA,NA,NA,NA,NA,NA,-0.02601594879426208,-0.013295056158115,1,-0.23942648314179887,-0.12124090984207082,1,0.33803951906947033,2.271133662954427,1,1.827062348460491,6.065962832180807,1,0.06317083469728063,0.04746974758371827,1,0.5020796238244514,10.72860606060606,55,15,0.2771072796934864,0.3166858237547891,0.8293908045977005,0.2472605363984671,0.43688505747126466,1.37,1.285,-2.8806000000000003,-0.2689333333333333,-2.0125,-0.4956333333333333,-0.0619,-0.25780000000000003,cached
1996,5,0.07251612903225807,-0.10625806451612903,0.1414516129032258,0.09280645161290323,9680.691819354839,2.15,-0.2586634953622931,0.30764005451387483,2,-0.3657238056965699,11492.053574193547,1263.203313548387,9680.691819354835,NA,NA,NA,NA,NA,NA,NA,NA,NA,NA,-0.0032522003526951,0.00588625556904433,2,-0.02579501097932159,0.05424115217687762,2,-0.13827404879289085,1.7459837116450605,2,-0.42815650796562654,3.502661425063787,2,-0.0064858001540508,0.00608708018730358,2,-0.17793953730856954,11.718533333333331,55,15,-0.4273906810035832,-0.30273954599760994,-0.26933763440860226,-0.3673156511350057,-0.40249199522102685,2.13,1.898,0.71,0.18174193548387096,0.0267741935483871,0.46,0.2275483870967742,0.1219032258064516,cached
1996,6,0.09133333333333334,0.1912,0.28113333333333335,0.18953333333333333,10696.199253333334,1.12,-0.523608265891771,0.30764005451387483,2,-0.5182246935886106,11597.617386666669,479.120256,10696.199253333332,NA,NA,NA,NA,NA,NA,NA,NA,NA,NA,0.00300800721229912,0.01012452179940359,2,0.02726432506146771,0.09291438823800792,2,-0.1620948591617822,1.5781520879503164,2,-0.7175674007620292,2.8926578281877036,2,-0.00432234994790357,0.00379011301117982,2,-0.17136510101010105,13.2932,55,15,-0.3995592592592594,-0.3774027777777776,-0.2892203703703699,-0.40135879629629656,-0.3205777777777777,1.1,1.026,0.5970333333333333,0.11806666666666668,0.22413333333333332,0.5871,0.3508,0.2046,cached
1996,7,0.20712903225806453,0.1223225806451613,0.44664516129032256,0.4056774193548387,6696.466477419355,0.67,-0.926272219178147,0.30764005451387483,2,-0.8924714925335602,7306.64784516129,279.8339251612903,6696.466477419355,NA,NA,NA,NA,NA,NA,NA,NA,NA,NA,0.0025901184053566,0.01849652630860572,2,0.020072044444437,0.16962703021083023,2,0.1512985004416332,1.3756230183104603,2,0.4158256447214524,2.115424334863351,2,-2.478016559407753e-5,4.443015431374131e-5,2,-0.7296188593386592,13.662,55,15,-0.4581404801631444,-0.7522647076999137,-0.5149079996292176,-0.5967310592015824,-0.3707346279817081,0.57,0.577,1.004258064516129,0.25309677419354837,0.13332258064516128,0.6585806451612903,0.5279354838709678,0.4279032258064516,cached
1996,8,0.6042580645161291,0.3733225806451613,0.36838709677419357,0.2737741935483871,5068.7072,-0.27,-1.7665639216856805,0.30764005451387483,2,-1.7803110766269983,5482.497858064517,250.6767556129032,5068.7072,NA,NA,NA,NA,NA,NA,NA,NA,NA,NA,0.00196259502117194,0.0118395873230912,2,0.01837242773861703,0.10903444588391292,2,-0.07682495423323035,1.371162251293646,2,-0.3571853872328765,2.1478446610543926,2,-0.00173019792939899,0.00177833099527385,2,-1.1773934002467064,13.642943181818184,55,16,-1.2954895139955618,-1.5868463987028498,-1.0913656554019446,-1.4444960189452118,-1.156392784604881,-0.66,-0.212,2.2439032258064517,0.7028387096774193,0.4446129032258064,0.3942258064516129,0.4200322580645161,0.31509677419354837,cached
1996,9,0.12956666666666666,0.0201,0.2285,0.10756666666666667,3602.0857386666667,0.41,0.22345136666444093,0.30764005451387483,2,0.3003261393137491,4135.196693333333,339.41460373333337,3602.0857386666667,NA,NA,NA,NA,NA,NA,NA,NA,NA,NA,-0.00220368014447035,0.00333015431422671,2,-0.01142835481674302,0.03061700900419594,2,-0.3400165736627162,1.7606557391483988,2,-1.4461851624904505,3.733043183516791,2,-0.01843254709813874,0.02144356607479433,2,0.20170227473675745,14.761648484848484,55,15,0.407857058650162,0.7032564102564098,-0.133076923076923,0.5393987621573828,0.20748511641615097,0.07,0.511,0.26406666666666667,0.1489333333333333,0.03076666666666666,0.26543333333333335,0.2404,0.17163333333333333,cached
1996,10,0.052096774193548384,0.0019032258064516133,0.10319354838709678,-0.06096774193548387,3657.4344258064516,0.62,-0.24517745513235256,0.46693290060771264,1,-0.10062463601958704,4634.8207483870965,671.5648825806452,3657.434425806451,NA,NA,NA,NA,NA,NA,NA,NA,NA,NA,-1.7038408838397943e-4,-0.01530261171434133,1,-0.0010177867045873,-0.13950021211025795,1,0.129618295335336,2.383572742281081,1,0.6719793970050373,6.984763063880868,1,0.01135806818306561,0.08766654137026772,1,0.01896367953730863,13.09046590909091,55,16,-0.0720149342891272,0.07063626045400244,0.07933618578255697,-0.02245337514934261,-0.03625594384707279,0.4,0.717,0.23012903225806453,0.06025806451612903,0.00903225806451613,0.15903225806451612,0.12116129032258063,0.01829032258064516,cached
1996,11,0.22083333333333335,-0.5345666666666666,0.10833333333333334,-0.073,3796.150208,0.51,-1.0503492674724872,0.46693290060771264,1,-0.9703077501265387,6619.523946666666,2202.480704,3796.150208,NA,NA,NA,NA,NA,NA,NA,NA,NA,NA,0.0238283160032116,-0.03598439743619079,1,0.2190108017409077,-0.32709510869141695,1,-0.8339379948701411,2.962644343457769,1,-5.446156996348945,10.44953511270244,1,-0.19531401874906584,0.19658611961503183,1,-0.5180082469254883,10.835878787878787,55,15,-0.8420577659888006,-0.7366837606837606,-0.47923106395520126,-0.8406142057176543,-0.7569083407014444,0.38,0.688,-0.00493333333333334,0.15123333333333333,-0.15720000000000003,0.0702,0.10903333333333332,-0.0014,cached
1996,12,-1.2127419354838709,-4.457129032258065,-0.13999999999999999,-0.41596774193548386,5274.232361290323,0.11,-0.6555970447334237,0.46693290060771264,1,-0.5208709989134714,10663.558812903226,4405.089290322581,5274.232361290323,NA,NA,NA,NA,NA,NA,NA,NA,NA,NA,0.00519672736289295,-0.0396607922339353,1,0.04764343949090472,-0.36234644429461615,1,-0.2327767141472516,3.2290487723991776,1,-1.059811255359255,12.373965380752756,1,-0.04723499535515797,0.2589516329947506,1,-0.4064643908381597,9.579613636363636,55,16,-0.16774182782306526,-0.4959437669646404,0.10722326126417651,-0.33544499030469116,-0.00446841523786467,-0.03,0.22,-5.412516129032258,-2.160322580645161,-2.469483870967742,-0.690258064516129,-0.2461290322580645,-0.22438709677419355,cached
1997,1,-1.469290322580645,-5.670741935483871,-0.11641935483870967,-0.3980967741935484,7786.20655483871,0.72,-0.5869575542760115,0.30764005451387483,2,-0.5899871462242858,12581.793651612905,3517.403282580645,7786.20655483871,NA,NA,NA,NA,NA,NA,NA,NA,NA,NA,0.01207174685757621,-0.04346117135093125,2,0.10282517380051533,-0.3950287423332433,2,-0.6956885269091226,3.0380461192418053,2,-4.005248025824108,10.760348504887103,2,-0.14218127732929725,0.19371513931441783,2,-0.03666989790376876,9.205034090909091,55,16,-0.58680698260985,-0.128318797291915,-0.09413988450816407,-0.45032586618876874,-0.5362410726138324,0.44,0.815,-2.444258064516129,-1.048258064516129,-2.5624516129032258,-0.24561290322580648,-0.07509677419354839,-0.1743225806451613,cached
1997,2,2.5741071428571427,-1.3080714285714286,0.17500000000000002,-0.05157142857142857,7889.262742857143,0.59,-0.7987402170367248,0.30764005451387483,2,-0.7003377645556812,10730.04457142857,1860.0092342857145,7889.262742857142,NA,NA,NA,NA,NA,NA,NA,NA,NA,NA,0.01568872308465339,-0.02358349043317241,2,0.1500593035536594,-0.21618706177108857,2,-0.26035962835026344,2.7817170822996253,2,-1.810582643069772,9.177554802588356,2,-0.0501891607521617,0.13759334284466052,2,-0.27239168995887175,8.897818181818181,55,14,-0.8741572768623902,-0.4450090595096536,-0.6380168638997409,-0.7244101409886191,-0.9031149142177674,0.29,0.592,1.8428571428571427,4.172,1.1065714285714283,0.18121428571428572,0.28639285714285717,0.07510714285714286,cached
1997,3,-3.0723225806451615,-7.203258064516129,-0.18461290322580645,-0.39383870967741935,7997.212387096774,0.84,-0.5218266468579846,0.30764005451387483,2,-0.4991044106188305,11006.100748387096,2099.0969806451612,7997.212387096774,NA,NA,NA,NA,NA,NA,NA,NA,NA,NA,-0.03170287632356747,-0.03139367513489231,2,-0.26274022227084437,-0.2864238315235854,2,0.32355168415100516,2.665874766366925,2,1.8524135387510237,8.51652694236105,2,0.0534276779257716,0.1315736547088193,2,-0.44662661579134466,8.970872727272727,55,15,-0.5396897591506468,-0.5911685606060608,-0.3783676115998696,-0.5709968040621275,-0.46582058895405726,0.39,0.732,-3.3670322580645164,0.396935483870968,-2.228612903225806,-0.2383548387096774,0.03658064516129032,-0.11277419354838712,cached
1997,4,0.6790666666666667,0.30379999999999996,0.0442,-0.020466666666666668,9255.818026666666,1.07,-0.27617599701395223,0.30764005451387483,2,-0.2513692527244409,10982.198933333331,1071.4133226666663,9255.818026666668,NA,NA,NA,NA,NA,NA,NA,NA,NA,NA,-0.0015832248077659,-0.013295056158115,2,8.800115546394626e-4,-0.12124090984207082,2,-0.2864918614119218,2.271133662954427,2,-1.6001218905777572,6.065962832180807,2,-0.0351847294855824,0.04746974758371827,2,-0.29795673981191223,9.928569696969696,55,15,-0.2555593869731805,-0.3506475095785439,-0.1963869731800768,-0.3180727969348662,-0.21578160919540265,0.73,0.961,2.3356333333333335,1.3050666666666666,1.1035333333333333,0.16946666666666663,0.10746666666666668,0.07423333333333333,cached
1997,5,-0.03806451612903226,-0.2998709677419355,0.049161290322580646,-0.053580645161290325,12970.00784516129,1.84,0.9950261222249295,0.30764005451387483,2,0.9104139271758802,14371.232722580646,800.8173729032258,12970.00784516129,NA,NA,NA,NA,NA,NA,NA,NA,NA,NA,-0.01800118833998532,0.00588625556904433,2,-0.15721427374663405,0.05424115217687762,2,-0.2860121138312749,1.7459837116450605,2,-1.0218779558346502,3.502661425063787,2,-0.006513977598104,0.00608708018730358,2,0.8782907657217334,12.774763636363636,55,15,0.9017204301075274,1.046816009557946,0.9026623655913978,0.94823990442055,0.9181746714456396,1.59,1.657,0.2158064516129032,0.01732258064516128,-0.1519032258064516,0.14893548387096775,0.08738709677419355,0.01154838709677419,cached
1997,6,4.3333333333333337e-4,0,0.1708,0.08096666666666666,13791.225493333333,2.6,1.6969235618833354,0.30764005451387483,2,1.8021772368494897,14569.937493333333,515.648928,13791.225493333332,NA,NA,NA,NA,NA,NA,NA,NA,NA,NA,-0.01652472722199421,0.01012452179940359,2,-0.14423843979050016,0.09291438823800792,2,0.17208812976721577,1.5781520879503164,2,0.5320604511386694,2.8926578281877036,2,-0.00432234994790357,0.00379011301117982,2,1.811775808080808,15.276340909090909,55,16,2.077996296296296,2.409347222222223,1.6395018518518516,2.23418287037037,1.9480888888888892,2.55,2.382,0.06186666666666667,5e-4,0,0.3407,0.2275,0.13876666666666668,cached
1997,7,0.009064516129032259,0.004580645161290323,0.34403225806451615,0.29480645161290325,7554.191483870968,1.72,-0.4303118939116491,0.4089479683802696,1,-0.34168137679496446,7907.694761290322,352.68117677419355,7554.191483870967,NA,NA,NA,NA,NA,NA,NA,NA,NA,NA,-0.00231747103474705,0.01849652630860572,1,-0.02102858599509218,0.16962703021083023,1,-0.143755740174133,1.3756230183104603,1,-0.4090235798338688,2.115424334863351,1,-5.342722742487768e-6,4.443015431374131e-5,1,1.3135690194492198,15.705187878787878,55,15,1.5343039642812997,1.401735292300086,0.9682031114818942,1.543713385242862,1.4250431497960694,1.49,1.442,0.2991935483870968,0.01096774193548387,0.00548387096774193,0.583258064516129,0.41761290322580646,0.30970967741935485,cached
1997,8,7.419354838709678e-4,0.006225806451612903,0.1014516129032258,0.011129032258064518,5509.901212903226,2.56,0.22235578564251848,0.4089479683802696,1,0.2045752140596253,5895.375070967742,303.94887741935486,5509.901212903226,NA,NA,NA,NA,NA,NA,NA,NA,NA,NA,-0.02978514394711631,0.0118395873230912,1,-0.2727934828746579,0.10903444588391292,1,0.04739314185166497,1.371162251293646,1,0.26200095761768055,2.1478446610543926,1,-0.00193563689683565,0.00177833099527385,1,1.4414247815714751,16.261761363636364,55,16,1.3924271526711045,1.2354452679638162,1.4194676779313884,1.3523789810547882,1.4542322153951186,2.27,2.123,0.2623548387096774,9.03225806451613e-4,0.00758064516129032,0.11119354838709676,0.13516129032258065,0.08896774193548387,cached
1997,9,0,0,-0.06620000000000001,-0.22233333333333333,4206.932586666667,2,2.259227434323617,0.4089479683802696,1,2.2557916142088796,5020.5686399999995,440.79818666666665,4206.932586666666,NA,NA,NA,NA,NA,NA,NA,NA,NA,NA,-0.04411488360676958,0.00333015431422671,1,-0.4035459612679736,0.03061700900419594,1,0.27807236994045625,1.7606557391483988,1,1.6491374951255735,3.733043183516791,1,0.03501592058210754,0.02144356607479433,1,2.452417426251909,17.012363636363638,55,15,3.3000792808723847,3.2188119658119656,2.8851452991452997,3.3147320954907156,3.176596227527263,1.8,1.639,0,0,0,-0.08393333333333333,-0.07026666666666666,-0.11193333333333334,cached
1997,10,-0.0025483870967741937,0,-0.13129032258064516,-0.3336774193548387,4727.99215483871,2.12,1.7928483453659416,0.4089479683802696,1,1.795200622510018,6012.296051612903,817.2593858064515,4727.99215483871,NA,NA,NA,NA,NA,NA,NA,NA,NA,NA,-0.04192470828236945,-0.01530261171434133,1,-0.38404161927380925,-0.13950021211025795,1,0.1893585546538801,2.383572742281081,1,1.7840927334464878,6.984763063880868,1,0.1117862357612905,0.08766654137026772,1,1.1088856492342782,14.18038787878788,55,15,1.6396517323775388,1.993858482676225,1.6824334080047791,1.7396299581839905,1.6141607228195938,1.78,1.587,-0.00877419354838709,-0.00248387096774193,0,-0.1395483870967742,-0.08248387096774192,-0.16938709677419356,cached
1997,11,-0.03266666666666667,-0.26266666666666666,-0.1602,-0.6471666666666667,4254.127253333333,1.69,2.395180187923275,0.4089479683802696,1,2.3413574608120715,6325.97312,1270.857984,4254.127253333333,NA,NA,NA,NA,NA,NA,NA,NA,NA,NA,0.03299503634725512,-0.03598439743619079,1,0.30218468701142825,-0.32709510869141695,1,-0.2606734758328425,2.962644343457769,1,-2.1715486764204153,10.44953511270244,1,-0.07577451042232121,0.19658611961503183,1,1.5337353428181013,12.887622377622378,55,13,1.082660182729148,1.369641025641025,1.5383586796345423,1.1603943412908926,1.1691258473327435,1.48,1.281,-0.06616666666666667,-0.04466666666666667,-0.1698,-0.5225,-0.2505,-0.44293333333333335,cached
1997,12,-0.256,-1.3258064516129033,-0.29538709677419356,-0.5303870967741935,4998.371922580645,1.46,NA,NA,0,NA,6750.359741935484,1156.7869522580645,4998.371922580645,NA,NA,NA,NA,NA,NA,NA,NA,NA,NA,NA,NA,NA,NA,NA,NA,-0.07736938124984521,3.2290487723991776,1,-1.6276082422506088,12.373965380752756,1,-0.06772401567429244,0.2589516329947506,1,1.661723625690766,11.647801652892564,55,11,1.686064990358752,1.687635778489905,1.6975073521732682,1.725994403634702,1.6579368877924374,0.99,0.867,-0.01283870967741935,-0.23848387096774193,-0.8158064516129032,-0.15083870967741936,-0.3191612903225806,-0.3286774193548387,cached
1998,1,-1.169483870967742,-5.771709677419355,-0.29538709677419356,-1.0676129032258064,4791.0198709677425,1.61,NA,NA,0,NA,8147.930838709677,2548.968722580645,4791.0198709677425,NA,NA,NA,NA,NA,NA,NA,NA,NA,NA,NA,NA,NA,NA,NA,NA,0.3715853480948415,3.0380461192418053,1,2.764158068615104,10.760348504887103,1,0.09641168171543256,0.19371513931441783,1,NA,NA,NA,NA,NA,NA,NA,NA,NA,1.05,0.991,-1.8678064516129032,-0.8794838709677419,-2.896483870967742,-0.9292903225806451,-0.21493548387096773,-0.4808709677419355,cached
1998,2,-0.3110357142857143,-2.7792142857142856,-0.2287142857142857,-0.9473928571428571,5754.378285714286,2.19,NA,NA,0,NA,7908.477714285714,1540.231657142857,5754.378285714285,NA,NA,NA,NA,NA,NA,NA,NA,NA,NA,NA,NA,NA,NA,NA,NA,NA,NA,NA,NA,NA,NA,NA,NA,NA,1.7817295221623404,10.951939393939394,55,12,2.290644310439198,2.2249909404903465,2.358252977370101,2.240827954249477,2.340694609591756,1.52,1.482,-2.3285,0.04024999999999999,-1.2851428571428571,-0.9999285714285714,-0.15253571428571427,-0.4205,cached
1998,3,0.3668064516129032,-1.0571612903225807,0.11954838709677419,-0.1483225806451613,5367.403767741936,2.03,NA,NA,0,NA,7252.754580645161,1362.9515251612902,5367.403767741935,NA,NA,NA,NA,NA,NA,NA,NA,NA,NA,NA,NA,NA,NA,NA,NA,NA,NA,NA,NA,NA,NA,NA,NA,NA,1.5480347478450192,10.965534090909092,55,16,1.5846296852937976,1.6529147727272722,1.6958268328445747,1.6300726403823174,1.5961794110459426,1.29,1.407,0.07112903225806448,0.8033870967741935,-0.7787096774193548,0.04951612903225805,0.2144516129032258,-0.09725806451612903,cached
1998,4,0.33116666666666666,0.5151666666666667,0.04036666666666666,0.05076666666666667,4826.126613333334,0.94,NA,NA,0,NA,5904.0527999999995,738.502144,4826.126613333334,NA,NA,NA,NA,NA,NA,NA,NA,NA,NA,NA,NA,NA,NA,NA,NA,NA,NA,NA,NA,NA,NA,NA,NA,NA,0.7806493207941485,11.007175757575755,55,15,0.4124406130268194,0.7933524904214563,0.7053908045977018,0.5037049808429117,0.4726628352490418,0.03,0.31,1.006233333333333,0.5781999999999999,0.6294000000000001,0.1844,0.08823333333333333,0.07783333333333334,cached
1998,5,0.6817741935483871,0.9573548387096774,0.23025806451612904,0.21741935483870967,9517.1851354838709,0.22,0.28196588761504576,0.4089479683802696,1,0.25149448682594766,10479.04289032258,884.0322270967742,9517.1851354838709,NA,NA,NA,NA,NA,NA,NA,NA,NA,NA,0.00305679218479256,0.00588625556904433,1,0.02817502119305759,0.05424115217687762,1,0.207561262641561,1.7459837116450605,1,0.6830325498909365,3.502661425063787,1,0.00366623750678913,0.00608708018730358,1,0.6911150081459759,12.58758787878788,55,15,0.8321648745519722,0.6923715651135017,0.5366623655913975,0.8053510155316612,0.7735080047789733,-0.83,-0.355,0.9239032258064516,0.8516774193548386,0.9734516129032258,0.3255161290322581,0.28680645161290325,0.2319032258064516,cached
1998,6,0.16006666666666666,0.19463333333333332,0.358,0.3261,8650.7824,-0.03,-0.27968819651347976,0.30764005451387483,2,-0.2899986931084113,9690.00896,636.1841066666667,8650.7824,NA,NA,NA,NA,NA,NA,NA,NA,NA,NA,0.00433708033772896,0.01012452179940359,2,0.03571857537381071,0.09291438823800792,2,0.1662808824275457,1.5781520879503164,2,0.4843846144809817,2.8926578281877036,2,-0.00432234994790357,0.00379011301117982,2,0.4766955050505052,13.941260606060606,55,15,0.6451074074074074,0.5277083333333336,0.3865574074074078,0.6117523148148146,0.657866666666667,-0.78,-0.519,0.8126,0.19963333333333333,0.2224,0.5611666666666667,0.431,0.34436666666666665,cached
1998,7,0.03896774193548387,0.01990322580645161,0.23074193548387098,0.10664516129032259,5721.820490322581,-0.39,-0.006014492830556672,0.30764005451387483,2,0.03798292036959072,6142.9187096774185,311.52133780645164,5721.820490322581,NA,NA,NA,NA,NA,NA,NA,NA,NA,NA,-0.01007544689053877,0.01849652630860572,2,-0.08684255434952133,0.16962703021083023,2,-0.04242357198270763,1.3756230183104603,2,-0.191979330057807,2.115424334863351,2,-2.478016559407753e-5,4.443015431374131e-5,2,NA,NA,NA,NA,NA,NA,NA,NA,NA,-1.16,-0.681,0.3479032258064516,0.04903225806451613,0.02554838709677419,0.4073548387096774,0.2812258064516129,0.14341935483870968,cached
1998,8,0.14103225806451614,0.15180645161290324,0.36570967741935484,0.2531290322580645,4200.020851612903,0.09,0.11003291549576867,0.30764005451387483,2,0.10809748242945183,4726.165264516128,260.3136020645161,4200.020851612903,NA,NA,NA,NA,NA,NA,NA,NA,NA,NA,0.01311177967731815,0.0118395873230912,2,0.11628666799526469,0.10903444588391292,2,-0.1336856330652214,1.371162251293646,2,-0.5267338279654704,2.1478446610543926,2,-0.00173019792939899,0.00177833099527385,2,1.498859898873528,16.319196480938416,55,31,1.603441937617341,1.17070736473801,1.2031907962109578,1.423387045570917,1.6559392046424304,-0.87,-0.171,1.061451612903226,0.17051612903225807,0.1697741935483871,0.5595161290322581,0.43132258064516127,0.2785161290322581,cached
1998,9,0.0534,0.025933333333333333,0.3325,0.21746666666666667,3262.378528,-0.69,-1.125964486749933,0.30764005451387483,2,-1.1580558422977507,4027.5928533333336,292.94673493333335,3262.3785279999997,NA,NA,NA,NA,NA,NA,NA,NA,NA,NA,0.01396216937203617,0.00333015431422671,2,0.1251288919147153,0.03061700900419594,2,0.08048044505887995,1.7606557391483988,2,-0.05683216420598835,3.733043183516791,2,-0.01843254709813874,0.02144356607479433,2,-0.03518257374809104,14.524763636363636,55,30,-0.28358738579428194,-0.7088547008547016,-0.27829914529914507,-0.4896012378426171,-0.12062599469495972,-1.7,-0.867,0.6444666666666666,0.0643,0.02976666666666666,0.5182333333333333,0.39386666666666664,0.25046666666666667,cached
1998,10,-0.005741935483870968,-0.03074193548387097,0.005354838709677419,-0.18829032258064515,2976.278369032258,-1.51,0.10277770859113783,0.30764005451387483,2,0.15096916364606638,4142.473806451612,424.752,2976.278369032258,NA,NA,NA,NA,NA,NA,NA,NA,NA,NA,-0.00463412144053651,-0.01530261171434133,2,-0.0382911360067423,-0.13950021211025795,2,-0.11622696513347312,2.383572742281081,2,-1.2902138923909154,6.984763063880868,2,-0.05903219623237753,0.08766654137026772,2,0.1930842807103292,13.26458651026393,55,31,0.25137216248506594,0.12402335722819598,0.325350970728793,0.21285576463560335,0.25534351851851866,-2.23,-1.576,0.03783870967741935,-0.00551612903225806,-0.02196774193548387,0.04451612903225806,0.00683870967741935,-0.09767741935483872,cached
1998,11,-0.32826666666666665,-0.7191666666666666,-0.41736666666666666,-0.8913666666666666,3321.9381973333334,-0.42,0.5278578797596517,0.30764005451387483,2,0.5463369024453657,6627.075093333334,1493.2392533333334,3321.938197333333,NA,NA,NA,NA,NA,NA,NA,NA,NA,NA,-0.05506042376412657,-0.03598439743619079,2,-0.49228095924783277,-0.32709510869141695,2,0.6043681031481811,2.962644343457769,2,4.282228342995111,10.44953511270244,2,0.15007354741711212,0.19658611961503183,2,0.6848584197411782,12.038745454545454,55,30,0.8063866784556429,0.7185384615384608,0.7348800471559098,0.7838302387267895,0.8387583259652226,-0.97,-0.612,-1.3697333333333332,-0.34646666666666665,-0.35086666666666666,-0.7425333333333334,-0.40736666666666665,-0.5365666666666666,cached
1998,12,-0.3805806451612904,-2.4102580645161287,-0.05461290322580646,-0.26590322580645165,4461.2661677419355,-0.53,0.830760026510705,0.4089479683802696,1,0.834074408793013,9346.37089032258,3067.348851612903,4461.2661677419355,NA,NA,NA,NA,NA,NA,NA,NA,NA,NA,NA,NA,NA,NA,NA,NA,1.276954883790414,3.2290487723991776,1,9.48536316400357,12.373965380752756,1,0.38952660626616176,0.2589516329947506,1,-0.05282876033962599,9.93324926686217,55,31,-0.1584609138445714,-0.0630875841689414,0.05261976664052052,-0.16504176449824057,-0.12724395287227352,-1.09,-0.874,-1.0385806451612902,0.6705483870967742,0.24316129032258063,-0.05348387096774194,0.05303225806451612,0.04312903225806452,cached
1999,1,-3.3663870967741936,-7.201193548387097,-0.21070967741935484,-0.4385483870967742,6171.235509677419,-0.35,-0.30489531184586244,0.4089479683802696,1,-0.36852411939855934,11491.140129032256,3204.3656258064516,6171.235509677419,NA,NA,NA,NA,NA,NA,NA,NA,NA,NA,-0.04222960096705618,-0.04346117135093125,1,-0.3874602505419049,-0.3950287423332433,1,0.2834591070291617,3.0380461192418053,1,2.698407420690896,10.760348504887103,1,0.10310734941553155,0.19371513931441783,1,-0.15104709731725846,9.090656891495602,55,31,0.00590807115359067,-0.19104729191557132,-0.05238585225009906,-0.07101807048984436,-0.00263892207619835,-0.78,-0.543,-4.839419354838709,-2.0039032258064515,-3.167032258064516,-0.2801290322580645,-0.12474193548387096,-0.19283870967741937,cached
1999,2,-10.782,-23.89392857142857,-0.5890714285714286,-1.261,6414.766514285714,-0.5,-0.2686306926506146,0.4089479683802696,1,-0.2343188329311019,10974.782628571427,2633.4624,6414.766514285714,NA,NA,NA,NA,NA,NA,NA,NA,NA,NA,-0.14550562647109971,-0.02358349043317241,1,-1.333719944017802,-0.21618706177108857,1,1.9905648539660592,2.7817170822996253,1,15.767323614426802,9.177554802588356,1,0.5862722533425305,0.13759334284466052,1,-0.462034547101729,8.708175324675324,55,28,-0.4023715625766755,-0.3198900118906061,-0.25908829247116927,-0.4060768076552854,-0.35144824755110093,-1.06,-0.756,-22.029821428571427,-6.85775,-11.304785714285714,-1.2492142857142856,-0.37189285714285714,-0.592,cached
1999,3,-3.802741935483871,-11.065193548387096,-0.19774193548387098,-0.5825483870967741,7427.222606451613,-0.37,-0.5484749429099459,0.4089479683802696,1,-0.45062910874465345,10771.345341935485,1912.7541677419356,7427.222606451613,NA,NA,NA,NA,NA,NA,NA,NA,NA,NA,-0.05617552550870489,-0.03139367513489231,1,-0.5151892095365126,-0.2864238315235854,1,1.0277198772322136,2.665874766366925,1,7.696648350346441,8.51652694236105,1,0.2913975385614688,0.1315736547088193,1,-0.6316049149115792,8.785894428152492,55,31,-0.949718432985772,-0.6608889907135875,-0.6302887585532749,-0.8697996714456391,-0.905003384652982,-1.18,-0.867,-7.05374193548387,-1.919612903225807,-4.058838709677419,-0.35903225806451616,-0.09932258064516128,-0.21654838709677415,cached
1999,4,4.712866666666667,5.3876333333333335,0.3063666666666667,0.32816666666666666,7406.7309866666665,-1.05,-0.7841226293664891,0.4089479683802696,1,-0.6902394463429786,8996.24736,998.6391466666664,7406.730986666667,NA,NA,NA,NA,NA,NA,NA,NA,NA,NA,0.02478841497406301,-0.013295056158115,1,0.22624894122204944,-0.12124090984207082,1,-0.08007425034000978,2.271133662954427,1,0.14755460196051887,6.065962832180807,1,0.05034720424577478,0.04746974758371827,1,-0.754193103448276,9.472333333333331,55,30,-1.0133371647509584,-0.7810919540229886,-0.6473869731800767,-0.959961685823755,-0.9472260536398468,-1.85,-1.452,9.916133333333333,5.9044,5.699233333333333,0.6099,0.39193333333333336,0.35633333333333334,cached
1999,5,1.8405806451612903,2.0281935483870965,0.34683870967741937,0.32693548387096777,8394.561032258065,-1.56,-0.9204177396238544,0.4089479683802696,1,-0.9508891404129525,10232.412696774192,1108.9224258064517,8394.561032258065,NA,NA,NA,NA,NA,NA,NA,NA,NA,NA,-0.00674714518401688,0.00588625556904433,1,-0.06164531158305356,0.05424115217687762,1,0.1808495198415207,1.7459837116450605,1,0.5696835765052665,3.502661425063787,1,-0.00664304084372632,0.00608708018730358,1,-1.2005021961550997,10.695970674486803,55,31,-1.432702508960573,-1.1716284348864991,-1.0913734767025094,-1.3491579450418154,-1.3787572281959375,-2.32,-1.864,4.535225806451613,2.3800645161290324,2.3384516129032256,0.5380967741935484,0.43212903225806454,0.36035483870967744,cached
1999,6,0.4910666666666667,0.6244,0.17556666666666665,0.09703333333333333,9704.16736,-1.76,-0.5774760222466301,0.4089479683802696,1,-0.5115245715905861,10766.991253333332,752.2829866666667,9704.16736,NA,NA,NA,NA,NA,NA,NA,NA,NA,NA,-0.01736363587646605,0.01012452179940359,1,-0.1589228420774158,0.09291438823800792,1,0.06858167154916657,1.5781520879503164,1,0.18093486393153443,2.8926578281877036,1,-0.00446786394968421,0.00379011301117982,1,-0.5241408585858587,12.940424242424244,55,30,-0.7084481481481486,-0.7165138888888887,-0.6414425925925921,-0.7104699074074082,-0.681688888888889,-2.34,-1.91,1.0571666666666668,0.6004333333333333,0.7538333333333334,0.2661,0.21216666666666667,0.14376666666666665,cached
1999,7,0.29170967741935483,0.43448387096774194,0.288258064516129,0.2655483870967742,7106.6033548387095,-1.1,-1.203918775243173,0.30764005451387483,2,-1.1630878887351601,7770.677987096775,389.1276387096774,7106.6033548387095,NA,NA,NA,NA,NA,NA,NA,NA,NA,NA,-9.147447914984192e-4,0.01849652630860572,2,-0.00762474983878726,0.16962703021083023,2,0.02804634329540949,1.3756230183104603,2,0.132984265770117,2.115424334863351,2,6.91552212629418e-4,4.443015431374131e-5,2,-0.949794812417838,13.44182404692082,55,31,-0.503373455073539,-0.8789027005314551,-0.7094241286614759,-0.6398923495241634,-0.5295590007415646,-1.87,-1.321,0.6559354838709678,0.32467741935483874,0.5037419354838709,0.48535483870967744,0.3136451612903226,0.3000967741935484,cached
1999,8,0.11387096774193549,0.050516129032258064,0.21732258064516127,0.13083870967741937,5823.212903225806,-1.08,0.12641663977754303,0.30764005451387483,2,0.2080699920168021,6315.5598451612905,294.2206864516129,5823.212903225806,NA,NA,NA,NA,NA,NA,NA,NA,NA,NA,-8.901170874408872e-4,0.0118395873230912,2,-0.00339572160517725,0.10903444588391292,2,-0.1596099935761459,1.371162251293646,2,-0.5401503113559816,2.1478446610543926,2,-0.00173019792939899,0.00177833099527385,2,0.36669567599962777,15.187032258064516,55,31,0.6646247333162657,0.33371811742618185,0.4259864951356895,0.5486558627752179,0.6795951186209249,-1.84,-1.189,0.2475161290322581,0.13409677419354837,0.08990322580645162,0.3068709677419355,0.2430645161290323,0.18458064516129033,cached
1999,9,0.41036666666666666,0.27623333333333333,0.455,0.3288333333333333,4006.9215893333335,-1.29,-1.6075052430878074,0.30764005451387483,2,-1.5802043544001512,4554.285333333333,318.18644266666666,4006.9215893333335,NA,NA,NA,NA,NA,NA,NA,NA,NA,NA,0.01677689503386301,0.00333015431422671,2,0.1449692057282678,0.03061700900419594,2,0.02024445788093621,1.7606557391483988,2,-0.16758245161450464,3.733043183516791,2,-0.00581167302326434,0.02144356607479433,2,-1.1208371192026367,13.43910909090909,55,30,-1.1831429413498384,-1.5332991452991451,-1.2554102564102567,-1.316045682287062,-1.103959328028293,-2.24,-1.379,1.7308,0.5022333333333333,0.3056666666666667,0.6880666666666667,0.5262666666666667,0.3607666666666667,cached
1999,10,0.3930967741935484,-0.23629032258064517,0.04767741935483872,-0.19183870967741937,3623.1802322580647,-1.92,-1.6230749211365039,0.30764005451387483,2,-1.535684953447034,4261.221677419355,375.42596129032256,3623.180232258064,NA,NA,NA,NA,NA,NA,NA,NA,NA,NA,0.00795105535386687,-0.01530261171434133,2,0.05939617216438841,-0.13950021211025795,2,-0.17138583351261427,2.383572742281081,2,-0.7344499838270029,6.984763063880868,2,-0.04099811997526672,0.08766654137026772,2,-1.2418013497882046,11.829700879765396,55,31,-1.6860471923536438,-1.7071594384707296,-1.4216382765830342,-1.7339184289127842,-1.6079898148148146,-2.54,-1.849,0.45022580645161286,0.5387741935483871,-0.07132258064516128,0.09580645161290324,0.0893225806451613,-0.1097741935483871,cached
1999,11,-1.3415333333333332,-3.0692666666666666,-0.37916666666666665,-0.7171333333333333,4245.632213333333,-1.73,-0.2660250821484411,0.30764005451387483,2,-0.2559795890885841,5716.218026666666,1152.49376,4245.632213333333,NA,NA,NA,NA,NA,NA,NA,NA,NA,NA,-0.0282594284409098,-0.03598439743619079,2,-0.24547553351571863,-0.32709510869141695,2,0.3601518811675277,2.962644343457769,2,1.852629370018321,10.44953511270244,2,0.06570867964424756,0.19658611961503183,2,0.01856751065026927,11.372454545454543,55,30,-0.13327998821102283,-0.2034615384615387,-0.00700884173297922,-0.1811697612732098,-0.06857500736811062,-2.18,-1.754,-2.8897666666666666,-1.3941333333333334,-2.0089,-0.7073333333333334,-0.3967,-0.4750333333333333,cached
1999,12,-0.12538709677419352,-1.657967741935484,-0.039903225806451614,-0.24783870967741936,5666.100335483871,-1.46,0.20194730390818638,0.30764005451387483,2,0.2859681162792711,8830.274374193548,2321.9776,5666.100335483871,NA,NA,NA,NA,NA,NA,NA,NA,NA,NA,-0.00930511591932018,-0.0396607922339353,2,-0.0840866720428634,-0.36234644429461615,2,-0.1212735026213467,3.2290487723991776,2,-0.8895437270853497,12.373965380752756,2,0.04444027175687394,0.2589516329947506,2,0.4799161076955647,10.46599413489736,55,31,0.5039046775532778,0.44314897497084377,0.44132944405987534,0.48710877313616824,0.46834744497718833,-1.92,-1.64,0.2912258064516129,0.4612903225806452,-0.2981290322580645,-0.01380645161290323,0.03474193548387095,-0.05916129032258065,cached
2000,1,-1.5634516129032259,-6.610967741935484,-0.11551612903225808,-0.4477741935483871,5684.369238709677,-1.7,-0.35781527087669485,0.30764005451387483,2,-0.34804668250391657,8210.04510967742,2059.8188387096775,5684.369238709677,NA,NA,NA,NA,NA,NA,NA,NA,NA,NA,-0.01367501432282154,-0.04346117135093125,2,-0.10489918681989469,-0.3950287423332433,2,0.01746582857897251,3.0380461192418053,2,-0.03487520448379933,10.760348504887103,2,0.01278872601818027,0.19371513931441783,2,0.01724615781470636,9.258950146627566,55,31,-0.22570483207221537,-0.08266019514137805,-0.19851488450816332,-0.18263097371565057,-0.23618730917297212,-2.2,-1.784,-3.482322580645161,-0.8000322580645162,-2.7056774193548385,-0.413258064516129,-0.07783870967741935,-0.22522580645161291,cached
2000,2,0.950896551724138,-6.542965517241379,0.06982758620689655,-0.4164827586206897,5387.027089655173,-0.7,-0.22573055979397205,0.46693290060771264,1,-0.09182887934018069,7709.004689655172,1558.4004413793102,5387.027089655173,NA,NA,NA,NA,NA,NA,NA,NA,NA,NA,-0.0041733821870476,-0.02358349043317241,1,-0.03761789340191628,-0.21618706177108857,1,0.07636006125130144,2.7817170822996253,1,0.18078464185550008,9.177554802588356,1,-0.00416873360463137,0.13759334284466052,1,-0.23078667428489055,8.939423197492163,55,29,-0.6773920880282359,-0.39995158824528626,-0.11862441726591476,-0.6034823905781099,-0.5863168846611172,-1.28,-0.969,-4.995586206896552,-1.5184827586206897,-1.1116896551724138,-0.5345172413793103,-0.13820689655172416,-0.06824137931034482,cached
2000,3,1.1095483870967742,-0.8605483870967741,0.08616129032258064,-0.06129032258064516,5320.818064516129,-0.03,0.06009840730014236,0.46693290060771264,1,-0.0025962146056563995,7028.960516129032,1276.996335483871,5320.818064516129,NA,NA,NA,NA,NA,NA,NA,NA,NA,NA,0.00795373467909416,-0.03139367513489231,1,0.07438492874173347,-0.2864238315235854,1,0.6535013588718673,2.665874766366925,1,3.457699316152654,8.51652694236105,1,0.08774588311168285,0.1315736547088193,1,-0.16053746623122728,9.256961876832843,55,31,-0.17864316416856715,-0.0962653347996092,0.00949618768328441,-0.16549859617682175,-0.15822919110459507,-0.66,-0.475,2.7020967741935484,-0.6399354838709679,-0.2620645161290322,0.22335483870967743,-0.05458064516129032,-0.03241935483870967,cached
2000,4,1.0193333333333334,0.5049,0.09086666666666667,0.014833333333333334,7732.374186666667,-0.05,-0.3901576160862735,0.46693290060771264,1,-0.44716285473685424,8989.640106666668,873.1013333333333,7732.374186666667,NA,NA,NA,NA,NA,NA,NA,NA,NA,NA,0.01552134417353865,-0.013295056158115,1,0.14112403820855826,-0.12124090984207082,1,-0.33351510277926927,2.271133662954427,1,-1.5009253359466057,6.065962832180807,1,-0.00564335764632347,0.04746974758371827,1,-0.2124537095088818,10.014072727272728,55,30,-0.4782260536398469,-0.5157586206896555,-0.00994252873563184,-0.5345172413793104,-0.3276704980842909,-0.63,-0.392,1.5841333333333334,0.7295666666666667,0.6225999999999999,0.10183333333333332,0.05106666666666667,0.01883333333333333,cached
2000,5,0.9274838709677419,0.08490322580645161,0.2013225806451613,0.09951612903225807,7372.415896774193,-0.26,-0.15053317460696128,0.30764005451387483,2,-0.25409604150492004,8661.287019354837,882.3880258064515,7372.415896774193,NA,NA,NA,NA,NA,NA,NA,NA,NA,NA,-0.01297632578406908,0.00588625556904433,2,-0.11338272480498102,0.05424115217687762,2,-0.22840857146147495,1.7459837116450605,2,-0.4547179478258565,3.502661425063787,2,-0.00207258675570987,0.00608708018730358,2,-0.1244435451287064,11.772029325513197,55,31,0.29063082437276044,0.18450059737156543,-0.159330465949821,0.2919173237753885,0.19704922341696593,-0.81,-0.568,0.43535483870967745,1.0011290322580646,0.6748387096774194,0.1470967741935484,0.17916129032258066,0.16983870967741935,cached
2000,6,0.20873333333333333,0.40253333333333335,0.33663333333333334,0.2581,5926.70624,-0.38,-0.49464706895622995,0.30764005451387483,2,-0.44949807558726107,6732.7911466666665,573.8871466666667,5926.7062399999995,NA,NA,NA,NA,NA,NA,NA,NA,NA,NA,0.00463344659755495,0.01012452179940359,1,0.04260693046131483,0.09291438823800792,1,0.10830408193697248,1.5781520879503164,2,0.40779906744472993,2.8926578281877036,2,0.00415222632328286,0.00379011301117982,2,-0.427704494949495,13.036860606060603,55,30,-0.15489259259259333,-4.0277777777693774e-4,-0.35455370370370315,-0.05791435185185219,-0.2536888888888888,-0.64,-0.521,1.6923333333333332,0.8523666666666666,1.0456333333333334,0.7224666666666667,0.5131666666666667,0.421,cached
2000,7,0.3745806451612903,0.378741935483871,0.27941935483870967,0.2073225806451613,4759.962735483871,-1.03,-0.499069989545066,0.30764005451387483,2,-0.39798790803840944,5195.676077419354,287.8265703225806,4759.962735483871,NA,NA,NA,NA,NA,NA,NA,NA,NA,NA,-0.01036976164269292,0.01849652630860572,1,-0.0948009281478126,0.16962703021083023,1,-0.1202057038017415,1.3756230183104603,1,-0.4159565802234341,2.115424334863351,1,-4.421760844566728e-5,4.443015431374131e-5,1,-0.3158710587521489,14.07574780058651,55,31,-0.5045562507724638,-0.35675216289704653,-0.5995316555431961,-0.443763317266099,-0.5057955598813493,-1.51,-0.903,1.431967741935484,0.8106129032258065,0.6734516129032259,0.4875161290322581,0.3747096774193549,0.3044516129032258,cached
2000,8,0.22348387096774194,0.12751612903225806,0.34793548387096773,0.25306451612903225,4040.80736,-1.1,5.338058117406895e-4,0.30764005451387483,2,0.018639318375401892,4034.687277419355,252.01952,4040.80736,NA,NA,NA,NA,NA,NA,NA,NA,NA,NA,0.00852134271538029,0.0118395873230912,2,0.07269221369677012,0.10903444588391292,2,0.16191075990119477,1.371162251293646,2,0.356781263191662,2.1478446610543926,2,-0.00173019792939899,0.00177833099527385,2,-0.12225447062793832,14.69808211143695,55,31,0.2216139806280939,-0.10208833418672114,0.18641660266257057,0.12887091653865865,0.204971462706947,-1.68,-1.102,3.254548387096774,1.2197096774193548,0.12090322580645162,0.6193225806451613,0.43151612903225806,0.3642258064516129,cached
2000,9,0.011433333333333334,-0.016766666666666666,0.15763333333333332,0.0015666666666666687,3260.7739093333334,-0.87,0.06795126958468764,0.30764005451387483,2,0.08253136602284883,3455.9710506666665,303.08414933333336,3260.773909333333,NA,NA,NA,NA,NA,NA,NA,NA,NA,NA,-0.0048943094131213,0.00333015431422671,2,-0.03661274576932796,0.03061700900419594,2,-0.18869553531708955,1.7606557391483988,2,-0.8157735739232929,3.733043183516791,2,-0.01843254709813874,0.02144356607479433,2,-0.09957651314203032,14.460369696969698,55,30,0.1985237253168286,0.04858974358974303,0.2150341880341878,0.17706542882404955,0.175262894193929,-1.45,-0.811,0.22526666666666667,0.11173333333333334,0.01193333333333333,0.3147333333333333,0.2789333333333333,0.136,cached
2000,10,-0.0855483870967742,-0.31825806451612904,0.14080645161290323,-0.1693548387096774,3113.5691767741937,-1.13,-0.47428472716380904,0.30764005451387483,2,-0.41674161019308364,3753.346167741935,421.0982193548387,3113.5691767741937,NA,NA,NA,NA,NA,NA,NA,NA,NA,NA,-6.820296418237646e-4,-0.01530261171434133,2,-0.00730408097765089,-0.13950021211025795,2,0.23319500302151155,2.383572742281081,2,1.4294896312625036,6.984763063880868,2,0.02992992265020829,0.08766654137026772,2,-0.22465765477354185,12.84684457478006,55,31,0.04190979689366792,0.02101260454002347,-0.02475655615292697,0.0371568399044199,0.05405319593787361,-1.61,-1.082,-0.28474193548387094,-0.00590322580645161,-0.08219354838709678,0.04548387096774194,0.12996774193548388,-0.01864516129032258,cached
2000,11,-0.6879000000000001,-2.483433333333333,0.014733333333333334,-0.1502,3609.4481066666667,-0.66,-0.912254010125588,0.46693290060771264,1,-0.8322124927796395,4423.08416,474.7783466666667,3609.4481066666663,NA,NA,NA,NA,NA,NA,NA,NA,NA,NA,0.01858503067039246,-0.03598439743619079,1,0.17097360854828036,-0.32709510869141695,1,-0.21643876948242713,2.962644343457769,1,-2.0341041616756685,10.44953511270244,1,-0.09559491762547032,0.19658611961503183,1,-0.5550203681376096,10.798866666666669,55,30,-0.8228355437665792,-0.6135726495726495,-0.8412310639552008,-0.7729475390509878,-0.8122416740347779,-1.04,-0.804,-1.0345,-0.9825,-1.9963666666666664,-0.05723333333333334,-0.07846666666666667,-0.162,cached
2000,12,-1.5461290322580645,-4.014451612903226,-0.08590322580645161,-0.2651612903225806,4059.350296774194,0.2,-0.6611448034398224,0.30764005451387483,2,-0.5966058949042594,5142.696258064516,705.179664516129,4059.350296774194,NA,NA,NA,NA,NA,NA,NA,NA,NA,NA,0.0096309119431167,-0.0396607922339353,2,0.11425833722467876,-0.36234644429461615,2,-0.4621097704077016,3.2290487723991776,2,-2.716394906148361,12.373965380752756,2,-0.09889066965114592,0.2589516329947506,2,-0.7254211357061948,9.260656891495602,55,31,-0.7187834944897329,-0.8938402723409844,-0.4529716312089415,-0.8188052053584555,-0.6219751356679731,0,0.024,-3.1128387096774195,-1.568516129032258,0.12470967741935482,-0.393741935483871,-0.13264516129032258,0.01870967741935484,cached
2001,1,-3.5285806451612904,-4.248903225806452,-0.20387096774193547,-0.24229032258064517,3677.5302193548387,0.85,0.09245823759622657,0.4089479683802696,1,0.02882943004352967,4344.345187096774,479.55870967741936,3677.530219354838,NA,NA,NA,NA,NA,NA,NA,NA,NA,NA,0.02016520658157195,-0.04346117135093125,1,0.18417971069947928,-0.3950287423332433,1,0.37339905819426594,3.0380461192418053,1,1.646556770865234,10.760348504887103,1,0.03754197998858798,0.19371513931441783,1,-0.03576850494189194,9.205935483870968,55,31,0.03182204964821444,-0.13040213062524883,0.2784743628036643,-0.06134065113500616,0.15273742200982335,0.48,0.519,-6.185935483870968,-4.402096774193549,-3.1293870967741935,-0.39167741935483874,-0.2513225806451613,-0.17303225806451614,cached
2001,2,0.5445357142857143,-2.1078928571428572,0.05092857142857143,-0.09782142857142857,3563.8715428571427,0.52,-0.012480800875725371,0.4089479683802696,1,0.021831058843787332,4007.838514285714,479.36297142857137,3563.8715428571427,NA,NA,NA,NA,NA,NA,NA,NA,NA,NA,0.01863899388895881,-0.02358349043317241,1,0.1701171236336492,-0.21618706177108857,1,-0.20977867440273468,2.7817170822996253,1,-1.7035826450716762,9.177554802588356,1,-0.06459527451967823,0.13759334284466052,1,-0.4343267548939366,8.735883116883118,55,28,-0.3511810863861993,-0.40655667855727273,-0.2894454353283121,-0.39976728384576177,-0.2957339618368149,-0.01,0.145,2.054607142857143,0.4134642857142857,-1.299642857142857,0.2075,0.04507142857142857,-0.05635714285714285,cached
2001,3,2.225032258064516,1.4784193548387097,0.1666774193548387,0.10912903225806452,3380.477852903226,0.37,-0.05450325646483702,0.4089479683802696,1,0.043342577700455465,4023.725935483871,517.9234064516129,3380.4778529032255,NA,NA,NA,NA,NA,NA,NA,NA,NA,NA,0.01596932839537555,-0.03139367513489231,1,0.14577735338384418,-0.2864238315235854,1,0.23931220781273335,2.665874766366925,1,1.0393829690008014,8.51652694236105,1,0.01449688274412608,0.1315736547088193,1,-0.4707486099262419,8.94675073313783,55,31,-0.4868152071793202,-0.592501893939394,-0.05437478005865041,-0.5661437574671447,-0.32672381476050855,-0.41,-0.035,7.051548387096774,2.9048709677419353,1.889677419354839,0.5306129032258065,0.2174838709677419,0.13690322580645162,cached
2001,4,0.6819666666666667,2.3445,0.07783333333333334,0.1855,3275.3098666666665,-0.48,-0.6717674723165201,0.30764005451387483,2,-0.6662204869345114,4261.6784,712.6394666666666,3275.309866666667,NA,NA,NA,NA,NA,NA,NA,NA,NA,NA,-0.00812530579461658,-0.013295056158115,2,-0.06746844089963377,-0.12124090984207082,2,-0.11815632208229572,2.271133662954427,2,-0.9169988129226542,6.065962832180807,2,-0.03740522217806486,0.04746974758371827,2,-0.4577991640543365,9.768727272727272,55,30,-0.5098927203065138,-0.5255363984674334,-0.49405363984674366,-0.5068505747126443,-0.5227816091954024,-1.18,-0.837,1.1380333333333332,0.9905,2.1881333333333335,0.17003333333333334,0.10213333333333334,0.17263333333333333,cached
2001,5,2.998741935483871,3.371935483870968,0.2815161290322581,0.31174193548387097,3908.6318451612906,-0.38,-0.8372394500761122,0.30764005451387483,2,-0.9630319693162201,4948.132438709677,664.9880774193548,3908.63184516129,NA,NA,NA,NA,NA,NA,NA,NA,NA,NA,0.0034348827022955,0.00588625556904433,2,0.02997727014655541,0.05424115217687762,2,0.23211850108872603,1.7459837116450605,2,1.22768608030079,3.502661425063787,2,0.04550821763902747,0.00608708018730358,2,-0.8387719908765068,11.057700879765395,55,31,-0.9439928315412178,-0.8344241338112303,-0.9236315412186382,-0.8851794504181593,-0.9739185185185182,-1.12,-0.755,5.046903225806451,3.420193548387097,3.1833548387096773,0.47603225806451616,0.3281612903225806,0.29435483870967744,cached
2001,6,0.4595,1.2469666666666668,0.21883333333333332,0.28286666666666666,3727.90672,-0.65,-0.7090004725908372,0.30764005451387483,2,-0.6753195054036114,4296.602453333334,361.605536,3727.90672,NA,NA,NA,NA,NA,NA,NA,NA,NA,NA,-0.0022602872839449,0.01012452179940359,2,-0.01781007995783074,0.09291438823800792,2,-0.20909164871145575,1.5781520879503164,2,-0.7637844080474815,2.8926578281877036,2,-0.00432234994790357,0.00379011301117982,2,-0.48104388888888894,12.983521212121213,55,30,-0.470225925925926,-0.5814027777777776,-0.6504425925925924,-0.4794699074074078,-0.49879999999999985,-1.22,-1.02,1.2117,0.6010333333333333,1.0609333333333333,0.404,0.27563333333333334,0.24626666666666663,cached
2001,7,1.7063870967741936,2.4255806451612902,0.5249677419354839,0.5765806451612903,2457.350172903226,-1.59,-1.421146060596882,0.30764005451387483,2,-1.3315439994307097,2786.007741935484,213.38078967741933,2457.3501729032255,NA,NA,NA,NA,NA,NA,NA,NA,NA,NA,0.00273589921813592,0.01849652630860572,2,0.03113340005804206,0.16962703021083023,2,-0.01114824594188666,1.3756230183104603,2,-0.09918020677835292,2.115424334863351,2,-2.478016559407753e-5,4.443015431374131e-5,2,-1.0513021437961372,13.340316715542524,55,31,-1.514556250772464,-1.3204080768755404,-1.3272735910270672,-1.4880643925349162,-1.444290183537264,-2.21,-1.73,2.7203870967741937,1.821935483870968,2.2701290322580645,0.7807741935483871,0.5625161290322581,0.5340322580645162,cached
2001,8,-0.009032258064516132,-0.11829032258064516,0.0716774193548387,0.024483870967741937,2816.2427767741933,-0.87,-0.3955114225470315,0.30764005451387483,2,-0.34039183241474813,3011.080629677419,201.2319690322581,2816.2427767741938,NA,NA,NA,NA,NA,NA,NA,NA,NA,NA,-0.01519715902461936,0.0118395873230912,2,-0.13204978731473133,0.10903444588391292,2,0.14073081870139412,1.371162251293646,2,0.5994003329183911,2.1478446610543926,2,0.00990047375675119,0.00177833099527385,2,-0.47782631813526966,14.342510263929618,55,31,-0.5626870946407235,-0.46305607612220534,-0.39390597798259047,-0.5305914490527393,-0.5496521932070321,-1.68,-1.09,0.2242258064516129,0.01361290322580645,-0.09335483870967742,0.17041935483870968,0.09764516129032258,0.05629032258064516,cached
2001,9,0.5051666666666667,0.20733333333333334,0.35233333333333333,0.24716666666666667,2368.7947093333332,-1.09,-0.40808784140413906,0.30764005451387483,2,-0.35709536901560046,2550.777344,211.243328,2368.7947093333332,NA,NA,NA,NA,NA,NA,NA,NA,NA,NA,0.01058256865353677,0.00333015431422671,2,0.09608974464988312,0.03061700900419594,2,0.23680102318368815,1.7606557391483988,2,0.7401419597281871,3.733043183516791,2,0.00412352274830238,0.02144356607479433,2,-0.750412876778394,13.809533333333333,55,30,-0.8470318302387264,-0.6599658119658128,-0.5271880341880344,-0.8070456822870616,-0.7918482169171815,-1.98,-1.217,1.2486333333333333,0.4835,0.23363333333333333,0.4524666666666667,0.34396666666666664,0.2535,cached
2001,10,0.12596774193548388,0.24064516129032257,0.1276774193548387,0.20338709677419356,2462.5568103225805,-1.02,-1.171768538252102,0.30764005451387483,2,-1.1068167205226835,2785.8250529032257,277.7786735483871,2462.5568103225805,NA,NA,NA,NA,NA,NA,NA,NA,NA,NA,0.00626888324067295,-0.01530261171434133,2,0.05423054556716682,-0.13950021211025795,2,0.3399544177057679,2.383572742281081,2,2.112934757015475,6.984763063880868,2,0.00936507222470878,0.08766654137026772,2,-1.0771620536005213,11.99434017595308,55,31,-0.8866923536439663,-0.9757615890083636,-0.9958318249701308,-0.8908001493428911,-0.973151105137396,-1.91,-1.201,0.3678064516129032,0.13693548387096777,0.33129032258064517,0.1235483870967742,0.1356451612903226,0.21574193548387097,cached
2001,11,-1.7585666666666668,-3.5825,-0.3821333333333333,-0.6147666666666667,3031.1246613333333,-0.54,-0.7832465959560193,0.30764005451387483,2,-0.7828807628243339,4559.0048,880.65248,3031.1246613333333,NA,NA,NA,NA,NA,NA,NA,NA,NA,NA,-0.01406511170295643,-0.03598439743619079,2,-0.1109204680096944,-0.32709510869141695,2,0.35920888665187434,2.962644343457769,2,2.841834804372462,10.44953511270244,2,0.07848830345900161,0.19658611961503183,2,-0.6783658226830643,10.675521212121213,55,30,-0.6169466548776897,-0.7411282051282058,-0.4610088417329792,-0.6887253168287651,-0.5316861184792222,-1.25,-0.793,-3.301966666666667,-2.1256666666666666,-2.5474,-0.738,-0.46706666666666663,-0.4313666666666667,cached
2001,12,-0.2450645161290323,-2.4373225806451613,0.023741935483870966,-0.16848387096774192,3453.0053987096776,-0.49,-0.13099893843018884,0.30764005451387483,2,-0.05085328416801893,7737.793961290323,2611.5397161290325,3453.0053987096776,NA,NA,NA,NA,NA,NA,NA,NA,NA,NA,-0.01395609707888735,-0.0396607922339353,2,-0.12691850806640295,-0.36234644429461615,2,0.6252995011259165,3.2290487723991776,2,4.272171919706513,12.373965380752756,2,0.10385019881642273,0.2589516329947506,2,-0.4311513409847872,9.554926686217009,55,31,-0.2430845697585499,-0.23588328309367235,-0.08458453443474785,-0.2686976784767345,-0.1722977163131342,-1.12,-0.889,-2.395290322580645,-1.5308064516129032,-0.7309354838709677,-0.2773225806451613,-0.1244516129032258,-0.0029032258064516,cached
2002,1,-1.5835483870967741,-7.175354838709677,-0.1677741935483871,-0.5245161290322581,3995.409135483871,0.27,0.08408460849134015,0.30764005451387483,2,0.08081058448164402,7383.377238709677,2130.1541161290324,3995.409135483871,NA,NA,NA,NA,NA,NA,NA,NA,NA,NA,-0.00369921769943536,-0.04346117135093125,2,-0.03045547229107758,-0.3950287423332433,2,0.36419497603763673,3.0380461192418053,2,2.301832864646521,10.760348504887103,2,0.10172142566026206,0.19371513931441783,2,-0.04422011784511762,9.197483870967742,55,31,-0.00774784282490396,-0.03448815213062476,0.23105500796495448,-0.0455341995221025,0.13295247577326444,-0.42,-0.154,-2.0787096774193548,-1.6931290322580643,-4.085451612903226,-0.25287096774193546,-0.1976129032258065,-0.2934838709677419,cached
2002,2,-0.4233928571428572,-3.4464642857142858,-0.02310714285714286,-0.1804285714285714,4169.6488,-0.56,-0.14174550261357335,0.30764005451387483,2,-0.06269279309462661,6271.159885714285,1309.652,4169.6488,NA,NA,NA,NA,NA,NA,NA,NA,NA,NA,-0.00724357680022665,-0.02358349043317241,2,-0.07328111709413963,-0.21618706177108857,2,0.15457134197996492,2.7817170822996253,1,0.10083733499603892,9.177554802588356,1,-0.01469630116887001,0.13759334284466052,1,-0.5397098717770535,8.6305,55,28,-0.68915727686239,-0.511794773795368,-0.3327787686616457,-0.664052998131476,-0.5907339618368148,-1.51,-0.961,1.36475,-0.12778571428571428,-0.9158214285714288,0.10717857142857144,-0.00200000000000001,-0.04421428571428573,cached
2002,3,-0.2661290322580646,-1.5527096774193547,0.0013870967741935445,-0.0677741935483871,3594.9547767741933,-0.29,-1.002334885861307,0.4089479683802696,1,-0.9044890516960145,5713.599483870968,1301.6593548387098,3594.9547767741938,NA,NA,NA,NA,NA,NA,NA,NA,NA,NA,0.01892443290004199,-0.03139367513489231,1,0.17285101369115766,-0.2864238315235854,1,-0.22953228919183416,2.665874766366925,1,-1.0117966190530578,8.51652694236105,1,0.01652843858966851,0.1315736547088193,1,-1.0397339471696438,8.377765395894428,55,31,-1.0140195082545898,-1.1102438294232655,-0.8839446725317691,-1.0675416069295107,-0.967906610459434,-1.27,-0.779,2.620064516129032,1.2299032258064515,-1.2356129032258063,0.18538709677419352,0.0904516129032258,-0.05787096774193547,cached
2002,4,3.1160666666666668,4.2659666666666665,0.23356666666666667,0.263,6207.04256,-0.44,-0.678435257057838,0.4089479683802696,1,-0.5845520740343275,8127.865493333333,1254.43424,6207.04256,NA,NA,NA,NA,NA,NA,NA,NA,NA,NA,0.01283621714816228,-0.013295056158115,1,0.11674697831235745,-0.12124090984207082,1,-0.3207122411204896,2.271133662954427,1,-1.521045696879093,6.065962832180807,1,-0.00816177683831359,0.04746974758371827,1,-0.7457749216300942,9.480751515151516,55,30,-0.9767816091954024,-0.9889808429118776,-0.6966091954022993,-0.96251724137931,-0.9166704980842914,-1.23,-0.701,8.436533333333333,3.839033333333333,3.4475,0.6212,0.286,0.21196666666666664,cached
2002,5,2.192096774193548,2.7209032258064516,0.15151612903225806,0.12467741935483871,6698.293367741936,-0.82,-1.4444240557225536,0.4089479683802696,1,-1.4748954565116517,7699.4292645161295,682.3435354838709,6698.293367741935,NA,NA,NA,NA,NA,NA,NA,NA,NA,NA,-0.00702876103831764,0.00588625556904433,1,-0.0642253800592963,0.05424115217687762,1,-0.1556804092849416,1.7459837116450605,1,-0.5727972130657921,3.502661425063787,1,-0.00664304084372632,0.00608708018730358,1,-1.0858980905832518,10.810574780058651,55,31,-1.4819498207885295,-1.212596176821983,-1.4028788530465952,-1.3724912783751488,-1.497251851851851,-1.3,-0.996,4.881064516129032,3.2216129032258065,2.095612903225806,0.4127096774193548,0.2313548387096774,0.099,cached
2002,6,0.2496,0.5446666666666666,0.14953333333333335,0.17753333333333332,9120.84128,-0.7,-0.06968417826232974,0.4089479683802696,1,-0.003732727606285735,10129.863253333331,482.3294933333333,9120.84128,-0.5352066325925922,-0.10874929649330234,0.04797335166666627,0.2226490647467312,0.16975446123101534,13.68354878,13.518337382978723,13.424201686666668,13.422481334558825,12.974419910071942,-0.01108998925834119,0.01012452179940359,1,-0.10144582995854616,0.09291438823800792,1,0.13687907414656916,1.5781520879503164,1,0.3956544699921407,2.8926578281877036,1,-0.00446786394968421,0.00379011301117982,1,-0.31041358585858575,13.154151515151517,55,30,0.13110740740740687,0.04681944444444497,-0.01899814814814722,0.14219675925925834,0.07464444444444496,-1.18,-0.868,1.1561,0.34863333333333335,0.4595666666666667,0.31273333333333336,0.2061,0.15336666666666668,cached
2002,7,0.22838709677419355,0.6060645161290322,0.41458064516129034,0.39325806451612905,6456.2303999999995,-0.18,0.04761124074410141,0.30764005451387483,2,0.09553508354334017,6852.6656,268.55287741935484,6456.2303999999995,-0.19750590537037027,0.04121071552403421,0.2627181150000002,0.3554175665849666,0.06387541846522815,14.938481066666666,14.343406315602836,14.19439591,14.08570906985294,13.406974514388487,0.00527248244138372,0.01849652630860572,2,0.04553488975424135,0.16962703021083023,2,0.04611264464705941,1.3756230183104603,2,0.08754000847729777,2.115424334863351,2,-2.478016559407753e-5,4.443015431374131e-5,2,-0.00311446051167972,14.38850439882698,55,31,0.5143684804103312,-0.00169839945618595,0.4183178068223956,0.3287098010134706,0.5545270207638117,-0.71,-0.422,1.8558709677419352,0.25703225806451613,0.5493548387096774,0.5840322580645161,0.4687741935483871,0.3520967741935484,cached
2002,8,0.7625806451612903,1.6985161290322581,0.5028387096774194,0.4214838709677419,4277.663690322581,0.51,-1.1055817743083765,0.30764005451387483,2,-1.0933532860506476,4367.181316129032,239.50532129032257,4277.663690322581,-0.9907312474074086,-1.044723665090622,-0.770161954999999,-0.7868119189133989,-0.6747807961630699,14.136001396666666,13.274821191489362,13.228796616666669,13.036466529411763,12.729365946043163,0.00936558341566739,0.0118395873230912,2,0.07881365551811849,0.10903444588391292,2,0.00770131991228106,1.371162251293646,2,0.09716883194414604,2.1478446610543926,2,-0.00173019792939899,0.00177833099527385,2,-1.200049192035563,13.620287390029326,55,31,-1.242794621522444,-1.278539947089947,-0.8820780209933433,-1.2865054275473629,-1.1769640211640215,0.11,0.285,2.3973225806451612,0.8155483870967742,1.5173548387096774,0.49793548387096775,0.5418709677419354,0.3748387096774194,cached
2002,9,0.4489,0.14123333333333332,0.3804,0.2563333333333333,2999.787402666667,0.25,-0.5972109169157064,0.30764005451387483,2,-0.5293556194747007,3184.035381333333,265.894752,2999.787402666667,-1.101389815925927,-0.9050373814026784,-0.9157068748148144,-0.9091605561683008,-1.0798459396482816,13.61574606,13.420957315602838,13.247232303333334,13.109238772058823,12.63392934532374,0.00797371704683629,0.00333015431422671,2,0.07196067447958358,0.03061700900419594,2,-0.13996041974862747,1.7606557391483988,2,-0.7974979578844689,3.733043183516791,2,-0.01843254709813874,0.02144356607479433,2,-0.7367037858693033,13.823242424242425,55,30,-0.8826984969053934,-0.7355213675213683,-0.8037435897435893,-0.8121567933981731,-0.8862926613616265,-0.21,0.123,1.2381333333333333,0.4648333333333333,0.14936666666666668,0.3333666666666667,0.4025666666666667,0.23646666666666663,cached
2002,10,0.6969032258064516,1.6713870967741935,0.2586451612903226,0.3770322580645161,3040.767597419355,0.27,-1.8721020711837608,0.30764005451387483,2,-1.8220440235142332,3544.4412593548386,316.96547096774196,3040.767597419355,-1.7904743803703695,-1.943349238179669,-1.8085390420370369,-2.009636983251635,-1.9668805737410064,11.462425336666668,11.083797578014185,11.181464236666669,10.863633514705882,10.6893885647482,0.03097189748215555,-0.01530261171434133,2,0.27199454753913294,-0.13950021211025795,2,-0.6163492619816321,2.383572742281081,2,-3.599799736867863,6.984763063880868,2,-0.0881909385721949,0.08766654137026772,2,-1.348188446562398,11.723313782991202,55,31,-1.871423536439665,-1.9870519115890088,-1.766154405615293,-1.9294022998805256,-1.792505943847073,-0.2,0.3,2.5703548387096773,0.6704193548387097,1.5830322580645162,0.3165806451612903,0.25387096774193546,0.3519032258064516,cached
2002,11,-4.206933333333334,-4.281133333333333,-0.6226333333333334,-0.9673333333333334,3604.7286400000003,1.29,-0.7006858088575567,0.30764005451387483,2,-0.6163927055775344,4375.889493333333,395.585696,3604.72864,-0.6401340938888893,-0.46531384771473583,-0.3657852144444451,-0.3270352549019613,-0.29501390307753894,10.57628641,10.654032833333334,10.754690173333334,10.728621992647058,10.625942118705035,-0.00709493097841213,-0.03598439743619079,2,-0.07027418724323024,-0.32709510869141695,2,0.0681206464744017,2.962644343457769,2,1.0291053838493782,10.44953511270244,2,0.09551741739425072,0.19658611961503183,2,-0.3677476408648824,10.986139393939396,55,30,-0.840279988211023,-0.4889059829059838,-0.8040088417329793,-0.7380586501620989,-0.798797229590333,1.08,1.081,-6.4283,-4.9354,-3.4825,-0.8247,-0.7545666666666667,-0.7666,cached
2002,12,-1.256741935483871,-6.613096774193548,-0.3545483870967742,-1.240516129032258,3472.9185032258065,1.89,0.9636754762896279,0.30764005451387483,2,1.0172368178666211,5200.243303225806,1006.2511896774192,3472.9185032258065,1.2832073703703717,1.2669221328999214,1.2558829916296297,1.205751235743465,0.9547274464828136,10.834904356666668,10.660697776595743,10.598588293333334,10.527186477941177,10.268892356115108,-0.03845221294748134,-0.0396607922339353,2,-0.33701280236958536,-0.36234644429461615,2,0.4045373047775456,3.2290487723991776,2,3.200709302354402,12.373965380752756,2,0.11266958572429306,0.2589516329947506,2,0.9531947000709312,10.939272727272726,55,31,1.0442272581984398,0.8857296201321336,1.291974605350198,0.9533453322759536,1.1259818535793389,1.57,1.473,-3.3600967741935484,-1.787516129032258,-4.210290322580645,-0.9646129032258064,-0.5253548387096775,-0.7777096774193548,cached
2003,1,-0.5851290322580645,-5.8223548387096775,-0.06864516129032258,-0.7861612903225806,3427.1549006451614,1.94,1.2265487781785558,0.30764005451387483,2,1.246354508258344,6687.332025806451,1900.8793806451613,3427.1549006451614,1.3567575978888886,1.5034173585106387,1.480105941259259,1.441239412622549,1.3476494803357308,10.44665667,10.397309453900707,10.298125213333334,10.239485088235297,10.146549571942446,-0.01764568057066582,-0.04346117135093125,2,-0.16434476415469004,-0.3950287423332433,2,0.19772343076122476,3.0380461192418053,2,1.244072672102806,10.760348504887103,2,0.03756013162143686,0.19371513931441783,2,1.3334338410991635,10.575137829912023,55,31,1.514402694809504,1.6871247510951817,1.5041732875348472,1.5624227897252088,1.4782212929775649,1.45,1.442,-2.2013225806451615,-1.1967419354838709,-3.182,-0.5063870967741936,-0.1812258064516129,-0.3689677419354839,cached
2003,2,-1.5186428571428572,-1.7870714285714284,-0.19453571428571428,-0.13892857142857143,3773.2136,1.75,0.5475249551376739,0.30764005451387483,2,0.6563733755672434,7059.985028571428,1658.5554285714286,3773.2136,0.5827631168518508,0.8405010613475188,0.846942118777779,0.8243039785130719,0.814785682254195,9.30693747,9.51169274822695,9.413661896666667,9.35485775,9.297679651079136,0.01789043371368743,-0.02358349043317241,1,0.16452326804815243,-0.21618706177108857,1,-0.5829558511741655,2.7817170822996253,2,-3.7532378652703375,9.177554802588356,2,-0.12714579026396594,0.13759334284466052,2,0.8114329853658035,9.981642857142855,55,28,0.7834617707566581,0.7023718928712986,0.6798402789574016,0.758566049487572,0.7435517524488992,1.23,1.262,0.9923928571428572,-0.8979285714285714,-0.9688214285714284,0.19825,-0.11310714285714286,-0.06939285714285715,cached
2003,3,-1.6720645161290324,-6.482806451612903,-0.14351612903225808,-0.6568709677419355,4406.459458064516,1.68,0.6595696438221421,0.30764005451387483,2,0.6757195571519992,8229.227458064515,1919.1482838709676,4406.459458064516,0.9036432818518528,0.795725352955083,0.7674981307407407,0.782489200449346,0.718554492366108,9.924328016666667,9.825485531914891,9.739464516666668,9.724926018382352,9.55814056115108,-0.03238628295904958,-0.03139367513489231,1,-0.29519656409600287,-0.2864238315235854,1,0.5103473030900441,2.665874766366925,2,3.3044962392604,8.51652694236105,2,0.06434529857078361,0.1315736547088193,2,0.4829053490180395,9.90040469208211,55,31,0.6242600616378837,0.448035740469208,0.6220768328445748,0.5765444145758659,0.6224159701857275,1.01,1.282,-2.4718387096774195,-0.5933548387096774,-3.005,-0.35151612903225804,-0.01454838709677419,-0.2803548387096774,cached
2003,4,-0.3927666666666667,-4.7894,-0.0019333333333333316,-0.42523333333333335,5729.432533333334,0.91,0.07179972917342031,0.30764005451387483,2,0.0822382957553831,8961.323306666667,1392.337056,5729.432533333334,0.4911963579629628,0.2354038806146583,0.26025300388888795,0.2845176117238566,0.3141598181454839,10.796657536666666,10.547374521276597,10.51235942,10.465340511029412,10.32995078057554,-0.0184190981937457,-0.013295056158115,1,-0.16982672711320207,-0.12124090984207082,1,0.14639176726901929,2.271133662954427,2,0.30677332634338816,6.065962832180807,2,-0.02707842785506933,0.04746974758371827,2,0.03720083594566351,10.263727272727271,55,30,0.2849961685823749,0.21579693486590065,0.21716858237547912,0.26170498084291144,0.27010727969348736,0.36,0.529,-1.0288,-0.6110333333333333,-2.6842333333333332,-0.1436,-0.03703333333333333,-0.2315,cached
2003,5,0.5010967741935484,0.7065483870967741,0.1909032258064516,0.1678709677419355,6849.925264516129,0.59,0.1670031473912059,0.30764005451387483,2,0.045598132245879164,8512.395458064515,706.0931096774193,6849.925264516129,0.4783131814814823,0.33556924980299385,0.29520301740740607,0.31263488337418366,0.31194095163868774,12.9112445,12.46805909574468,12.26028912,12.147048025735296,11.832864179856116,0.00334710716921764,0.00588625556904433,2,0.02859491784706349,0.05424115217687762,2,-0.1627992800796093,1.7459837116450605,2,-0.8217715381930766,3.502661425063787,2,-0.00719703770739362,0.00608708018730358,2,0.4873101205604431,12.383782991202343,55,31,0.3014910394265235,0.24976941457586696,0.38862652329749103,0.27944420549581866,0.3861890083632022,0.21,0.324,1.4016129032258065,0.6724193548387096,0.5424516129032259,0.4560967741935484,0.24661290322580645,0.12996774193548388,cached
2003,6,0.7035,1.1815666666666667,0.46116666666666667,0.4349,6938.559893333333,-0.1,-0.24633970942564248,0.30764005451387483,2,-0.21377759684136066,7473.747413333333,397.75665066666664,6938.559893333333,-0.17962964259259273,-0.4630133603230888,-0.5302440116666673,-0.3730563323120908,-0.13376830135891282,14.03912577,13.164073319148937,12.845984323333331,12.8267759375,12.670897147482014,0.0145922765015725,0.01012452179940359,2,0.12832140673336517,0.09291438823800792,2,0.10039876229063371,1.5781520879503164,2,0.3319862748487945,2.8926578281877036,2,-0.00293152936375892,0.00379011301117982,2,0.08590762626262619,13.550472727272728,55,30,-0.20633703703703668,-0.08873611111111046,-0.2725537037037036,-0.15091435185185156,-0.20957777777777764,-0.42,-0.182,2.030566666666666,0.8205333333333333,1.0224,0.8798333333333334,0.5302333333333333,0.3711333333333333,cached
2003,7,0.9160645161290323,1.0363225806451613,0.40619354838709676,0.3464516129032258,4158.915819354838,0.71,0.34478815799853013,0.30764005451387483,2,0.43700386108624034,4251.173780645161,231.37565935483872,4158.915819354838,-0.04711529203703613,0.2634533502758085,0.32095895166666644,0.3868739489379074,0.4499010623501203,15.08887168,14.56564895035461,14.252636746666669,14.117165452205882,13.79300015827338,-0.00242428743948327,0.01849652630860572,2,-0.01980535620559457,0.16962703021083023,2,2.2885798253297033e-4,1.3756230183104603,2,-0.03043750027971766,2.115424334863351,2,-2.478016559407753e-5,4.443015431374131e-5,2,0.25295005561735245,14.644568914956013,55,31,0.2812502008404394,0.04916181559757741,0.2244468390804594,0.18193560746508433,0.3622689562476822,0.37,0.493,1.9578064516129032,1.0787096774193548,0.8902903225806451,0.6290322580645161,0.46958064516129033,0.3028709677419355,cached
2003,8,0.8885806451612903,0.837516129032258,0.4002903225806452,0.35635483870967744,3718.635251612903,1.08,0.21034906779730395,0.30764005451387483,2,0.26547121431755194,3794.4512,212.74137806451617,3718.635251612904,0.15497003592592584,0.408334033490938,0.553111555000001,0.515872158292483,0.6097749412470019,15.28170268,14.727878890070922,14.552070126666669,14.339150606617649,14.013921683453235,0.00704593345219959,0.0118395873230912,2,0.06375763892613952,0.10903444588391292,2,-0.00532172493853095,1.371162251293646,2,-0.09430684758411982,2.1478446610543926,2,-0.00173019792939899,0.00177833099527385,2,0.2592763211609179,15.079612903225806,55,31,0.2864526903055129,0.1751159668885478,0.32878219406042025,0.2497311315924223,0.2878746885133978,0.63,0.745,0.7982903225806451,0.9546451612903226,0.7898709677419354,0.5483870967741935,0.42648387096774193,0.34180645161290324,cached
2003,9,0.29396666666666665,0.29233333333333333,0.37626666666666664,0.2268,2678.0141653333335,0.26,-0.8368030491011612,0.30764005451387483,2,-0.7891302021526512,2960.332661333334,260.42017066666665,2678.014165333333,-1.3820465159259268,-1.320710197005516,-1.166935948148149,-1.1702581407271246,-0.97283064108713,13.33508936,13.0052845,12.99600323,12.8481411875,12.740944643884893,0.00886954625374439,0.00333015431422671,2,0.07951313184706811,0.03061700900419594,2,-0.06163413088301728,1.7606557391483988,2,-0.6189607323588724,3.733043183516791,2,-0.01843254709813874,0.02144356607479433,2,-0.7745159070814244,13.785430303030305,55,30,-1.154142941349838,-1.021632478632479,-0.8856324786324782,-1.1004901267315066,-1.1549593280282937,-0.17,0.049,1.2913666666666668,0.3127333333333333,0.31176666666666664,0.49423333333333336,0.4083333333333333,0.23473333333333335,cached
2003,10,-0.11629032258064517,-0.019,-0.2473225806451613,-0.18264516129032257,3022.6813832258063,1.05,0.4281058027324964,0.30764005451387483,2,0.48575207992266556,3385.8671793548388,273.1201032258065,3022.6813832258063,0.40332154962962896,0.35879858451536606,0.34243771129629685,0.2925090535130721,0.04269428956834709,13.656221266666666,13.38594540070922,13.33244099,13.165779551470589,12.698963428057557,-0.02358204245247447,-0.01530261171434133,2,-0.20968166872893715,-0.13950021211025795,2,0.5414834152895606,2.383572742281081,2,4.281640132660603,6.984763063880868,2,0.1409598705749739,0.08766654137026772,2,0.14110187601824703,13.212604105571849,55,31,-0.17196117084826726,-0.25404115890083706,0.3656735513739549,-0.26090767622461186,0.05555857228195945,0.74,0.757,-0.3168064516129032,-0.10654838709677418,-0.01332258064516129,-0.273,-0.23696774193548387,-0.13425806451612904,cached
2003,11,0.11756666666666667,-0.09566666666666666,0.1348,0.002566666666666668,3510.3393066666667,-0.01,-0.04831627668123405,0.30764005451387483,2,-0.04779149132213423,4298.49024,417.2008533333333,3510.3393066666667,-0.3196044872222217,-0.4919297165090626,-0.541409824444445,-0.5399848762254909,-0.39365349660271853,10.896816016666667,10.627416964539009,10.579065563333334,10.515672371323529,10.527302525179856,0.01213208580050734,-0.03598439743619079,2,0.11648742941573846,-0.32709510869141695,2,-0.12742838874066942,2.962644343457769,2,-0.2058284115181895,10.44953511270244,2,-0.00483156628389719,0.19658611961503183,2,-0.13654158025882177,11.217345454545455,55,30,-0.6250577659888013,-0.2323504273504279,-0.16178661951075668,-0.5016142057176545,-0.5702416740347775,-0.23,-0.02,-0.22846666666666668,0.1141,0.20863333333333337,-0.18703333333333333,0.13653333333333334,0.11763333333333334,cached
2003,12,-1.3260645161290323,-2.0495806451612903,-0.31290322580645163,-0.37390322580645163,4010.937703225806,-0.19,0.6101633835448586,0.30764005451387483,2,0.6697950094267711,6526.565677419355,1902.7976154838711,4010.937703225806,0.7263128603703706,0.5919698385736805,0.48371559162962896,0.48495094162581687,0.3769506802957636,10.278009846666668,9.985745482269504,9.826420893333331,9.806386183823529,9.691115589928058,-0.00871832993251658,-0.0396607922339353,2,-0.08866288012054609,-0.36234644429461615,2,0.27301050508304253,3.2290487723991776,2,1.453977337613655,12.373965380752756,2,0.03228815120588856,0.2589516329947506,2,0.3761976326222509,10.362275659824046,55,31,0.5428294087360737,0.4750844588418109,0.7025122397588005,0.5220550096953082,0.5770571223965432,-0.6,-0.361,-1.5274516129032258,-1.7655483870967743,-1.351,-0.5155806451612903,-0.4109032258064516,-0.2461935483870968,cached
2004,1,-4.383645161290323,-2.060258064516129,-0.33616129032258063,-0.13367741935483873,3984.447793548387,-0.06,0.2876173112692868,0.30764005451387483,2,0.3028178368736638,6957.7117935483875,2134.2646193548385,3984.4477935483874,0.5597447112222227,0.46710141524822824,0.4535051845925917,0.4361079824754892,0.27120557386091093,9.649643783333334,9.360993510638298,9.271524456666668,9.234353658088237,9.070105665467626,0.00583750400637202,-0.04346117135093125,2,0.05360520157576528,-0.3950287423332433,2,-0.07737233184505972,3.0380461192418053,2,-1.1319428469691122,10.760348504887103,2,-0.0661055085929039,0.19371513931441783,2,0.20397343054197892,9.44567741935484,55,31,0.6793489313686442,0.5709957188371165,0.5098722122660296,0.6338206391875746,0.6453180671711133,-0.55,-0.226,-3.247354838709678,-3.9365483870967743,-1.2843870967741935,-0.4039032258064516,-0.30096774193548387,-0.07819354838709677,cached
2004,2,-0.3720689655172414,-4.451413793103448,-0.04648275862068966,-0.3458965517241379,3840.4415889655174,0.36,0.1417167327890669,0.46693290060771264,1,0.2756184132428583,6435.725131034483,1675.7686951724138,3840.4415889655174,0.29518762685185074,0.3358065578014191,0.2449255287777774,0.25740880204248207,0.22604628297361984,9.01936198,9.006998244680851,8.811645306666666,8.787962573529411,8.70894025179856,-0.00357476223860464,-0.02358349043317241,2,-0.02822022488506122,-0.21618706177108857,2,0.2219844585323434,2.7817170822996253,2,0.7645517948621939,9.177554802588356,2,-0.01347154275377198,0.13759334284466052,2,-0.10636034199648924,9.063849529780564,55,29,-0.1150932374535228,0.11407140026046096,-0.315291083932582,-0.03267779287696015,-0.1956272294887036,-0.21,0.032,-2.3740344827586206,-0.6515862068965518,-2.947793103448276,-0.2873448275862069,-0.08003448275862068,-0.22986206896551725,cached
2004,3,0.027870967741935395,0.7396774193548387,0.010225806451612906,0.07706451612903226,4038.3410580645163,0.47,0.22017844973228085,0.46693290060771264,1,0.15748382782648207,5431.344929032258,887.8686967741936,4038.341058064516,-0.2542139881481482,0.23826122174940956,0.5107781674074072,0.6059315166258159,0.7303389240207849,8.766470746666666,9.26802140070922,9.482744553333331,9.548368334558823,9.569924992805756,0.01361693820907623,-0.03139367513489231,2,0.12120990912883176,-0.2864238315235854,2,0.02912042831909909,2.665874766366925,2,-0.1485950844844007,8.51652694236105,2,-0.02010182113891928,0.1315736547088193,2,-0.4611181113925176,8.956381231671553,55,31,-0.2783205835234064,0.00782068670576663,-1.0308263929618768,-0.11173515531660765,-0.5609173631476049,-0.15,0.128,2.3161290322580643,1.0270645161290324,1.0640967741935483,0.2315483870967742,0.10983870967741936,0.09829032258064516,cached
2004,4,0.6809333333333333,0.5467666666666667,0.126,0.05246666666666666,4592.98496,0.52,0.44739160385468535,0.46693290060771264,1,0.39038636520410464,5731.32032,734.3490133333332,4592.98496,-0.5723608020370374,0.09572299763593328,0.5236309072222216,0.5590540492238567,0.9563827138289368,9.733100376666666,10.407693638297872,10.775737323333331,10.739876948529412,10.972173676258992,0.01712174233640406,-0.013295056158115,2,0.1553614751353248,-0.12124090984207082,2,-0.1117562708338446,2.271133662954427,2,-0.7737965322100405,6.065962832180807,2,-0.00692613061450069,0.04746974758371827,2,0.20427962382445145,10.43080606060606,55,30,0.4654406130268196,0.5629080459770114,-0.3884980842911876,0.5768160919540227,0.14621839080459745,-0,0.095,0.9206666666666666,1.1113666666666666,0.4352,0.11106666666666667,0.17093333333333333,0.05633333333333333,cached
2004,5,0.09025806451612904,0.06851612903225807,0.11548387096774193,0.08583870967741936,6224.2153290322585,0.8,0.9689469446177019,0.46693290060771264,1,0.770408417944612,7176.938632258065,614.748593548387,6224.215329032258,-0.08615843518518496,0.5101177037037044,1.059209554074073,1.1188264532271237,1.3026199480415652,12.346772883333331,12.64260754964539,13.024295656666666,12.953239595588236,12.823543176258992,-0.00833392023596767,0.00588625556904433,2,-0.07082846151854288,0.05424115217687762,2,-0.18269970964608975,1.7459837116450605,2,-0.8227588126826363,3.502661425063787,2,-0.00719703770739362,0.00608708018730358,2,0.8186180384490064,12.71509090909091,55,31,1.194286738351255,1.210199522102749,0.12411039426523314,1.285680764635604,0.8496298685782566,0.61,0.496,0.3977741935483871,0.16948387096774195,0.10483870967741934,0.269741935483871,0.16925806451612904,0.09751612903225806,cached
2004,6,0.1397,0.0114,0.3577666666666667,0.32493333333333335,6297.65632,-0.26,0.8691522125221348,0.46693290060771264,1,0.8669214479416638,7413.33824,529.5241599999999,6297.65632,-0.9720820159259258,0.3708909446414488,1.000821001666667,1.1904107743055548,1.6513189684252598,13.246673396666669,13.997977624113474,14.377049336666667,14.390243044117646,14.455984417266189,2.4964109090719767e-4,0.01012452179940359,2,0.00209917661581983,0.09291438823800792,2,0.04286113789610459,1.5781520879503164,2,0.2814484241389474,2.8926578281877036,2,-0.00432234994790357,0.00379011301117982,2,0.6296227777777778,14.09418787878788,55,30,0.909662962962963,1.0280416666666674,-0.03033148148148138,1.0237523148148149,0.6296444444444447,-0.11,-0.288,0.5226,0.14963333333333334,0.0092,0.5304333333333333,0.394,0.29336666666666666,cached
2004,7,0.27219354838709675,0.09464516129032258,0.43825806451612903,0.3510967741935484,4153.435148387097,-0.02,0.7674695833925338,0.46693290060771264,1,0.8341959039957452,4601.023277419355,240.0533883870968,4153.435148387096,-1.0705845487037031,-0.21142749369582248,0.15159431166666693,0.29182900040849624,0.2696878968824947,14.065402423333332,14.09076810638298,14.083272106666668,14.02212050367647,13.612786992805756,-0.00713571772074947,0.01849652630860572,2,-0.06152805584328632,0.16962703021083023,2,0.06586229096516899,1.3756230183104603,2,0.2583575999944691,2.115424334863351,2,-2.478016559407753e-5,4.443015431374131e-5,2,0.3325336333299625,14.724152492668622,55,31,0.8900674051415146,0.5847532134470393,-0.5998542361883578,0.9087098010134712,0.4122689562476823,0.04,0.032,0.7838064516129032,0.2774516129032258,0.09116129032258063,0.48716129032258065,0.4586129032258065,0.3337741935483871,cached
2004,8,0.39561290322580644,0.09961290322580645,0.26206451612903225,0.19209677419354837,3668.5784567741935,0.43,1.4166214916124389,0.46693290060771264,1,1.551818597292078,4143.387251612903,255.3079225806451,3668.5784567741935,-0.9876927307407416,0.26377657249802944,0.887976225000001,1.0097562906454236,1.1685690023980817,14.139039913333333,14.583321429078014,14.886934796666669,14.833034738970587,14.572715744604317,-0.00849601499744469,0.0118395873230912,2,-0.07123725056479181,0.10903444588391292,2,0.07729495273814259,1.371162251293646,2,0.3006021673000067,2.1478446610543926,2,-0.00173019792939899,0.00177833099527385,2,-0.169615174440255,14.650721407624632,55,31,0.623872045144223,0.662535321727257,-0.7345511392729129,0.7427418842805942,0.2420682369004954,0.24,0.292,0.5369677419354839,0.4200967741935484,0.12316129032258064,0.36206451612903223,0.273,0.21945161290322585,cached
2004,9,0.0696,0.0032333333333333333,0.40013333333333334,0.3092,3230.94688,0.23,2.1616088062973784,0.31990258266692706,2,1.9952430635637262,4000.219946666666,344.99301333333335,3230.94688,0.5020065940740732,0.8801967923561858,1.124234465185184,1.1641830651552283,1.0920071179056752,15.21914247,15.206191489361702,15.287173643333333,15.182582393382352,14.805782402877698,0.00194625924987166,0.00333015431422671,2,0.02107499478873205,0.03061700900419594,2,0.3260573279153748,1.7606557391483988,3,1.2981280377972475,3.733043183516791,3,0.01087707608529895,0.02144356607479433,3,0.3239022747367573,14.883848484848484,55,30,0.9591903919834952,0.7685897435897431,0.4842564102564104,0.9513987621573824,0.7773740053050394,0.02,0.108,0.23173333333333335,0.07333333333333333,0.00243333333333333,0.4091,0.4201,0.3237,cached
2004,10,0.039870967741935485,-7.096774193548386e-4,0.12880645161290324,0.048935483870967744,3151.65984,-0.4,1.118523129070251,0.31990258266692706,2,0.972035842618598,4153.343803870967,508.6062658064516,3151.65984,-0.18252737370370295,0.31109830082742285,0.3535898979629639,0.2819259983660132,0.4614784442446051,13.070372343333334,13.338245117021277,13.343593176666667,13.15519649632353,13.117747582733813,0.00522844665119668,-0.01530261171434133,2,0.0511638133185609,-0.13950021211025795,2,0.08518303338215753,2.383572742281081,3,0.3155154299507035,6.984763063880868,3,0.0349373672098202,0.08766654137026772,3,0.1599288554903878,13.231431085043988,55,31,0.7236302270011947,0.4501523894862605,0.04298537933094396,0.6733933990442053,0.5085693249701316,-0.72,-0.52,-0.00890322580645161,0.02793548387096774,8.064516129032259e-4,0.05461290322580645,0.10954838709677418,0.10012903225806452,cached
2004,11,0.6183000000000001,0.8776,0.26163333333333333,0.2324,3516.0026666666668,-0.94,0.47101088773013733,0.31990258266692706,2,0.33678066436493026,4726.07392,619.288416,3516.0026666666668,-0.4538460572222221,-0.1728706101260844,-0.08482191444444531,-0.09784172549019664,-0.309820241207035,10.762574446666669,10.946476070921983,11.035653473333332,10.957815522058825,10.61113578057554,0.02278947677370051,-0.03598439743619079,2,0.19656907359104583,-0.32709510869141695,2,-0.15835574471993957,2.962644343457769,3,-1.4013857624551709,10.44953511270244,3,-0.05813290416043971,0.19658611961503183,3,-0.35227491359215496,11.00161212121212,55,30,0.2047200117889775,-0.29146153846153905,-0.5314532861774234,0.07760801650456806,0.03964721485411123,-1.22,-0.946,1.9923,0.685,0.7791,0.5582,0.28413333333333335,0.2235,cached
2004,12,-0.011709677419354832,-3.1244516129032256,0.008387096774193541,-0.25006451612903224,4365.354425806451,-0.39,0.4257720867561565,0.31990258266692706,2,0.4001133458570152,6073.496877419355,1120.1578012903226,4365.354425806451,0.21817220370370372,0.1707086506304183,0.14112221162962868,0.08782368427287679,-0.13287816502797867,9.76986919,9.564484294326242,9.483827513333331,9.409258926470589,9.181286744604316,0.02308140226601117,-0.0396607922339353,2,0.2038005256893192,-0.36234644429461615,2,-0.22292227699178355,3.2290487723991776,3,-2.0863882168137495,12.373965380752756,3,-0.09252217804354322,0.2589516329947506,3,0.05694250065744145,10.043020527859236,55,31,0.6269154302414499,0.07293392120740272,0.02498535803836965,0.4745281279748781,0.5396377675578338,-0.64,-0.531,-1.5643548387096775,-0.5055161290322582,-1.947709677419355,-0.14525806451612902,-0.04700000000000001,-0.1453225806451613,cached
2005,1,-2.893741935483871,-6.679645161290322,-0.24125806451612905,-0.4535161290322581,4222.8569806451615,0.11,0.1179346590777212,0.31990258266692706,2,0.10863520307835195,5110.725677419355,642.3346374193549,4222.8569806451615,0.13488143788888962,0.0105874790780156,-0.08539614874074175,-0.1257565028186285,-0.3380964980815353,9.22478051,8.904479574468086,8.732623123333333,8.672489172794117,8.46080359352518,0.00440305034599692,-0.04346117135093125,1,0.0394231090935321,-0.3950287423332433,1,-0.6152106676244233,3.0380461192418053,2,-4.074936141236117,10.760348504887103,2,-0.1473773899470588,0.19371513931441783,2,0.4637916123601609,9.70549560117302,55,31,0.8210693614761713,-0.21169245320589403,1.0578292015133417,0.4926378434886504,1.0623073144829416,-0.15,-0.068,-4.398612903225807,-3.1143548387096773,-4.4067741935483875,-0.40874193548387094,-0.26967741935483874,-0.2910645161290323,cached
2005,2,0.3145,1.0282857142857142,0.033749999999999995,0.0800357142857143,4121.105714285714,0.38,0.3606783612469959,0.31990258266692706,2,0.4151497543942675,4425.511314285714,411.40265142857146,4121.105714285714,0.5154736635185184,0.25714890886524877,0.1163675954444443,0.03954287557189495,-0.13043833932853843,9.239648016666669,8.92834059574468,8.683087373333333,8.570096647058824,8.352455629496403,0.02249664635751765,-0.02358349043317241,1,0.20672381839261095,-0.21618706177108857,1,-0.4467944626252519,2.7817170822996253,2,-3.203371900624978,9.177554802588356,2,-0.1090502930391221,0.13759334284466052,2,0.4277446736774919,9.597954545454543,55,28,0.6706046278995146,0.12475284525225128,0.6307926599097833,0.4822565256780476,0.765456514353661,-0.01,0.169,1.592107142857143,0.5998928571428572,0.5578571428571428,0.26964285714285713,0.06632142857142857,0.04085714285714285,cached
2005,3,0.4107741935483871,-2.0549677419354837,0.06996774193548386,-0.214,3758.644149677419,1.13,1.1604138666005395,0.31990258266692706,2,1.113923291989928,4495.977083870967,571.7892676129032,3758.6441496774182,1.6945073418518517,1.4165702323877074,1.177768320740741,1.110758450449346,0.8812850103517196,10.715192076666666,10.446330411347516,10.149734706666669,10.053195268382352,9.72087107913669,-0.00250021199064566,-0.03139367513489231,1,-0.02139056771207296,-0.2864238315235854,1,0.09082588810280703,2.665874766366925,2,0.2483164284380816,8.51652694236105,2,0.00769480533103015,0.1315736547088193,2,1.0562543226250778,10.47375366568915,55,31,1.7082385562615403,0.840508858748778,1.4745499511241444,1.425254091995221,1.8227385508308895,0.7,0.795,-1.8277096774193549,-0.2597741935483871,-0.9638064516129032,-0.33003225806451614,-0.01754838709677418,-0.0972258064516129,cached
2005,4,-0.14579999999999999,-0.6782,0.002400000000000002,-0.037399999999999996,4112.543253333333,0.72,0.23793669915918553,0.46693290060771264,1,0.18093146050860476,5830.42912,980.2332266666666,4112.543253333333,1.274298984629629,0.9625341111111112,0.8470199205555549,0.7719837036356214,0.6778885411670661,11.579760163333331,11.27450475177305,11.099126336666666,10.952806602941177,10.693679503597124,-0.01304972194790913,-0.013295056158115,2,-0.13254296884566752,-0.12124090984207082,2,-0.05406615785155575,2.271133662954427,2,-0.15852898317082056,6.065962832180807,2,-0.00976596511267051,0.04746974758371827,2,0.5861402298850574,10.812666666666669,55,30,0.9819961685823752,0.5335747126436777,0.45850191570881194,0.8655938697318005,0.9453295019157094,0.28,0.402,0.18566666666666665,-0.16983333333333334,-0.478,0.063,0.00899999999999999,-0.02283333333333333,cached
2005,5,0.06525806451612903,-0.056483870967741934,0.004322580645161294,-0.08470967741935484,6588.679948387097,1.49,1.4777838301543131,0.31990258266692706,2,1.3839381799082107,8353.456,899.2867612903226,6588.679948387096,1.0592126748148143,1.472055345547675,1.5248231340740723,1.5324784201388884,1.388715347322142,13.492143993333332,13.60454519148936,13.489909236666666,13.3668915625,12.909638575539567,-0.02736340873524734,0.00588625556904433,2,-0.24672523024205037,0.05424115217687762,2,0.06771177536829201,1.7459837116450605,3,0.859284088333387,3.502661425063787,3,0.03764534342222883,0.00608708018730358,3,0.6890461909416749,12.585519061583575,55,31,1.3094480286738357,1.0626726403823188,0.4823899641577061,1.2361108721624856,1.1623180406212672,1.36,1.147,-0.2440967741935484,0.06890322580645161,-0.0174516129032258,-0.03732258064516128,-0.01541935483870968,-0.04741935483870967,cached
2005,6,8.333333333333333e-4,0.0029000000000000002,0.2592333333333333,0.3052666666666667,5527.43936,0.83,1.6225378004501374,0.31990258266692706,2,1.5253761606972844,6571.385386666666,542.9274453333333,5527.43936,1.2634512107407403,1.4288411999605994,1.631023655,1.5709035316584965,1.2586084432454037,15.482206623333331,15.055927879432623,15.00725199,14.770735801470588,14.06327389208633,-0.00370726982975382,0.01012452179940359,2,-0.02713190141340018,0.09291438823800792,2,0.0818379413105533,1.5781520879503164,3,0.17565877520467424,2.8926578281877036,3,-0.00225279813996477,0.00379011301117982,3,0.3181015656565656,13.782666666666666,55,30,0.8993296296296295,1.119375000000001,0.40611296296296295,1.0247523148148148,0.5667555555555553,0.85,0.528,0.10333333333333332,0.00103333333333333,0.0023,0.5133666666666666,0.30186666666666667,0.26353333333333334,cached
2005,7,0.7410967741935484,0.5089677419354839,0.6859677419354838,0.5023870967741936,4980.103019354839,0.17,0.8936747575899673,0.31990258266692706,2,0.7506004034208855,5491.632309677419,275.8147664516129,4980.103019354839,-0.32872662537037023,0.00383814105594915,0.27217250500000034,0.19936659599673232,0.1643939364508391,14.807260346666666,14.306033741134751,14.2038503,13.929658099264708,13.5074930323741,-0.00119619921305137,0.01849652630860572,2,-0.01431112315639676,0.16962703021083023,2,0.2205958318795319,1.3756230183104603,3,0.6391306194884427,2.115424334863351,3,-2.316755076995735e-5,4.443015431374131e-5,3,-0.08497369804833652,14.306645161290325,55,31,-0.1285347453961195,0.1670112779631688,-0.25071445124212016,-0.01870955382523812,-0.2618170652576944,0.11,0.014,1.1331290322580645,0.7703225806451613,0.4783870967741935,0.8248709677419355,0.7381935483870967,0.4714838709677419,cached
2005,8,1.340483870967742,1.1041935483870968,0.6175806451612903,0.3726451612903226,3851.0848,0.04,-1.2389986679597627,0.31990258266692706,2,-1.2072554761286485,4203.674632258065,229.52136567741937,3851.0848,-1.8822077240740749,-1.5508231012608356,-1.386618284999999,-1.2953595733251646,-0.9900047997601912,13.24452492,12.768721755319149,12.612340286666669,12.527918875,12.414141942446044,0.00801560637648373,0.0118395873230912,2,0.07530048995716947,0.10903444588391292,2,-0.07745150349656621,1.371162251293646,3,-0.2966291548647694,2.1478446610543926,3,-0.00157523489019949,0.00177833099527385,3,-1.3565594559651817,13.463777126099709,55,31,-1.697740858081584,-1.2740238180576895,-2.033690924219149,-1.5117742447516644,-1.8485769243898276,-0.42,-0.198,1.6692903225806452,1.3835483870967742,1.0754193548387097,0.6013870967741936,0.6268064516129033,0.36348387096774193,cached
2005,9,0.5779333333333333,0.1869,0.5271,0.39826666666666666,2677.5422186666665,-0.6,-0.7696312390785112,0.31990258266692706,2,-0.8877200826523737,3018.098933333333,271.99230293333335,2677.542218666667,-1.1250026625925926,-0.9210725657998432,-0.6901551781481476,-0.786853537785948,-1.010072234612311,13.592133213333334,13.404922131205671,13.472784,13.231545790441176,12.703703050359712,0.0086968105070869,0.00333015431422671,2,0.07750999737565763,0.03061700900419594,2,0.03632557540255379,1.7606557391483988,3,0.0981956918685212,3.733043183516791,3,0.00191080466631657,0.02144356607479433,3,-0.6757643919299092,13.88418181818182,55,30,-0.7185873857942825,-1.077965811965812,-0.8162991452991454,-0.8374901267315066,-0.7355148835838486,-0.99,-0.712,2.036133333333334,0.5996,0.1877,0.5688333333333333,0.5535,0.3982,cached
2005,10,0.2131290322580645,0.05409677419354838,-0.11806451612903227,-0.2385483870967742,3131.5640464516127,-1.58,0.6629106897706718,0.31990258266692706,2,0.5579165355705973,3726.582224516129,340.71504516129033,3131.564046451613,-0.6278108170370373,-0.25535960697399496,-0.14901617203703665,-0.06114767442810454,-0.03404906654676232,12.6250889,12.77178720921986,12.840987106666669,12.812122823529412,12.622220071942444,-0.02958756025422505,-0.01530261171434133,2,-0.2642895586285881,-0.13950021211025795,2,0.44985072797567793,2.383572742281081,3,1.9214822741624635,6.984763063880868,3,0.02278770395368816,0.08766654137026772,3,0.06010480856956671,13.131607038123168,55,31,0.04965173237753895,0.45961475507765864,-0.6081974163679806,0.21597404420549596,-0.274548954599761,-2,-1.566,-0.2832258064516129,0.22435483870967743,0.06154838709677419,-0.26141935483870965,-0.10767741935483872,-0.1837741935483871,cached
2005,11,0.02096666666666668,-0.15383333333333332,-0.007833333333333336,-0.1489,3491.5558293333333,-1.57,0.2502145381414535,0.31990258266692706,2,0.1629554127294801,4629.7968,1065.561184,3491.5558293333333,-0.41774292388888945,-0.16663574133175807,-0.08103382444444485,0.04142809068627429,0.193061197641887,10.79867758,10.952710939716312,11.039441563333334,11.097085338235294,11.11401721942446,0.01807353721085004,-0.03598439743619079,2,0.16191892360624824,-0.32709510869141695,2,0.00963734275526334,2.962644343457769,3,0.02343301505011318,10.44953511270244,3,0.02596155794968797,0.19658611961503183,3,0.3131796318623903,11.667066666666669,55,30,0.25949778956675473,0.4945384615384611,-0.5945643972885352,0.37683023872679006,0.0213138815207774,-1.89,-1.544,0.0812,0.04526666666666668,-0.08836666666666666,0.0475,-0.01353333333333333,-0.084,cached
2005,12,-1.7905806451612905,-8.045774193548388,-0.16912903225806453,-0.6938064516129032,3800.845316129032,0.1,-0.30389353839541616,0.31990258266692706,2,-0.2899273216409348,6040.612851612904,1682.7486761290322,3800.845316129032,-1.089128826296296,-0.5504035763199369,-0.4035093083703707,-0.32480474955065297,-0.2523407261790567,8.46256816,8.843372067375887,8.939195993333334,8.996630492647059,9.061824183453238,0.01005820247094834,-0.0396607922339353,2,0.08775942012295225,-0.36234644429461615,2,-0.217536726274098,3.2290487723991776,3,-1.4565347277415162,12.373965380752756,3,-0.01171060144299208,0.2589516329947506,3,-0.318236384973057,9.66784164222874,55,31,0.11207672056403102,-0.4909370465345327,-0.7726490505637807,-0.01912778600361638,-0.01735147975399442,-0.1,-0.059,-4.906193548387097,-2.2331290322580646,-6.2867096774193545,-0.5708387096774193,-0.2294516129032258,-0.5260967741935484,cached
2006,1,-0.6696774193548387,-6.043290322580645,-0.11406451612903226,-0.7720645161290323,5157.311380645161,0.85,1.4051931000397235,0.43916407437708654,1,1.3536730195933977,10566.733625806452,4244.779664516129,5157.311380645161,0.29932581122222324,1.0646492202127664,1.408835201259258,1.392248155269607,1.1856011134292572,9.389224883333334,9.958541315602837,10.226854473333333,10.190493830882351,9.984501205035972,-0.06520416753150893,-0.04346117135093125,1,-0.5979453991691503,-0.3950287423332433,1,0.9970489538949936,3.0380461192418053,2,6.887204183427944,10.760348504887103,2,0.24303222296543212,0.19371513931441783,2,0.780724163679809,10.022428152492669,55,31,2.1424672109385363,1.8455118478693748,0.1586894165671051,2.176938918757467,1.5873610779238014,0.54,0.554,-1.9844193548387097,-1.905,-3.8781935483870966,-0.44225806451612903,-0.3155806451612903,-0.4927096774193549,cached
2006,2,-1.5996785714285715,1.2492142857142856,-0.06346428571428571,0.12146428571428572,5038.367771428571,0.9,0.22784700340443062,0.43916407437708654,1,0.26777475565244657,7034.702171428571,1768.1818971428572,5038.367771428571,0.1861251401851849,0.5132730294326251,0.6791632021111109,0.7385499858660118,0.7813225851318943,8.910299493333333,9.184464716312055,9.24588298,9.26910375735294,9.264216553956835,0.02457014957240901,-0.02358349043317241,1,0.22445635053745328,-0.21618706177108857,1,0.08816480603929525,2.7817170822996253,2,2.130739601383414,9.177554802588356,2,0.02252593400993012,0.13759334284466052,2,-0.04289818346536533,9.127311688311687,55,28,0.4866760564709433,0.13153855953796523,-0.4012311496140265,0.4222565256780477,0.2985517524488988,0.38,0.507,-0.14717857142857138,-1.3361785714285714,0.8562857142857142,0.08614285714285715,-0.03607142857142858,0.09767857142857142,cached
2006,3,-1.2616129032258065,-10.45958064516129,-0.0842258064516129,-0.6469032258064517,4654.003096774193,-0.04,-0.6439371159790387,0.43916407437708654,1,-0.6066815152396359,5677.975122580645,988.164975483871,4654.003096774193,-0.6377019648148146,-0.5017344378250588,-0.4661598792592585,-0.46585208263888944,-0.4257909896482808,8.38298277,8.528025741134751,8.505806506666667,8.476584735294118,8.41379507913669,-0.03219974210852757,-0.03139367513489231,1,-0.29553125349701964,-0.2864238315235854,1,0.3722811266145147,2.665874766366925,2,2.8081229930463194,8.51652694236105,2,0.10470955488341124,0.1315736547088193,2,-0.45583951901715103,8.96165982404692,55,31,-0.1247721964266321,-0.2891685606060606,-1.2585683284457476,-0.09635881123058591,-0.3822076857282504,-0.74,-0.351,-5.252870967741935,-1.899967741935484,-5.388354838709677,-0.5273225806451612,-0.1331935483870968,-0.3289677419354839,cached
2006,4,1.4569,0.8526333333333332,0.1911,0.10586666666666666,8644.175146666666,0.15,0.17074009913556448,0.43916407437708654,1,0.2503428801470573,9817.43456,1035.545376,8644.175146666666,-0.1884718720370362,-0.02893443144207985,0.12036103388888895,0.09030559701797358,-0.03125766386890483,10.116989306666667,10.283036209219858,10.37246745,10.271128496323527,9.984533298561152,-0.00367066268206841,-0.013295056158115,1,-0.03448342878546403,-0.12124090984207082,1,-0.0666720585561785,2.271133662954427,2,-0.47235824993039177,6.065962832180807,2,-0.00908089017625689,0.04746974758371827,2,-0.00123552769070006,10.225290909090909,55,30,0.519996168582375,0.4143524904214555,-0.8650536398467435,0.5488160919540223,0.1513295019157089,-0.54,-0.358,2.7638000000000003,1.6478666666666666,1.7075333333333331,0.39876666666666666,0.22303333333333333,0.18596666666666667,cached
2006,5,2.5075806451612905,3.907709677419355,0.26664516129032256,0.31090322580645163,9662.422916129033,0.35,-0.7022071265490804,0.43916407437708654,1,-0.6494663954614897,11005.187303225806,754.1403251612903,9662.422916129031,-0.7021696185185178,-0.7994084416863672,-0.7987410859259274,-0.7426988261846397,-0.5773658037569955,11.7307617,11.33308140425532,11.166345016666666,11.091714316176471,10.943557424460431,0.00838357206079472,0.00588625556904433,1,0.07697716293355582,0.05424115217687762,1,0.02247611303226535,1.7459837116450605,2,0.11063378234743568,3.502661425063787,2,0.00104098333703911,0.00608708018730358,2,-0.5660153926360377,11.330457478005863,55,31,-0.9216272401433686,-0.9492628434886488,-1.2941691756272402,-0.919910633213858,-1.0698324970131423,-0.37,-0.284,5.414096774193548,2.968516129032258,3.161774193548387,0.663741935483871,0.3651935483870968,0.2550322580645161,cached
2006,6,0.3107333333333333,0.25703333333333334,0.5348333333333334,0.3888666666666667,8878.260693333334,0.52,0.7343690874374432,0.43916407437708654,1,0.6081736042954056,10445.123626666667,569.3564586666666,8878.260693333332,-0.21262708259259355,0.5700321928683998,0.6611843850000003,0.6052640610702618,0.4840877130295773,14.00612833,14.197118872340424,14.03741272,13.805096330882352,13.288753161870504,0.01122365023173031,0.01012452179940359,1,0.10298413007166379,0.09291438823800792,1,0.07387846038122366,1.5781520879503164,2,0.13083992100442135,2.8926578281877036,2,-0.00338868133478779,0.00379011301117982,2,0.05435611111111103,13.518921212121212,55,30,0.31966296296296254,0.21348611111111165,-0.6143314814814816,0.318418981481481,0.01231111111111123,0.21,0.091,1.5906,0.3385666666666667,0.23593333333333333,0.8768666666666667,0.6256333333333334,0.3761333333333333,cached
2006,7,0.5210967741935484,0.570258064516129,0.5107419354838709,0.4371935483870968,5111.639122580646,0.84,-0.34257081804434764,0.31990258266692706,2,-0.46749499187681476,5606.7264,249.5349491612903,5111.639122580645,-1.1753813053703706,-0.7043430256107168,-0.6011042849999999,-0.5382899517973865,-0.5108074772182256,13.960605666666666,13.597852574468083,13.33057351,13.192001551470588,12.832291618705035,0.0014611541319786,0.01849652630860572,2,0.01486596315121147,0.16962703021083023,2,0.02934023206714095,1.3756230183104603,3,0.17838480558865444,2.115424334863351,3,-2.316755076995735e-5,4.443015431374131e-5,3,-1.128486894529275,13.263131964809384,55,31,-1.0645562507724644,-0.7555693671981208,-1.8560907953281416,-0.9489246075886796,-1.3098815813867262,0.39,0.377,1.3501612903225806,0.6121612903225806,0.49151612903225805,0.7643548387096775,0.5828064516129032,0.38770967741935486,cached
2006,8,1.6654516129032257,1.598032258064516,0.7464516129032258,0.6494516129032258,3868.440258064516,-0.14,-1.5228301431254077,0.31990258266692706,2,-1.5181068289820976,4223.770425806451,229.00070193548387,3868.440258064516,-2.3724896840740737,-1.790696647360127,-1.4016170416666665,-1.4398156247957523,-1.3065021594724229,12.75424296,12.528848209219856,12.59734153,12.383462823529412,12.097644582733812,0.01465411183545134,0.0118395873230912,2,0.12822010754937394,0.10903444588391292,2,0.10809940737564916,1.371162251293646,3,0.19174001146156464,2.1478446610543926,3,-0.00157523489019949,0.00177833099527385,3,-1.9124773445282317,12.907859237536655,55,31,-1.9916118258235187,-1.7497227427888715,-2.9528307091653865,-1.8982258576548896,-2.2806199351425156,-0.85,-0.466,2.9648709677419354,1.7459032258064515,1.4451612903225806,0.7102258064516129,0.7817419354838709,0.5859032258064516,cached
2006,9,0.40093333333333336,0.24960000000000002,0.30133333333333334,0.2437,2630.4419413333335,-0.93,-1.1902105165969414,0.31990258266692706,2,-1.3145292473859245,3217.921152,276.9099872,2630.441941333333,-1.3021323825925926,-1.2835808778565791,-1.2739460548148145,-1.271015085580066,-1.1986410115907289,13.415003493333334,13.042413819148935,12.888993123333334,12.747384242647058,12.515134273381294,0.01296064794123364,0.00333015431422671,2,0.11871147713695392,0.03061700900419594,2,-0.0310478218180812,1.7606557391483988,3,-0.3210973620594996,3.733043183516791,3,-0.01544923642253807,0.02144356607479433,3,-1.7697765131420304,12.790169696969697,55,30,-1.6732540524609487,-1.7634102564102565,-2.0607435897435895,-1.7162679045092837,-1.8112926613616267,-1.54,-0.997,0.7754,0.3977333333333333,0.22493333333333335,0.3199666666666667,0.2999,0.23156666666666667,cached
2006,10,0.652258064516129,0.6751612903225807,0.31129032258064515,0.5107096774193548,2747.9170787096773,-0.12,-0.9333883082731546,0.31990258266692706,2,-1.0386901293513526,3536.494286451613,344.36882580645164,2747.9170787096773,-1.2956481703703702,-1.3256557098108743,-1.214337562037036,-1.207125854575164,-1.1242990053956827,11.957251546666669,11.70149110638298,11.775665716666667,11.666144643382353,11.531970133093523,0.03186504685357289,-0.01530261171434133,2,0.2824792894691564,-0.13950021211025795,2,-0.20181974317442664,2.383572742281081,3,-1.359470329130336,6.984763063880868,3,-0.04065107047180671,0.08766654137026772,3,-1.3990682119582925,11.672434017595307,55,31,-1.1279826762246117,-1.39995513739546,-1.9828210722819588,-1.1429506869773,-1.410140352449223,-0.46,-0.169,0.9469354838709678,0.7016451612903226,0.6100322580645161,0.2167741935483871,0.3261612903225806,0.46196774193548384,cached
2006,11,-1.7121,-2.7112,-0.4371333333333333,-0.6099,3672.972128,-0.43,-0.3519425317737886,0.46693290060771264,1,-0.27190101442784,7866.40704,2122.627328,3672.972128,-0.5820709638888886,-0.2881190711189916,-0.2546286244444449,-0.28490999387254945,-0.6409960937250201,10.63434954,10.831227609929078,10.865846763333334,10.77074725367647,10.279959928057554,-0.05935188697691095,-0.03598439743619079,2,-0.5304324109625161,-0.32709510869141695,2,0.7678206999160092,2.962644343457769,2,5.386804647962421,10.44953511270244,2,0.2196605397592464,0.19658611961503183,2,-0.8806870348042762,10.4732,55,30,0.40027556734453223,-0.2436837606837615,-1.889453286177424,0.36683023872678966,-0.16257500736811062,-0.81,-0.442,-2.394066666666667,-1.6612333333333331,-1.8762666666666667,-0.4198,-0.4417333333333333,-0.4148,cached
2006,12,-1.2153548387096775,-7.6009677419354835,-0.17583870967741935,-0.6668064516129032,4000.25039483871,0.01,0.09773257961136095,0.43916407437708654,1,-0.009916516087239202,7743.274632258065,2357.7846503225805,4000.25039483871,-0.34425638296296235,-0.10778765788022147,0.05071935829629659,0.0940351180964054,0.15155578820943205,9.207440603333334,9.285987985815602,9.39342466,9.415470360294115,9.465720697841729,-0.0160917149031881,-0.0396607922339353,1,-0.14762668351688357,-0.36234644429461615,1,0.8017649652475395,3.2290487723991776,2,6.860045615178167,12.373965380752756,2,0.15613538154816634,0.2589516329947506,2,-0.16478770462115083,9.821290322580646,55,31,0.459711129166181,0.36981564163751024,-1.0361974376605545,0.5477539344264907,0.04985282132127425,-0.42,-0.296,-3.5656129032258064,-1.6992258064516128,-4.885806451612903,-0.43683870967741933,-0.22825806451612904,-0.42035483870967744,cached
2007,1,-1.460483870967742,-4.803064516129032,-0.0862258064516129,-0.27625806451612905,4837.605574193548,-0.11,-0.9836478967178678,0.43916407437708654,1,-1.0351679771641935,7749.668748387097,1801.8619251612904,4837.605574193549,-1.051585484777778,-0.9136744017730488,-0.6934853820740745,-0.6245005653186286,-0.5201661275779372,8.038313587333333,7.980217693617021,8.12453389,8.173745110294117,8.278733964028778,0.01977519103377797,-0.04346117135093125,1,0.18060652117644513,-0.3950287423332433,1,-0.02214546274738418,3.0380461192418053,2,-0.34944119641130783,10.760348504887103,2,-0.00249974931246952,0.19371513931441783,2,-0.5583902058216572,8.683313782991203,55,31,-0.8020489180937211,-0.8488967542811627,-1.290557895260852,-0.7840288231780166,-0.9708109650869512,-0.69,-0.468,1.8012580645161291,0.3054193548387097,-2.2016774193548385,0.1806451612903226,0.02958064516129033,-0.12393548387096774,cached
2007,2,-3.4972857142857143,-9.937357142857142,-0.18571428571428572,-0.4678214285714286,4079.6418285714285,-0.03,-0.20943752955619968,0.43916407437708654,1,-0.16950977730818373,6098.2251428571435,1190.316914285714,4079.641828571429,-0.6480614564814822,-0.3922216124113475,-0.11878679455555564,-0.07247751045751727,-0.19375658393285455,8.076112896666666,8.278970074468084,8.447932983333333,8.458076261029412,8.289137384892086,NA,NA,NA,NA,NA,NA,0.187991874298103,2.7817170822996253,2,0.7537909538442304,9.177554802588356,2,0.0183755120194723,0.13759334284466052,2,-0.3518657159328977,8.818344155844155,55,28,0.5825093898042765,0.23689570239510852,-2.0093263877092644,0.6730898590113809,-0.13787681897967197,-0.71,-0.382,-0.8038571428571428,-3.412892857142857,-6.343785714285715,-0.04810714285714285,-0.17710714285714285,-0.29732142857142857,cached
2007,3,-2.9506451612903226,-11.120967741935484,-0.18229032258064515,-0.534483870967742,5677.061677419355,-0.34,NA,NA,0,NA,8192.689651612902,1328.8800206451613,5677.061677419355,-0.4155014114814808,0.08774569692671541,0.19815854407407407,0.22232331074346412,0.06159935207833733,8.605183323333334,9.117505875886526,9.17012493,9.164760128676471,8.901185420863309,NA,NA,NA,NA,NA,NA,-0.0894908389368057,2.665874766366925,1,-1.3068549198352188,8.51652694236105,1,-0.09793100044150407,0.1315736547088193,1,-0.3711474369057141,9.04635190615836,55,31,0.5155503842185288,0.08061638563049851,-0.7721167155425223,0.4469745221027477,0.1956417766373407,-1.1,-0.734,1.2226451612903226,-2.585935483870968,-7.7985483870967744,0.07341935483870968,-0.15687096774193549,-0.36916129032258066,cached
2007,4,-1.2280333333333333,-2.2636,-0.09716666666666667,-0.1864,6486.434986666667,0.22,NA,NA,0,NA,8358.175466666667,780.694176,6486.434986666666,-0.07467034870370348,-0.23638576832151337,-0.24606272944444463,-0.19382721548202575,-0.2467051530775386,10.23079083,10.075584872340425,10.006043686666668,9.98699568382353,9.769085809352518,NA,NA,NA,NA,NA,NA,0.3846094719094722,2.271133662954427,1,1.6875639595501295,6.065962832180807,1,-0.00922518467451448,0.04746974758371827,1,-0.9119567398119122,9.314569696969697,55,30,-0.12889272030651355,-0.6667586206896553,-1.3110536398467438,-0.20951724137931055,-0.5163371647509573,-0.46,-0.24,0.8012,-0.6180333333333333,-1.7727666666666666,0.06963333333333332,-0.0455,-0.13556666666666667,cached
2007,5,3.21941935483871,4.298645161290323,0.32303225806451613,0.33148387096774196,7407.126812903226,0.3,-1.5376126058456807,0.43916407437708654,1,-1.48487187475809,8769.073548387098,567.8888567741935,7407.126812903226,-1.147104691851851,-1.314753342395587,-1.2646682225925936,-1.1891566644199347,-0.9617008756994404,11.285826626666667,10.8177365035461,10.70041788,10.645256477941176,10.559222352517986,NA,NA,NA,NA,NA,NA,-0.0691655107591043,1.7459837116450605,2,-0.3228208322209299,3.502661425063787,2,-0.00437907086350288,0.00608708018730358,2,-1.012601902899967,10.883870967741936,55,31,-0.5247455197132614,-2.437542413381122,0.5841103942652328,-1.4186203106332134,0.00500621266427773,-0.29,-0.116,7.8146129032258065,3.9711612903225806,3.3687419354838712,0.7091612903225807,0.40238709677419354,0.25983870967741934,cached
2007,6,0.6659333333333334,0.6475333333333333,0.1272,0.10263333333333334,6075.841386666667,0.33,0.07646384367694216,0.43916407437708654,1,-0.04973163946509551,7115.067946666666,357.1597984,6075.841386666666,-0.8582264459259257,-0.2594030908195428,-0.23170398833333297,-0.30784094260620876,-0.8359200387689842,13.360528966666667,13.367683588652485,13.144524346666667,12.891991327205885,11.968745410071945,-0.02226830639607677,0.01012452179940359,1,-0.203857761758784,0.09291438823800792,1,-0.01232722395178994,1.5781520879503164,2,0.02096356727833847,2.8926578281877036,2,-0.00268643414377656,0.00379011301117982,2,-0.902213585858586,12.562351515151516,55,30,-0.17378148148148162,-4.134736111111111,2.2632240740740737,-2.027803240740741,1.0854222222222216,-0.07,0.086,0.44836666666666664,0.6530333333333334,0.4137,0.11186666666666668,0.13363333333333333,0.07073333333333333,cached
2007,7,0.041161290322580646,0.19238709677419355,0.2892903225806452,0.2245806451612903,4845.826580645161,0.95,1.7587696187499864,0.43916407437708654,1,1.4299465246495267,5537.304567741935,227.4113073548387,4845.826580645161,1.759511461296297,1.5220263999211987,1.3677848883333326,1.2755341952614376,1.1599328932853723,16.895498433333334,15.824222,15.299462683333331,15.005825698529412,14.503031989208631,-0.01460310945297779,0.01849652630860572,1,-0.1335854179678433,0.16962703021083023,1,0.01306660606830475,1.3756230183104603,2,0.11937596848535316,2.115424334863351,2,-1.2642521932102384e-5,4.443015431374131e-5,2,1.3969676509252706,15.78858651026393,55,31,1.8040458997651712,-0.5132037758002715,4.826812430478309,0.5820431343468044,2.9761399239896185,0.43,0.547,0.33045161290322583,0.05325806451612903,0.14896774193548387,0.3983548387096774,0.3405161290322581,0.1910967741935484,cached
2007,8,0.11925806451612904,0.20658064516129032,0.2779032258064516,0.23058064516129032,4014.5914838709677,0.54,0.958808622980042,0.43916407437708654,1,0.8258145430245243,4363.527535483871,217.56436851612904,4014.591483870968,1.641510555925926,1.0948182817178882,1.0500935583333335,1.0059413715277774,0.8698367901678665,16.7682432,15.414363138297873,15.04905213,14.82921981985294,14.273983532374102,0.00324441764246332,0.0118395873230912,1,0.02981210320992245,0.10903444588391292,1,-0.16361906968027598,1.371162251293646,2,-0.5413341885208253,2.1478446610543926,2,-0.00160047285431806,0.00177833099527385,2,1.0259390777591582,15.846275659824046,55,31,1.4187107548216418,-0.4875722051544636,3.954911226318483,0.4366128520225298,2.3094875917392037,0.09,0.185,0.3259677419354839,0.14225806451612905,0.17125806451612902,0.4336774193548387,0.3253548387096774,0.1955483870967742,cached
2007,9,0.12076666666666666,0.038200000000000005,0.14143333333333333,0.16403333333333334,2533.5984853333334,-0.49,-0.5461847131835702,0.43916407437708654,1,-0.8660931160414655,2928.901013333333,235.4258752,2533.598485333333,-0.13907779925926,-0.3382294381402673,-0.5352051948148144,-0.780563504697712,-1.1680092741806565,14.578058076666666,13.987765258865249,13.627733983333334,13.237835823529412,12.545766010791366,-7.167124059708252e-4,0.00333015431422671,1,-0.00594670777501194,0.03061700900419594,1,0.00449950574303822,1.7606557391483988,2,-0.09082575597108622,3.733043183516791,2,-0.00200879578921581,0.02144356607479433,2,-0.7336977252632426,13.826248484848485,55,30,-0.12925405246094948,-2.6542991452991456,1.875256410256411,-1.34382346006484,0.7583740053050398,-0.97,-0.582,0.8577666666666667,0.14093333333333333,0.0275,0.3505666666666667,0.18433333333333335,0.1366,cached
2007,10,-0.10619354838709677,0.013322580645161288,0.014225806451612907,-0.15003225806451614,2744.3546425806453,-1.86,-0.6289928402201861,0.31990258266692706,2,-0.746771387369952,3515.211014193548,473.9044841290322,2744.354642580645,-0.856223687037037,-0.9746898800236412,-1.183060352037037,-1.207536946486929,-1.1887411852517982,12.39667603,12.052456936170213,11.806942926666666,11.665733551470588,11.46752795323741,-0.01027050041378881,-0.01530261171434133,2,-0.0850268269437454,-0.13950021211025795,2,0.4322105646798397,2.383572742281081,3,2.2124178887090733,6.984763063880868,3,0.05932151917551431,0.08766654137026772,3,-0.6893849275008145,12.382117302052784,55,31,-0.20701493428912757,-1.1995250298685782,0.49513591696535286,-0.6990797192353645,0.1494295400238954,-2.33,-1.871,0.22541935483870965,-0.0944516129032258,0.01825806451612903,0.1247741935483871,0.04941935483870968,-0.07767741935483871,cached
2007,11,0.09820000000000001,-0.5500333333333333,0.006199999999999998,-0.13696666666666665,3229.9085973333335,-1.16,-0.7006391121388335,0.31990258266692706,2,-0.8023150118911699,4457.0643199999995,833.92976,3229.908597333333,-0.5218713638888897,-0.6508928051615452,-0.7033409877777785,-0.7449656482843139,-0.7121385001998402,10.69454914,10.468453875886524,10.4171344,10.310691599264706,10.208817521582734,0.01168645128466741,-0.03598439743619079,2,0.09680639001403096,-0.32709510869141695,2,0.00540054190411412,2.962644343457769,3,0.21455921740729353,10.44953511270244,3,-0.01452197729025247,0.19658611961503183,3,-0.6454143075315489,10.708472727272728,55,30,-0.05072443265546766,-0.9726837606837608,0.31588004715590995,-0.43961420571765447,0.15120277040966634,-1.46,-1.23,0.5291,0.02170000000000001,-0.2896666666666667,0.07416666666666667,-0.00386666666666667,-0.08143333333333333,cached
2007,12,-6.742612903225806,-11.28441935483871,-0.4850645161290323,-0.7693225806451613,3664.741987096774,-0.69,-0.7159600383239348,0.31990258266692706,2,-0.6945710456433645,7089.247896774194,1984.1855793548384,3664.741987096774,-0.877477799629629,-0.7245389912135547,-0.6323598783703712,-0.6196713929330055,-0.5228699995603527,8.674219186666667,8.669236652482269,8.710345423333333,8.701763849264706,8.791294910071942,-0.01938303731362557,-0.0396607922339353,1,-0.17754798715235814,-0.36234644429461615,1,0.6676751623465202,3.2290487723991776,2,5.700791420069395,12.373965380752756,2,0.16716978851555842,0.2589516329947506,2,-0.8890516342399192,9.097026392961876,55,31,-0.5373856450273671,-0.8152381218033504,-0.6937243193809847,-0.6402030548208207,-0.544448253947543,-0.87,-0.759,-9.844967741935484,-6.840258064516129,-7.917774193548387,-0.6980000000000001,-0.4909677419354838,-0.5290645161290323,cached
2008,1,-4.0041290322580645,-12.933645161290322,-0.2279677419354839,-0.677258064516129,4160.742709677419,-1.13,-1.2804380210250719,0.31990258266692706,2,-1.2512500545693381,7176.938632258065,1994.5988541935485,4160.742709677419,-1.3205899907777772,-1.321760220921985,-1.2744145287407411,-1.263128915318628,-1.2912116541966432,7.769309081333334,7.572131874468085,7.543604743333334,7.535116760294118,7.507688437410072,7.106021063485185e-4,-0.04346117135093125,1,0.00559415678923349,-0.3950287423332433,1,0.41345993863743513,3.0380461192418053,2,2.763833891103343,10.760348504887103,2,0.10202708230716566,0.19371513931441783,2,-0.9143491501031822,8.327354838709677,55,31,-0.5368876277711406,-1.0376064317005176,-0.853891228594185,-0.7065019414575868,-0.5136066640116818,-1.5,-1.23,-5.831129032258064,-5.151870967741936,-7.798483870967741,-0.351,-0.2931290322580645,-0.4070645161290322,cached
2008,2,2.0689655172413794,-5.763758620689655,0.10693103448275862,-0.2433103448275862,3802.653307586207,-0.99,-1.3030292720193033,0.31990258266692706,2,-1.2072551939927627,6231.648882758621,1351.8830896551724,3802.653307586207,-0.8359199598148148,-1.1547671677304958,-1.3772872018888886,-1.4309042200163402,-1.3360339263788976,7.888254393333334,7.516424519148936,7.189432576,7.099649551470589,7.146860042446043,0.0034243591360227,-0.02358349043317241,1,0.03199002312314179,-0.21618706177108857,1,0.46268606366663056,2.7817170822996253,2,2.8963802087029555,9.177554802588356,2,0.09846740367911189,0.13759334284466052,2,-0.8135641037519752,8.356645768025079,55,29,-0.8386564558443276,-1.3827102089349408,-0.17080832531189158,-1.1125628503482246,-0.459880103051922,-1.46,-1.188,-1.4428620689655174,3.02851724137931,-2.380931034482759,-0.08141379310344826,0.15724137931034482,-0.09817241379310346,cached
2008,3,3.1071612903225807,-2.693483870967742,0.15393548387096775,-0.11980645161290322,4047.4755096774193,-0.65,-0.9199824305328163,0.25196783574385584,3,-0.9052085333306827,6091.765780645162,1187.0219870967742,4047.475509677419,-0.992474066148148,-1.0620274477541365,-1.040225661925926,-1.0994436929330078,-1.10044482993605,8.028210668666667,7.967732731205674,7.931740724,7.842993125,7.739141238848921,0.01289532854594166,-0.03139367513489231,2,0.12228070962851924,-0.2864238315235854,2,0.11179163337559758,2.665874766366925,3,-0.0545138938012419,8.51652694236105,3,-0.05352503031273463,0.1315736547088193,3,-0.9632354134453036,8.454263929618769,55,31,-0.7106861749212557,-0.9941147971652006,-0.8799661779081133,-0.8010899940262851,-0.6636055351906158,-1.26,-0.955,1.448516129032258,3.969451612903226,0.4197419354838709,0.0872258064516129,0.20106451612903223,0.02161290322580646,cached
2008,4,1.7932666666666668,2.626133333333333,0.09293333333333333,0.1426,4564.66816,-1.14,-1.3193460202771765,0.25196783574385584,3,-1.2840543931560013,6594.038826666666,903.30592,4564.66816,-1.6323833820370377,-1.5990912541371165,-1.6374663161111105,-1.68064430004085,-1.7137387178257395,8.673077796666666,8.712879386524822,8.6146401,8.500178599264705,8.302052244604317,0.01402011043943771,-0.013295056158115,2,0.13178881358269495,-0.12124090984207082,2,-0.30561600326592436,2.271133662954427,3,-1.5749956131875065,6.065962832180807,3,-0.02878469986654161,0.04746974758371827,3,-1.6106900731452456,8.615836363636364,55,30,-1.496226053639847,-1.6613141762452113,-1.4157203065134103,-1.5434061302681996,-1.4411149425287355,-1.79,-1.498,5.416733333333333,3.2861666666666665,2.174533333333333,0.2854,0.17146666666666666,0.11813333333333333,cached
2008,5,3.9008387096774193,5.254032258064516,0.25351612903225806,0.29812903225806453,8747.150864516128,-0.95,-1.0643013759000588,0.25196783574385584,3,-1.1422419485799438,11046.29233548387,1252.5160051612902,8747.15086451613,-1.4683943985185175,-1.6051638353033884,-1.5734129092592593,-1.596491164419934,-1.684946221023182,10.96453692,10.527326010638298,10.391673193333334,10.237921977941175,9.835977007194243,0.00538435808155571,0.00588625556904433,2,0.04706490451620768,0.05424115217687762,2,0.06982828420118121,1.7459837116450605,3,0.2737528081148209,3.502661425063787,3,-0.00550305876602223,0.00608708018730358,3,-1.3631766829586185,10.533296187683284,55,31,-1.6452831541218635,-1.2179725209080037,-1.156427240143369,-1.5249643966547186,-1.5888647550776582,-1.62,-1.348,9.011935483870968,4.981612903225806,4.468548387096774,0.5228387096774194,0.3245806451612903,0.2540322580645161,cached
2008,6,1.8774333333333333,3.432166666666667,0.3427,0.3411666666666667,10200.655253333332,-1.48,-1.4551704582195955,0.25196783574385584,3,-1.5047601956041057,12776.54016,965.9804373333334,10200.655253333332,-1.382554439259259,-1.7411763248620955,-2.051363655000001,-2.0390503764297385,-1.970518599920064,12.836200973333334,11.88591035460993,11.32486468,11.160781893382351,10.834146848920865,0.00223501257060754,0.01012452179940359,2,0.02097109160786181,0.09291438823800792,2,-0.04922811441773683,1.5781520879503164,3,0.27303100199001823,2.8926578281877036,3,0.03791468181845466,0.00379011301117982,3,-1.9357226767676767,11.528842424242423,55,30,-2.090781481481482,-1.5658472222222215,-1.3765537037037028,-1.9433587962962964,-2.092911111111112,-1.85,-1.625,3.795733333333333,2.2230666666666665,2.955866666666666,0.5011333333333333,0.39513333333333334,0.29943333333333333,cached
2008,7,2.2411935483870966,4.367322580645161,0.506258064516129,0.499,5851.529703225807,-1.28,-1.4307239843011743,0.25196783574385584,3,-1.4885337401420646,7052.710090322581,380.8335566451613,5851.529703225806,-1.9520052687037024,-2.0104888837667456,-1.827938361666668,-1.814947069444445,-1.6715740419664264,13.183981703333334,12.291706716312056,12.103739433333333,11.91534443382353,11.671525053956834,0.00527552057553681,0.01849652630860572,2,0.04864791262751315,0.16962703021083023,2,0.03733724707982744,1.3756230183104603,3,0.15357507993781885,2.115424334863351,3,-2.316755076995735e-5,4.443015431374131e-5,3,-1.4913490646172516,12.900269794721408,55,31,-2.1069218421703133,-1.3094403349400572,-1.6834026232851318,-1.842795575330615,-2.152354699666296,-1.96,-1.373,4.599967741935484,2.3753870967741935,4.058806451612903,0.555,0.531,0.4631290322580645,cached
2008,8,0.1345806451612903,0.11416129032258064,0.15841935483870967,0.10964516129032259,3708.58735483871,-1,-0.03582132323844793,0.25196783574385584,3,-0.031238730234224004,4445.7376,282.2454203870968,3708.5873548387094,-0.6805310707407415,-0.37777243459416887,-0.3346781483333334,-0.3434447387663404,-0.503483853717027,14.446201573333331,13.941772421985815,13.664280423333333,13.479833709558823,12.900662888489208,-0.00720450935269607,0.0118395873230912,2,-0.06376359133703666,0.10903444588391292,2,0.295384678527737,1.371162251293646,3,1.1014070640479223,2.1478446610543926,3,0.00156639607336702,0.00177833099527385,3,-0.7874274911557976,14.03290909090909,55,31,-0.5970956967912612,-0.06649693633725917,-0.5360565156169995,-0.4024194060419865,-0.7495446663253116,-1.85,-1.218,0.7286774193548387,0.12403225806451612,0.11780645161290322,0.23561290322580647,0.1534516129032258,0.12090322580645162,cached
2008,9,0.7075,0.2153,0.30756666666666665,0.1646,2637.898698666667,-1.18,-1.0499336018145418,0.25196783574385584,3,-1.1192366891190229,3325.336213333333,305.49107733333335,2637.898698666667,-1.4133014425925925,-1.433213360126084,-1.3743566281481492,-1.3143448760212415,-1.1016875079936064,13.303834433333334,12.892781336879432,12.78858255,12.704054452205884,12.612087776978417,0.01359243532646254,0.00333015431422671,2,0.11728545459966822,0.03061700900419594,2,-0.20360724907420225,1.7606557391483988,3,-0.9109031444998896,3.733043183516791,3,-0.01382088393211661,0.02144356607479433,3,-1.1950856040511213,13.364860606060606,55,30,-1.6020318302387266,-0.7094102564102567,-1.3374102564102568,-1.303267904509284,-1.6681815502505153,-1.87,-1.347,2.0546,0.7481333333333333,0.2229,0.4512,0.32989999999999997,0.1655,cached
2008,10,-0.2564193548387097,-0.3943870967741936,-0.020516129032258065,-0.10532258064516128,2728.1866632258066,-1.33,-0.48016570935822467,0.25196783574385584,3,-0.5688025303274286,3394.4535638709676,393.5121754838709,2728.186663225806,-0.9191808337037042,-0.859357468676123,-0.8964705387037029,-0.8914342553104575,-0.9529889406474812,12.333718883333333,12.167789347517733,12.09353274,11.98183624264706,11.703280197841726,0.00863434210604162,-0.01530261171434133,2,0.07938047949170617,-0.13950021211025795,2,-0.00244055543848025,2.383572742281081,3,-0.3518405734146815,6.984763063880868,3,-0.0071256865472433,0.08766654137026772,3,-0.9415256899641576,12.129976539589444,55,31,-0.6750794504181599,-0.5859766427718043,-0.5301329002389483,-0.6146711170848272,-0.7114306750298685,-1.9,-1.538,-0.5054838709677419,-0.21248387096774196,-0.3803870967741936,-0.08909677419354838,0.01558064516129032,-0.08780645161290324,cached
2008,11,-0.9014333333333333,-2.7784666666666666,-0.3597666666666667,-0.6097333333333333,3405.0951999999997,-1.2,0.21278464603032393,0.25196783574385584,3,0.09286530272067732,4842.1728,917.0867626666668,3405.0951999999997,0.14025126277777744,-0.20612721650906177,-0.2836402611111115,-0.2607642696078436,-0.3202765469624307,11.356671766666668,10.913219464539008,10.836835126666667,10.794892977941176,10.600679474820144,0.00644092353594277,-0.03598439743619079,2,0.0617255182645566,-0.32709510869141695,2,-0.05111126940092055,2.962644343457769,3,-0.8128617368225893,10.44953511270244,3,-0.03689765468378534,0.19658611961503183,3,-0.29409915601639747,11.059787878787878,55,30,-0.00339109932213451,-0.20968376068376135,0.2962133804892435,-0.09328087238432126,0.0774249926318884,-1.59,-1.384,-0.9662,-0.9589,-2.069733333333333,-0.5222,-0.3985,-0.44453333333333334,cached
2008,12,-0.6423548387096775,-3.7508387096774194,-0.01938709677419355,-0.19574193548387098,3833.7293419354837,-1.03,0.26311459228686634,0.25196783574385584,3,0.20426417962185126,4690.540903225807,808.3076232258064,3833.729341935484,-0.4676554396296293,-0.4330208174546897,-0.31556908503703696,-0.27060643705065246,-0.26924610027977636,9.084041546666668,8.960754826241134,9.027136216666667,9.05082880514706,9.044918809352518,0.03381926756021614,-0.0396607922339353,2,0.3074625834205978,-0.36234644429461615,2,-0.30540801810501095,3.2290487723991776,3,-1.845824135943545,12.373965380752756,3,-0.09501159497635002,0.2589516329947506,3,-0.5723243615126463,9.41375366568915,55,31,-0.5406114514789794,-0.44265747664205907,-0.37469206131646793,-0.5057944526702828,-0.5471364259905537,-1.31,-1.266,-0.7730645161290323,-1.2632258064516129,-2.2038387096774197,0.02680645161290321,-0.05709677419354838,-0.10580645161290322,cached
2009,1,-0.5435806451612905,-4.249354838709677,-0.0365483870967742,-0.17870967741935484,5066.880309677419,-1.5,-1.2988256408427252,0.31990258266692706,2,-1.2820501027738431,8690.51726451613,2367.010446451613,5066.880309677419,-1.4035898627777774,-1.3184998131205663,-1.2508096067407417,-1.226512085171569,-1.0930258613908874,7.686309209333333,7.575392282269504,7.567209665333333,7.571733590441177,7.705874230215827,0.02280099392510539,-0.04346117135093125,1,0.20832789600678556,-0.3950287423332433,1,-0.5662924916215659,3.0380461192418053,3,-3.632627629893378,10.760348504887103,3,-0.08725736803354725,0.19371513931441783,3,-1.5419444580210708,7.6997595307917885,55,31,-1.3297908535775924,-1.1704021306252488,-1.5542138092393465,-1.2492976403823175,-1.5016711801407143,-1.81,-1.619,-0.26658064516129043,-1.539483870967742,-2.1929032258064516,-0.03438709677419355,-0.08803225806451613,-0.08790322580645162,cached
2009,2,3.2913214285714285,-4.328464285714285,0.19171428571428573,-0.19207142857142856,3719.613942857143,-1.31,-1.367602549716238,0.25196783574385584,3,-1.295601398838456,4639.9099428571435,632.9816114285713,3719.6139428571432,-1.5840423151481486,-1.4878628563829777,-1.4372416325555548,-1.444243110457517,-1.4840628709832142,7.140132038,7.183328830496454,7.129478145333334,7.086310661029412,6.998831097841727,0.00941594933841734,-0.02358349043317241,1,0.08561873287749401,-0.21618706177108857,1,-0.2434665974269838,2.7817170822996253,3,-2.017982863547301,9.177554802588356,3,-0.08289460225236707,0.13759334284466052,3,-1.2421254561926378,7.928084415584416,55,28,-1.458800134005247,-1.1615566785572724,-1.390874006756884,-1.3889339505124283,-1.465733961836815,-1.78,-1.464,-0.1573214285714285,2.1484285714285716,-1.4396428571428572,0.00614285714285714,0.11739285714285716,-0.05453571428571428,cached
2009,3,0.31790322580645164,-1.180516129032258,0.021709677419354836,-0.05303225806451614,3884.882270967742,-1.42,-1.0222765640570357,0.25196783574385584,3,-1.0020529698663865,5468.796180645161,1137.1478812903224,3884.8822709677424,-1.1457683574814812,-1.223670390307328,-1.314822838592593,-1.262438302491831,-0.99636869756195,7.874916377333333,7.806089788652482,7.657143547333333,7.679998515441176,7.843217371223021,0.01757286275250533,-0.03139367513489231,1,0.16046838864418206,-0.2864238315235854,1,0.12060338835448976,2.665874766366925,3,0.4787728301838546,8.51652694236105,3,-0.00968865374413331,0.1315736547088193,3,-1.083352715498089,8.334146627565982,55,31,-1.2386431641685676,-1.086910496089932,-0.987170478983383,-1.1993695639187578,-1.201562524437928,-2.06,-1.742,1.4569354838709676,0.2981935483870969,0.4492903225806452,0.08045161290322579,0.01509677419354839,0.01903225806451613,cached
2009,4,1.6273666666666666,4.0056666666666665,0.1081,0.22066666666666665,6558.17088,-1.51,-1.3854425920657767,0.25196783574385584,3,-1.3238327818697115,8327.97088,971.832576,6558.17088,-1.2772342420370375,-1.1711090768321508,-1.1786408094444454,-1.0941567743055547,-0.9904078293365312,9.028226936666666,9.140861563829787,9.073465606666666,9.086666125,9.025383133093523,0.014280619431319721,-0.013295056158115,1,0.1299800997466624,-0.12124090984207082,1,0.05432927711476936,2.271133662954427,3,0.443198080779404,6.065962832180807,3,0.00769250930783087,0.04746974758371827,3,-1.109459770114943,9.117066666666666,55,30,-1.285337164750958,-1.1064252873563225,-1.0422758620689656,-1.243961685823755,-1.22655938697318,-2.23,-1.872,5.263366666666666,2.6024666666666665,3.720666666666667,0.2871666666666667,0.16273333333333334,0.2029,cached
2009,5,1.943516129032258,0.9731935483870968,0.2454193548387097,0.202,7830.051922580646,-0.75,-0.8414286508554818,0.31990258266692706,2,-0.9112166161262394,10030.541316129033,1131.9412438709678,7830.051922580645,-0.9055291718518514,-0.9460904558707632,-1.1172105559259276,-1.1284713261846395,-1.0990069440447652,11.527402146666669,11.186399390070925,10.847875546666666,10.705941816176471,10.421916284172662,NA,NA,NA,NA,NA,NA,-0.115269479807307,1.7459837116450605,2,-0.18980595988529503,3.502661425063787,2,0.01028653783348438,0.00608708018730358,2,-1.0611238970348646,10.835348973607038,55,31,-0.9027025089605728,-0.8820585424133807,-0.8759971326164878,-0.8939966547192348,-0.9099400238948618,-1.32,-1.008,4.097096774193548,2.347677419354839,1.107,0.24703225806451615,0.2848709677419355,0.19716129032258065,cached
2009,6,0.8785666666666667,0.5140333333333333,0.35946666666666666,0.2526333333333333,8145.799466666666,-0.44,0.4533737532457585,0.25196783574385584,3,0.4280322574565603,9326.610026666667,459.015328,8145.799466666667,0.14320198407407325,-0.20775354826635173,-0.379077641666667,-0.40010749775326815,-0.24520009272581864,14.361957396666666,13.419333131205674,12.997150693333332,12.799724772058823,12.559465356115108,0.02121467062128339,0.01012452179940359,2,0.19027447420999044,0.09291438823800792,2,0.02456568813278006,1.5781520879503164,3,0.3685060837284302,2.8926578281877036,3,0.00184752134126116,0.00379011301117982,3,0.2107561111111112,13.675321212121212,55,30,-0.02222592592592616,0.3181527777777789,-0.13499814814814748,0.1270856481481477,-0.1050222222222216,-0.73,-0.665,2.677166666666667,0.8547333333333333,0.45276666666666665,0.29136666666666666,0.3518,0.22666666666666663,cached
2009,7,1.3903870967741936,1.2448387096774194,0.3921935483870968,0.29538709677419356,4668.618219354838,-0.18,-0.7475848244990533,0.25196783574385584,3,-0.8081508379702645,5406.681909677419,261.3549295483871,4668.618219354838,-1.2990423653703704,-1.2170275327029163,-1.1440538516666674,-1.0348055179738562,-0.8974421282973619,13.836944606666666,13.085168067375886,12.787623943333331,12.695485985294118,12.4456569676259,0.00111729465025775,0.01849652630860572,2,0.0103037506224757,0.16962703021083023,2,0.03334174732577659,1.3756230183104603,3,0.10542673478286362,2.115424334863351,3,-2.316755076995735e-5,4.443015431374131e-5,3,-0.7475191525937911,13.644099706744868,55,31,-1.1545562507724636,-0.5926661413916694,-0.8509295050055616,-0.9799998764058836,-1.155580506117909,-0.71,-0.523,4.404612903225806,1.4590967741935483,1.0744193548387098,0.42574193548387096,0.4085161290322581,0.25767741935483873,cached
2009,8,0.426258064516129,0.4006774193548387,0.20641935483870968,0.13516129032258065,3378.9249961290325,0.17,0.4716868440408787,0.25196783574385584,3,0.4613382237123093,4017.331819354839,270.891297032258,3378.9249961290325,0.5446243559259258,0.8905782001576039,0.7832887416666665,0.643961617851307,0.04148389808153396,15.671357,15.210123056737588,14.782247313333333,14.46724006617647,13.445630640287767,9.983693362962806e-5,0.0118395873230912,2,-4.384386778724032e-4,0.10903444588391292,2,0.1386489395491837,1.371162251293646,3,0.4311859919729155,2.1478446610543926,3,-0.00112720621636436,0.00177833099527385,3,0.07515901910813202,14.89549560117302,55,31,0.7133344107356206,0.5786643539853221,0.45749187147977527,0.7302687660010244,0.6028209250725377,-0.49,-0.25,1.3898709677419354,0.4493548387096774,0.3721290322580645,0.27841935483870967,0.22016129032258064,0.13203225806451613,cached
2009,9,-0.023333333333333334,-0.003033333333333334,0.11176666666666665,0.0175,2331.4165333333335,1.01,0.7215425987860012,0.25196783574385584,3,0.6489458463615438,3043.678442666667,291.85181866666665,2331.416533333333,0.5720901740740736,0.6883903420015756,0.6613194751851843,0.6222214254493466,0.4999867474020778,15.28922605,15.014385039007092,14.824258653333333,14.64062075367647,14.2137620323741,-6.93802468579056e-4,0.00333015431422671,2,-0.00170533144332106,0.03061700900419594,2,0.29271537311896695,1.7606557391483988,3,1.053792959396313,3.733043183516791,3,-0.00884870732200897,0.02144356607479433,3,0.08556894140342401,14.645515151515152,55,30,0.49941261420571753,0.5651452991452987,0.3749230769230767,0.5333987621573826,0.4390406719717064,0.33,0.454,-0.01926666666666667,-0.0153,-0.0026,0.11873333333333332,0.12153333333333334,0.03779999999999999,cached
2009,10,0.027709677419354838,-0.035322580645161285,-0.014967741935483876,-0.05803225806451613,2570.1606503225808,0.43,-0.3903253596041287,0.25196783574385584,3,-0.5137405367412283,3343.2092903225807,337.3170291612903,2570.1606503225808,-0.8309461537037031,-0.9441190963356972,-1.0987829553703694,-1.1088047222222226,-1.2446621097122286,12.421953563333334,12.083027719858157,11.891220323333334,11.764465775735294,11.41160702877698,0.0027761342419128,-0.01530261171434133,2,0.03419025995735417,-0.13950021211025795,2,-0.04256010451116676,2.383572742281081,3,-0.4266697615654296,6.984763063880868,3,0.00193349134008144,0.08766654137026772,3,-0.7039714377647442,12.367530791788855,55,31,-0.5758321385902031,-1.0696325567502996,-0.3559393518518519,-0.7311227299880532,-0.42282852449223424,-0.13,0.078,-0.02432258064516131,0.05190322580645161,-0.02170967741935483,0.00264516129032257,0.01712903225806452,-0.02403225806451613,cached
2009,11,-0.5119333333333334,-1.6186333333333334,-0.3821666666666667,-0.8061333333333333,3342.7038506666668,-0.45,-0.04241530287767661,0.25196783574385584,3,-0.11527827447345669,5070.594986666666,1049.13744,3342.7038506666668,-0.1914349638888897,-0.0948765994877867,-0.06921744111111217,-0.01287563357843168,0.03337066167066283,11.02498554,11.024470081560285,11.051257946666666,11.042781613970588,10.954326683453235,-0.06564253953558785,-0.03598439743619079,1,-0.6014991653775384,-0.32709510869141695,1,0.9843383013909632,2.962644343457769,3,7.456767530524339,10.44953511270244,3,0.24257565203581735,0.19658611961503183,3,-0.09681430753154913,11.257072727272726,55,30,0.2509422340111988,0.29942735042734964,0.12599115826702048,0.27216357206012276,0.1896472148541116,-0.94,-0.759,-1.7664666666666666,-0.6728333333333333,-1.0215666666666667,-0.7772,-0.4385666666666667,-0.5248,cached
2009,12,-3.0921612903225806,-8.728290322580646,-0.20687096774193547,-0.3851612903225806,3810.893212903226,0.08,-1.0849092170270198,0.25196783574385584,3,-1.0420589120415855,5002.939148387097,1008.626147096774,3810.893212903226,-0.9091918662962968,-0.8569768351851845,-0.8197597117037034,-0.7796526392565362,-0.6572876218625101,8.64250512,8.536798808510639,8.52294559,8.541782602941176,8.656877287769785,-0.00251148227580366,-0.0396607922339353,1,-0.02320922062597185,-0.36234644429461615,1,-0.7693403221302575,3.2290487723991776,3,-5.179976079773888,12.373965380752756,3,-0.17615787297509686,0.2589516329947506,3,-0.8971923967032623,9.088885630498533,55,31,-0.9619017740596244,-0.842334895996899,-1.0679178677680816,-0.8917084311649065,-1.0475665335174351,-0.51,-0.429,-4.264096774193549,-2.847483870967742,-6.465419354838709,-0.25025806451612903,-0.1800967741935484,-0.28977419354838707,cached
2010,1,-3.687193548387097,-21.080290322580645,-0.34416129032258064,-1.2796451612903226,3384.8623896774193,0.64,0.43859101973424114,0.25196783574385584,3,0.4346517032085515,6147.485935483871,1890.6487948387096,3384.8623896774193,0.3185309378888892,0.2447457840425535,0.2499138945925914,0.2311795817401947,0.2260029047961627,9.40843001,9.138637879432624,9.067933166666666,9.02942525735294,9.024902996402878,-0.04897274019611449,-0.04346117135093125,1,-0.449238593948766,-0.3950287423332433,1,0.3162724197998449,3.0380461192418053,3,1.9984143447611384,10.760348504887103,3,0.07066408520918531,0.19371513931441783,3,0.3610350141196917,9.602739002932552,55,31,0.6359080711535903,0.8185226005575471,0.6100872660294705,0.6865088112305854,0.6160707553431563,0.05,0.134,-8.930967741935484,-4.712483870967742,-13.859548387096774,-0.9246129032258064,-0.4522903225806452,-0.8097741935483871,cached
2010,2,-1.5357142857142856,-7.9991071428571425,-0.17067857142857143,-0.6856785714285715,3367.6765714285716,0.96,1.0362903745412533,0.25196783574385584,3,1.121339631826564,4827.003085714286,920.5993942857144,3367.6765714285716,1.0974290368518511,0.99699655425532,1.0144239987777777,0.9871228829248366,0.9986358764988008,9.82160339,9.668188241134752,9.581143776666666,9.517676654411764,9.481529845323742,-0.02692023703688213,-0.02358349043317241,1,-0.24728102252358825,-0.21618706177108857,1,0.01148858066991555,2.7817170822996253,3,-0.01916135892443556,9.177554802588356,3,0.01301092043846092,0.13759334284466052,3,0.8621472710800893,10.032357142857142,55,28,1.095247485042372,1.2468957023951084,1.0775783741954974,1.122613668535191,1.0822422286393756,0.25,0.361,-1.298857142857143,-1.79,-5.363,-0.15675,-0.20092857142857143,-0.45207142857142857,cached
2010,3,0.1379354838709677,-4.772129032258064,0.017903225806451616,-0.4430322580645161,3174.678658064516,0.72,0.8244825599636085,0.25196783574385584,3,0.8606870628008677,5245.915561290322,998.3955612903223,3174.678658064516,0.9314868718518524,0.806803498345154,0.8081206740740736,0.7794131857434632,0.7355504060351734,9.952171606666669,9.836563677304964,9.78008706,9.72185000367647,9.575136474820145,-0.01542799740656464,-0.03139367513489231,1,-0.14187424471614588,-0.2864238315235854,1,0.7882261722507403,2.665874766366925,3,5.332180015779393,8.51652694236105,3,0.1936431670853327,0.1315736547088193,3,0.8182953783435528,10.235794721407624,55,31,0.8400665132507873,0.9004013318670575,0.8955176930596286,0.8418132317801668,0.8608030669599215,-0.16,0.036,-1.2954193548387098,-0.26280645161290334,-2.775,-0.12125806451612904,-0.03277419354838709,-0.256741935483871,cached
2010,4,0.9077333333333334,-0.7957333333333334,0.08889999999999999,-0.08003333333333333,3790.2980693333334,0.84,0.02362002677255319,0.25196783574385584,3,0.07137760897164173,6847.00224,1416.0287786666663,3790.2980693333334,-0.0094074687037029,-0.16900404846335704,-0.2917586861111108,-0.219726296364378,-0.21299596962430023,10.29605371,10.14296659219858,9.96034773,9.961096602941176,9.802794992805756,-0.0231009203163372,-0.013295056158115,1,-0.2124968269725979,-0.12124090984207082,1,0.6748542626615815,2.271133662954427,3,4.49612875682373,6.065962832180807,3,0.12203334141917337,0.04746974758371827,3,0.1355099268547545,10.362036363636363,55,30,-0.00989272030651378,0.13457471264367804,0.17250191570881235,0.03570498084291174,0.01021839080459822,-0.04,0.043,0.5042999999999999,0.9301666666666668,-0.07589999999999997,0.0495,0.08973333333333335,-0.00909999999999999,cached
2010,5,-0.04164516129032262,0.2565806451612903,0.03967741935483871,0.05106451612903226,5804.03055483871,0.57,-0.8157457156253902,0.25196783574385584,3,-0.8799787958953106,8090.383793548387,979.3959019354836,5804.03055483871,-0.7247668451851847,-0.8289901544523239,-1.0508012292592603,-1.0705709364787577,-1.0120788109512393,11.708164473333332,11.303499691489362,10.914284873333331,10.763842205882352,10.508844417266188,-0.02150172443759664,0.00588625556904433,1,-0.1968217380200754,0.05424115217687762,1,0.15134319018010697,1.7459837116450605,3,1.1470542044478922,3.502661425063787,3,0.03585280771616204,0.00608708018730358,3,-0.7336693515803192,11.162803519061583,55,31,-0.6292616487455186,-0.8603381123058534,-0.4841691756272404,-0.7228138590203095,-0.5524131421744318,-0.18,-0.132,1.0758064516129031,0.29861290322580647,0.2783225806451613,0.14193548387096774,0.08835483870967742,0.04951612903225806,cached
2010,6,0.20703333333333335,0.21810000000000002,0.1956,0.14103333333333332,9589.956266666666,-0.15,-0.33097391155688033,0.25196783574385584,3,-0.33915795465593845,11967.623573333332,1399.6050346666666,9589.956266666668,-0.3759681492592595,-0.6716208886918835,-0.671617135,-0.6559165418709156,-0.5020595459632293,13.842787263333332,12.955465790780142,12.7046112,12.543915727941176,12.302605902877698,-1.9660133490747705e-4,0.01012452179940359,1,-0.00164432250961544,0.09291438823800792,1,-0.01366185738157129,1.5781520879503164,3,0.15728580427730315,2.8926578281877036,3,-0.00365139953856617,0.00379011301117982,3,-0.3646984343434343,13.099866666666667,55,30,-0.18500370370370392,-0.2091805555555553,-0.3381092592592587,-0.1868032407407411,-0.23335555555555543,-0.79,-0.699,0.4454,0.26493333333333335,0.1931,0.23316666666666663,0.23213333333333333,0.12353333333333334,cached
2010,7,4.150290322580645,4.197645161290323,0.8620322580645161,0.6525161290322581,5329.952516129032,-1.3,-1.352583318394837,0.25196783574385584,3,-1.4126672627296646,6283.589264516128,424.752,5329.952516129032,-1.526810978703704,-1.6283685575256095,-1.5958786450000009,-1.5678156687091498,-1.497124559952038,13.609175993333332,12.673827042553192,12.33579915,12.162475834558824,11.845974535971225,0.00890355614234139,0.01849652630860572,2,0.07994792308936606,0.16962703021083023,2,0.305708343280434,1.3756230183104603,3,0.9840500779865748,2.115424334863351,3,-2.316755076995735e-5,4.443015431374131e-5,3,-1.2332552229750229,13.158363636363635,55,31,-1.569610014213324,-1.1228811951551112,-1.3216821931776053,-1.4106450376962063,-1.6269783555802746,-1.99,-1.579,6.27841935483871,4.263032258064516,3.7465806451612904,0.8480967741935483,0.9064516129032258,0.5756451612903226,cached
2010,8,2.1511290322580643,1.6340322580645161,0.20406451612903226,0.23399999999999999,3556.498735483871,-1.42,-0.952486997013085,0.25196783574385584,3,-0.9691451001539898,4096.801548387097,281.05794167741936,3556.4987354838713,-0.9870958240740748,-0.965340104806934,-0.9559377316666656,-0.9581064997957522,-0.9695703033573136,14.13963682,13.35420475177305,13.04302084,12.865171948529412,12.43457643884892,0.00267651115754154,0.0118395873230912,2,0.02295588479854583,0.10903444588391292,2,-0.04376570208560722,1.371162251293646,3,-0.24158040174949832,2.1478446610543926,3,-0.00157523489019949,0.00177833099527385,3,-1.2030345292789646,13.617302052785924,55,31,-0.9834397828127668,-0.8857442481652159,-0.995411354326676,-0.9398387608806964,-1.0010500426693971,-2.21,-1.499,2.7380967741935485,2.198967741935484,1.4209677419354838,0.26603225806451614,0.21451612903225808,0.2071935483870968,cached
2010,9,0.09006666666666666,-0.19506666666666667,-0.033633333333333335,-0.11246666666666666,2492.727904,-1.75,-0.4403183296945292,0.25196783574385584,3,-0.5454649096016233,3199.232064,309.43655146666663,2492.727904,-0.8825407592592605,-1.038177377856579,-1.0203734548148145,-1.0665674973447707,-1.1374130727418077,13.834595116666666,13.287817319148935,13.142565723333334,12.951831830882352,12.576362212230215,-0.01390656581608148,0.00333015431422671,2,-0.12002688213789064,0.03061700900419594,2,0.05967763113447416,1.7606557391483988,3,0.26733225577314107,3.733043183516791,3,-0.00383723516336875,0.02144356607479433,3,-1.183412876778394,13.376533333333333,55,30,-0.8713651635720604,-1.064965811965812,-0.6668547008547007,-0.9216012378426176,-0.8032926613616264,-2.45,-1.639,-0.07766666666666666,0.10413333333333334,-0.05056666666666667,-0.09443333333333331,-0.02543333333333333,-0.05599999999999999,cached
2010,10,0.010387096774193548,-0.006096774193548387,-0.2428064516129032,-0.40438709677419354,2943.3029987096775,-0.94,0.5150438712067787,0.25196783574385584,3,0.4396231192112043,3850.536732903226,446.46459148387095,2943.3029987096775,0.17024218629629573,0.0936080065011815,0.14191607129629702,0.12767714542483688,0.14387955575539735,13.423141903333333,13.120754822695035,13.13191935,13.000947643382354,12.800148694244603,-0.01527606421350089,-0.01530261171434133,2,-0.13451005950937026,-0.13950021211025795,2,0.5904188409400782,2.383572742281081,3,3.874862291432963,6.984763063880868,3,0.07413151354404762,0.08766654137026772,3,0.3983921985988923,13.469894428152491,55,31,0.45008183990442063,0.6174642174432492,0.5923402180406215,0.5202751194743124,0.4431929808841109,-1.6,-1.083,-0.03851612903225807,0.01370967741935483,-0.00487096774193548,-0.27422580645161293,-0.19712903225806452,-0.3033225806451613,cached
2010,11,-0.4688333333333334,-1.6366333333333332,-0.10946666666666667,-0.2780666666666667,3577.261344,-1.04,-0.1247134108596261,0.25196783574385584,3,-0.1831242641203564,5639.7626666666665,1206.9564053333334,3577.261344,-0.19335084388889,-0.21613178033885028,-0.15960970111111197,-0.11850773651960722,-0.04117290307753762,11.02306966,10.90321490070922,10.960865686666668,10.937149511029412,10.879783118705037,-0.00409468208769718,-0.03598439743619079,2,-0.03028577571461921,-0.32709510869141695,2,0.2340112336978561,2.962644343457769,3,1.1876989878930198,10.44953511270244,3,0.00105615911732289,0.19658611961503183,3,0.1369250864078448,11.49081212121212,55,30,0.07160890067786536,0.30198290598290534,0.05888004715591025,0.1392746831712343,0.05642499263188879,-1.57,-1.183,-1.0120333333333331,-0.5496666666666666,-1.0709333333333333,-0.19566666666666668,-0.13076666666666667,-0.1497,cached
2010,12,-3.71941935483871,-12.628870967741936,-0.41380645161290325,-1.288032258064516,3987.4621625806453,-1.64,-0.18452600308494208,0.25196783574385584,3,-0.1635785450746917,7731.39984516129,2604.597532903226,3987.462162580645,0.20915890037037063,-0.12881227490149705,-0.11263650170370454,-0.13246863925653507,-0.1658046722222224,9.760855886666668,9.264963368794326,9.2300688,9.188966602941177,9.148360237410072,-0.03633392936701464,-0.0396607922339353,2,-0.3153511739995827,-0.36234644429461615,2,-0.09234441313361104,3.2290487723991776,3,-1.175042603603619,12.373965380752756,3,-0.03013548475799946,0.2589516329947506,3,0.0158867821823682,10.001964809384164,55,31,0.0284208065855361,0.05142854486331671,0.07208213223191902,0.01420554732971683,0.06619690734277957,-2.04,-1.677,-8.80841935483871,-5.526322580645162,-7.981645161290323,-1.1393548387096777,-0.623,-0.8100322580645162,cached
2011,1,-2.585709677419355,-6.789967741935484,-0.19870967741935483,-0.34651612903225804,5783.021316129032,-1.39,-0.7203970000558201,0.25196783574385584,3,-0.7132642978263218,9362.812903225808,2188.3405729032256,5783.021316129032,-0.9452967854444444,-0.8772706088652473,-0.7757810920740749,-0.7372371895833343,-0.5763064621103116,8.144602286666666,8.016621486524823,8.04223818,8.061008486029412,8.222593629496403,0.0133275764548574,-0.04346117135093125,2,0.11506591824745412,-0.3950287423332433,2,-0.13647836551083237,3.0380461192418053,3,-1.6972681253969442,10.760348504887103,3,-0.10540125426847786,0.19371513931441783,3,-0.33187994189203857,8.909824046920821,55,31,-0.6372102084163022,-0.2076064317005173,-0.7676546694543998,-0.45897505973715685,-0.8017787070224346,-1.8,-1.469,-0.523516129032258,-2.075290322580645,-3.826451612903226,-0.04661290322580645,-0.15641935483870967,-0.1980967741935484,cached
2011,2,0.3935714285714285,-0.11299999999999999,0.013214285714285711,-0.0051785714285714265,6096.202514285715,-0.99,-0.7605132076206579,0.25196783574385584,3,-0.6745233796309223,7374.503771428571,834.3342857142857,6096.202514285715,-0.7309020718148149,-0.8490838258865239,-0.7518457165555548,-0.7279028722222227,-0.5646903105515593,7.993272281333334,7.822107860992908,7.814874061333334,7.802650899264706,7.918203658273382,0.00127279879594147,-0.02358349043317241,2,0.00986030942603521,-0.21618706177108857,2,-0.06400351090471874,2.7817170822996253,3,-0.4340839583357079,9.177554802588356,3,0.02282675209226881,0.13759334284466052,3,-0.6330670146341965,8.537142857142857,55,28,-0.8043953721004847,-0.6604852499858437,-0.8884930543759317,-0.7551244267029039,-0.8440672951701483,-1.46,-1.069,1.7177857142857145,0.6082142857142857,-0.0661071428571431,0.17482142857142857,0.03453571428571429,-3.571428571428053e-5,cached
2011,3,-2.237225806451613,-18.57232258064516,-0.1120967741935484,-1.0769032258064517,6480.893419354838,-0.7,-0.5774930881442969,0.25196783574385584,3,-0.5487387705221624,9369.207019354835,1886.355602580645,6480.893419354838,-0.697964594814815,-0.7902662569739949,-0.7195953292592598,-0.6967247517565376,-0.6169851443245395,8.32272014,8.239493921985815,8.252371056666666,8.24571206617647,8.222600924460432,-0.06142787287434489,-0.03139367513489231,2,-0.5386149258890807,-0.2864238315235854,2,0.5680633186526832,2.665874766366925,3,3.3656523296416205,8.51652694236105,3,0.08442660486698637,0.1315736547088193,3,-0.45564597063005424,8.961853372434017,55,31,-0.7374603684696428,-0.5471255498533729,-0.5588909090909091,-0.685176015531661,-0.6953259652981428,-1.28,-0.931,-8.50125806451613,-3.873870967741936,-10.18116129032258,-0.6200322580645161,-0.23441935483870968,-0.5806774193548387,cached
2011,4,1.1637333333333335,1.3852666666666669,0.09113333333333333,0.09496666666666666,8533.739626666667,-0.54,-0.9245148220713791,0.20099322176663625,4,-1.0013350493687685,12211.148053333332,1781.8818346666665,8533.739626666667,-0.9026220453703696,-1.0097370768321507,-1.016982916111111,-1.0151407081290849,-0.9506754516386896,9.402839133333334,9.3022335638297875,9.2351235,9.16568219117647,9.065115510791369,0.00582303785672991,-0.013295056158115,1,0.05227146112949785,-0.12124090984207082,1,0.15290032177497714,2.271133662954427,4,0.7657813025622131,6.065962832180807,4,0.0178506858941494,0.04746974758371827,4,-0.9074597701149424,9.319066666666666,55,30,-1.0225593869731806,-1.1369808429118773,-0.8894980842911876,-1.068628352490422,-0.9366704980842908,-1.02,-0.823,3.0391666666666666,1.7869,1.4691333333333334,0.24486666666666668,0.13783333333333334,0.10563333333333332,cached
2011,5,0.2934838709677419,0.6429032258064515,0.029096774193548388,0.05754838709677419,11206.145238709678,-0.45,-0.7054528812974092,0.20099322176663625,4,-0.7791133152859437,13429.470761290322,1057.9521858064516,11206.145238709678,-0.7185628151851855,-0.568314618991332,-0.6333248259259268,-0.6904085504493462,-0.8568190087929661,11.714368503333333,11.564175226950354,11.331761276666668,11.144004591911765,10.66410421942446,-0.00781616214512893,0.00588625556904433,2,-0.06731419605893306,0.05424115217687762,2,0.08953511857285985,1.7459837116450605,4,0.0792292810234889,3.502661425063787,4,-0.00577485137018045,0.00608708018730358,4,-0.939880495275334,10.956592375366569,55,31,-0.6554982078853046,-0.838832735961768,-0.647717562724015,-0.6998031063321388,-0.6523056152927111,-0.66,-0.898,0.7233548387096774,0.7729354838709678,0.2880967741935484,0.06829032258064516,0.08006451612903226,0.02874193548387096,cached
2011,6,0.4210333333333333,0.5279,0.16706666666666667,0.14063333333333333,13801.60832,-0.99,0.31758120800877065,0.20099322176663625,4,0.32835082469222776,15912.153813333334,863.379232,13801.60832,0.18847361074073987,0.3358647744286838,0.4124158316666655,0.3517141897467315,0.2402834216626708,14.407229023333333,13.96295145390071,13.788644166666666,13.551546459558825,13.044948870503598,-0.00230540359604884,0.01012452179940359,2,-0.01777320916962801,0.09291438823800792,2,-0.12391029482417606,1.5781520879503164,4,-0.523585339945142,2.8926578281877036,4,-0.00389822051135207,0.00379011301117982,4,0.05736823232323231,13.521933333333331,55,30,0.4437740740740737,0.40326388888888925,0.28244629629629675,0.495641203703703,0.4082000000000002,-1.08,-1.445,0.8966333333333333,0.5075666666666667,0.38953333333333334,0.2364,0.19816666666666663,0.1082,cached
2011,7,2.45641935483871,3.205064516129032,0.4082903225806452,0.31212903225806454,9328.101987096774,-1.86,0.3465966074865949,0.20099322176663625,4,0.19865993832206877,10668.126038709675,451.9726658064516,9328.101987096774,0.04647765129629633,-0.13190861071709925,-0.292510505000001,-0.32718032312091516,-0.4265786966426859,15.182464623333331,14.170286989361704,13.63916729,13.40311118014706,12.916520399280577,0.00241946088155063,0.01849652630860572,2,0.02024423684554121,0.16962703021083023,2,0.03872135391473672,1.3756230183104603,4,0.00813138951674616,2.115424334863351,4,-4.443025286106851e-5,4.443015431374131e-5,4,0.40764213772878954,14.79926099706745,55,31,0.00479858793721395,0.17249514893091047,0.2604683444568045,0.07236571499196565,0.107860354097145,-2.3,-2.137,2.633258064516129,2.5831290322580647,2.717516129032258,0.5494193548387096,0.4399032258064516,0.26661290322580644,cached
2011,8,1.6721612903225807,2.444741935483871,0.3778064516129032,0.2608064516129032,5634.12975483871,-1.83,-0.13917994040058487,0.20099322176663625,4,-0.32811987995709063,6314.6464,289.43423380645163,5634.12975483871,-0.16183641074074195,-0.7722079771473602,-0.9182058216666658,-0.979571334354576,-0.9285976882494004,14.964896233333333,13.547336879432624,13.08075275,12.843707113970588,12.475549053956836,0.00483784104035734,0.0118395873230912,2,0.04335313465828581,0.10903444588391292,2,-0.161900710281596,1.371162251293646,4,-0.4939201316565701,2.1478446610543926,4,-0.00163236169158911,0.00177833099527385,4,-0.09867089291532832,14.72166568914956,55,31,-0.9859129010923364,-0.5127334954770433,-0.2345511392729129,-0.8926344598054268,-0.794705956647892,-2.37,-1.997,2.1863225806451614,1.7170645161290323,2.309064516129032,0.3704516129032258,0.3996129032258065,0.2464516129032258,cached
2011,9,0.44753333333333334,0.17503333333333332,0.1368,-0.13263333333333333,3482.9664000000002,-1.82,-0.8580260261108281,0.20099322176663625,4,-1.0241201020837558,4315.48032,337.94213013333336,3482.9664,-0.5808720625925936,-1.044445558707643,-1.2659073781481478,-1.2508824458741827,-1.1352399396482813,14.136263813333333,13.281549138297873,12.8970318,12.76751688235294,12.578535345323742,-0.01388081100564486,0.00333015431422671,2,-0.12479438989120752,0.03061700900419594,2,0.37059473864712456,1.7606557391483988,4,2.0637189732884296,3.733043183516791,4,0.04504895275710614,0.02144356607479433,4,-0.9963159070814244,13.563630303030305,55,30,-1.4614762746831715,-1.1637435897435904,-0.9232991452991453,-1.42082346006484,-1.3497371058060714,-2.5,-1.867,0.5650000000000001,0.4284,0.1764,0.00703333333333333,0.1165,-0.10033333333333332,cached
2011,10,-9.67741935483871e-5,3.2258064516129034e-5,-0.05645161290322581,-0.15283870967741936,3397.5592774193547,-1.43,0.591499368468928,0.20099322176663625,4,0.6113823131991379,4455.785496774193,374.9509698064516,3397.559277419355,0.5667515829629632,0.5205019249408984,0.48476887796296353,0.5430819616013061,0.6548792895683455,13.8196513,13.547648741134752,13.474772156666669,13.416352459558825,13.311148428057551,0.00908945794335117,-0.01530261171434133,2,0.09524526212448728,-0.13950021211025795,2,0.02088448796388246,2.383572742281081,4,-0.4102477289638524,6.984763063880868,4,-0.01687435592074116,0.08766654137026772,4,0.5659229903877485,13.637425219941347,55,31,0.8711571087216244,0.8110126045400238,0.8981466696535249,0.8450063022700114,0.8816876045400234,-1.92,-1.553,0.01441935483870967,-3.2258064516129034e-5,6.451612903225807e-5,0.07345161290322581,-0.05245161290322581,-0.09567741935483871,cached
2011,11,-0.7664666666666667,-3.0359333333333334,-0.24436666666666668,-0.6016333333333334,3801.0584533333335,-2.53,-0.44206728887980135,0.20099322176663625,4,-0.5337572659688892,5829.485226666667,760.1173013333333,3801.0584533333335,-0.3108628105555553,-0.3668582590622549,-0.3131995977777784,-0.35750861151960756,-0.4093470829336532,10.905557693333334,10.752488421985817,10.80727579,10.698148636029412,10.51160893884892,-0.00210841464130841,-0.03598439743619079,2,-0.01041280331986853,-0.32709510869141695,2,0.5680246000092685,2.962644343457769,4,3.7071754111314417,10.44953511270244,4,0.1051614408942544,0.19658611961503183,4,-0.3293597620770034,11.024527272727273,55,30,-0.17083554376657872,-0.21368376068376096,-0.13278661951075676,-0.18605865016209872,-0.1620194518125556,-2.95,-2.48,-1.4812,-0.9276333333333332,-1.9697,-0.3317333333333333,-0.26066666666666666,-0.40646666666666664,cached
2011,12,-1.3548709677419355,-3.0615483870967743,-0.028000000000000008,-0.08438709677419354,3994.4956903225807,-2.19,-1.1599806537145612,0.20099322176663625,4,-1.1562785742786386,5667.013780645161,663.8828087741936,3994.495690322581,-0.7926941096296289,-0.5949810479511424,-0.5986131183703716,-0.6156897679330058,-0.837134787330136,8.759002876666667,8.798794595744681,8.744092183333333,8.705745474264706,8.477030122302159,0.03073720012132845,-0.0396607922339353,2,0.2707363872293744,-0.36234644429461615,2,-0.4819579146048155,3.2290487723991776,4,-3.530258081916984,12.373965380752756,4,-0.09785649830160711,0.2589516329947506,4,-0.9998727486094204,8.986205278592376,55,31,-0.8363103762101627,-1.2114746809431345,-1.0401759322842103,-0.9395578935304982,-0.8200396517970047,-2.4,-2.184,2.959322580645161,-0.42377419354838713,-2.2515806451612903,0.4595161290322581,0.04922580645161291,-0.05790322580645161,cached
2012,1,-5.840677419354839,-16.877064516129032,-0.32103225806451613,-0.8674838709677419,4205.5015225806455,-1.57,-0.9913709175994283,0.20099322176663625,4,-1.040569131437202,8910.657548387097,2667.44256,4205.501522580645,-0.7781884787777766,-0.8211288641843968,-0.8371885700740744,-0.8266178042892163,-0.8211199700239806,8.311710593333334,8.072763231205673,7.9808307020000004,7.97162787132353,7.977780121582734,-0.00676308493866385,-0.04346117135093125,2,-0.05749091918658675,-0.3950287423332433,2,0.5188391905392207,3.0380461192418053,4,3.7561021075586303,10.760348504887103,4,0.12752537543521472,0.19371513931441783,4,-0.8308535489301617,8.410850439882697,55,31,-0.8221564449754416,-0.8804021306252491,-0.9037837017124648,-0.8342438769414576,-0.846939997345015,-1.85,-1.669,-10.307548387096777,-7.125032258064516,-10.663516129032258,-0.6099032258064516,-0.39106451612903226,-0.5510322580645162,cached
2012,2,0.4223103448275862,-4.101,0.023344827586206894,-0.19986206896551725,4106.912441379311,-0.89,-0.7455239288759437,0.20099322176663625,4,-0.7266561225125123,7206.137379310345,1398.654631724138,4106.912441379311,-0.5742408798148144,-0.7115755329787223,-0.5937736085555549,-0.5412369361928109,-0.5157510911270995,8.149933473333334,7.959616153900709,7.9729461693333326,7.989316835294118,7.9671428776978415,-0.01252348284813931,-0.02358349043317241,2,-0.10843789278541076,-0.21618706177108857,2,0.5076175581175847,2.7817170822996253,4,3.3551223073774965,9.177554802588356,4,0.05793589118616195,0.13759334284466052,4,-0.9400844799275238,8.23012539184953,55,29,-0.940150708717891,-0.8338596342222976,-0.8316129230130406,-0.9118731951758112,-0.904247919143876,-1.35,-1.148,0.7885862068965517,0.819655172413793,-1.7174827586206896,0.05227586206896551,0.0406551724137931,-0.08475862068965517,cached
2012,3,-2.3056451612903226,-16.32058064516129,-0.113,-0.7236774193548388,5910.903638709678,-1,-1.255473158890679,0.20099322176663625,4,-1.3346614173733358,10120.972387096775,2279.5024,5910.903638709678,-1.396389487481481,-1.4419178286052006,-1.414378917259259,-1.3800245627859482,-1.3164546205835324,7.624295247333333,7.5878423503546095,7.557587468666667,7.562412255147059,7.523131448201439,-0.02373226982190332,-0.03139367513489231,2,-0.2233124934549114,-0.2864238315235854,2,0.5288633695710875,2.665874766366925,4,3.774578936293414,8.51652694236105,4,0.1126719399273787,0.1315736547088193,4,-1.3762852668177377,8.041214076246334,55,31,-1.5195033792223314,-1.4260502810361686,-1.3326543499511243,-1.5080792413381128,-1.445003384652982,-1.66,-1.348,-14.123903225806451,-5.868161290322581,-8.769258064516128,-0.6690645161290323,-0.2730967741935484,-0.39025806451612904,cached
2012,4,-0.09509999999999995,-5.8261666666666665,0.004100000000000002,-0.4009,9496.510826666667,-0.33,-0.5596472203328652,0.2307921677686192,3,-0.5078504592092932,13530.710933333332,2079.963349333333,9496.510826666668,-0.3994838220370376,-0.3769057364066199,-0.33983041277777737,-0.32819386254085003,-0.29257503796962503,9.905977356666666,9.935064904255318,9.912276003333334,9.852629036764704,9.723215924460431,-0.0100244055625799,-0.013295056158115,1,-0.09291741432186128,-0.12124090984207082,1,0.08360099512291833,2.271133662954427,3,0.49020383968138515,6.065962832180807,3,0.01536944386348703,0.04746974758371827,3,-0.49198098223615466,9.734545454545454,55,30,-0.453337164750959,-0.4517586206896554,-0.29872030651341025,-0.4825172413793109,-0.3748927203065134,-1.01,-0.761,-4.231433333333333,-1.4478666666666666,-3.6527333333333334,-0.2727333333333333,-0.0812,-0.25020000000000003,cached
2012,5,2.353290322580645,1.8738064516129032,0.24864516129032257,0.1406774193548387,10141.981625806451,-1.22,-0.8509771410169629,0.2307921677686192,3,-0.9615435302612392,12860.394425806451,1007.9867354838708,10141.981625806451,-0.5272817051851852,-0.8725515303388498,-0.8978070459259264,-0.9086123739787588,-0.9452319764188656,11.905649613333331,11.259938315602836,11.067279056666669,10.925800768382352,10.575691251798562,0.01219064713550783,0.00588625556904433,1,0.11154005735918598,0.05424115217687762,1,0.15284434593597343,1.7459837116450605,3,0.5278865225573899,3.502661425063787,3,-0.00167244129100119,0.00608708018730358,3,-0.9459450114043662,10.950527859237535,55,31,-0.9678637992831536,-1.0864671445639182,-0.7904057347670257,-1.006039665471923,-0.8956389486260447,-2.12,-1.626,4.476,2.982548387096774,1.5982258064516128,0.5025483870967742,0.31870967741935485,0.1207741935483871,cached
2012,6,0.09613333333333332,0.01266666666666671,-0.0163,-0.01153333333333333,9991.110933333333,-1.02,-0.09296794366726426,0.2307921677686192,3,0.07621951013783512,11707.109013333333,679.4144213333333,9991.110933333332,-0.04331148592592626,0.15194983471237222,0.27721119166666597,0.24656223386437937,-0.18541217905675467,14.175443926666668,13.779036514184398,13.653439526666666,13.446394503676473,12.619253269784172,-0.00932081779069069,0.01012452179940359,1,-0.08546037301350588,0.09291438823800792,1,-0.01693256569384199,1.5781520879503164,3,-0.05564018936259814,2.8926578281877036,3,-0.00370833936524135,0.00379011301117982,3,-0.6041166161616162,12.860448484848485,55,30,0.21110740740740697,-0.3651805555555552,0.05900185185185217,0.05108564814814779,0.23631111111111144,-1.63,-1.426,0.8134666666666667,0.3292,0.00420000000000003,0.18703333333333333,0.03476666666666667,-0.00993333333333333,cached
2012,7,2.4386129032258066,3.2534516129032256,0.31551612903225806,0.24348387096774193,9267.814606451613,-1.65,0.35300798281849816,0.2307921677686192,3,0.3785507813553348,10529.282374193548,379.1436830967742,9267.814606451611,0.5579296679629628,0.45968893892828966,0.4490609116666669,0.37688151511437873,0.2181492637889697,15.69391664,14.761884539007092,14.380738706666667,14.107173018382351,13.56124835971223,0.0017485367860944,0.01849652630860572,1,0.01701516257399216,0.16962703021083023,1,-0.05546959763440203,1.3756230183104603,3,-0.0395027271159428,2.115424334863351,3,1.7564080353297103e-4,4.443015431374131e-5,3,-0.07034613206593189,14.321272727272728,55,31,0.28791686750710593,0.33152740699542704,0.4973500648869121,0.33139797305648183,0.3547420745272524,-2.4,-1.953,2.5103870967741937,2.64241935483871,2.6628387096774193,0.4687096774193548,0.346258064516129,0.20616129032258065,cached
2012,8,2.265451612903226,2.213064516129032,0.3791935483870968,0.2998064516129032,5748.3104,-1.66,0.09315598207301046,0.20099322176663625,4,0.024143867846342815,6680.937909677419,296.95188748387096,5748.3104,0.9192697992592578,0.4405709696611506,0.2420407683333341,0.2690201546160118,0.213520247002398,16.046002443333332,14.760115826241137,14.24099934,14.092298602941176,13.617666989208631,0.00220273889313297,0.0118395873230912,2,0.02179671934964939,0.10903444588391292,2,-0.15909155232912034,1.371162251293646,4,-0.4725364836518609,2.1478446610543926,4,-0.00163236169158911,0.00177833099527385,4,0.09244347658613804,14.912780058651029,55,31,-0.3401064494794331,0.0672665045229562,0.17555638760880754,-0.2502688684075777,-0.187501655572623,-2.6,-1.936,2.2715483870967743,2.5965806451612905,2.009387096774194,0.4980322580645161,0.4370322580645161,0.2773225806451613,cached
2012,9,1.1361666666666668,0.7108333333333333,0.4847,0.3526666666666667,3341.1936213333333,-2.03,-0.1834578817366752,0.20099322176663625,4,-0.34812781440168966,4229.586026666666,298.7705568,3341.1936213333333,0.16241696074074063,-0.02177836721828185,-0.14048638148148207,-0.10741327308006632,-0.15906830655475623,14.879552836666669,14.304216329787234,14.022452796666666,13.910986055147058,13.554706978417268,0.01874720463447544,0.00333015431422671,2,0.1647975837091098,0.03061700900419594,2,-0.10715091958009249,1.7606557391483988,4,-0.6314434756975706,3.733043183516791,4,-0.01895499497349163,0.02144356607479433,4,-0.25709772526324265,14.302848484848484,55,30,-0.44580960801650527,-0.17529914529914534,-0.4317435897435899,-0.34304568228706184,-0.43673710580607167,-2.99,-2.309,2.0274666666666668,1.1315666666666666,0.6385666666666666,0.4969,0.49073333333333335,0.3171333333333333,cached
2012,10,0.3718709677419355,-0.3736774193548387,-0.11280645161290323,-0.17974193548387096,2753.1237161290323,-0.55,-0.925109181709257,0.20099322176663625,4,-1.1251071582912289,4049.8504670967736,500.5222761290322,2753.1237161290323,-1.1315626270370365,-1.3174044793144208,-1.6927690020370374,-1.6845616928104583,-1.6981853758992802,12.12133709,11.709742336879431,11.297234276666666,11.188708805147058,10.958083762589927,-0.01072783970110915,-0.01530261171434133,2,-0.08953691997402922,-0.13950021211025795,2,-0.2566360798860094,2.383572742281081,4,-1.7649409036540251,6.984763063880868,4,-0.05348002135602749,0.08766654137026772,4,-0.7645931386445096,12.306909090909093,55,31,-1.2902407407407412,-1.279417502986858,-1.0245415023894855,-1.3121979988052572,-1.0989575567502985,-1.22,-0.918,0.08512903225806452,0.3260645161290322,-0.19674193548387095,-0.18932258064516128,-0.1295806451612903,-0.1,cached
2012,11,-1.3110333333333333,-2.4968333333333335,-0.5238,-0.7813,3811.5356693333333,-0.23,0.15202914131674672,0.20099322176663625,4,0.13610821628204425,7373.69472,1724.870677333333,3811.5356693333338,0.2392321661111101,0.1574752622143425,0.07646655555555526,0.13082875980392217,0.20579927318145508,11.45565267,11.276821943262412,11.196941943333334,11.186486007352942,11.12675529496403,-0.0285254430938537,-0.03598439743619079,2,-0.24204712163552855,-0.32709510869141695,2,-0.02181766494015851,2.962644343457769,4,-0.21677515814510004,10.44953511270244,4,0.00605560438196756,0.19658611961503183,4,0.4839614500442086,11.837848484848484,55,30,0.4240533451223101,0.5912051282051282,0.6032133804892433,0.45871912761567896,0.5012027704096665,-0.66,-0.577,-1.2477666666666667,-1.5540666666666667,-2.0815,-0.6190666666666667,-0.6709,-0.6148,cached
2012,12,-3.278516129032258,-1.9142258064516129,-0.5617741935483871,-0.29854838709677417,5175.580283870968,-0.98,0.8102169996272462,0.20099322176663625,4,0.73624764628789785,9774.776670967742,2612.7271948387092,5175.580283870968,0.8879569603703708,0.8284423031126877,0.6734459916296291,0.6652534453022891,0.7417331874900075,10.439653946666668,10.222217946808511,10.016151293333332,9.9866886875,10.055898097122302,-0.03813604865822003,-0.0396607922339353,1,-0.3495893561879633,-0.36234644429461615,1,0.3010332763221974,3.2290487723991776,4,1.6196840492182902,12.373965380752756,4,0.05560914893420203,0.2589516329947506,4,0.5506609757307552,10.536739002932553,55,31,0.636377795832848,0.8859446738955749,0.7295014870706277,0.7262485580824052,0.6663044342245007,-1.31,-1.301,-0.892516129032258,-3.985225806451613,-1.1960322580645162,-0.16174193548387095,-0.6872903225806452,-0.1813870967741935,cached
2013,1,1.0354193548387096,0.5571612903225807,0.04916129032258065,0.02858064516129033,5229.473548387097,-0.64,-0.43927842866978106,0.25196783574385584,3,-0.4499426109849753,7292.032722580645,972.7277522580644,5229.473548387096,-0.46612871877777806,-0.5984163719858149,-0.5593929820740744,-0.5789838226715691,-0.31404076426858474,8.623770353333333,8.295475723404255,8.25862629,8.219261852941177,8.48485932733813,0.03910316510152632,-0.04346117135093125,1,0.35768283218760183,-0.3950287423332433,1,-0.4966783875014924,3.0380461192418053,3,-3.656235764005124,10.760348504887103,3,-0.1428443221903369,0.19371513931441783,3,-0.3912347806017159,8.850469208211143,55,31,-0.6251671976636134,-0.4497569693349259,-0.5206654221425726,-0.5556417264038226,-0.5911335457321117,-1.1,-1,1.117,1.958032258064516,2.2108709677419354,0.0549032258064516,0.10070967741935484,0.12932258064516128,cached
2013,2,-1.5436785714285715,-0.9832857142857142,-0.08853571428571429,-0.06189285714285715,4123.128342857143,-0.78,-0.5286885644971683,0.20099322176663625,4,-0.30552456841282566,6149.8021714285715,852.33568,4123.128342857143,-0.4383109398148157,-0.35414261595744634,-0.27027325788888845,-0.27287636339869437,-0.42671504436451,8.285863413333333,8.317049070921986,8.29644652,8.257677408088234,8.056178924460431,-0.00136567712943782,-0.02358349043317241,1,-0.0131588542061818,-0.21618706177108857,1,0.46963531876266346,2.7817170822996253,4,2.540858011548497,9.177554802588356,4,0.0710192147917247,0.13759334284466052,4,-0.6948007808679627,8.475409090909091,55,28,-0.45713346733858035,-0.6944138214144159,-0.5346835305664074,-0.5317910933695712,-0.4453768189796723,-1.42,-1.109,1.2111785714285714,0.05278571428571433,0.8294642857142857,0.07246428571428572,-0.0025,0.04321428571428571,cached
2013,3,-0.19832258064516128,-0.3732903225806452,0.009709677419354837,-0.017806451612903226,3765.2209548387095,-0.76,-0.7282370240866542,0.20099322176663625,4,-0.6600582822543751,5638.696980645162,844.2060180645161,3765.22095483871,-0.5583934914814819,-0.651383108037825,-0.7009481225925924,-0.7748410164624193,-0.8418118601518776,8.462291243333333,8.378377070921985,8.271018263333334,8.167595801470588,7.997774208633094,0.02177569355927222,-0.03139367513489231,1,0.19897329207884523,-0.2864238315235854,1,-0.582139576617832,2.665874766366925,4,-3.520946313661743,8.51652694236105,4,-0.09720472184511326,0.1315736547088193,4,-0.7021269090464767,8.715372434017596,55,31,-0.767567895351363,-0.951534152003911,-0.6146973607038131,-0.834638381123059,-0.7099496212121217,-1.48,-1.109,0.7407096774193549,0.4219032258064515,0.7656774193548388,0.06583870967741937,0.05596774193548387,0.05467741935483871,cached
2013,4,0.5540333333333333,1.2903666666666667,0.10123333333333333,0.14073333333333332,6737.510613333333,-0.16,-0.3084132009508572,0.20099322176663625,4,-0.2363284174821653,9229.389013333332,902.2676373333333,6737.510613333334,-0.06617487203703654,-0.14876326122931438,-0.20332097277777805,-0.3130342265114372,-0.6074947645883295,10.239286306666669,10.163207379432624,10.048785443333331,9.867788672794118,9.408296197841729,0.00965562108013219,-0.013295056158115,1,0.08760744115397744,-0.12124090984207082,1,-0.36183663849430714,2.271133662954427,4,-1.636340909737692,6.065962832180807,4,-0.02354002743381651,0.04746974758371827,4,-0.5364537095088819,9.690072727272728,55,30,-0.421448275862069,-0.5430919540229885,-0.18860919540229895,-0.4634061302681989,-0.35422605363984694,-0.72,-0.556,3.0906,1.1810333333333334,2.283333333333333,0.34896666666666665,0.1831,0.22626666666666667,cached
2013,5,0.9079677419354838,0.4081290322580645,0.10806451612903226,0.03803225806451613,8295.90895483871,-0.06,-0.501198807534365,0.20099322176663625,4,-0.370290307324644,10143.808516129033,610.8207793548387,8295.90895483871,-0.3921046851851848,-0.3020702431048061,-0.39739446925925925,-0.4359060872140521,-0.6767633936850537,12.040826633333332,11.83041960283688,11.567691633333334,11.39850705514706,10.844159834532372,-0.01262485458595122,0.00588625556904433,1,-0.11549488187127444,0.05424115217687762,1,-0.1127552411213732,1.7459837116450605,4,-0.4913548711959899,3.502661425063787,4,-0.00475943810666158,0.00608708018730358,4,-0.28016202020202013,11.616310850439882,55,31,-0.31721863799283057,-0.27958542413381043,-0.13406164874551982,-0.3262547192353633,-0.24735937873357192,-0.4,-0.294,3.424193548387097,1.6928387096774191,1.9458387096774197,0.3275483870967742,0.1800967741935484,0.13316129032258064,cached
2013,6,0.3317333333333333,0.6002666666666666,0.16766666666666666,0.060399999999999995,7048.995413333333,-1.06,0.7416332441284486,0.20099322176663625,4,0.8779731336546602,8192.994133333332,464.39552,7048.995413333333,0.7832855707407411,0.710083668045705,0.7557496149999992,0.7379352007761444,0.7410077238209443,15.002040983333334,14.33717034751773,14.13197795,13.937767470588236,13.545673172661871,-0.01146743976088259,0.01012452179940359,1,-0.10490390281941923,0.09291438823800792,1,-0.12431970326386328,1.5781520879503164,4,-0.4711010351185254,2.8926578281877036,4,-0.00389822051135207,0.00379011301117982,4,0.6058894444444447,14.070454545454544,55,30,0.7472185185185184,0.8788194444444452,0.8366685185185195,0.7956412037037032,0.7837555555555559,-1.19,-1.069,1.5685,0.4027333333333334,0.8740333333333333,0.4689,0.2499,0.16246666666666668,cached
2013,7,2.175774193548387,4.595419354838709,0.8513548387096774,0.6595806451612903,5950.181780645161,-1.09,-0.6358656778903051,0.20099322176663625,4,-0.6951009554079312,6859.973161290322,304.9902049032258,5950.181780645161,-0.6349753987037037,-0.9942990078802209,-0.9848219250000004,-0.9226996981209156,-0.565694293764988,14.501011573333331,13.30789659219858,12.94685587,12.80759180514706,12.777404802158271,0.02391977907777046,0.01849652630860572,1,0.21934815730539703,0.16962703021083023,1,0.08640142808442978,1.3756230183104603,4,0.19883898824010804,2.115424334863351,4,-4.443025286106851e-5,4.443015431374131e-5,4,-0.3177009707756093,14.07391788856305,55,31,-1.229717541095044,-0.205784420961562,-0.5220047738227661,-0.9526880484488937,-1.147193409343716,-1.34,-1.139,4.311258064516129,2.5783548387096773,5.778354838709678,1.434451612903226,1.0023225806451612,0.8076451612903226,cached
2013,8,1.7754516129032258,0.6299032258064516,0.1609032258064516,0.03793548387096774,4319.682167741936,-1.18,-0.2837929806571837,0.20099322176663625,4,-0.09886580314892394,4926.20975483871,289.0779901935484,4319.682167741935,0.11439666925925884,0.2299633171788802,0.14078163500000151,0.1163773200571896,-0.00312444364508301,15.241129313333332,14.549508173758865,14.139740206666668,13.939655768382352,13.401022298561152,-0.0128437099553576,0.0118395873230912,1,-0.11758183865450762,0.10903444588391292,1,-0.19266080425917573,1.371162251293646,4,-0.592665800348421,2.1478446610543926,4,-0.00163236169158911,0.00177833099527385,4,-0.2564949398361495,14.56384164222874,55,31,-0.5224720408772825,-0.4697227427888719,-0.28670167690732146,-0.5067204813108036,-0.4376091824543433,-1.56,-1.088,2.8611935483870967,2.193193548387097,1.9065483870967743,0.33525806451612905,0.20803225806451617,0.13851612903225807,cached
2013,9,0.35833333333333334,0.3350666666666667,-0.015333333333333332,-0.009233333333333328,2875.1934826666666,-0.61,1.8681699493151893,0.20099322176663625,4,2.2088551315489777,3870.2458346666663,415.2469941333333,2875.1934826666666,1.800919310740742,2.190596898739166,2.431212668518518,2.5106535982434632,2.4875405855315726,16.51805518666667,16.516591595744682,16.594151846666666,16.529052926470587,16.201315870503596,-0.0331231109365943,0.00333015431422671,1,-0.3028430863010765,0.03061700900419594,1,0.37415256642166367,1.7606557391483988,4,2.827439957122899,3.733043183516791,4,0.09846794558048046,0.02144356607479433,4,1.7841750020094846,16.344121212121212,55,30,2.209301503094606,2.465589743589744,1.5819230769230768,2.327065428824049,2.0244851164161504,-1,-0.658,0.9118333333333334,0.5659666666666666,0.6369333333333334,0.00220000000000001,0.01413333333333333,0.0911,cached
2013,10,0.08641935483870967,0.06125806451612903,0.3297741935483871,0.25261290322580643,3134.761104516129,-1.24,0.37707213663082906,0.20099322176663625,4,0.4901531995131047,4843.08624516129,631.555984516129,3134.761104516129,0.27423307962962973,0.459874740543734,0.5238156712962958,0.5859306527777779,0.44626048381295114,13.527132796666669,13.487021556737588,13.51381895,13.459201150735296,13.10252962230216,0.04068793435282061,-0.01530261171434133,1,0.3728272563489459,-0.13950021211025795,1,-0.5486878916391043,2.383572742281081,4,-2.763886683692774,6.984763063880868,4,-0.04703356637387478,0.08766654137026772,4,0.32532474991854016,13.396826979472142,55,31,0.6738452807646359,0.8023029271206692,0.4844907556750299,0.7266192054958189,0.6281392174432495,-1.65,-1.267,0.3833548387096774,0.1020967741935484,0.07783870967741936,0.5709677419354838,0.38325806451612904,0.3684193548387097,cached
2013,11,0.35406666666666664,-0.3718666666666667,0.09676666666666667,-0.027100000000000003,3366.9619093333336,-0.97,-0.6337339427332556,0.20099322176663625,4,-1.0035741784452263,5400.957653333334,851.7693439999999,3366.961909333333,-0.5211370805555564,-0.8174778193459424,-0.9217288577777794,-0.9693250196078438,-1.165702590127898,10.695283423333333,10.301868861702127,10.19874653,10.086332227941176,9.755253431654676,0.03910843630916109,-0.03598439743619079,1,0.358193573881596,-0.32709510869141695,1,-0.4904204382269036,2.962644343457769,4,-3.0217356749924345,10.44953511270244,4,-0.10470885128142104,0.19658611961503183,4,-0.7113900651073067,10.64249696969697,55,30,-0.8132799882110232,-1.1170170940170945,-0.4362310639552014,-0.9459475390509878,-0.6654638962570001,-1.09,-0.895,-0.00150000000000001,0.5624,-0.07586666666666667,0.03296666666666666,0.16526666666666667,0.06586666666666667,cached
2013,12,1.8349032258064515,1.0585806451612902,0.19125806451612903,0.0792258064516129,3689.313661935484,-1.04,-1.6439873727184715,0.25196783574385584,3,-1.6485870562504024,5655.138993548388,731.7609187096774,3689.313661935484,-1.423149029629629,-1.572077738022065,-1.7072180377037045,-1.735020467197712,-1.7706729607114315,8.128547956666667,7.8216979056737586,7.635487264,7.586414775,7.543491948920863,0.04767532552647699,-0.0396607922339353,1,0.4365852076934931,-0.36234644429461615,1,-1.1021079760819812,3.2290487723991776,3,-6.940378511754122,12.373965380752756,3,-0.23163910476209715,0.2589516329947506,3,-1.5438082324803883,8.442269794721408,55,31,-1.8107189783607005,-1.8343779067495865,-1.6392081903487263,-1.833321334390713,-1.8032654582486176,-1.04,-0.928,0.7197096774193549,2.63441935483871,2.5343870967741937,0.07264516129032259,0.2737741935483871,0.18674193548387097,cached
2014,1,0.917483870967742,-2.7991612903225804,0.06287096774193549,-0.16129032258064516,3716.8083612903224,-0.6,-0.851830695154733,0.20099322176663625,4,-0.9795190192917588,5653.312103225806,736.8762116129033,3716.8083612903224,-0.8558776787777767,-0.6818544393617021,-0.7953280254074073,-0.874397347671569,-1.0679735952038367,8.234021393333334,8.212037656028368,8.022691246666668,7.923848327941177,7.730926496402878,0.02963795256805346,-0.04346117135093125,1,0.2709657809079901,-0.3950287423332433,1,-0.39476723413452974,3.0380461192418053,4,-2.503547450476401,10.760348504887103,4,-0.11149038571181404,0.19371513931441783,4,-0.8979327278157921,8.343771260997068,55,31,-0.8639844019646891,-1.1422300876144964,-0.8805578952608517,-0.9476847371565112,-0.8922088145493167,-0.57,-0.496,-2.085516129032258,2.0332580645161293,-1.3579032258064516,-0.15061290322580645,0.12993548387096773,-0.08312903225806452,cached
2014,2,-2.1748928571428574,-6.795285714285714,-0.121,-0.3331071428571429,3528.27328,-0.25,-0.8554071563071481,0.20099322176663625,4,-0.8115331453989526,7809.368914285714,2391.6571542857146,3528.27328,-0.6983147424814824,-0.7698970173758859,-0.8735905132222221,-0.8922927685457527,-1.053269927098322,8.025859610666666,7.901294669503546,7.693129264666666,7.638261002941176,7.429624041726619,-0.01713482170965067,-0.02358349043317241,1,-0.15763038237969654,-0.21618706177108857,1,-0.2950837549488059,2.7817170822996253,4,-1.3326518806740186,9.177554802588356,4,0.021691387551852,0.13759334284466052,4,-1.1311968847640663,8.0390129870129865,55,28,-1.025109657814771,-1.3119138214144157,-0.8058740067568836,-1.1191720457505234,-0.956805390408244,-0.42,-0.227,-4.1075357142857145,-2.721285714285714,-4.142571428571428,-0.23932142857142857,-0.15057142857142858,-0.20617857142857143,cached
2014,3,-1.0855806451612904,-2.290258064516129,-0.0939032258064516,-0.17019354838709677,6573.151380645161,0.7,0.31381744647464166,0.20099322176663625,4,0.4104360313648379,11081.003251612903,2165.961166451613,6573.151380645161,0.6351341385185183,0.5593716898345154,0.465287410740741,0.42412706441993464,0.30049226215028035,9.655818873333333,9.589131868794324,9.437253796666669,9.366563882352942,9.140078330935252,-0.01530094502444003,-0.03139367513489231,1,-0.14071023409335917,-0.2864238315235854,1,0.1642187800326654,2.665874766366925,4,0.30400431931814464,8.51652694236105,4,-0.0066637687344552,0.1315736547088193,4,0.01203144872478451,9.429530791788856,55,31,0.4684536100249801,0.22362713831867076,0.4549800586510268,0.3739637694145751,0.4808030669599213,0.3,0.464,-2.7920322580645163,-0.7103870967741935,-0.8670967741935484,-0.19616129032258064,-0.0604516129032258,-0.05441935483870967,cached
2014,4,0.214,0.2709,0.011566666666666664,0.039200000000000006,6970.652266666667,0.8,0.4542509883655628,0.20099322176663625,4,0.4444614310577748,10156.292266666667,1115.68192,6970.652266666666,0.5193361612962963,0.4268763806146581,0.4162723272222219,0.4105566043709157,0.4250339080735408,10.82479734,10.738847021276596,10.668378743333331,10.591379503676473,10.440824870503596,-0.0087574047585222,-0.013295056158115,1,-0.08108642601664785,-0.12124090984207082,1,0.1740683537078529,2.271133662954427,4,0.6309503150814134,6.065962832180807,4,-0.00167038966965708,0.04746974758371827,4,0.4631523510971787,10.689678787878789,55,30,0.2551072796934862,0.2875747126436779,0.5437241379310347,0.2411494252873556,0.3867739463601534,0.36,0.526,2.449233333333334,0.3256,1.2016666666666669,0.22816666666666663,0.03919999999999999,0.1625,cached
2014,5,-0.07870967741935483,0.00403225806451613,0.08793548387096774,0.1424516129032258,8915.224774193548,1.41,1.8602379343679876,0.20099322176663625,4,1.84279240773579,11526.76449032258,836.9898012903226,8915.224774193548,1.4863704481481488,1.8722066185973212,2.213958277407407,2.219878063521241,2.26332037609912,13.919301766666669,14.004696464539007,14.17904438,14.054291205882352,13.784243604316549,-0.01176353234757602,0.00588625556904433,1,-0.10760374108079424,0.05424115217687762,1,-0.2786750840528591,1.7459837116450605,4,-1.0416916348795429,3.502661425063787,4,-0.00407544269374029,0.00608708018730358,4,1.9475212642554576,13.84399413489736,55,31,1.9582652329749104,2.15804898446834,1.7058308243727591,2.0313796893667866,1.894683632019116,1.27,1.153,0.8309354838709677,-0.00835483870967742,0.06745161290322581,0.3034516129032258,0.16370967741935483,0.25006451612903224,cached
2014,6,0.4058,1.3020666666666667,0.36296666666666666,0.32066666666666666,7942.8624,-0.27,0.012321170736351153,0.20099322176663625,4,-0.16856064975980622,9560.695573333333,461.09189333333336,7942.8624,-0.02999154925925928,-0.28051090996847883,-0.42822618833333337,-0.38937312642973865,-0.34614472222222226,14.188763863333334,13.346575769503549,12.948002146666669,12.810459143382351,12.458520726618705,0.00805738195870139,0.01012452179940359,1,0.07397585928785766,0.09291438823800792,1,0.099866043057189,1.5781520879503164,4,0.3031720606071693,2.8926578281877036,4,-0.00389822051135207,0.00379011301117982,4,0.12008944444444448,13.584654545454546,55,30,-0.4743370370370368,-0.23740277777777763,-0.04855370370370338,-0.402803240740741,-0.4053555555555554,-0.28,-0.324,2.1215,0.5673,1.9078666666666664,0.6770333333333334,0.4815666666666667,0.43556666666666666,cached
2014,7,0.940258064516129,2.3760645161290324,0.607,0.48829032258064514,6061.62209032258,0.46,1.072208222667528,0.20099322176663625,4,0.8661570228084686,7134.006709677419,353.22010941935486,6061.622090322581,0.8356562746296294,0.5545823750985033,0.5173859416666655,0.5517221070261442,0.6868322925659474,15.971643246666666,14.856777975177303,14.449063736666666,14.282013610294118,14.029931388489208,0.00917057916579528,0.01849652630860572,2,0.07951613045939282,0.16962703021083023,2,0.05207039709555374,1.3756230183104603,4,0.11244821079084168,2.115424334863351,4,-4.443025286106851e-5,4.443015431374131e-5,4,0.4418063606026899,14.833425219941349,55,31,0.2615727814856008,0.4900220306513408,0.4669199573600296,0.4020431343468047,0.25850551538746736,0.25,0.4,1.483032258064516,1.1762903225806451,3.1363548387096776,0.9021612903225806,0.7402258064516128,0.6299677419354839,cached
2014,8,1.1328387096774193,2.8308709677419355,0.525,0.3862258064516129,4242.039329032258,0.55,-0.2179496480405039,0.20099322176663625,4,-0.4634399197122902,5100.677780645161,300.66960929032257,4242.039329032257,-0.21722113740740845,-1.2321113565799848,-1.3344358749999987,-1.192702499795752,-0.5499952637889685,14.909511506666666,13.0874335,12.664522696666667,12.630575948529412,12.854151478417268,0.00814239203135451,0.0118395873230912,2,0.07123234190994453,0.10903444588391292,2,-0.05498475805689014,1.371162251293646,4,-0.3081683658437683,2.1478446610543926,4,-0.00163236169158911,0.00177833099527385,4,-0.2018439134431876,14.6184926686217,55,31,-1.3875258043181429,-0.7307980116060756,-0.5499274833589342,-1.1967204813108037,-1.249974773852193,0.34,0.361,1.7136451612903223,1.4681612903225807,4.326548387096774,0.7632258064516129,0.6511612903225806,0.5345161290322581,cached
2014,9,0.2713333333333333,0.3826333333333333,0.023100000000000002,-0.08326666666666667,2605.3343786666665,0.74,0.8380495844936614,0.20099322176663625,4,0.6733593574540109,3449.269408,275.9944106666666,2605.334378666667,0.540847144074073,0.41600042710795826,0.4729513285185174,0.5538539291258164,0.3180145711430846,15.25798302,14.741995124113474,14.635890506666666,14.57225325735294,14.031789856115108,-0.00947328019046875,0.00333015431422671,2,-0.08333407213420116,0.03061700900419594,2,-0.06522610365924514,1.7606557391483988,4,-0.16675393997163884,3.733043183516791,4,0.00633623073139081,0.02144356607479433,4,0.8580053050397876,15.417951515151517,55,30,0.6818570586501617,0.9804786324786322,0.6164786324786325,0.7946209843796043,0.649707338638373,0.76,0.621,0.4548,0.3868,1.0594333333333334,0.2362,0.07246666666666667,0.01416666666666666,cached
2014,10,-0.004709677419354839,-5.161290322580645e-4,-0.2873225806451613,-0.3943548387096774,2667.1685264516127,1.42,2.7074916084549643,0.29928239749967817,2,2.506808406173401,3615.964015483871,434.9734513548387,2667.168526451613,2.3933889429629627,2.147706580969267,2.145141581296297,2.1032186196895424,2.2485087931654686,15.64628866,15.17485339716312,15.13514486,14.97648911764706,14.904777931654676,-0.04458991172780156,-0.01530261171434133,1,-0.4084593048810584,-0.13950021211025795,1,0.2897961310703859,2.383572742281081,2,1.6062960535121236,6.984763063880868,2,0.04622073275514458,0.08766654137026772,2,2.3701458642880415,15.441648093841644,55,31,2.406640979689367,2.6233781959378732,2.538576777180406,2.4771568399044206,2.4509349163679808,1.43,1.202,0.027,-0.00409677419354838,0.00380645161290322,-0.4756774193548387,-0.33470967741935487,-0.28106451612903227,cached
2014,11,-0.030466666666666666,-0.2838333333333333,-0.022466666666666663,-0.5474666666666667,3640.5965866666666,1.4,1.8941801699896783,0.29928239749967817,2,1.7133516049930355,5879.511573333333,1076.604736,3640.5965866666666,1.7801059494444438,1.5175575459022852,1.5487952455555547,1.5555284105392158,1.600376006994404,12.996526453333331,12.636904226950357,12.669270633333332,12.611185658088235,12.521332028776978,0.01180288677050024,-0.03598439743619079,1,0.1080294353386609,-0.32709510869141695,1,-0.380635058724856,2.962644343457769,2,-2.7010726284563047,10.44953511270244,2,-0.09521594723224092,0.19658611961503183,2,1.514234177316936,12.868121212121212,55,30,1.536720011788977,1.7504273504273502,1.8084356027114652,1.612052460949012,1.5702027704096668,1.35,1.132,-0.00709999999999999,-0.02946666666666666,-0.27323333333333333,-0.16246666666666668,-0.0474,-0.4721,cached
2014,12,-0.06941935483870967,-0.8300645161290323,-0.14651612903225805,-0.5616129032258065,4657.656877419355,1.89,2.354070527491122,0.29928239749967817,2,2.309859089438582,8151.584619354838,2143.3077264516132,4657.656877419355,2.8293052137037034,2.5135816506304174,2.477943924962963,2.42940470265523,2.3907180040367706,12.3810022,11.90735729432624,11.820649226666667,11.750839944852942,11.704882913669064,-0.00447743981195292,-0.0396607922339353,1,-0.04122065353071646,-0.36234644429461615,1,-0.17666462403729358,3.2290487723991776,2,-1.062728609860739,12.373965380752756,2,-0.00802938554345907,0.2589516329947506,2,2.051945433208761,12.038023460410557,55,31,2.3793885485210207,2.4519661792719187,2.367028368791058,2.4199044720609,2.3591001331492314,1.86,1.567,-0.2350967741935484,-0.08880645161290322,-0.6870967741935484,-0.5799032258064516,-0.21293548387096772,-0.4254193548387097,cached
2015,1,-0.955516129032258,-0.9276129032258065,-0.253741935483871,-0.14416129032258065,5553.746580645161,1.64,2.0606115258417272,0.22267943109848068,3,1.6768983252858431,7815.4368,1323.6733832258064,5553.746580645161,1.7427878845555558,1.5141145074468092,1.526418001259259,1.6131898501225486,1.7216505378896887,10.832686956666668,10.40800660283688,10.344437273333334,10.411435525735294,10.520550629496404,0.01627090986309158,-0.04346117135093125,1,0.14850149142651162,-0.3950287423332433,1,-0.6247518981716664,3.0380461192418053,3,-4.288217030664288,10.760348504887103,3,-0.1412896461928014,0.19371513931441783,3,1.8302373601607471,11.071941348973606,55,31,1.3601016195406868,1.7361570091596974,1.562882964954201,1.5288744026284344,1.3294040886764895,1.51,1.336,-0.1884516129032258,-0.8839354838709678,-0.5141935483870967,-0.10338709677419355,-0.23093548387096777,-0.06035483870967742,cached
2015,2,-0.5445714285714286,-0.4754285714285714,-0.20707142857142857,-0.15142857142857144,6682.7648,1.73,2.464844471728938,0.22267943109848068,3,2.534086485219902,9113.964342857142,1228.4434628571428,6682.7648,2.185318026851851,2.0636999762411357,1.9811865254444443,2.0010469527777772,2.071101045563548,10.90949238,10.734891663120568,10.547906303333331,10.531600724264706,10.553995014388487,-4.2122005735017055e-4,-0.02358349043317241,1,-0.00450606040340316,-0.21618706177108857,1,-0.5855458488417518,2.7817170822996253,3,-3.3992859065897663,9.177554802588356,3,-0.07827523622597168,0.13759334284466052,3,1.985088829521648,11.1552987012987,55,28,2.036557008851896,1.9134433214427269,1.984602183719307,2.027494620916143,1.983075561972709,1.52,1.426,-0.6650357142857143,-0.5490714285714285,-0.12278571428571428,-0.35960714285714285,-0.21210714285714288,-0.02150000000000001,cached
2015,3,-0.15519354838709679,-0.28374193548387094,-0.07880645161290323,-0.07835483870967742,5657.879329032258,1.66,2.12185257436272,0.20099322176663625,4,2.0978743002540674,7367.848670967742,685.9059716129033,5657.879329032257,2.139186475185186,2.1611346330969283,2.033418337407408,2.01419341736111,2.0687610930855325,11.15987121,11.190894812056738,11.005384723333334,10.956630235294115,10.908347161870504,0.00293012891341565,-0.03139367513489231,2,0.02440453335491866,-0.2864238315235854,2,-0.60436886890969,2.665874766366925,4,-3.7002329742625246,8.51652694236105,4,-0.12403271652384595,0.1315736547088193,4,1.7718203050297698,11.18931964809384,55,31,1.836303072390572,1.6694335899315735,1.90347468230694,1.7739637694145756,1.8960718841642223,1.33,1.26,0.26283870967741935,0.06209677419354838,0.04103225806451613,0.05480645161290323,-0.00164516129032258,0.02777419354838709,cached
2015,4,0.17063333333333333,0.2627,0.18413333333333334,0.16546666666666665,5054.5488000000005,1.25,1.381786725485908,0.20099322176663625,4,1.2995409981745751,6450.56704,534.054848,5054.5488,1.056760291296296,1.0576387671394798,0.9934550838888896,1.0413782624591512,1.0317552246203032,11.36222147,11.369609407801418,11.2455615,11.222201161764708,11.04754618705036,0.02058675442350583,-0.013295056158115,2,0.1805081894215035,-0.12124090984207082,2,0.15276633804460849,2.271133662954427,4,0.413899947054005,6.065962832180807,4,-0.01310475262104534,0.04746974758371827,4,1.307885684430512,11.53441212121212,55,30,1.0153295019157085,1.049685823754789,1.2416130268199232,1.0327049808429116,1.078551724137931,0.9,0.83,1.2215333333333334,0.3659,0.4533,0.3858333333333333,0.2719333333333333,0.25666666666666665,cached
2015,5,1.7566774193548387,3.238032258064516,0.3480967741935484,0.38051612903225807,5254.136567741935,0.76,0.16645483320217275,0.20099322176663625,4,0.028268258825589143,5824.126348387096,356.88302451612907,5254.136567741935,-0.2565749018518524,-0.33813482466509015,-0.368447492592594,-0.3813505357434632,-0.3912839080735413,12.176356416666666,11.794355021276596,11.59663861,11.453062606617648,11.129639320143886,0.01898730652627539,0.00588625556904433,2,0.1632133597562004,0.05424115217687762,2,-0.0916821671172054,1.7459837116450605,4,-0.6260114988107501,3.502661425063787,4,-0.00577485137018045,0.00608708018730358,4,0.17431305311176284,12.070785923753666,55,31,-0.20861648745519604,0.04364038231780221,-0.01427670250896066,-0.1161471923536433,-0.2045636798088406,0.32,0.389,3.408483870967742,2.4643225806451614,4.409935483870968,0.6618064516129032,0.474258064516129,0.5012580645161291,cached
2015,6,3.4520666666666666,5.281833333333333,0.5593,0.5274,4376.833386666667,0.93,-0.8168256586241877,0.20099322176663625,4,-1.0467095752974387,4890.31136,292.95617386666663,4376.833386666666,-1.17608759925926,-1.6694095766351469,-1.656173588333333,-1.46368157495915,-0.7494244560351717,13.042667813333331,11.95767710283688,11.720054746666667,11.736150694852942,12.055240992805755,0.02090492493773519,0.01012452179940359,1,0.19145758026815812,0.09291438823800792,1,-0.157576806416016,1.5781520879503164,4,-0.5673838576768416,2.8926578281877036,4,-0.00389822051135207,0.00379011301117982,4,-0.3997711616161617,13.06479393939394,55,30,-1.6953370370370375,-0.7699583333333327,-1.1492203703703698,-1.432914351851852,-1.607911111111111,0.82,0.657,6.524533333333333,4.252533333333333,6.916933333333334,0.9043,0.6801,0.6821,cached
2015,7,2.371903225806452,1.9694193548387096,0.323741935483871,0.22012903225806452,3719.9140748387094,1.58,1.5906925210957197,0.20099322176663625,4,1.657520912250769,4108.676335483871,244.96772335483868,3719.91407483871,1.4031388546296295,1.5336554921197791,1.3734676916666668,1.3374203055555558,1.2702339868105526,16.539125826666666,15.83585109219858,15.305145486666667,15.06771180882353,14.613333082733812,-0.00473002797805436,0.01849652630860572,1,-0.04233923975814909,0.16962703021083023,1,0.16179368906853284,1.3756230183104603,4,0.4213133533098015,2.115424334863351,4,-4.443025286106851e-5,4.443015431374131e-5,4,1.4801406714531298,15.871759530791788,55,31,1.472002889012483,1.6104521381782224,1.3475651186503523,1.5737635644543315,1.4534517519466077,1.41,1.144,3.720258064516129,2.915548387096774,3.238677419354839,0.43174193548387096,0.3937741935483871,0.35461290322580646,cached
2015,8,1.2860967741935483,2.8315806451612904,0.3492258064516129,0.25351612903225806,3793.5377548387096,1.34,0.5957058371898638,0.2307921677686192,3,0.4820910256535518,4194.540180645161,241.43269058064516,3793.53775483871,0.4054721359259261,0.3716029909377454,0.2837379783333347,0.34860348549836573,0.4817414304556351,15.53220478,14.69114784751773,14.28269655,14.17188193382353,13.88588817266187,-0.00173350462600956,0.0118395873230912,1,-0.01556949551510174,0.10903444588391292,1,0.20964162649268636,1.371162251293646,3,0.8235506982550123,2.1478446610543926,3,0.01349200144579263,0.00177833099527385,3,0.7783672302518271,15.598703812316716,55,31,0.08795806664959945,0.6142557518347834,0.3577069252432163,0.26069887352790627,0.11454135518006464,0.98,0.889,2.636548387096774,1.720967741935484,4.356419354838709,0.47335483870967743,0.4230645161290323,0.4057741935483871,cached
2015,9,0.5122333333333333,0.4483666666666667,0.30820000000000003,0.1557,2709.1626453333333,1.35,0.8828934108327069,0.2307921677686192,3,0.8562462987410262,3156.9456426666666,212.5270229333333,2709.1626453333333,0.2237057974074066,0.210145703703704,0.38838180851851867,0.4200135357434646,0.7596753085531578,14.940841673333331,14.53614040070922,14.551320986666669,14.438412863970589,14.47345059352518,0.00154255037471807,0.00333015431422671,1,0.0147774908381619,0.03061700900419594,1,-0.07400373405199404,1.7606557391483988,3,-0.6504192954976216,3.733043183516791,3,-0.0198900981264258,0.02144356607479433,3,0.8411325777670605,15.401078787878788,55,30,0.6159681697612728,0.979145299145299,0.4213675213675217,0.7805098732684937,0.509707338638373,0.97,0.936,0.7691,0.5936,0.7129333333333333,0.4207666666666667,0.36356666666666665,0.28376666666666667,cached
2015,10,-0.020548387096774194,-0.021483870967741934,-0.04783870967741935,-0.07303225806451613,2610.1695483870967,1.08,1.6413374240700493,0.20099322176663625,4,1.5311407833940383,2952.985517419355,207.22416929032255,2610.1695483870967,0.9806478362962956,0.916972499408983,0.9990618279629632,1.0306504910130716,1.1026650701438854,14.233547553333333,13.944119315602835,13.989065106666668,13.903920988970588,13.758934208633091,-0.0020506945358087,-0.01530261171434133,2,-0.02179556764443944,-0.13950021211025795,2,-0.0948469189181195,2.383572742281081,4,-1.0186133710405385,6.984763063880868,4,-0.05172695505919669,0.08766654137026772,4,1.652462579830564,14.723964809384164,55,31,1.373630227001195,1.5546685185185185,1.3440606481481483,1.4319955495818402,1.3681392174432505,0.84,0.72,-0.02629032258064515,-0.00706451612903225,9.6774193548387e-4,0.05264516129032257,-0.02699999999999999,0.01012903225806451,cached
2015,11,0.006433333333333334,-0.06196666666666667,0.006933333333333329,-0.0411,3539.7887786666665,0.36,1.0982705882693704,0.20099322176663625,4,1.0146751458998438,5301.848853333334,683.7563306666667,3539.7887786666665,0.8748081494444442,0.7911292551221436,0.7575023255555546,0.7319861973039217,0.949146909872102,12.091228653333332,11.910475936170211,11.877977713333332,11.78764344485294,11.870102931654676,0.03193923208211004,-0.03598439743619079,2,0.2757395280162037,-0.32709510869141695,2,0.05247758723849501,2.962644343457769,4,0.4257953859793064,10.44953511270244,4,0.04131063623004774,0.19658611961503183,4,1.239815995498754,12.59370303030303,55,30,0.9940533451223104,1.2728717948717947,1.3023244916003545,1.0653857942823457,1.0325361037430003,0.17,0.067,-0.00276666666666666,0.00403333333333333,-0.0356,-0.14846666666666666,-0.00419999999999999,0.10313333333333333,cached
2015,12,-1.0253548387096774,-1.0528387096774194,-0.543,-0.2915161290322581,3781.4802787096773,0.63,0.9754792913143193,0.20099322176663625,4,0.9473348102730649,9604.875870967742,3069.3584309677417,3781.480278709678,0.7933408503703703,0.5984800407013395,0.6740972482962952,0.6219099563317005,0.6213922594324544,10.345037836666666,9.992255684397165,10.01680255,9.943345198529412,9.935557169064747,-0.03477968395233131,-0.0396607922339353,2,-0.3007454952621502,-0.36234644429461615,2,1.006465605452608,3.2290487723991776,4,8.202552481364915,12.373965380752756,4,0.20877214013778844,0.2589516329947506,4,0.9662621487512832,10.95234017595308,55,31,0.7075605915317725,0.686267254540736,0.9521896591136384,0.6845281279748784,0.7983474449771885,0.29,0.01,-1.4238064516129032,-1.1585806451612903,-0.6363225806451613,-0.9648064516129032,-0.6356774193548387,-0.15170967741935484,cached
2016,1,-4.032870967741935,-5.029677419354838,-0.7672903225806452,-0.6932903225806452,4116.897341935484,1.29,1.1358555689899987,0.20099322176663625,4,0.9938598404493882,7257.321806451612,1960.8013832258064,4116.897341935483,0.879341454555556,0.5687939968085107,0.29272272792592524,0.31070877659313645,0.4918696278177457,9.969240526666669,9.46268609219858,9.110742,9.108954452205882,9.29076971942446,-0.01860587885764736,-0.04346117135093125,2,-0.14640841561490245,-0.3950287423332433,2,0.3786217728383119,3.0380461192418053,4,2.127400359986482,10.760348504887103,4,0.11303922388197588,0.19371513931441783,4,1.1676039290757034,10.409307917888563,55,31,0.7404242001858486,0.9463720629231388,1.194388341298288,0.7745733273596181,0.8997266693216511,0.75,0.521,-2.9605806451612904,-4.565322580645161,-4.931225806451613,-0.7935161290322581,-0.8802258064516129,-0.6801290322580645,cached
2016,2,-1.7552413793103447,-1.8175862068965518,-0.34472413793103446,-0.2576551724137931,4795.303613793103,1.89,1.6391610061402342,0.22605835436777164,3,1.837317004982424,7516.645737931035,1445.5238179310345,4795.303613793103,1.5733443501851845,1.3972533911347522,1.3740397087777776,1.3506311807189544,1.4405475671462824,10.297518703333331,10.068445078014184,9.940759486666666,9.881184952205883,9.923441535971223,-0.03244732496068248,-0.02358349043317241,2,-0.28977450441315983,-0.21618706177108857,2,0.36444760450983865,2.7817170822996253,3,1.5699159277548669,9.177554802588356,3,0.04162234943029779,0.13759334284466052,3,1.5923794699157363,10.76258934169279,55,29,1.7078952682936035,1.8402782968121856,1.6079273068720166,1.7572072645943042,1.6911543797066984,1.29,1.113,-1.840206896551724,-1.8143448275862069,-1.1631724137931034,-0.4161379310344828,-0.3566206896551724,-0.15762068965517242,cached
2016,3,-2.2113870967741938,-1.6938064516129032,-0.4840322580645161,-0.28780645161290325,5877.106167741936,2.37,1.5928084960609108,0.20099322176663625,4,1.681120218577601,9123.490270967744,1802.3186477419356,5877.106167741935,1.486604505185186,1.326026934515367,1.3189448840740745,1.3260761379493449,1.3716034923661071,10.50728924,10.355787113475175,10.29091127,10.268512955882352,10.21118956115108,-0.03292713865982374,-0.03139367513489231,1,-0.30015169969100836,-0.2864238315235854,1,0.5002075800197381,2.665874766366925,4,3.782694428223688,8.51652694236105,4,0.1110761736284678,0.1315736547088193,4,1.365450803563494,10.782950146627568,55,31,1.3910342551862704,1.4474981060606058,1.5034746823069405,1.3988024790919944,1.413276185239491,1.56,1.447,-2.274032258064516,-2.4758064516129035,-1.3738387096774194,-0.5391612903225806,-0.5412903225806451,-0.23074193548387095,cached
2016,4,0.08166666666666668,0.04253333333333336,0.02453333333333333,0.02326666666666666,7938.1429333333335,2.42,1.8755483802306174,0.20099322176663625,4,1.963897311901342,9377.580266666668,685.1721706666667,7938.142933333333,1.809697677962964,1.9994599160756508,1.971573383888888,1.8044842183415035,1.45228701598721,12.115158856666667,12.311430556737587,12.2236798,11.98530711764706,11.468077978417266,0.01348636887751666,-0.013295056158115,1,0.1224802881106262,-0.12124090984207082,1,-0.00757525718006593,2.271133662954427,4,-0.3365804954856564,6.065962832180807,4,-0.00448850660171488,0.04746974758371827,4,1.811903866248694,12.038430303030305,55,30,2.051107279693486,1.9242413793103448,1.9430574712643676,2.024704980842911,2.0015517241379315,1.74,1.619,1.421366666666667,0.5474,0.734,0.18636666666666665,0.09643333333333334,0.12586666666666663,cached
2016,5,1.5627096774193547,1.8656451612903227,0.4656774193548387,0.4694838709677419,7081.940335483871,2.08,0.6381452093632642,0.20099322176663625,4,0.4660470614148231,7545.970477419355,516.2792051612903,7081.940335483871,0.672066858148149,0.4050539093774628,0.177836254074073,0.13298264440359553,0.02602468545163816,13.104998176666667,12.537543755319149,12.142922356666666,11.967395786764708,11.546947913669063,0.01604712007584518,0.00588625556904433,1,0.1468717480679805,0.05424115217687762,1,0.00179456443858637,1.7459837116450605,4,-0.02445952649830151,3.502661425063787,4,-0.00357189190121113,0.00608708018730358,4,0.955820384490062,12.852293255131965,55,31,0.281060931899642,0.4550382317801685,0.7550781362007163,0.311702270011948,0.42350083632019125,1.6,1.498,4.898193548387097,1.9027096774193548,2.5655483870967744,0.6835483870967742,0.5570967741935484,0.6052903225806452,cached
2016,6,2.5343,3.0081,0.3429333333333333,0.27386666666666665,5552.92448,1.02,0.4255376349054685,0.20099322176663625,4,0.44009961626372746,5820.990186666666,435.88994133333335,5552.92448,0.3915813007407411,0.4557774162726549,0.4372089516666655,0.3479427522467322,0.2065443533173461,14.610336713333334,14.08286409574468,13.813437286666666,13.547775022058824,13.011209802158271,0.00828652777234244,0.01012452179940359,1,0.07585212606538932,0.09291438823800792,1,-0.1431384304232775,1.5781520879503164,4,-0.7097729518692899,2.8926578281877036,4,-0.00389822051135207,0.00379011301117982,4,0.8074167171717173,14.271981818181818,55,30,0.24399629629629577,0.5118194444444448,0.33566851851851887,0.3273078703703695,0.26431111111111133,0.87,0.676,4.1303,3.060966666666667,4.584,0.5500666666666667,0.415,0.4123333333333334,cached
2016,7,1.3301290322580646,1.7844516129032257,0.39170967741935486,0.3449677419354839,4318.768722580645,0.74,0.6075095019572998,0.20099322176663625,4,0.6542128943679355,4656.743432258065,319.5779241290323,4318.768722580645,0.32252396129629624,0.3679087155240346,0.4833059649999995,0.3808770776143788,0.4107975227817757,15.458510933333333,14.670104315602837,14.41498376,14.111168580882351,13.753896618705037,0.00104251540345786,0.01849652630860572,2,2.493205869589795e-4,0.16962703021083023,2,0.1626985423645534,1.3756230183104603,4,0.555144498194925,2.115424334863351,4,1.3607516230138635e-4,4.443015431374131e-5,4,0.5876186773182323,14.97923753665689,55,31,0.5106050395501173,0.9380865467803728,0.33584468854282495,0.6883872203683102,0.39441949388209113,0.57,0.478,3.4078387096774194,1.7505806451612902,2.9589354838709676,0.6655161290322581,0.4825483870967742,0.48812903225806453,cached
2016,8,0.8274516129032258,2.6536774193548385,0.4584516129032258,0.3544193548387097,3588.9260387096774,-0.13,-0.7784661090977575,0.20099322176663625,4,-0.7279451208990236,3961.6116645161287,245.10474012903225,3588.9260387096774,-0.9032190607407404,-0.922750977147361,-0.7927728416666664,-0.7428960071486941,-0.6026339580335733,14.223513583333334,13.396793879432623,13.20618573,13.08038244117647,12.801512784172662,0.0039712778550672,0.0118395873230912,2,0.03222320758469716,0.10903444588391292,2,0.1700809991468865,1.371162251293646,4,0.3839552488667927,2.1478446610543926,4,-0.00163236169158911,0.00177833099527385,4,-0.4715623885165013,14.348774193548389,55,31,-1.0516118258235192,-0.20230338795016203,-0.8979919994879667,-0.7699462877624162,-1.1273941286909028,-0.63,-0.124,2.2774193548387096,1.0561290322580643,3.8635483870967744,0.7042903225806452,0.5542903225806451,0.49316129032258066,cached
2016,9,0.713,0.7258333333333333,0.31166666666666665,0.1858,2570.4103253333333,-0.4,0.5486468951143947,0.20099322176663625,4,0.5878017598531778,3010.642176,245.1102208,2570.4103253333333,0.07895156074074094,0.3911684058313636,0.2854726851851854,0.3481432489787579,0.5196240099920058,14.796087436666667,14.71716310283688,14.448411863333334,14.366542577205882,14.233399294964029,0.00654065854179677,0.00333015431422671,2,0.06309884298227371,0.03061700900419594,2,-0.11472744570313877,1.7606557391483988,4,-0.7252010723584928,3.733043183516791,4,-0.01670712824071266,0.02144356607479433,4,0.6967992444337272,15.256745454545454,55,30,0.7379681697612733,0.987034188034188,0.5998119658119657,0.8533987621573829,0.6655962275272618,-0.8,-0.327,2.8638,0.9325333333333332,1.4352333333333334,0.5301,0.3952333333333333,0.3139,cached
2016,10,-0.02041935483870968,-0.0237741935483871,-0.5757096774193549,-0.4722258064516129,3140.515809032258,-0.08,0.03143038866051564,0.14937827895301814,6,0.23431256159643787,5078.481063225806,1004.6435261935484,3140.515809032258,-0.15123161703703758,-0.01894777364066158,-0.08750266537036921,-0.07883527736928109,-0.13071226079136622,13.1016681,13.008199042553192,12.902500613333334,12.794435220588236,12.52555687769784,-0.04915502716986652,-0.01530261171434133,4,-0.3990760896680132,-0.13950021211025795,4,0.4961737246515075,2.383572742281081,6,2.7063976351508505,6.984763063880868,6,0.06569659590272121,0.08766654137026772,6,0.29829835695666335,13.369800586510264,55,31,0.19212485065710896,0.5549910991636798,0.24954451911589065,0.29210307646356054,0.18867685185185165,-0.43,-0.296,-0.2487741935483871,-0.0102258064516129,-0.0074516129032258,-1.023741935483871,-0.6730322580645162,-0.38112903225806455,cached
2016,11,3.0000000000000003e-4,0,-0.5223666666666666,-0.44356666666666666,4019.0978133333333,1.24,1.8984881257166162,0.14937827895301814,6,2.0181167284907775,6571.385386666666,1432.83008,4019.0978133333338,1.6253365294444446,1.80203137568952,1.6085946555555548,1.5965567855392155,1.816576370303757,12.841757033333334,12.92137805673759,12.729070043333332,12.652214033088235,12.737532392086331,-0.03135549459295847,-0.03598439743619079,4,-0.24011680276517056,-0.32709510869141695,4,0.8067937920928225,2.962644343457769,6,4.765782768025092,10.44953511270244,6,0.2034520061917146,0.19658611961503183,6,1.777646298529057,13.131533333333334,55,30,2.2573866784556436,2.381760683760683,2.1507689360447984,2.32083023872679,2.198980548187445,0.96,0.66,0,9.999999999999998e-5,0,-0.6475666666666666,-0.6113,-0.36446666666666666,cached
2016,12,0.06219354838709677,-0.5721612903225807,-0.008193548387096775,-0.09270967741935483,4362.6140903225805,0.86,0.9117904006205859,0.14937827895301814,6,0.9486363560031817,7080.11344516129,1912.7541677419356,4362.614090322581,0.29914857037037024,0.26046864708431805,0.17858799829629568,0.21821565486111183,0.5267528961231012,9.850845556666666,9.654244290780142,9.5212933,9.539650897058824,9.840917805755396,0.02698886142445489,-0.0396607922339353,4,0.24535201813389265,-0.36234644429461615,4,-0.15842074875990822,3.2290487723991776,6,-1.3268400893578811,12.373965380752756,6,-0.03212885442956924,0.2589516329947506,6,0.7291477792498169,10.715225806451611,55,31,0.20390467755327832,0.9429339212074032,0.3786412720168648,0.4691517838888567,0.13103561702019917,0.61,0.315,-0.01435483870967742,0.17961290322580645,0.13348387096774192,0.02151612903225807,0.03112903225806451,0.04558064516129032,cached
2017,1,-1.9578064516129032,-6.220677419354838,-0.17564516129032257,-0.45064516129032256,4913.421522580645,0.44,-0.1565133663764618,0.17112503529099798,5,-0.4858277598562424,6880.9824,1444.6135225806452,4913.421522580645,-0.04081766211111137,-0.4695519003546096,-0.6355933020740743,-0.6476281866421569,-0.6326041239808156,9.04908141,8.42434019503546,8.18242597,8.150617488970589,8.1662959676259,0.02067683742556838,-0.04346117135093125,3,0.18719457472603476,-0.3950287423332433,3,-0.34880932345207905,3.0380461192418053,5,-1.3871601972848628,10.760348504887103,5,-0.00989257400130833,0.19371513931441783,5,0.0721141930053221,9.31381818181818,55,31,-0.34161881056683957,-0.1522300876144964,-0.26378370171246485,-0.2690825866188771,-0.32790773928049904,-0.06,-0.091,-3.5183225806451612,-2.5770645161290324,-4.457774193548387,-0.39319354838709675,-0.23816129032258063,-0.3122258064516129,cached
2017,2,-2.6695357142857143,-1.3256785714285715,-0.22732142857142856,-0.11224999999999999,6149.8021714285715,0.69,0.24053155341816773,0.18841410563654157,4,0.16876576057589787,10182.923542857145,2644.991382857143,6149.8021714285715,-0.01106523981481544,-0.3123705698581549,-0.4270109178888877,-0.42001727883986995,-0.388561711990409,8.713109113333333,8.358821117021277,8.13970886,8.110536492647059,8.094332256834532,-0.00302967267700082,-0.02358349043317241,2,-0.01051043944772645,-0.21618706177108857,2,-0.15321229262291364,2.7817170822996253,4,-1.303890821555118,9.177554802588356,4,-0.04091604655180431,0.13759334284466052,4,0.14279662172944,9.313006493506494,55,28,-0.1433239435290563,0.2740385595379653,-0.5578978162806933,0.05130414472566732,-0.28859110469395804,-0.02,0.108,-0.27507142857142863,-3.303464285714286,-0.03728571428571421,-0.05996428571428571,-0.28996428571428573,-0.01,cached
2017,3,-2.793709677419355,-3.609451612903226,-0.24774193548387097,-0.317,9986.695948387096,0.8,0.15093596757300706,0.18841410563654157,4,0.1959861475578082,14695.50575483871,2534.2622554838713,9986.695948387098,0.10697127851851818,0.00843203026004779,0.01835714740740712,-0.03440556425653618,-0.02535648245403621,9.127656013333333,9.038192209219858,8.990323533333333,8.908031253676471,8.814229586330935,-0.01542121435304962,-0.03139367513489231,2,-0.12481032255370444,-0.2864238315235854,2,0.04347251634190639,2.665874766366925,4,-0.6624760573752845,8.51652694236105,4,-0.05494430683101863,0.1315736547088193,4,0.13217221118812753,9.5496715542522,55,31,0.02802350249809867,0.22782068670576727,-0.2384608015640275,0.1318132317801671,-0.1059711265884656,0.1,0.196,-4.110354838709677,-3.212967741935484,-1.7553870967741936,-0.4748709677419355,-0.2837096774193548,-0.164,cached
2017,4,-1.6684333333333332,-1.8309333333333333,-0.1904,-0.2193,11046.38368,1.15,0.2029686275203327,0.1604665425420726,5,0.2603638559506818,14770.986773333332,1473.2287146666663,11046.38368,-0.08384926203703635,0.04775413238770731,0.01892731388888791,0.06586775142973877,0.02748340087929612,10.221611916666667,10.359724773049646,10.27103373,10.246690650735294,10.043274363309353,-0.0195149913705468,-0.013295056158115,3,-0.16897010179216765,-0.12124090984207082,3,0.30558695785571827,2.271133662954427,4,1.7138115096179851,6.065962832180807,4,0.0217590950214656,0.04746974758371827,4,0.11627962382445128,10.34280606060606,55,30,0.0731072796934864,0.28013026819923326,-0.0557203065134099,0.14859386973180003,0.00677394636015371,0.56,0.492,-2.1756333333333333,-2.158166666666667,-1.0424,-0.2848,-0.247,-0.12166666666666666,cached
2017,5,0.9114516129032258,1.5600967741935483,0.19919354838709677,0.28216129032258064,11861.085419354838,0.94,0.3728598509881304,0.14937827895301814,6,0.34934289522952316,14945.78972903226,1097.5957058064516,11861.085419354838,0.19581826814814815,0.12420451930654151,0.1830755074074073,0.18132446425653548,0.15514212789768145,12.628749586666666,12.256694365248228,12.14816161,12.015737606617646,11.676065356115108,0.00477576030880423,0.00588625556904433,4,0.03779395465779457,0.05424115217687762,4,0.08797274244512583,1.7459837116450605,6,0.25550190504720505,3.502661425063787,6,-0.00563291068520386,0.00608708018730358,6,0.28829545780384486,12.184768328445749,55,31,0.26245878136200734,0.29514575866188864,0.2775512544802865,0.29912162485065724,0.25403847072879354,0.45,0.397,5.191290322580645,1.4524193548387097,2.195,0.5055483870967742,0.2936451612903226,0.38483870967741934,cached
2017,6,1.8986333333333334,1.9653333333333334,0.23576666666666665,0.23016666666666666,10426.24576,0.58,0.6138673209189459,0.14937827895301814,6,0.6871994481137609,12042.191146666668,510.7406826666667,10426.24576,0.5041661307407406,0.5614117460598891,0.36910694833333224,0.3868888441584968,0.4958617813749005,14.722921543333332,14.188498425531916,13.745335283333333,13.586721113970588,13.300527230215828,-9.453699229951568e-4,0.01012452179940359,4,-0.00850058388547605,0.09291438823800792,4,0.12231887512534027,1.5781520879503164,6,0.22608838669666267,2.8926578281877036,6,-0.00284907775360613,0.00379011301117982,6,0.6649561111111112,14.129521212121212,55,30,0.6141074074074074,0.7219305555555557,0.5403351851851858,0.6613078703703703,0.6369777777777781,0.33,0.122,4.7324,2.5721333333333334,3.013,0.42273333333333335,0.31396666666666667,0.3264,cached
2017,7,1.3416129032258064,3.0977741935483873,0.6024516129032258,0.5234193548387097,5182.88784516129,-0.12,-0.17718797370804584,0.14937827895301814,6,-0.10940114131173158,5753.791070967743,315.1933873548387,5182.88784516129,-0.10868678203703652,-0.6188093731284479,-0.5743080416666668,-0.5495412863562095,-0.4342168657074339,15.02730019,13.683386226950354,13.357369753333334,13.180750216911765,12.908882230215829,0.00895950876664306,0.01849652630860572,4,0.07845425236813504,0.16962703021083023,4,-0.22860175570995037,1.3756230183104603,6,-0.6326467882370702,2.115424334863351,6,-4.44238251741868e-5,4.443015431374131e-5,6,-0.07032267165537469,14.321296187683284,55,31,-0.8354164658262272,-0.600730657520702,-0.42695101038190586,-0.7550536398467435,-0.752462226548016,-0.45,-0.445,2.450677419354838,1.6361290322580646,3.953096774193548,0.9980967741935484,0.7263548387096774,0.6617741935483871,cached
2017,8,1.1086451612903225,2.1503870967741934,0.537483870967742,0.3339032258064516,3649.2134193548386,-0.05,-0.11368109038115781,0.14937827895301814,6,0.12973218087927604,4069.398193548387,320.12599122580644,3649.2134193548386,0.11020113592592472,0.01360926044129229,-0.05060145499999891,-0.08635748876634075,-0.16672895443645075,15.23693378,14.333154117021277,13.948357116666669,13.736920959558825,13.237417787769784,0.00525535512061908,0.0118395873230912,4,0.04363395008773321,0.10903444588391292,4,-0.00918715834718676,1.371162251293646,5,-0.13830847662742324,2.1478446610543926,5,-0.00184950200112765,0.00177833099527385,5,0.05924113054508236,14.87957771260997,55,31,-0.5433322559310465,-0.3047765062297323,-0.3773468381976439,-0.4827419866871482,-0.47416832223929006,-0.63,-0.334,5.314838709677419,1.2875806451612903,3.2695806451612905,0.6798064516129032,0.6209677419354839,0.474774193548387,cached
2017,9,1.235,1.4444666666666666,0.19106666666666666,0.1385,3082.944405333333,0.31,0.26586954300381826,0.14937827895301814,6,0.5624701219248772,3649.280405333333,313.14605226666663,3082.944405333333,-0.11438523592592632,-0.24949994168636636,-0.20911595148148088,-0.15170212234477098,-0.04214662669864211,14.60275064,14.07649475531915,13.953823226666668,13.866697205882351,13.67162865827338,0.00397403641568095,0.00333015431422671,4,0.04231895004882547,0.03061700900419594,4,-0.3442814137101475,1.7606557391483988,5,-1.2412309309221543,3.733043183516791,5,-0.00749735063089635,0.02144356607479433,5,0.4720234868579697,15.031969696969696,55,30,-0.45014294134983857,-0.0351880341880341,-0.0830769230769229,-0.4071567933981732,-0.21818155025051547,-0.2,0.038,2.951033333333333,1.496133333333333,2.6876333333333333,0.32343333333333335,0.2303333333333333,0.2591333333333333,cached
2017,10,0.32538709677419353,0.30054838709677423,0.1481290322580645,0.09548387096774193,2613.366606451613,-0.21,-0.3335037939974597,0.14937827895301814,6,-0.16310360602922871,3937.862090322581,683.8872578064515,2613.366606451613,-0.14120984370370415,-0.3605604615839244,-0.07992841537036988,-0.14116772589869342,-0.1706005377697828,13.111689873333331,12.66658635460993,12.910074863333334,12.732102772058823,12.485668600719425,0.01277073013585526,-0.01530261171434133,3,0.1055812896359875,-0.13950021211025795,3,0.21656396908258163,2.383572742281081,6,1.535537911545813,6.984763063880868,6,0.08283922082225481,0.08766654137026772,6,0.02450950065167812,13.096011730205278,55,31,0.06029689366786132,0.07886206690561497,0.0441681750298688,0.06188802270011943,0.07996717443249739,-0.68,-0.46,1.1595483870967742,0.3952258064516129,0.5168709677419355,0.18048387096774193,0.18283870967741936,0.2177741935483871,cached
2017,11,-0.7555666666666666,-0.9393333333333334,-0.536,-0.5267000000000001,3383.7632106666665,-0.43,0.1694751254803858,0.14937827895301814,6,0.05545276386997718,6306.15136,1535.7144533333333,3383.763210666667,-0.22233785722222169,-0.11270405338849444,-0.15709057111111235,-0.13340012990196115,-0.1872157196243016,10.994082646666667,11.006642627659575,10.963384816666666,10.922257117647058,10.733740302158273,-0.03807076341712195,-0.03598439743619079,3,-0.3102814580433542,-0.32709510869141695,3,0.0630056813330917,2.962644343457769,6,0.3709331719446067,10.44953511270244,6,0.00650035051773119,0.19658611961503183,6,0.25599175307451155,11.609878787878788,55,30,0.215831122900088,0.3698717948717943,0.2574356027114651,0.2748302387267903,0.21186943707633313,-0.6,-0.547,-1.2900333333333334,-0.8414333333333334,-0.809,-0.7843666666666667,-0.6009333333333333,-0.44156666666666666,cached
2017,12,0.2573548387096774,-0.21348387096774193,0.10370967741935483,-0.04470967741935483,4249.34689032258,-0.07,0.24857915788832907,0.17112503529099798,5,0.19987666037886478,6470.845522580645,922.5796129032258,4249.346890322581,0.1685520670370373,0.00955980311268689,-0.0411930650370369,0.01043802618464084,0.24367180979216485,9.720249053333331,9.40333544680851,9.301512236666667,9.331873268382353,9.55783671942446,0.03513802333905953,-0.0396607922339353,3,0.3077821609760909,-0.36234644429461615,3,-0.8984338395567423,3.2290487723991776,6,-6.264817554072713,12.373965380752756,6,-0.19528631231472773,0.2589516329947506,6,0.2923383950855939,10.278416422287387,55,31,-0.1706114514789796,0.3146543513149294,0.09283482040396152,-0.01643961396060571,-0.16584610340990835,-0.03,-0.23,0.07661290322580647,0.30593548387096775,0.03577419354838709,0.10861290322580644,0.11738709677419354,0.01735483870967742,cached
2018,1,-2.5718709677419356,-3.6670645161290323,-0.45941935483870966,-0.5276774193548387,5549.1793548387095,0.44,0.674407241319841,0.17112503529099798,5,0.6778858818258549,8835.75504516129,1587.2023122580645,5549.1793548387095,0.82697186788889,0.6622797379432637,0.4998501979259249,0.44985235012254776,0.242219397601918,9.91687094,9.556171833333334,9.31786947,9.248098025735294,9.041119489208633,-0.03331179125889286,-0.04346117135093125,3,-0.26813422596607267,-0.3950287423332433,3,0.3164692243556034,3.0380461192418053,6,2.606026925180049,10.760348504887103,6,0.03080537598419318,0.19371513931441783,6,0.7779499701314218,10.019653958944282,55,31,0.7912844152396113,0.8562645360414182,0.9184743628036636,0.7867238649940257,0.8588664542678875,0.38,0.174,-2.818806451612903,-3.149193548387097,-3.049,-0.6355161290322581,-0.563741935483871,-0.4329677419354839,cached
2018,2,0.8607857142857143,3.753392857142857,0.04596428571428571,0.31257142857142856,6731.3078857142855,0.1,0.05514604618635088,0.17112503529099798,5,0.04267263092655386,8768.094857142858,898.1482171428571,6731.3078857142855,-0.33591160648148133,-0.01837242446808495,0.09259683211111104,0.1031688388071892,0.09089575419664264,8.388262746666667,8.652819262411347,8.65931661,8.633722610294118,8.573789723021584,0.02539994524445715,-0.02358349043317241,3,0.2403182936771762,-0.21618706177108857,3,-0.38076403157045424,2.7817170822996253,5,-2.148594623000405,9.177554802588356,5,-0.02478007503221175,0.13759334284466052,5,-0.05902805359523536,9.111181818181818,55,28,-0.01713346733858086,-0.00822334522393871,-0.29777876866164554,0.02570890663042864,-0.1108530094558624,-0.09,-0.193,3.1671428571428573,1.767607142857143,5.268142857142857,0.41125,0.1215357142857143,0.4369642857142857,cached
2018,3,-4.904774193548387,-0.20354838709677414,-0.3419354838709677,-0.02519354838709677,5677.061677419355,-0.23,-0.1481833631918782,0.14937827895301814,6,-0.24127624379432908,7323.089858064516,1001.5012748387096,5677.061677419355,-0.5846351114814805,-0.6482982498817957,-0.4564532959259253,-0.40540394660947854,-0.5047316191446836,8.436049623333334,8.381461929078014,8.51551309,8.537032871323529,8.334854449640288,0.01934518869111777,-0.03139367513489231,4,0.1807058241310988,-0.2864238315235854,4,-0.6791416295075051,2.665874766366925,5,-3.884163735429715,8.51652694236105,5,-0.09358507989200626,0.1315736547088193,5,-0.14164597063005427,9.275853372434018,55,31,-0.49025606739437383,-0.3092760874877805,-0.33297693059628547,-0.4405523596176823,-0.47822919110459416,-0.72,-0.549,0.23854838709677417,-5.532709677419355,1.2426129032258064,0.03703225806451613,-0.3885483870967742,0.06835483870967742,cached
2018,4,-2.0094,0.23306666666666667,-0.17543333333333333,0.015733333333333332,7702.1696,-0.23,0.019951983771931595,0.14937827895301814,6,0.010459381650174867,10329.96864,1335.8922346666666,7702.1696,-0.4331521920370367,-0.25107811583924367,-0.29114876611111207,-0.3175046125408496,-0.25019827178257437,9.872308986666669,10.060892524822696,9.96095765,9.863318286764706,9.765592690647482,-0.01140632612858704,-0.013295056158115,4,-0.10012905213739588,-0.12124090984207082,4,0.286033308039894,2.271133662954427,6,1.9230843519983112,6.065962832180807,6,0.04949744046088233,0.04746974758371827,6,0.13569174503657264,10.362218181818182,55,30,-0.1313371647509586,0.15924137931034466,-0.04427586206896568,-0.04307279693486639,-0.12244827586206893,-0.82,-0.511,-0.29706666666666665,-2.0437333333333334,1.2732,-0.02933333333333333,-0.17796666666666666,0.11613333333333332,cached
2018,5,0.9953225806451613,1.9801290322580645,0.289258064516129,0.3357741935483871,12762.655793548387,0,0.9970762630861814,0.14937827895301814,6,0.6577051051340561,14068.882374193548,448.1361961290322,12762.655793548389,1.1324926848148156,0.9964145015760444,0.8575471207407404,0.8490717363153593,0.7746759624300559,13.565424003333334,13.12890434751773,12.822633223333334,12.68348487867647,12.295599190647485,0.01450404745317587,0.00588625556904433,4,0.13371706683532883,0.05424115217687762,4,-0.1844081104428173,1.7459837116450605,5,-0.8103951687551997,3.502661425063787,5,-0.00577610869803289,0.00608708018730358,5,1.0070168654284783,12.903489736070382,55,31,0.7780501792114703,0.9409522102747911,1.0241103942652323,0.8376162485065718,0.8483395459976109,-0.47,-0.312,5.112903225806452,1.366483870967742,2.625064516129032,0.6022580645161291,0.3778064516129032,0.43474193548387097,cached
2018,6,0.8956666666666667,0.38053333333333333,0.19046666666666667,0.11083333333333334,7793.7272533333335,-0.53,0.6824875476762514,0.15766405263949773,5,0.5730388212155093,8819.739306666666,393.7356650666666,7793.727253333333,0.7620146340740739,0.6637209446414492,0.5874262916666666,0.5529309103349664,0.3856869540367711,14.980770046666668,14.290807624113476,13.963654626666669,13.752763180147058,13.190352402877698,-0.00775815633854083,0.01012452179940359,3,-0.07690943674271211,0.09291438823800792,3,-0.03113133387490277,1.5781520879503164,5,-0.2858969860692484,2.8926578281877036,5,-0.00371239232258771,0.00379011301117982,5,0.8182348989898991,14.2828,55,30,0.9984407407407409,1.0975972222222226,0.8271129629629629,1.092418981481482,0.8905333333333333,-0.66,-0.713,1.7902,1.2433,0.9344333333333332,0.43893333333333334,0.2712,0.20493333333333333,cached
2018,7,2.0139354838709678,4.0729354838709675,0.5718709677419355,0.43083870967741933,4844.913135483871,0.07,-0.03600740732657768,0.15766405263949773,5,-0.19679670697721985,5181.06095483871,263.56546683870965,4844.913135483871,-0.2513613220370363,-0.3202713234830572,-0.3723198683333333,-0.3950893525326809,-0.26993993045563514,14.88462565,13.981924276595745,13.559357926666667,13.335202150735292,13.073159165467626,-0.00278765525216445,0.01849652630860572,3,-0.04418058551074923,0.16962703021083023,3,0.04487829080875244,1.3756230183104603,4,0.14430474392858306,2.115424334863351,4,-4.447927609800308e-5,4.443015431374131e-5,4,0.05059814945899487,14.442217008797654,55,31,-0.42971754109504445,-0.3450317327895191,-0.33006928995179824,-0.4073117043628732,-0.3753654523544678,-0.03,-0.083,4.541483870967742,2.3863870967741936,5.457129032258065,0.8050645161290323,0.6609354838709678,0.5682903225806452,cached
2018,8,1.1340967741935484,2.9146129032258066,0.345,0.31074193548387097,3779.8360774193548,0.03,0.264846243877149,0.15766405263949773,5,0.3537955235689747,3968.9192258064513,219.67442683870968,3779.836077419355,0.5624623159259254,0.25694607959022875,0.09481625166666774,0.10740065093954244,0.14685163549160762,15.68919496,14.576490936170211,14.093774823333334,13.930679099264706,13.550998377697844,8.610236027909368e-4,0.0118395873230912,3,4.659913859886247e-4,0.10903444588391292,3,0.05419218528123624,1.371162251293646,3,0.05824982334909336,2.1478446610543926,3,-0.00166822926813137,0.00177833099527385,3,0.16897720092631413,14.989313782991202,55,31,0.11311935697217972,0.07221274108209623,0.26501875320020574,0.12790317460317505,0.15550909711554914,-0.24,-0.123,3.214483870967742,1.440161290322581,4.164516129032258,0.5409032258064516,0.4306451612903226,0.4472258064516129,cached
2018,9,0.4391,0.2518,0.2965,0.14486666666666667,2642.6181653333333,-0.08,0.17003587610506202,0.15766405263949773,5,0.006989040951506986,2731.060970666667,223.277968,2642.6181653333333,0.00324762407407419,0.1447495654058315,0.05507413851851872,0.01133124530228713,-0.09766599720223824,14.7203835,14.470744262411348,14.218013316666667,14.029730573529411,13.616109287769785,-0.00346978458116764,0.00333015431422671,3,-0.0360654488957868,0.03061700900419594,3,-0.23464160144276883,1.7606557391483988,5,-1.1341764056161805,3.733043183516791,5,-0.02173634689866756,0.02144356607479433,5,0.02393863837312114,14.583884848484848,55,30,-0.08547627468317091,0.09847863247863192,0.06281196581196606,0.00862098437960471,-0.12807043913940375,-0.35,-0.138,2.2146666666666666,0.5594666666666667,0.7141666666666667,0.3998333333333333,0.36446666666666666,0.2624666666666667,cached
2018,10,0.3034516129032258,0.10680645161290322,0.02090322580645161,-0.027580645161290322,2549.2427561290324,-0.41,0.44937035912992335,0.14937827895301814,6,0.3667407301311716,2769.38304,202.68434683870967,2549.2427561290324,0.11518788962962924,0.16039585047281335,0.28522420129629644,0.3469611454248369,0.6688592068345329,13.368087606666666,13.187542666666667,13.27522748,13.220231643382354,13.32512834532374,0.00393685578879285,-0.01530261171434133,4,0.03374418478013134,-0.13950021211025795,4,-0.294114814439153,2.383572742281081,6,-2.0182003174181817,6.984763063880868,6,-0.07292489138499615,0.08766654137026772,6,0.3313130197132617,13.402815249266862,55,31,0.36793130227001214,0.6777867980884107,0.15900688470728794,0.5194149044205497,0.2660962066905614,-0.57,-0.428,0.9235806451612903,0.4048709677419355,0.23619354838709675,0.1592258064516129,0.05574193548387098,0.07896774193548388,cached
2018,11,-0.14056666666666667,-0.24523333333333333,-0.1235,-0.22833333333333333,3569.2382506666668,-0.58,0.6773844275412265,0.14937827895301814,6,0.5940694799910435,3988.893226666666,266.6687445333333,3569.2382506666668,0.2850168861111104,0.3098276522852643,0.2257819155555545,0.1553013039215685,0.18292451059152623,11.50143739,11.429174333333334,11.346257303333331,11.210958551470588,11.1038805323741,0.00568679006714909,-0.03598439743619079,4,0.02514935883279103,-0.32709510869141695,4,-0.583010320121123,2.962644343457769,6,-3.716006977928659,10.44953511270244,6,-0.12983433486450022,0.19658611961503183,6,0.6073978136805723,11.961284848484848,55,30,0.35127556734453275,0.5106495726495724,0.5261022693781321,0.41671912761567914,0.3432027704096671,-0.7,-0.529,-0.15843333333333331,-0.15633333333333332,-0.1671,-0.094,-0.12733333333333333,-0.12966666666666665,cached
2018,12,-2.1849032258064516,-2.445806451612903,-0.4019032258064516,-0.42796774193548387,3494.8411870967743,-0.09,0.6165589349421292,0.14937827895301814,6,0.7426428093623313,5280.626477419355,932.5361651612905,3494.8411870967743,0.38571187037037014,0.3608517711977939,0.38940286496296217,0.3137230886846414,0.1634167738209431,9.937408856666666,9.754627414893616,9.732108166666666,9.635158330882351,9.477581683453238,-0.02178434461910042,-0.0396607922339353,4,-0.2018957186628819,-0.36234644429461615,4,0.32581075337536897,3.2290487723991776,6,2.577774760810674,12.373965380752756,6,0.07288576202128132,0.2589516329947506,6,0.7211771047630133,10.707255131964809,55,31,0.4982057528220949,0.6392780072289087,0.6695014870706283,0.5403345795877813,0.5396377675578338,-0.21,-0.23,-2.679,-2.5450322580645164,-2.0902903225806453,-0.6098709677419355,-0.473258064516129,-0.35835483870967744,cached
2019,1,-1.9848387096774194,-2.5751935483870967,-0.33570967741935487,-0.33925806451612905,3750.8798658064516,0.06,0.9268615193808781,0.17112503529099798,5,0.9704241879016345,5745.570064516129,1073.663442580645,3750.879865806451,0.6329638812222225,0.7730445180851078,0.734737884592592,0.7447276221813723,0.8257391817745798,9.722862953333332,9.666936613475178,9.552757156666669,9.542973297794118,9.624639273381296,0.00751308979248451,-0.04346117135093125,4,0.05019103146713933,-0.3950287423332433,4,-0.1206177060795672,3.0380461192418053,6,-0.7761857055557478,10.760348504887103,6,0.00433798222763885,0.19371513931441783,6,0.9577564217443252,10.199460410557185,55,31,0.8988112969600426,1.1415333532457186,0.9568614595778578,0.9961862305854244,0.8630600026549846,-0.34,-0.306,-1.6010322580645162,-2.208290322580645,-2.059451612903226,-0.3365483870967742,-0.3770967741935484,-0.26870967741935486,cached
2019,2,0.31253571428571425,1.891892857142857,0.0325,0.18282142857142858,3882.435542857143,-0.11,0.25432839790317185,0.17112503529099798,5,0.14636795515921128,5630.997942857143,1067.8467542857145,3882.435542857143,-0.3707622764814822,-0.3792908180851065,-0.6125343992222216,-0.5847361545751646,-0.49194624940048026,8.353412076666666,8.291900868794325,7.954185378666667,7.945817616911764,7.990947719424461,0.02456394540871849,-0.02358349043317241,4,0.21935616703697608,-0.21618706177108857,4,-0.19040144471186277,2.7817170822996253,6,-1.8149544959648032,9.177554802588356,6,-0.09214802395562233,0.13759334284466052,6,0.20418623211905035,9.374396103896103,55,28,-0.6036810863861994,-0.2572709642715581,-0.26515972104259805,-0.5144101409886185,-0.5196625332653865,-0.72,-0.51,1.3373214285714283,0.14864285714285713,4.340642857142857,0.22642857142857145,0.01510714285714285,0.37925,cached
2019,3,0.39796774193548384,-1.1408064516129033,0.027967741935483872,-0.07616129032258065,4280.4040258064515,0.32,-0.05154911238655264,0.17112503529099798,5,-0.08506753884622557,5359.182761290323,808.9470348387097,4280.4040258064515,-0.47899711814814694,-0.3795286328605201,-0.4203367259259263,-0.3693032002859482,-0.3313498745403667,8.541687616666668,8.65023154609929,8.55162966,8.57313361764706,8.508236194244605,0.03282388075685743,-0.03139367513489231,4,0.2808287983064978,-0.2864238315235854,4,-0.6126624969277289,2.665874766366925,6,-3.6599120742577416,8.51652694236105,6,-0.0916830019896061,0.1315736547088193,6,0.04185549564560557,9.459354838709675,55,31,-0.421331336211578,-0.13454490469208302,-0.4435145650048878,-0.31173515531660695,-0.5070463954056699,-0.4,-0.216,1.307193548387097,1.0218709677419355,0.7157741935483871,0.1297741935483871,0.07316129032258065,0.03538709677419355,cached
2019,4,-0.20556666666666673,-0.12356666666666662,0.08306666666666666,0.10590000000000001,7091.470613333333,0.62,0.649109323599841,0.17112503529099798,5,0.7322162698762416,10045.856746666666,2226.266816,7091.470613333334,0.35184151462962987,0.370566717494091,0.4050094572222225,0.4448655492238558,0.5320384440447636,10.657302693333332,10.68253735815603,10.657115873333334,10.625688448529411,10.54782940647482,0.00471083441395128,-0.013295056158115,4,0.03754350616447791,-0.12124090984207082,4,0.10275629087914656,2.271133662954427,6,0.4749225717243611,6.065962832180807,6,0.00780298751025764,0.04746974758371827,6,0.6728008359456635,10.899327272727271,55,30,0.6055517241379302,0.8335747126436779,0.56627969348659,0.693371647509578,0.57144061302682,0.09,0.202,1.3655333333333337,-0.0537,0.6851999999999999,0.22426666666666667,0.11946666666666668,0.2013,cached
2019,5,2.420645161290323,3.741516129032258,0.36838709677419357,0.3678064516129032,8095.864464516129,0.59,0.3856970244211093,0.17112503529099798,5,0.35311387490505614,8710.613058064515,524.4088670967742,8095.864464516129,0.6043212781481486,0.5222199554767535,0.44979895407407255,0.4407683208741826,0.4429325703437232,13.037252596666669,12.65470980141844,12.414885056666666,12.275181463235294,11.96385579856115,0.00586110422421371,0.00588625556904433,4,0.06055288858513034,0.05424115217687762,4,0.14613091446015092,1.7459837116450605,6,0.6288506000845735,3.502661425063787,6,0.00433952566753472,0.00608708018730358,6,0.5330168654284784,12.429489736070382,55,31,0.39955555555555655,0.6463285543608137,0.4169060931899633,0.4793366786140989,0.3852212664277192,0.26,0.436,4.002870967741935,3.1093548387096774,5.180258064516129,0.5503548387096774,0.45996774193548384,0.49332258064516127,cached
2019,6,3.494866666666667,3.4726666666666666,0.42696666666666666,0.4173,6219.313173333333,0.09,-0.23721078296480627,0.17112503529099798,5,-0.3716322494071728,6544.01248,344.46443306666663,6219.313173333334,-0.14146639259259253,-0.7544105730890465,-0.5589580383333335,-0.6176704573120908,-0.5150145063948841,14.07728902,12.87267610638298,12.817270296666669,12.5821618125,12.289650942446045,0.01335522649066794,0.01012452179940359,4,0.12357654876781274,0.09291438823800792,4,-0.19114776470174288,1.5781520879503164,6,-0.802697463495144,2.8926578281877036,6,-0.00378979959317691,0.00379011301117982,6,-0.33037116161616165,13.13419393939394,55,30,-0.9607814814814823,-0.3897361111111112,-0.6509981481481475,-0.7299143518518528,-0.9354666666666668,-0.06,0.033,7.322733333333333,4.3345666666666665,4.3606,0.7536,0.5423666666666667,0.5327999999999999,cached
2019,7,1.0686129032258065,1.7810967741935484,0.2204516129032258,0.1582258064516129,3900.4108387096776,0.76,2.066586354750276,0.17112503529099798,5,2.377639516865802,3991.75535483871,184.21448567741933,3900.4108387096776,1.8699389012962957,2.3854245204885753,2.403777738333334,2.397426294526145,2.1594209148681056,17.005925873333332,16.687620120567377,16.335455533333334,16.12771779779412,15.502520010791368,-0.00879471176131146,0.01849652630860572,4,-0.07596723480102223,0.16962703021083023,4,-0.2946067914615796,1.3756230183104603,6,-0.8117505751646229,2.115424334863351,6,-4.44238251741868e-5,4.443015431374131e-5,6,1.970662665588027,16.362281524926686,55,31,2.570067405141515,2.495183320973922,1.9092855487578788,2.634516252626374,2.3722689562476824,0.52,0.53,3.0551612903225807,1.5136774193548388,2.8829354838709675,0.4210322580645161,0.2756774193548387,0.24754838709677415,cached
2019,8,1.175741935483871,1.9875483870967743,0.29535483870967744,0.18148387096774193,3610.026621935484,0.39,1.6512658267451552,0.17112503529099798,5,1.8407989106219098,3746.952051612904,171.98345496774195,3610.026621935484,1.9726348159259253,2.4405193987391662,2.4217750550000012,2.350002143586602,1.7345693189448443,17.09936746,16.76006425531915,16.420733626666667,16.173280591911766,15.13871606115108,-0.00454783316426512,0.0118395873230912,4,-0.04237416234590419,0.10903444588391292,4,-0.16224998600873874,1.371162251293646,6,-0.411867555618689,2.1478446610543926,6,-0.00155207953781023,0.00177833099527385,6,1.753892156938044,16.574228739002933,55,31,1.760968819337771,1.8957611281788704,1.6805026241679482,1.8557526369687665,1.7044338282983442,-0,0.232,2.045741935483871,1.6021935483870968,3.013483870967742,0.4883225806451613,0.3840967741935484,0.27916129032258064,cached
2019,9,0.6879,0.4292,0.18713333333333335,0.09156666666666667,2445.3444586666665,0.28,2.0560562793231685,0.17112503529099798,5,2.031483000228311,2911.627765333333,229.8191488,2445.344458666667,1.4580324040740749,1.9044907143420031,2.0545130018518503,2.0922127600081684,2.0395843229416464,16.17516828,16.23048541134752,16.21745218,16.110612088235293,15.75335960791367,-0.00335655490614641,0.00333015431422671,4,-0.02450423050301662,0.03061700900419594,4,0.12715458773303626,1.7606557391483988,6,0.3756372416833351,3.733043183516791,6,-0.02063114325308427,0.02144356607479433,6,2.01322348685797,16.573169696969696,55,30,2.033079280872384,2.0927008547008548,1.9879230769230771,2.0519543177129385,2.048262894193929,0.13,0.171,0.9093333333333332,0.8720333333333333,1.2139666666666666,0.20536666666666667,0.22823333333333337,0.2003666666666667,cached
2019,10,0.09303225806451614,0.05448387096774193,0.11980645161290322,0.022129032258064518,2474.796975483871,-0.69,0.3613250510704374,0.14937827895301814,6,0.18885135322720478,3240.3553651612906,295.1889383225806,2474.796975483871,0.0264361962962969,0.11871116962174888,0.31270687462962954,0.3487069321895415,0.24492721762590008,13.279335913333334,13.145857985815605,13.302710153333331,13.221977430147058,12.901196356115108,0.01371828781775333,-0.01530261171434133,4,0.11223455592778254,-0.13950021211025795,4,-0.16832234476236785,2.383572742281081,6,-0.5350725870908412,6.984763063880868,6,0.0130250640475422,0.08766654137026772,6,0.1822573012381883,13.253759530791788,55,31,0.484382915173238,0.4714427120669053,0.2084692502986864,0.5335009259259257,0.3349134109916368,-0.9,-0.705,0.5163225806451613,0.13516129032258065,0.1309032258064516,0.3231612903225806,0.17119354838709677,0.14574193548387096,cached
2019,11,0.7099333333333333,0.1679,0.2667,0.10306666666666667,3277.858378666667,-0.47,-0.31980915356331574,0.16710192343639196,5,-0.45692035868078956,3960.5764266666665,246.84698453333337,3277.858378666667,-0.7319812138888899,-0.6033887838849488,-0.33139822777777894,-0.37494963725490216,-0.4626458958832931,10.48443929,10.51595789716312,10.78907716,10.680707610294116,10.45831012589928,0.04361796062893092,-0.03598439743619079,4,0.3639153058294928,-0.32709510869141695,4,-0.9723596007987924,2.962644343457769,5,-5.636720903213918,10.44953511270244,5,-0.16383420720081354,0.19658611961503183,5,-0.2726021863194279,11.081284848484849,55,30,-0.2526133215443564,-0.2603504273504278,-0.4481199528440906,-0.21505865016209863,-0.33735278514588884,-0.51,-0.353,1.9353,0.8966999999999999,0.33003333333333335,0.4555666666666667,0.3308333333333333,0.17473333333333335,cached
2019,12,-2.508677419354839,-3.6472258064516128,-0.2431290322580645,-0.32503225806451613,3291.5996387096775,0.05,-0.308983787115806,0.14937827895301814,6,-0.36576530470089946,4357.133419354838,457.3437233548387,3291.5996387096775,-0.521557619629629,-0.4698246082348305,-0.45621235837037055,-0.4287296686683,-0.4009560391286975,9.030139366666669,8.923951035460993,8.886492943333334,8.892705573529412,8.913208870503597,0.00566351451838176,-0.0396607922339353,4,0.04147550007548839,-0.36234644429461615,4,-0.3183830841347314,3.2290487723991776,6,-2.5763424876975995,12.373965380752756,6,-0.08070793253510421,0.2589516329947506,6,-0.08418359904930342,9.901894428152492,55,31,-0.4732996235219904,-0.2593241433087261,-0.48608991077883407,-0.423106280627272,-0.46885685609808014,-0,0.01,-2.813064516129032,-2.533451612903226,-2.4170967741935483,-0.3432903225806452,-0.2460967741935484,-0.216,cached
2020,1,-3.5874193548387097,-6.118741935483871,-0.3123548387096774,-0.4885806451612903,3974.3998967741936,-0.96,0.1654340938465654,0.15884986479912483,5,0.3179222383622733,7419.91504516129,1873.5673703225807,3974.3998967741936,0.11076907788888946,0.19342260319148963,0.2613006045925914,0.28550868835784193,0.34260723932853665,9.20066815,9.08731469858156,9.079319876666666,9.083754363970588,9.141507330935251,-0.03577698953446823,-0.04346117135093125,4,-0.3040764620220031,-0.3950287423332433,4,0.9273516719621908,3.0380461192418053,5,6.566510351878407,10.760348504887103,5,0.23784350755614733,0.19371513931441783,5,0.3424250434452049,9.584129032258064,55,31,0.7138650604009023,0.8354043209876542,0.44309801871764226,0.7608098864994025,0.6434901101818665,-1.41,-1.21,-9.027354838709677,-4.787903225806452,-4.131161290322581,-0.9931290322580644,-0.42461290322580647,-0.323741935483871,cached
2020,2,0.01979310344827586,1.5003793103448275,0.01506896551724138,0.14858620689655172,5114.599944827586,-0.81,-0.02166592558143598,0.14937827895301814,6,0.07628380604136413,8114.227862068965,1353.6406841379312,5114.599944827586,-0.20810947314814857,0.02490496205673764,0.1126985321111107,0.08491171748366,0.1618912613908865,8.51606488,8.69609664893617,8.679418309999999,8.615465488970589,8.644785230215827,0.01484653063831288,-0.02358349043317241,4,0.13538508421713746,-0.21618706177108857,4,0.0510639200779758,2.7817170822996253,6,0.4537933684162096,9.177554802588356,6,0.00746287766763736,0.13759334284466052,6,-0.0830123796140442,9.087197492163009,55,29,0.01490676254647679,0.11361163014551916,-0.2844864862314325,0.07157508068625755,-0.07608699960364618,-1.48,-1.14,1.9778620689655173,0.30999999999999994,2.673,0.21582758620689657,0.03624137931034483,0.26268965517241377,cached
2020,3,0.824,0.9941612903225806,0.0654516129032258,0.08303225806451613,3699.4529032258065,-0.95,-0.632217372671418,0.14937827895301814,6,-0.5746657234173794,4513.332541935483,428.8625032258065,3699.4529032258065,-0.7354943014814808,-0.7012449378250576,-0.7654108459259259,-0.7768751635212432,-0.7088909141087125,8.285190433333334,8.3285152411347525,8.20655554,8.165561654411764,8.130695154676259,0.02721587264890118,-0.03139367513489231,4,0.2357878436745152,-0.2864238315235854,4,-0.5498327410989793,2.665874766366925,6,-3.2494327196952866,8.51652694236105,6,-0.097490790714857,0.1315736547088193,6,-0.6443615131520485,8.773137829912024,55,31,-0.797352841587923,-0.7254051197458461,-0.7716866080156404,-0.784315800477898,-0.7998420943304012,-1.75,-1.426,3.2683548387096772,2.243225806451613,2.263967741935484,0.2604516129032258,0.16983870967741935,0.18083870967741936,cached
2020,4,3.1001333333333334,1.9575666666666667,0.23956666666666668,0.15823333333333334,4506.146773333333,-0.74,-0.06363358711303604,0.14937827895301814,6,-0.08498787927872502,5446.264533333334,635.6177706666667,4506.146773333334,0.13667932129629712,-0.2049481335697401,-0.3512908227777771,-0.3107853515114378,-0.12098020703437308,10.4421405,10.107022507092198,9.900815593333334,9.870037547794118,9.894810755395683,0.01395994141439514,-0.013295056158115,4,0.10391417795074562,-0.12124090984207082,4,-0.5437841388599219,2.271133662954427,6,-2.7457256801276886,6.065962832180807,6,-0.04644671145434106,0.04746974758371827,6,0.00801295715778484,10.234539393939396,55,30,-0.2918927203065132,-0.14864750957854392,0.04072413793103457,-0.2726283524904212,-0.22444827586206864,-1.32,-1.082,5.552366666666667,4.140066666666667,3.6154333333333337,0.39616666666666667,0.3123666666666667,0.2672,cached
2020,5,-0.35787096774193555,-0.38832258064516134,0.10358064516129033,0.09358064516129033,8812.005470967742,-0.14,0.886275959826438,0.14937827895301814,6,1.1780988736495228,9713.57584516129,547.2449961290322,8812.005470967742,1.300051874814816,1.3376356434200165,1.340356017407407,1.355701478962418,1.539824973221421,13.732983193333334,13.470125489361704,13.30544212,13.190114621323527,13.060748201438848,0.00682649226411094,0.00588625556904433,4,0.03451589798845554,0.05424115217687762,4,0.13424212441050457,1.7459837116450605,6,0.37091362398346134,3.502661425063787,6,-0.00608642542443288,0.00608708018730358,6,0.81433651352232,12.710809384164223,55,31,0.9949318996415772,1.2962210274790926,0.8895942652329746,1.08234743130227,0.9398449223416966,-0.52,-0.456,0.9143225806451613,-0.01787096774193549,0.3143870967741935,0.1496451612903226,0.1416451612903226,0.18806451612903224,cached
2020,6,0.9520666666666666,1.1734666666666667,0.26243333333333335,0.24073333333333333,9005.686293333334,-0.63,0.3919595317029233,0.14937827895301814,6,0.2264374849161944,9981.672,536.60336,9005.686293333332,1.3357703607407403,0.7987255510244289,0.37521637499999905,0.25614435151143766,0.02006308353317365,15.554525773333332,14.425812230496454,13.75144471,13.45597662132353,12.8247285323741,5.100971921528999e-4,0.01012452179940359,4,3.3396191500851635e-4,0.09291438823800792,4,0.10480550051825144,1.5781520879503164,6,0.2741550462177336,2.8926578281877036,6,-0.00378979959317691,0.00379011301117982,6,0.379665202020202,13.844230303030304,55,30,0.03277407407407295,0.11137500000000009,0.3620018518518524,0.08697453703703613,0.11775555555555546,-0.75,-0.813,4.5423,1.2742666666666669,1.8086666666666664,0.4669333333333333,0.3402,0.35096666666666665,cached
2020,7,2.1830322580645163,2.757806451612903,0.442741935483871,0.41829032258064514,6057.96830967742,-0.75,0.03241273670276385,0.14937827895301814,6,-0.021969655917998192,6281.762374193549,255.17090580645163,6057.968309677419,1.5995131146296284,0.7463658750985029,0.0534265783333332,-0.04756217238562144,-0.5159717757793754,16.735500086666665,15.048561475177303,13.985104373333334,13.682729330882353,12.827127320143886,0.00389538708712547,0.01849652630860572,4,0.03817343917817693,0.16962703021083023,4,-0.03983588524931854,1.3756230183104603,6,-0.07902455868179233,2.115424334863351,6,-4.44238251741868e-5,4.443015431374131e-5,6,-0.2706041965820609,14.1210146627566,55,31,-0.3112229174391305,-0.03901022741317443,-0.13985423618835688,-0.16408589791126005,-0.3827848071931778,-0.92,-0.938,7.678290322580645,3.2288709677419356,3.624903225806451,0.7711612903225806,0.5891290322580646,0.5338387096774193,cached
2020,8,2.2809677419354837,2.0526451612903225,0.3898064516129032,0.3353548387096774,4263.9620129032255,-0.95,0.454489429881102,0.14937827895301814,6,0.3455720918844432,4169.877161290323,204.8035396129032,4263.962012903226,1.7667518225925924,1.200983494483845,0.717245431666667,0.6713185737336591,0.7542941606714635,16.893484466666667,15.52052835106383,14.716204003333331,14.494597022058825,14.1584409028777,0.00405188970135514,0.0118395873230912,4,0.03614880320202688,0.10903444588391292,4,0.04188444303085818,1.371162251293646,6,0.19921075566134092,2.1478446610543926,6,-0.00177822155499702,0.00177833099527385,6,0.03390975224596217,14.85424633431085,55,31,-0.02989139571599193,0.12113747226489184,-0.11842210701484863,0.09779564772145476,-0.11900703191670914,-1.33,-1.24,5.3868709677419355,2.8596451612903224,2.8246451612903227,0.5751612903225807,0.4737096774193548,0.4417741935483871,cached
2020,9,-0.6458666666666667,-0.693,0.09933333333333333,-0.0544,2861.3182506666667,-0.86,0.39877091944779813,0.14937827895301814,6,-0.06565036003735554,2966.939914666667,260.9487509333334,2861.3182506666667,1.5971412907407403,0.8249688349093773,0.2033225985185183,0.17698767544934668,0.30634194884092736,16.314277166666667,15.150963531914892,14.366261776666668,14.19538700367647,14.02011723381295,-0.00328460529021244,0.00333015431422671,4,-0.05834923908944526,0.03061700900419594,4,-0.04393071557131781,1.7606557391483988,5,0.25468997863333276,3.733043183516791,5,0.03825607902955706,0.02144356607479433,5,0.13479924443372718,14.694745454545457,55,30,-0.28292071912761624,0.09314529914529916,-0.46485470085470065,-0.11993457117595104,-0.3632926613616263,-1.04,-1.053,-0.36896666666666667,-0.4581666666666667,-0.108,0.06643333333333334,0.15113333333333334,0.02473333333333333,cached
2020,10,0.7608387096774194,0.2952258064516129,0.19561290322580646,0.08061290322580646,2712.2927174193546,-0.56,1.0813835814984212,0.14937827895301814,6,0.9078287145082046,3220.5336051612903,369.4885677419354,2712.292717419355,1.2061318596296289,0.9684268185579192,0.8132049479629639,0.7199521491013066,0.530086131294965,14.459031576666666,13.995573634751771,13.803208226666667,13.593222647058823,13.186355269784173,0.0177156056523526,-0.01530261171434133,4,0.152384508467817,-0.13950021211025795,4,-0.41757629003008623,2.383572742281081,6,-2.34400191763655,6.984763063880868,6,-0.04686387412798602,0.08766654137026772,6,1.128509500651678,14.20001173020528,55,31,1.1548130227001192,0.7731631421744325,1.045135916965353,1.0940385603345275,1.1270639486260456,-0.62,-0.686,1.419258064516129,0.8856774193548387,0.6247741935483871,0.3466451612903226,0.24538709677419351,0.17651612903225808,cached
2020,11,-0.35209999999999997,-0.3311,-0.09106666666666667,-0.044899999999999995,3717.0519466666665,-1.77,-0.43123803400895555,0.14937827895301814,6,-0.44299891000052344,5197.076693333333,806.0471509333333,3717.0519466666665,-0.4785103772222232,-0.3900086349487797,-0.3160208644444449,-0.3165962659313717,-0.3382858599120713,10.737910126666666,10.72933804609929,10.804454523333334,10.739060981617648,10.582670161870505,0.00809459002253244,-0.03598439743619079,4,0.07321771942118502,-0.32709510869141695,4,0.22512155444951565,2.962644343457769,5,1.538004226162785,10.44953511270244,5,0.06886844715189405,0.19658611961503183,5,-0.3608567317739732,10.993030303030302,55,30,-0.1945022104332453,-0.4035726495726504,-0.10078661951075674,-0.2753919834954323,-0.15857500736811048,-1.58,-1.497,-0.5295333333333333,-0.32123333333333337,-0.00229999999999999,-0.2199,-0.05513333333333332,0.09326666666666668,cached
2020,12,-0.7934193548387097,-2.0804193548387095,-0.1054516129032258,-0.26564516129032256,3821.8545548387096,-1.07,-0.14319155340355097,0.14937827895301814,6,0.04643181948146117,6058.88175483871,1475.3966245161291,3821.8545548387096,-0.09254842296296316,0.10436084211977992,0.01803587496296188,-0.01911085616830021,-0.20700032689848236,9.459148563333333,9.498136485815603,9.360741176666666,9.302324386029412,9.107164582733812,-0.00406159719603888,-0.0396607922339353,4,-0.04455721220344808,-0.36234644429461615,4,0.2917301358381887,3.2290487723991776,5,1.8190898818163816,12.373965380752756,5,0.06984616414029714,0.2589516329947506,5,-0.11862348174725068,9.867454545454546,55,31,0.06831327970381551,0.0639016631428871,0.0722971859953591,0.06227006345874919,0.04641196110622066,-0.98,-0.955,-2.3411612903225807,-0.8916129032258064,-1.077516129032258,-0.3259677419354839,-0.10951612903225806,-0.12948387096774194,cached
2021,1,-2.1016451612903224,-2.999322580645161,-0.23132258064516129,-0.3076451612903226,4851.307251612903,-0.38,0.2492025203546154,0.14937827895301814,6,0.321487967910258,8589.124851612904,2252.2817341935483,4851.307251612903,-0.3701391954444446,-0.12638303156028383,-0.00241955540740868,0.04238301556372548,-0.01418601966426891,8.719759876666666,8.767509063829786,8.815599716666666,8.840628691176471,8.784714071942446,-0.00997878036098814,-0.04346117135093125,4,-0.09648145762685952,-0.3950287423332433,4,0.6627115716806175,3.0380461192418053,5,4.821372051877573,10.760348504887103,5,0.22220920861887936,0.19371513931441783,5,0.2689763630932988,9.510680351906158,55,31,0.6376285012611179,0.7655118478693748,0.16815178215850266,0.7167238649940266,0.4733825833001462,-0.61,-0.56,-4.391870967741935,-2.280548387096774,-1.680193548387097,-0.5228709677419354,-0.26048387096774195,-0.18393548387096773,cached
2021,2,1.504392857142857,1.9445714285714286,0.12025,0.14903571428571427,4519.563542857143,-0.71,-0.460927817852667,0.14937827895301814,6,-0.2794067208491094,7460.465485714286,1641.66648,4519.563542857143,-0.9962650051481488,-0.5726970187943259,-0.3699862012222219,-0.33432081192810514,-0.2780832206235022,7.727909348,8.098494668085106,8.196733576666666,8.196232959558824,8.204810748201439,0.02244531157307955,-0.02358349043317241,4,0.21642175987245463,-0.21618706177108857,4,0.27757003110323725,2.7817170822996253,5,1.786096103405177,9.177554802588356,5,0.02100252668231168,0.13759334284466052,5,-0.2867033782705601,8.883506493506493,55,28,-0.32999061019572257,-0.01655667855727275,-0.7982549591378364,-0.22821966479814235,-0.4989482475511006,-1.09,-0.87,0.1652142857142857,2.0923214285714287,3.763678571428571,0.01467857142857143,0.15957142857142856,0.29314285714285715,cached
2021,3,-0.3565806451612905,-1.1839677419354842,-0.019290322580645163,-0.06929032258064516,3556.042012903226,-1.05,-0.6179490092027081,0.14937827895301814,6,-0.5162654624934261,5126.25424516129,756.5152825806451,3556.0420129032254,-0.8044915148148153,-0.7415331151300233,-0.7035500259259262,-0.7329684355800659,-0.6552796587130292,8.21619322,8.288227063829787,8.26841636,8.209468382352942,8.184306410071942,-0.00324306296655643,-0.03139367513489231,4,-0.047396995291408,-0.2864238315235854,4,0.410299044934212,2.665874766366925,4,2.2059457949377212,8.51652694236105,4,0.09105042058624536,0.1315736547088193,4,-0.5415841915489203,8.875915151515152,55,30,-0.5705786480395355,-0.5403907828282831,-0.5703676115998698,-0.5689968040621274,-0.5742650333985017,-1.67,-1.331,-0.3470322580645162,0.780483870967742,1.1716451612903227,-0.03912903225806451,0.05970967741935484,0.07574193548387097,cached
2021,4,4.3618,3.6738999999999997,0.2714333333333333,0.18673333333333333,4155.962346666666,-1.21,-0.5811675578225288,0.1604665425420726,5,-0.4982074675066537,5155.545386666667,486.482624,4155.962346666666,-0.09884028203703644,-0.34797013002363997,-0.4484556594444449,-0.4677381860702621,-0.5407301566746607,10.206620896666667,9.964000510638298,9.803650756666666,9.713084713235292,9.475060805755396,0.02425793719889586,-0.013295056158115,4,0.21854236472589192,-0.12124090984207082,4,-0.5966768191562508,2.271133662954427,5,-2.8225756803973567,6.065962832180807,5,-0.03112389385857408,0.04746974758371827,5,-0.6873749216300941,9.539151515151516,55,30,-0.5364482758620698,-0.8453141762452105,-0.3710536398467432,-0.6195172413793107,-0.5160038314176246,-1.84,-1.438,8.1486,6.5862,5.619866666666667,0.5501666666666667,0.4094,0.2798,cached
2021,5,5.655096774193549,5.191483870967742,0.34719354838709676,0.2694193548387097,6093.592670967742,-1.42,-0.61173111178267,0.14937827895301814,6,-0.7028850322742765,6649.880774193549,372.6856258064517,6093.592670967742,0.2503951114814811,-0.4197016012608348,-0.6281417159259259,-0.6454460320669941,-0.529981897282175,12.68332643,11.712788244680851,11.336944386666667,11.188967110294117,10.990941330935252,0.01016295588782698,0.00588625556904433,4,0.09339187341354364,0.05424115217687762,4,-0.11061922602290876,1.7459837116450605,5,-0.5906168540750847,3.502661425063787,5,-0.00597510234057419,0.00608708018730358,5,-0.7710887064190289,11.125384164222874,55,31,-0.7747455197132608,-0.7305531660692951,-0.7178250896057351,-0.7139966547192351,-0.8159615292712061,-2.04,-1.616,10.955387096774194,7.313354838709677,7.621774193548387,0.519774193548387,0.442,0.3922903225806452,cached
2021,6,0.7677333333333333,0.3595,0.23556666666666667,0.17149999999999999,6152.296746666667,-1.56,0.7387125669091318,0.14937827895301814,6,0.6310916940987603,6405.26016,388.2894005333333,6152.296746666666,1.8704214107407395,1.7095154907407402,1.1302902249999995,1.0230079544526145,0.7924542238209433,16.089176823333332,15.336602170212766,14.50651856,14.222840224264706,13.59711967266187,-0.00710901742691472,0.01012452179940359,4,-0.06057579836629499,0.09291438823800792,4,0.1038105070178411,1.5781520879503164,6,0.2848368619195518,2.8926578281877036,6,-8.56275325210573e-4,0.00379011301117982,6,0.48289550505050505,13.947460606060606,55,30,0.936996296296296,0.879597222222222,0.6274462962962968,0.9756412037037028,0.8479777777777784,-1.82,-1.655,3.5693333333333332,1.0184,1.2090333333333334,0.3734,0.28833333333333333,0.2799333333333333,cached
2021,7,3.0829354838709677,3.5726451612903225,0.6194516129032258,0.5676774193548387,4187.232619354839,-1.48,0.4557337457389651,0.14937827895301814,6,0.20657908685146906,4442.083819354839,181.2549233548387,4187.232619354839,2.7808550679629622,1.2813731942474398,0.3580481449999997,0.2075695518790841,0.08766967026378936,17.91684204,15.583568794326242,14.28972594,13.937861055147058,13.43076876618705,0.01126213071533015,0.01849652630860572,4,0.10422408509600704,0.16962703021083023,4,-0.04104293083995749,1.3756230183104603,6,-0.09886747576934549,2.115424334863351,6,-4.44238251741868e-5,4.443015431374131e-5,6,0.33312600869653136,14.72474486803519,55,31,-0.24950248733160407,0.3640005252749964,0.16412425843529851,-0.03247299468545428,-0.2554729792361889,-2,-1.572,8.844096774193549,3.6225483870967743,4.478451612903226,0.9353870967741936,0.7476774193548387,0.7149354838709677,cached
2021,8,2.3807741935483873,3.069290322580645,0.4583225806451613,0.4279032258064516,3602.079649032258,-0.47,-0.5932503152098723,0.14937827895301814,6,-0.5545876285656574,3824.594890322581,147.64014141935485,3602.079649032258,2.3634276825925937,0.4735597959022843,-0.5552046883333333,-0.6433194409722223,-0.4970475191846528,17.49016032666667,14.793104652482269,13.443753883333333,13.179959007352942,12.907099223021582,0.00507410430209802,0.0118395873230912,4,0.04523671863473046,0.10903444588391292,4,0.20527156106210004,1.371162251293646,6,0.6240868858174482,2.1478446610543926,6,-0.00177822155499702,0.00177833099527385,6,-0.04396708059861264,14.776369501466275,55,31,-1.1689236537805083,-0.5160668288103771,-0.4983145801331279,-1.0224194060419862,-1.066964021164021,-0.95,-0.776,5.996483870967742,3.117225806451613,4.07941935483871,0.6156451612903225,0.5722903225806452,0.5665161290322581,cached
2021,9,0.4397333333333333,0.18066666666666667,0.1316,0.0594,2732.5712,-1.59,-0.31337758267221494,0.14937827895301814,6,-0.39259420418822266,2786.467509333333,215.1227296,2732.5712,0.31143325407407296,-0.7268266402679266,-1.1355478514814816,-1.1781554569035944,-1.056052954036771,15.02856913,13.59916805673759,13.027391326666669,12.84024387132353,12.657722330935252,-0.00912024052976674,0.00333015431422671,4,-0.09521497336472172,0.03061700900419594,4,0.29472142035266874,1.7606557391483988,6,1.511914864639904,3.733043183516791,6,0.0177984967177935,0.02144356607479433,6,-0.595927401334298,13.96401880877743,55,29,-1.2518900677866205,-0.924168877099912,-0.6961267315060423,-1.1492372531682886,-1.1731508989095196,-1.96,-1.626,2.189233333333333,0.6166333333333334,0.7655333333333334,0.3100333333333333,0.20156666666666667,0.1630666666666667,cached
2021,10,-0.22574193548387098,0.051806451612903225,-0.2272258064516129,-0.22961290322580646,3022.5900387096776,-2.5,0.026671690193477614,0.1604665425420726,5,-0.1045103231506026,3112.9297651612906,364.8482663225806,3022.5900387096776,-0.00714615037037091,-0.3916622062647761,-0.5953373287037032,-0.6282249354575171,-0.5541197643884885,13.245753566666666,12.635484609929078,12.39466595,12.2450455625,12.10214937410072,-0.02456691873940164,-0.01530261171434133,3,-0.2303215712759285,-0.13950021211025795,3,0.7962480247588317,2.383572742281081,5,4.888867254594171,6.984763063880868,5,0.11952065585360304,0.08766654137026772,5,-0.2227221709025742,12.848780058651029,55,31,-0.0715310633213857,-0.11748201911589008,0.06018968040621253,-0.07671412783751445,-0.03046293309438515,-3.14,-2.686,-0.0635483870967742,-0.24458064516129033,0.21467741935483872,-0.3686774193548387,-0.25741935483870965,-0.12503225806451615,cached
2021,11,-0.24726666666666663,-0.19636666666666666,-0.3853666666666667,-0.27343333333333336,4098.384853333333,-2.12,0.7671057797913988,0.1604665425420726,5,0.7543705221385295,5920.098986666666,1065.844352,4098.384853333334,0.4566751761111103,0.535239109732073,0.46963710222222055,0.47332120098039177,0.3682136149080737,11.67309568,11.654585790780144,11.59011249,11.528978448529411,11.289169636690648,-0.02283845232991006,-0.03598439743619079,3,-0.214353213072812,-0.32709510869141695,3,-0.05321495451313611,2.962644343457769,5,-0.9912935690495516,10.44953511270244,5,-0.07160335198256057,0.19658611961503183,5,0.28147660155936005,11.635363636363635,55,30,0.3711644562334211,0.287538461538461,0.5836578249336881,0.38571912761567856,0.4212027704096671,-2.75,-2.468,-0.225,-0.2289,-0.14326666666666665,-0.2951666666666667,-0.3861,-0.16493333333333335,cached
2021,12,0.8564838709677419,1.226741935483871,0.04377419354838709,0.14741935483870966,4445.7376,-2.33,0.5553188175291056,0.15884986479912483,5,0.3904615056948204,7713.130941935485,1846.5293935483871,4445.7376,-0.00311729296296192,0.09263949105594982,0.16924459162962968,0.21080476883170007,0.18908706159072608,9.548579693333334,9.486415134751772,9.511949893333334,9.532240011029412,9.50325197122302,0.00881948079585069,-0.0396607922339353,4,0.07383506607096489,-0.36234644429461615,4,0.12097578889758136,3.2290487723991776,5,0.03690422620822854,12.373965380752756,5,-0.0095180198665241,0.2589516329947506,5,0.3124029112146263,10.298480938416422,55,31,0.20992618292962223,0.20218123303536,0.3629423472856826,0.20173242905014752,0.2854442191707367,-2.71,-2.417,-0.175741935483871,1.103258064516129,2.320193548387097,-0.09406451612903224,0.0991290322580645,0.3525161290322581,cached
2022,1,-2.0256129032258063,-1.8236451612903226,-0.13674193548387098,-0.10612903225806453,4488.669522580645,-1.89,-0.29298525868955516,0.14937827895301814,6,-0.08137561778106199,8730.708851612902,2097.2700903225805,4488.669522580645,-0.5564308321111113,-0.3631983507092187,-0.2660986754074077,-0.2943340175245108,-0.34891729664268567,8.53346824,8.530693744680852,8.551920596666667,8.503911658088235,8.44998279496403,0.00302240811899249,-0.04346117135093125,4,0.01955030333367282,-0.3950287423332433,4,-0.3972584715321475,3.0380461192418053,6,-2.4806597581250065,10.760348504887103,6,-0.07531536318719342,0.19371513931441783,6,-0.24527583632019115,8.996428152492669,55,31,-0.33559730519049563,-0.2374989048187969,-0.26034284149741066,-0.2641363500597376,-0.38855290057082154,-2.4,-2.05,-2.045903225806452,-2.181741935483871,-0.37135483870967734,-0.1994516129032258,-0.14587096774193548,5.806451612903198e-4,cached
2022,2,-0.20164285714285723,1.9274642857142856,0.05035714285714285,0.13835714285714287,3564.882857142857,-1.44,-0.7657394411813884,0.14937827895301814,6,-0.49019779150934895,5811.011885714285,498.4768114285714,3564.882857142857,-1.1364485178148156,-0.38641249184397175,-0.2674640245555544,-0.269477006781047,-0.48084489616307025,7.587725835333333,8.28477919503546,8.299255753333334,8.261076764705882,8.00204907266187,0.02086964502004424,-0.02358349043317241,4,0.17799686113741692,-0.21618706177108857,4,-0.34255895699486866,2.7817170822996253,6,-2.402542807319974,9.177554802588356,6,-0.08296139803313192,0.13759334284466052,6,-0.6281319496991314,8.542077922077922,55,28,-0.5072525149576285,-0.5784614404620344,-0.9526597210425974,-0.5372672838457623,-0.5977577713606248,-1.91,-1.583,2.7336428571428573,1.545607142857143,3.3760714285714286,0.30639285714285713,0.15839285714285714,0.22557142857142856,cached
2022,3,-0.807290322580645,-2.261741935483871,-0.07229032258064516,-0.14293548387096774,3802.672206451613,-1.13,-0.481535228874438,0.15766405263949773,5,-0.3564770464507303,7195.207535483871,1123.5375483870969,3802.672206451613,-0.6406349281481472,-0.4534368137115834,-0.44664777592592664,-0.5143494686683017,-0.576704633533172,8.380049806666667,8.576323365248227,8.52531861,8.428087349264706,8.2628814352518,0.00657700310269598,-0.03139367513489231,3,0.05167155167950874,-0.2864238315235854,3,-0.17170910351659063,2.665874766366925,5,-1.363481611015771,8.51652694236105,5,-0.05909296643420748,0.1315736547088193,5,-0.32374567737492216,9.09375366568915,55,31,-0.39262165879222327,-0.4185233993157389,-0.5151274682306942,-0.40969214456391906,-0.401454997556207,-1.67,-1.361,0.27741935483870955,-0.2835483870967741,0.08341935483870967,0.02251612903225806,-0.04574193548387095,-0.00948387096774193,cached
2022,4,-1.5705,-1.6051333333333333,-0.0929,-0.09920000000000001,3902.9989333333333,-1.56,-0.8550756391927602,0.15766405263949773,5,-0.5874656157523752,5869.128746666666,974.8530346666664,3902.9989333333338,-0.7760768553703699,-0.658847505910165,-0.7145767027777783,-0.758436259599673,-0.764986307753798,9.529384323333334,9.653123134751771,9.537529713333331,9.422386639705882,9.25080465467626,-0.00730719030678993,-0.013295056158115,3,-0.05588456443168799,-0.12124090984207082,3,0.185509834816436,2.271133662954427,5,1.6593936147135409,6.065962832180807,5,0.04283942436015831,0.04746974758371827,5,-0.6711991640543363,9.555327272727272,55,30,-0.6293371647509579,-0.682647509578544,-0.5810536398467434,-0.6744061302681992,-0.6127816091954017,-2.09,-1.805,0.0883333333333333,-0.7817666666666667,-0.20670000000000005,0.00953333333333333,-0.03483333333333333,-4.000000000000094e-4,cached
2022,5,1.143516129032258,0.05787096774193549,0.08703225806451613,0.005483870967741936,6721.129496774193,-1.8,-0.6920176170698649,0.15766405263949773,5,-0.24366818106977117,9376.514580645162,1684.2101883870969,6721.129496774193,-0.6650795551851854,-0.575104672182821,-0.752417002592594,-0.7309545688316987,-0.7521292066346934,11.767851763333333,11.557385173758863,11.2126691,11.103458573529412,10.768794021582734,-0.01345166121119289,0.00588625556904433,3,-0.11355805107807115,0.05424115217687762,3,0.23677913916808052,1.7459837116450605,5,0.9587764472436956,3.502661425063787,5,-0.00183704875221035,0.00608708018730358,5,-0.7493702313457151,11.147102639296188,55,31,-0.07904659498207837,-0.1647467144563913,-0.35244874551971367,-0.14238375149342866,-0.11520884109916274,-2.23,-2.033,3.0093548387096773,1.5778709677419356,1.0252258064516129,0.13351612903225807,0.11874193548387096,0.11458064516129032,cached
2022,6,0.5836666666666667,0.3881333333333333,0.0821,0.11086666666666667,10510.252266666666,-1.26,-0.20648195473777498,0.15766405263949773,5,0.06517805942720933,13747.8064,1201.6706026666666,10510.252266666666,-0.1521029959259259,0.01891461485421608,-0.08880402499999995,-0.10139357128267967,-0.45558345603517125,14.066652416666669,13.646001294326242,13.28742431,13.098438698529412,12.349081992805756,-0.01430850786319342,0.01012452179940359,3,-0.11984143401440216,0.09291438823800792,3,-0.07388821913047498,1.5781520879503164,5,-0.3689189260932086,2.8926578281877036,5,-0.00133280917174897,0.00379011301117982,5,-0.41152267676767673,13.053042424242424,55,30,0.29599629629629653,0.04959722222222199,-0.02788703703703691,0.20341898148148135,0.27053333333333346,-1.31,-1.405,3.4449,0.9493666666666668,0.9672,0.2323,0.13736666666666666,0.20653333333333332,cached
2022,7,2.2163870967741937,2.2988709677419354,0.49493548387096775,0.294258064516129,5725.474270967742,-2.28,0.9798661423080807,0.15766405263949773,5,0.6330811386221304,7851.974606451612,387.282479483871,5725.474270967742,0.6878973412962974,0.6260852793538216,0.4568885050000002,0.40933965849673193,0.14121463788968924,15.823884313333334,14.928280879432624,14.3885663,14.139631161764706,13.48431373381295,0.00217503125617079,0.01849652630860572,3,0.01721862488133059,0.16962703021083023,3,-0.1321542866412605,1.3756230183104603,5,-0.41673583470360137,2.115424334863351,5,-4.446506851989071e-5,4.443015431374131e-5,5,0.46934301749418544,14.860961876832844,55,31,0.4116803083673209,-0.15599947472500256,0.7638016777901372,0.15451625262637414,0.643129171301446,-2.63,-2.262,6.518258064516129,2.591064516129032,3.5382580645161292,0.6990967741935484,0.572741935483871,0.421,cached
2022,8,3.430354838709677,2.0775806451612904,0.46958064516129033,0.25770967741935485,4041.9948387096774,-1.96,1.4771276617726044,0.15766405263949773,5,1.435383020971524,5247.742451612903,221.74794735483871,4041.9948387096774,1.511233842592592,1.5888342568951934,1.4368546050000006,1.3459460296160124,0.6684286858513193,16.637966486666667,15.908379113475178,15.435813176666668,15.169224477941176,14.072575428057554,0.00288781571207299,0.0118395873230912,3,0.02741447984530149,0.10903444588391292,3,-0.08903914631894431,1.371162251293646,4,-0.3675291841037242,2.1478446610543926,4,-0.00193068776091898,0.00177833099527385,4,0.8318217757063726,15.652158357771262,55,31,1.0017215075098145,0.3470514507595155,1.0656639144905284,0.770698873527906,1.1600252261478072,-2.38,-1.947,4.898354838709677,3.6117096774193542,3.1660645161290324,0.39470967741935487,0.4999677419354839,0.3667096774193549,cached
2022,9,2.373666666666667,1.1130666666666666,0.3147666666666667,0.1177,2948.533994666667,-1.82,0.265837492092683,0.15766405263949773,5,-0.08031581509864338,3148.7337706666667,249.45213013333336,2948.533994666667,-0.10601668592592615,0.05486145547675392,0.2359328518518513,0.18532275265522813,-0.244843921662671,14.61111919,14.38085615248227,14.39887203,14.203722080882352,13.468931363309352,0.00539362660619751,0.00333015431422671,3,0.0545221724076532,0.03061700900419594,3,-0.303094078394355,1.7606557391483988,4,-1.2769936617193745,3.733043183516791,4,-0.01744783924165594,0.02144356607479433,4,-0.1252431798086972,14.43470303030303,55,30,-0.354920719127616,-0.68274358974359,-0.2902991452991455,-0.4514901267315062,-0.2924037724727384,-2.28,-1.723,3.080433333333333,2.6078,2.5244999999999997,0.3263,0.35383333333333333,0.2252,cached
2022,10,3.547032258064516,1.5560967741935483,0.2886774193548387,0.14196774193548387,2740.974895483871,-1.51,0.4844124073308156,0.15766405263949773,5,-0.37770194121239964,2744.171953548387,370.0366348387097,2740.974895483871,-0.1597043370370379,0.2688248114657199,0.3097621579629628,0.3586000424836602,0.3903169478417272,13.09319538,13.295971627659574,13.299765436666666,13.231870540441175,13.046586086330937,0.02280816082319513,-0.01530261171434133,3,0.18993222408712432,-0.13950021211025795,3,-0.08720019543185312,2.383572742281081,5,-0.0412149467011433,6.984763063880868,5,0.02902420452931349,0.08766654137026772,5,0.4144371643857934,13.485939393939391,55,30,-0.06812604540023888,0.1985251493428913,-0.1307888142174433,0.04018551373954615,-0.02283927718040601,-1.81,-1.364,5.021193548387097,3.9846451612903224,2.5610645161290324,0.35716129032258065,0.32461290322580644,0.2550322580645161,cached
2022,11,0.0884,-0.04099999999999999,0.016333333333333335,-0.0551,3292.2999466666665,-2.12,-0.6654202693058269,0.15766405263949773,5,-0.9978768986071653,4790.258666666667,677.7154133333333,3292.299946666667,-1.0085935438888889,-0.9882669540977158,-1.2489850844444454,-1.2730018872549014,-1.3355421692645884,10.20782696,10.131079726950354,9.871490303333331,9.782655360294118,9.585413852517986,0.02769192077742432,-0.03598439743619079,3,0.22685001431077575,-0.32709510869141695,3,-0.41241069971102245,2.962644343457769,5,-2.4918852959539946,10.44953511270244,5,-0.0667988935165431,0.19658611961503183,5,-0.6407961257133672,10.713090909090909,55,30,-1.4369466548776897,-1.3280170940170943,-0.7526755083996465,-1.4281697612732096,-1.2551305629236662,-2.4,-1.986,0.10926666666666668,-0.02243333333333333,0.24033333333333337,-0.00416666666666666,-0.01556666666666666,0.03646666666666667,cached
2022,12,-2.547322580645161,-4.555096774193548,-0.2124193548387097,-0.31887096774193546,3192.2168051612903,-1.98,-0.7002956036667359,0.14937827895301814,6,-0.6227387547840687,5594.851612903226,1150.1188025806453,3192.2168051612903,-0.762253402962962,-0.916823349369583,-0.9632075950370372,-0.9941741833741826,-0.924404718984812,8.789443583333334,8.47695229432624,8.379497706666667,8.32726105882353,8.389760190647483,-0.00102089605736702,-0.0396607922339353,4,-0.00551700070844669,-0.36234644429461615,4,-0.4181123951868237,3.2290487723991776,6,-2.486172643185081,12.373965380752756,6,-0.07246262108071688,0.2589516329947506,6,-0.7328991415712975,9.2531788856305,55,31,-1.0277082256725276,-1.0294316701904471,-0.7194232441121677,-1.034289076326197,-0.964770834592704,-2.21,-1.836,-5.27258064516129,-3.661451612903226,-2.831,-0.5089677419354839,-0.30448387096774193,-0.1946129032258065,cached
2023,1,-4.253516129032258,-3.513774193548387,-0.4308709677419355,-0.23470967741935483,2958.648877419355,-0.92,0.3443296082344795,0.14937827895301814,6,0.4764370037128843,5843.308696774194,1488.732923870968,2958.648877419355,0.15211159788889006,0.3575130180851076,0.4331829512592584,0.4242359677696079,0.3435684515587525,9.24201067,9.251405113475178,9.251202223333332,9.222481643382354,9.142468543165467,0.00196205474448514,-0.04346117135093125,4,0.00314584728793849,-0.3950287423332433,4,0.12663512023041867,3.0380461192418053,6,0.3076382946924793,10.760348504887103,6,-0.01363688242618907,0.19371513931441783,6,0.3518326680786359,9.593536656891496,55,31,0.3398865657772466,0.41325378335324575,0.5364313520509759,0.3654335424133812,0.4286514005044471,-1.24,-0.947,-4.323709677419354,-5.558225806451613,-3.669064516129033,-0.4385806451612903,-0.5569032258064516,-0.253,cached
2023,2,0.6504642857142858,3.409535714285714,0.05992857142857143,0.22496428571428573,3092.5990857142856,-1.09,-0.24441224387674299,0.14937827895301814,6,-0.13501305668388972,4495.292,568.9654171428571,3092.5990857142856,-0.7167392578148153,-0.4307174812056722,-0.2716212912222211,-0.24752873839869416,-0.2539396882494014,8.007435095333333,8.24047420567376,8.295098486666667,8.283025033088235,8.22895428057554,0.00988991704450546,-0.02358349043317241,4,0.08566486058129485,-0.21618706177108857,4,0.6504888111912153,2.7817170822996253,6,4.682960163808772,9.177554802588356,6,0.12256100080921638,0.13759334284466052,6,-0.10417620174338332,9.06603367003367,55,27,-0.25130013400524653,-0.13723128173187624,-0.3662531954694052,-0.22306093463941204,-0.27128069905021884,-1.65,-1.273,2.520785714285714,1.541785714285714,4.51625,0.19771428571428573,0.12357142857142858,0.29628571428571426,cached
2023,3,-1.3510967741935482,2.4299677419354837,-0.07216129032258065,0.1384516129032258,3212.129909677419,-1.63,-0.8922262164002334,0.14937827895301814,6,-0.8536276746084859,4353.479638709678,994.9244696774192,3212.129909677419,-1.5219489788148142,-1.31210468179669,-1.2506250459259256,-1.2995550885212426,-1.2976876148281369,7.498735756,7.71765549716312,7.72134134,7.642881729411765,7.541898453956835,0.00978067703248438,-0.03139367513489231,4,0.08669019563332402,-0.2864238315235854,4,-0.374330032019618,2.665874766366925,6,-1.913157142178136,8.51652694236105,6,-0.02834514330239864,0.1315736547088193,6,-0.8129128328001423,8.60458651026393,55,31,-1.0653098308352338,-1.0546524315738026,-1.027385532746823,-1.0566813918757465,-1.065863599706745,-2.45,-1.892,0.9303548387096772,-1.2405806451612902,4.793129032258064,0.046,-0.06558064516129034,0.2674193548387097,cached
2023,4,-5.071733333333333,0.1448333333333334,-0.3127666666666667,0.008300000000000002,4036.0878933333333,-2.18,-0.9949388400058299,0.14937827895301814,6,-0.9028934684141822,6222.144853333333,1724.776288,4036.087893333334,-1.076558175370371,-1.0780904456264775,-1.0169332794444443,-1.0256030831290843,-1.0838225487609918,9.228903003333333,9.23388019503546,9.235173136666669,9.155219816176473,8.931968413669065,-0.03202011300935262,-0.013295056158115,4,-0.27904551861935617,-0.12124090984207082,4,0.16280203176319372,2.271133662954427,6,0.7368714584444788,6.065962832180807,6,0.02274623758340016,0.04746974758371827,6,-0.8174658307210031,9.409060606060606,55,30,-0.9651149425287358,-0.8125363984674335,-0.8848314176245218,-0.942961685823755,-0.9394482758620692,-3.08,-2.484,-2.557166666666667,-5.132533333333333,1.5452666666666666,-0.16503333333333334,-0.3136,0.10013333333333332,cached
2023,5,1.5808387096774192,3.2014516129032256,0.35196774193548386,0.3915483870967742,9442.282632258064,-1.69,0.7253810355771735,0.14937827895301814,6,0.47791049811895664,11554.16784516129,897.8252490322581,9442.282632258064,1.754675491481482,1.0640899342001582,0.584196107407406,0.4701309936683007,0.3361493437250189,14.18760681,13.196579780141844,12.54928221,12.304544136029412,11.857072571942446,0.01471360499306464,0.00588625556904433,4,0.13442759231687085,0.05424115217687762,4,-0.0843357201181287,1.7459837116450605,6,-0.4706061668563719,3.502661425063787,6,-0.00608642542443288,0.00608708018730358,6,0.6773218507657217,12.573794721407625,55,31,0.5817060931899647,0.33998446833930807,0.989486738351254,0.45137968936678696,0.8355438470728794,-2.41,-1.949,7.280516129032258,2.2049354838709676,4.790806451612903,0.5498709677419354,0.429,0.5305806451612903,cached
2023,6,2.268,2.791933333333333,0.5431666666666667,0.4462,4456.120426666666,-1.89,-0.9339238736474794,0.14937827895301814,6,-0.992408059841439,5705.8351999999995,347.3716245333333,4456.120426666666,NA,NA,NA,NA,NA,NA,NA,NA,NA,NA,0.01679359901738241,0.01012452179940359,4,0.14571995467307294,0.09291438823800792,4,-0.02228213397340981,1.5781520879503164,6,-0.14002730816796183,2.8926578281877036,6,-0.00273210880411885,0.00379011301117982,6,-1.4313408585858585,12.033224242424245,55,30,-1.898670370370371,-2.438513888888888,-1.358442592592592,-2.0973587962962967,-1.6764666666666663,-2.55,-2.16,6.983366666666667,2.7851666666666666,3.6910666666666665,0.7099333333333333,0.6652333333333333,0.5841666666666666,cached
2023,7,2.0393870967741936,2.648709677419355,0.47503225806451616,0.3312258064516129,3747.8654967741936,-1.85,0.8206246887910928,0.14937827895301814,6,0.5761248968030355,4147.954477419355,217.17158709677415,3747.8654967741936,1.3661947812962951,0.7773054992119786,0.37446417166666635,0.29873991952614354,0.5788331882494013,16.502181753333332,15.07950109929078,14.306141966666669,14.029031422794118,13.921932284172662,8.535305602638046e-4,0.01849652630860572,4,0.00702842813815262,0.16962703021083023,4,-0.26398067762978145,1.3756230183104603,6,-0.6656779371780649,2.115424334863351,6,-4.44238251741868e-5,4.443015431374131e-5,6,-0.3387097684295682,14.052909090909091,55,31,-1.1234809819552591,-1.4755693671981216,-0.32533810715609884,-1.2232256828574961,-0.8580536243974789,-2.54,-2.148,5.108548387096774,2.3805806451612903,3.703,0.5374516129032259,0.5538387096774193,0.454741935483871,cached
2023,8,2.1906451612903224,1.1658387096774194,0.512774193548387,0.34022580645161293,3379.7470967741933,-1.68,1.400170335766515,0.14937827895301814,6,1.0810700038211098,3781.662967741935,192.17972748387095,3379.747096774194,3.4731121225925925,2.0204678881008675,1.012383795,0.8963284634395414,0.5904007038369308,18.599844766666667,16.340012744680852,15.011342366666666,14.719606911764703,13.994547446043166,0.00643501423238797,0.0118395873230912,4,0.05628796385023643,0.10903444588391292,4,-0.04042313060607511,1.371162251293646,6,0.1777451952588422,2.1478446610543926,6,1.319445624256091e-4,0.00177833099527385,6,0.9157983152958156,15.736134897360705,55,31,0.48570000213346987,-0.5927334954770439,1.272223054275474,0.08166661546338953,0.9559392046424304,-2.48,-1.971,5.300387096774194,2.479967741935484,1.740709677419355,0.6035806451612903,0.5795806451612904,0.4760322580645161,cached
2023,9,2.0065666666666666,0.4492,0.11706666666666665,-0.07443333333333334,2719.1679146666665,-2.14,0.8463834981790825,0.14937827895301814,6,1.0278251053187102,2630.064384,207.76980053333332,2719.1679146666665,2.1870077640740746,1.232263349093774,0.8549270151851847,0.7721942011846412,0.8428723517186238,16.90414364,15.55825804609929,15.017866193333331,14.790593529411764,14.556647636690649,-0.00944263724186064,0.00333015431422671,4,-0.07879999290374137,0.03061700900419594,4,0.3487153158348846,1.7606557391483988,5,2.1099679627046792,3.733043183516791,5,0.0922776037190508,0.02144356607479433,5,0.35442348685796954,14.914369696969697,55,30,0.6367459475390506,0.245145299145299,0.7093675213675213,0.5389543177129378,0.6754851164161509,-2.99,-2.39,1.750033333333333,2.1673666666666667,1.1379,0.00893333333333332,0.1333,0.03503333333333333,cached
2023,10,0.009451612903225807,0,0.06861290322580645,-0.04470967741935484,2699.7785187096774,-1.61,1.1895135591194976,0.14937827895301814,6,1.2247428443982045,2949.4230812903224,380.24895174193546,2647.529455483871,1.0796637429629623,1.1344392369976362,1.1590848346296294,1.1718257299836594,1.3731048183453254,14.33256346,14.16158605319149,14.149088113333333,14.045096227941176,14.029373956834531,-4.4947667545271967e-4,-0.01530261171434133,4,-0.01228979602165587,-0.13950021211025795,4,-0.29965078273182005,2.383572742281081,6,-1.5743755753825508,6.984763063880868,6,-0.0453251707626304,0.08766654137026772,6,0.7313540754317368,13.802856304985337,55,31,0.864490442054958,1.0410126045400236,0.6119101105137398,0.936619205495818,0.7592144862604542,-2.23,-2.021,0.07603225806451613,0.01141935483870967,0,0.11980645161290324,0.0906451612903226,0.01916129032258064,cached
2023,11,0.026366666666666667,0.027333333333333334,-0.023633333333333333,-0.08726666666666667,3127.118613333333,-1.31,0.920031341923477,0.14937827895301814,6,0.9522131835816771,4721.354453333333,655.7226986666667,2972.9808319999997,0.5695501461111103,0.48427673384554737,0.4436119155555556,0.4227605428921564,0.6071643127498003,11.78597065,11.603623414893615,11.564087303333334,11.478417790441176,11.528120334532376,0.01753080674464394,-0.03598439743619079,4,0.14401348906800118,-0.32709510869141695,4,-0.34999978953761984,2.962644343457769,6,-2.353356095964913,10.44953511270244,6,-0.07136919363590197,0.19658611961503183,6,0.9520462985290572,12.305933333333334,55,30,0.5373866784556434,0.77842735042735,0.8657689360447982,0.5963857942823451,0.5987583259652229,-1.79,-1.621,0.00786666666666666,0.02243333333333333,0.0559,-2.3333333333334295e-4,-0.03476666666666667,-0.01893333333333333,cached
2023,12,-1.330709677419355,-0.7507096774193548,-0.4545483870967742,-0.11774193548387096,2849.1268025806453,-1.24,1.157824919633193,0.18308381752861475,4,1.2558250215059905,6268.974141935484,1744.6802580645162,2586.2372851612904,0.4730588870370376,0.5385705832545309,0.5872173682962956,0.5727116328022888,0.47888243928856866,10.024755873333334,9.932346226950354,9.92992267,9.894146875,9.793047348920863,0.00342419945767996,-0.0396607922339353,3,0.03670216132415255,-0.36234644429461615,3,-0.05107977376012515,3.2290487723991776,4,-0.6428340774075949,12.373965380752756,4,0.00633926157392171,0.2589516329947506,4,0.8661401546163858,10.852218181818182,55,20,0.7350498388436009,0.5411812330353598,1.0299315945975096,0.6840550096953084,0.8212399180954684,-1.66,-1.68,-0.9022258064516128,-1.5381935483870968,-0.5269999999999999,-0.44093548387096776,-0.524483870967742,-0.04370967741935484,cached
2024,1,-3.74858064516129,-0.03596774193548383,-0.4921935483870968,0.063,3008.066260645161,-0.85,1.1655812366310319,0.18308381752861475,4,1.4282351422724817,6962.279019354839,2632.2749212903227,2820.992691612903,0.1429166745555559,0.3382763265957447,0.43305454459259174,0.4579783721813726,0.45439008465227815,9.232815746666668,9.232168421985817,9.251073816666668,9.256224047794118,9.253290176258991,0.00758431427513605,-0.04346117135093125,3,0.06082207791554139,-0.3950287423332433,3,0.1367382648275219,3.0380461192418053,4,0.9082651805381808,10.760348504887103,4,0.01479861053582798,0.19371513931441783,4,1.2780176020962313,10.519721590909093,55,32,1.1587138507234829,1.3647020360414177,1.17856844882517,1.2436324671445635,1.1445922607195012,-1.57,-1.4,-2.0758709677419356,-4.33641935483871,0.10512903225806454,-0.38867741935483874,-0.5688387096774193,0.11229032258064515,cached
2024,2,-2.151586206896552,-0.4933793103448275,-0.34813793103448276,0.018344827586206883,3311.1127172413794,-0.43,1.2793807811792834,0.19902078008061275,3,1.4628869872725367,5797.132468965518,1619.2327393103446,3224.4047227586207,1.1049970168518506,1.2763639904255335,1.3480472821111107,1.3523423792483662,1.174975178657073,9.82917137,9.947555677304964,9.91476706,9.882896150735297,9.657869147482014,7.211578187228835e-5,-0.02358349043317241,3,-0.00325611512789549,-0.21618706177108857,3,-0.02169416147139964,2.7817170822996253,4,-0.49036264554773257,9.177554802588356,4,-0.03287441588769847,0.13759334284466052,4,1.4612572128624448,10.631467084639498,55,29,1.328584923466017,1.4616576071570129,1.2949388011248903,1.3832992186172923,1.2947175980975032,-1.34,-1.077,-0.5399310344827586,-2.6270344827586207,-0.00586206896551723,-0.07310344827586206,-0.4251379310344828,0.07272413793103448,cached
2024,3,-1.036483870967742,-0.12003225806451612,-0.12851612903225806,-0.014612903225806448,3536.859664516129,-0.56,1.100507002886184,0.17087380998036472,4,0.8916889496787839,6380.414451612904,1568.842064516129,3531.378993548387,0.8086387885185182,0.8724108210401891,0.9149377007407402,0.8822569908905216,0.7482532045963239,9.829323523333333,9.902171,9.886904086666666,9.824693808823527,9.587839273381295,0.00212531644857323,-0.03139367513489231,3,0.02373710200080567,-0.2864238315235854,3,-0.09893287081300955,2.665874766366925,5,-0.4444319580700255,8.51652694236105,5,0.03404495015034126,0.1315736547088193,5,1.0752642932995644,10.492763636363636,55,30,0.9366435741826868,1.029831439393939,1.060187943955686,0.9583365292712062,0.9849571888237209,-1.54,-1.274,-1.340516129032258,-1.339161290322581,0.934548387096774,-0.2384516129032258,-0.171,0.10806451612903226,cached
2024,4,1.3813666666666666,1.5591333333333333,0.2516333333333333,0.23116666666666666,4441.018133333333,-1.06,0.6074789884568782,0.17087380998036472,4,0.6295123541110588,5889.8944,736.803136,4595.81664,0.7280027746296298,0.5810511926713957,0.5407652838888879,0.48457742422385586,0.5392291418864907,11.033463953333332,10.893021833333334,10.7928717,10.665400323529411,10.555020104316547,0.01835515304018403,-0.013295056158115,3,0.16647487930314273,-0.12124090984207082,3,-0.18430953852066037,2.271133662954427,5,-1.382625145234536,6.065962832180807,5,-0.043765551890431,0.04746974758371827,5,0.6525523510971787,10.879078787878788,55,30,0.6142183908045974,0.529463601532567,0.7707241379310344,0.5762605363984671,0.6656628352490426,-2.11,-1.69,2.874833333333333,1.883233333333333,2.2559,0.41623333333333334,0.34403333333333336,0.34076666666666666,cached
2024,5,0.8062903225806451,2.1443870967741936,0.27245161290322584,0.30535483870967745,5266.9248,-2.15,-0.3457006042567641,0.17087380998036472,4,-0.6093811707273904,6849.925264516129,960.487587096774,5403.028129032257,0.1329986948148143,-0.2680275126083522,-0.6385962559259273,-0.7069941680964043,-0.720816440447642,12.565930013333332,11.864462333333334,11.326489846666666,11.127418974264708,10.800106787769783,0.01594780101915488,0.00588625556904433,3,0.14795230243056953,0.05424115217687762,3,0.06194037035731364,1.7459837116450605,5,0.07290317684794709,3.502661425063787,5,0.00164144700820333,0.00608708018730358,5,-0.2996752166829585,11.596797653958944,55,31,-0.828616487455197,-0.9524886499402624,-0.12750250896057302,-0.9367923536439662,-0.5715529271206687,-2.98,-2.607,3.6043548387096775,1.1443548387096774,3.12358064516129,0.5897741935483871,0.36648387096774193,0.43416129032258066,cached
2024,6,0.8852333333333333,1.3779333333333332,0.22263333333333332,0.20723333333333332,5222.561813333334,-2.41,-0.6998626858582746,0.15766405263949773,5,-0.5161141224974406,6352.402133333334,472.48468586666667,5348.099626666666,-0.5842629892592601,-0.7194071014578416,-0.6702997416666676,-0.6715211631944449,-0.5242122078337328,13.634492423333333,12.907679578014184,12.705928593333333,12.528311106617648,12.280453241007194,0.00393699663523647,0.01012452179940359,4,0.02844051855915978,0.09291438823800792,4,0.2002679029949463,1.5781520879503164,6,0.9908691394822068,2.8926578281877036,6,0.01253565962438732,0.00379011301117982,6,-0.9708196464646464,12.493745454545454,55,30,-1.1826703703703714,-1.4257361111111109,-0.7404425925925923,-1.3021365740740751,-0.9858,-3.15,-2.744,3.411466666666666,1.2398,2.2633666666666667,0.4549,0.3015,0.31876666666666664,cached
2024,7,4.925387096774194,4.324935483870968,0.41716129032258065,0.38706451612903225,3931.9246967741938,-1.97,-0.3364156000638975,0.15766405263949773,5,-0.29053967279456927,4483.188851612904,267.5663566451613,4112.330116129032,0.7757568279629634,0.5403869034672972,0.04869245499999941,-0.1083535988562101,-0.07005549520383703,15.9117438,14.8425825035461,13.98037025,13.621937904411764,13.273043600719424,9.344590583482496e-4,0.01849652630860572,4,0.01088101597513349,0.16962703021083023,4,-0.03567554224103324,1.3756230183104603,6,-0.24639873272124477,2.115424334863351,6,-4.44238251741868e-5,4.443015431374131e-5,6,-0.9160411467286884,13.47557771260997,55,31,-1.4915454980842917,-1.9461070016067232,-0.8416821931776047,-1.725483747373626,-1.1580536243974784,-3.01,-2.315,7.016258064516129,5.834032258064516,5.940935483870968,0.6898064516129032,0.49874193548387097,0.5343870967741936,cached
2024,8,1.311,1.191709677419355,0.21783870967741936,0.13680645161290322,2981.210972903226,-1.88,0.9990421485489582,0.15766405263949773,5,1.0155639125438745,3622.7235096774193,208.93231174193548,3418.659860645161,1.311922355925926,1.3682070689519303,1.137565498333334,1.0568765479983655,0.7650708225419667,16.438655,15.687751925531916,15.13652407,14.88015499632353,14.169217564748202,-0.00481143948581771,0.0118395873230912,4,-0.04221034234550375,0.10903444588391292,4,-0.13742145837373998,1.371162251293646,6,-0.5295562401956829,2.1478446610543926,6,-0.00177822155499702,0.00177833099527385,6,0.3359156173486014,15.15625219941349,55,31,0.7192483892302448,0.2700622034476871,0.6069542370711728,0.5979031746031751,0.7689499573306028,-2.91,-2.079,1.0650967741935484,2.492516129032258,0.6454193548387097,0.1774193548387097,0.3570967741935484,0.0647741935483871,cached
2024,9,1.7582666666666666,1.3859333333333332,0.25393333333333334,0.2937666666666667,2052.779221333333,-2.64,0.7348524763585519,0.15766405263949773,5,0.08756153832970703,2753.4312426666665,250.65087466666665,2602.31392,1.0960442274074076,1.208596831363279,1.2522834118518524,1.3827147526552288,1.4483654848121503,15.813180103333334,15.534591528368797,15.41522259,15.401114080882351,15.162140769784171,0.01119012551848606,0.00333015431422671,4,0.10351468291569473,0.03061700900419594,4,0.15761443062388136,1.7606557391483988,6,0.4839951017308331,3.733043183516791,6,0.00388877460028302,0.02144356607479433,6,0.1409628807973635,14.700909090909091,55,30,0.613634836427939,0.40303418803418783,0.5575897435897433,0.60817653993516,0.6290406719717065,-3.56,-2.652,1.8853333333333333,3.1360333333333332,0.6174333333333334,0.3754666666666666,0.41013333333333335,0.1122,cached
2024,10,0.42161290322580647,0.14567741935483872,-0.05664516129032258,-0.037870967741935484,1913.6676129032257,-2.92,0.279623434847062,0.15766405263949773,5,0.06666768007610013,2682.3317161290324,321.01203303225805,2430.9516077419357,0.1271495296296301,-0.13688758924349995,-0.20998497537036975,-0.1538939685457521,-0.245452850719424,13.380049246666667,12.890259226950354,12.780018303333334,12.719376529411765,12.410816287769784,-0.00474319756619778,-0.01530261171434133,4,-0.04540252077297663,-0.13950021211025795,4,-0.06309552387711204,2.383572742281081,6,-0.24982777404000747,6.984763063880868,6,0.00689570555141475,0.08766654137026772,6,-0.13321483952427485,12.938287390029323,55,31,-0.6600256869772997,-0.908772341696535,0.07244774492234167,-0.7647786439665474,-0.40626938470728824,-3.8,-3.043,0.6538064516129033,0.5835483870967741,-0.0084516129032258,0.03516129032258064,0.06287096774193549,-0.11348387096774194,cached
2024,11,-0.36343333333333333,-0.2021333333333333,-0.24356666666666665,-0.23779999999999998,2636.9548053333333,-2.41,0.5662035592185006,0.15766405263949773,5,0.2234081206687346,5212.178986666666,1235.461984,3170.537706666667,0.42469886277777746,0.3434781771079596,0.28665233888888864,0.31418840686274585,0.31965708613109456,11.641119366666668,11.46282485815603,11.407127726666667,11.369845654411764,11.240613107913669,-0.01252714276346418,-0.03598439743619079,4,-0.11440017516898876,-0.32709510869141695,4,0.27025050470151396,2.962644343457769,6,2.7028073878389116,10.44953511270244,6,0.10108625426437304,0.19658611961503183,6,0.3102038742866327,11.664090909090907,55,30,0.2123866784556435,0.13531623931623868,0.4427689360447988,0.19449690539345652,0.30364721485411117,-3.13,-2.628,-0.9898666666666668,-0.22553333333333336,-0.524,-0.5280666666666667,-0.2779,-0.3914,cached
2024,12,-2.3369032258064517,-0.7117741935483871,-0.3472258064516129,-0.032483870967741926,3139.7850529032257,-1.61,0.624769575545749,0.17895387988014308,4,0.5005631707078271,5932.826322580645,1478.410993548387,3519.504206451613,0.4865071370370373,0.4656590690701332,0.46306174496296215,0.4692173019199348,0.5125529752597924,10.038204123333331,9.859434712765957,9.805767046666666,9.790652544117648,9.826717884892089,-0.02359057712083689,-0.0396607922339353,4,-0.2061748155475536,-0.36234644429461615,4,0.1821850369090184,3.2290487723991776,5,1.1951183994180603,12.373965380752756,5,0.08461495282760755,0.2589516329947506,5,0.3274644947923388,10.313542521994137,55,31,0.0145498388436008,-0.03609833685711313,0.35477030427492967,-0.00654714084232566,0.13651948798794086,-2.03,-1.788,-6.3222903225806455,2.312774193548387,-4.462032258064516,-1.3618387096774194,0.39296774193548384,-0.8443225806451613,cached
2025,1,-0.44119354838709673,2.902225806451613,-0.012516129032258062,0.34819354838709676,3580.7050322580644,-0.75,-0.347904719901527,0.15766405263949773,5,-0.21490150791935214,6499.162322580645,1920.8838296774193,3747.8654967741936,-0.13712807877777777,0.14790048617021334,-0.0492658220740747,-0.0694125101715688,-0.06793076786570751,8.952770993333333,9.041792581560284,8.76875345,8.728833165441177,8.730969323741007,0.04469286109200098,-0.04346117135093125,4,0.38205918063050665,-0.3950287423332433,4,-0.8169383638998655,3.0380461192418053,6,-5.28737330981587,10.760348504887103,6,-0.1797436960190739,0.19371513931441783,6,0.05846023406104072,9.3001642228739,55,31,-0.02344676755608669,-0.09857417363600143,-0.2827084328952605,-0.02424387694145717,-0.08242386831275716,-1.29,-1.086,0.4387741935483872,6.3751612903225805,-1.5508064516129032,0.08851612903225807,0.5628709677419355,-0.26722580645161287,cached
2025,2,-1.7283928571428573,-4.115892857142857,-0.10178571428571428,-0.19382142857142856,3918.842857142857,-0.8,-0.5915263155242729,0.15766405263949773,5,-0.9054169852356528,5651.224228571428,1339.4857714285713,3707.4781714285714,-0.9903049344814816,-1.074912186170212,-0.9962601712222215,-1.018540840604576,-1.0119469170263802,7.733869418666667,7.59627950070922,7.570459606666667,7.512012930882353,7.470947051798561,-0.0136567581572612,-0.02358349043317241,4,-0.1171444747366498,-0.21618706177108857,4,-0.111757162999922,2.7817170822996253,6,-0.04498251967471565,9.177554802588356,6,-0.02167488198631569,0.13759334284466052,6,-0.5291384432056251,8.64107142857143,55,28,-1.1883239435290565,-1.2182233452239393,-1.0873025781854553,-1.1673863314648092,-1.1958530094558626,-1.4,-1.11,-6.864857142857143,0.07674999999999972,-7.862035714285715,-0.5456428571428571,-0.02874999999999999,-0.4806785714285714,cached
2025,3,-0.7713870967741935,-3.871741935483871,-0.06199999999999999,-0.2632258064516129,4895.152619354839,-0.4,0.189990077214449,0.15766405263949773,5,0.28567445607773934,7009.778167741935,1911.4753445161289,4369.921651612904,0.09896921518518552,0.11070165082742456,0.15701698740740788,0.15776746515522788,0.1957143988409289,9.11965395,9.140461829787236,9.128983373333334,9.100204283088235,9.0353004676259,-0.02366918133437755,-0.03139367513489231,4,-0.19468520358169145,-0.2864238315235854,4,0.29112040888910373,2.665874766366925,6,0.950231308694684,8.51652694236105,6,-0.01268736451206311,0.1315736547088193,6,0.15561502643739444,9.573114369501466,55,31,0.13598049174541121,0.12986369745845572,0.1384209188660801,0.13342613500597386,0.14144822825024406,-1.12,-0.892,-3.5759032258064516,-1.217354838709677,-3.1792258064516132,-0.3070322580645161,-0.09541935483870968,-0.26929032258064517,cached
2025,4,-0.26876190476190476,3.8627142857142855,0.048380952380952386,0.3661904761904762,6534.888177777778,-0.57,0.23552100946437382,0.15766405263949773,5,0.2713765733972098,7575.687893333333,1134.748565333333,5662.416106666667,0.3904551546296293,0.1721794763593376,0.11759656388888828,0.05669070731209125,-0.01254729336530857,10.695916333333331,10.484150117021276,10.36970298,10.237513606617648,10.003243669064748,0.03095052998496416,-0.013295056158115,4,0.277680068263631,-0.12124090984207082,4,-0.25447032993200325,2.271133662954427,6,-1.530898958297544,6.065962832180807,6,-0.04328057796898252,0.04746974758371827,6,0.5712493207941485,10.797775757575758,55,30,0.34144061302681966,0.3005747126436778,0.6382796934865903,0.2783716475095777,0.4472183908045982,-1.15,-1.017,2.756366666666666,4.6526,1.2778666666666667,0.3978,0.6676333333333333,0.13176666666666667,cached
2025,5,NA,NA,NA,NA,6307.3388387096775,-1.14,0.1859595224687065,0.15766405263949773,5,0.05836995404102918,6483.63375483871,471.97711483870967,5767.492748387096,0.20148374148148207,0.2062650228526408,0.11636201740740582,0.14398557455065308,0.05627681854516275,12.63441506,12.338754868794329,12.08144812,11.978398716911764,11.57720004676259,0.00413804250817412,0.00588625556904433,4,0.04650438938072517,0.05424115217687762,4,0.00630122228952672,1.7459837116450605,6,-0.18012062052394454,3.502661425063787,6,-0.0052997197101776,0.00608708018730358,6,0.12088196806777454,12.017354838709675,55,31,-0.08721863799283074,-0.4633488649940259,0.23808888888888904,-0.24926547192353551,0.04414599761051363,-1.66,-1.595,1.1569354838709678,1.595225806451613,0.48893548387096775,0.17616129032258063,0.33780645161290324,0.02838709677419354,cached
2025,6,NA,NA,NA,NA,4746.839573333334,-2.34,-0.7166185623989214,0.15766405263949773,5,-0.8302675405082907,5289.57824,272.21883733333334,4739.288426666666,-0.3210224292592603,-0.34592977167060646,-0.38086477500000093,-0.27160826245915004,-0.11052908553157435,13.897732983333333,13.281156907801421,12.99536356,12.928224007352942,12.694136363309353,0.01946157505988986,0.01012452179940359,4,0.18373452123824585,0.09291438823800792,4,0.14148653485870002,1.5781520879503164,6,0.5317606776308421,2.8926578281877036,6,-0.00367316791601339,0.00379011301117982,6,-0.8322766997561825,12.632288401253918,55,29,-1.2644174968071524,-1.4862993295019151,-0.5169061941251586,-1.4206231641123892,-0.9926007662835244,-2.64,-2.666,4.273633333333334,2.8514666666666666,1.5687666666666666,0.6524333333333333,0.7217,0.2996666666666667,cached
2025,7,NA,NA,NA,NA,3554.215122580645,-3.59,-0.8461333330387943,0.15766405263949773,5,-1.24130842959572,3736.90415483871,183.66641858064511,3521.6964748387095,-0.32026271203703693,-0.09308613199369552,0.09091153166666643,0.20957833129084943,0.5924556630695452,14.81572426,14.209109468085106,14.022589326666669,13.939869834558824,13.935554758992806,0.00520942561407347,0.01849652630860572,4,0.05444091436242688,0.16962703021083023,4,-0.1432964817548415,1.3756230183104603,6,-0.30593913433052383,2.115424334863351,6,-4.44238251741868e-5,4.443015431374131e-5,6,-1.129120325614319,13.26249853372434,55,31,-1.9518680787294531,-2.482988722036831,-0.861574666295884,-2.2834407366209373,-1.4211719039673714,-4.21,-3.591,4.09641935483871,4.134516129032258,1.5820645161290323,0.4009354838709677,0.6214193548387097,0.20874193548387096,cached
2025,8,NA,NA,NA,NA,3366.958864516129,-2.73,1.1268342707822514,0.15766405263949773,5,0.9650806638212757,3592.5798193548385,174.60504258064515,3281.277708387097,1.4497609359259265,1.8681220228526385,1.9867166816666677,2.053416632557189,2.3127952398081533,16.57649358,16.187666879432623,15.985675253333334,15.876695080882351,15.716941982014388,1.0802668882708988e-4,0.0118395873230912,4,0.00366713066584778,0.10903444588391292,4,-0.02336004258116029,1.371162251293646,6,-0.0101547210712199,2.1478446610543926,6,-0.00177822155499702,0.00177833099527385,6,0.31200945899083016,15.13234604105572,55,31,0.5020440881549751,0.03113747226489138,0.6945886456733236,0.3634945724526369,0.6027133981908174,-3.23,-2.691,1.1262258064516129,2.005903225806452,0.6886774193548387,0.21474193548387097,0.40358064516129033,0.1301935483870968,cached
2025,9,NA,NA,NA,NA,2748.711776,-2,1.0754093079365608,0.15766405263949773,5,0.6793600577570569,2680.18512,198.05713813333332,2532.654592,1.1524981507407404,1.1722239802994476,1.0538584818518508,1.1135709989787586,1.3188862078337331,15.869634026666668,15.498218677304964,15.21679766,15.131970327205885,15.032661492805756,0.00574334740047624,0.00333015431422671,4,0.06339911853137194,0.03061700900419594,4,-0.16631445863882036,1.7606557391483988,6,-0.7184875222419089,3.733043183516791,6,-0.01842411439803137,0.02144356607479433,6,0.12995682019130275,14.68990303030303,55,30,0.06696816976127214,-0.330632478632479,0.3218119658119658,-0.10682346006484048,0.2942628941939282,-2.31,-1.976,0.6221666666666666,2.1058666666666666,-0.04436666666666667,0.1764,0.3547,0.00353333333333333,cached
2025,10,NA,NA,NA,NA,2815.4450346666667,-2.04,0.7572030446320458,0.22267943109848068,3,0.5671869259091,3144.7176567741935,316.72797522580646,2850.9536929032256,0.5169356696296301,0.4122461447990542,0.4362690946296297,0.43310648366013105,0.6240264586330948,13.769835386666667,13.439392960992908,13.426272373333331,13.306376981617648,13.280295597122302,-0.00549773715137919,-0.01530261171434133,2,-0.05385763035442421,-0.13950021211025795,2,0.3762282486577388,2.383572742281081,4,2.5468873118945807,6.984763063880868,4,0.11677669079784538,0.08766654137026772,4,0.13028076164874547,13.201782991202348,55,31,0.2138452807646356,0.14671152927120623,0.5612649492234176,0.1984471624850658,0.26405319593787385,-2.37,-2.125,-0.03906451612903226,-0.01093548387096774,-0.01048387096774193,0.02406451612903225,0.21093548387096775,0.02241935483870967,cached
2025,11,NA,NA,NA,NA,3076.053984,-1.21,1.0293146893132088,0.22267943109848068,3,0.8939809476585348,4500.483413333333,542.549888,3421.6133333333332,0.8634179461111113,0.9535884111505126,0.8885521055555543,0.8613645649509802,0.6530231796562749,12.07983845,12.072935092198582,12.009027493333331,11.9170218125,11.57397920143885,0.01179358598327949,-0.03598439743619079,2,0.10200779677424644,-0.32709510869141695,2,-0.06615150091822193,2.962644343457769,4,-0.6725954541257807,10.44953511270244,4,-0.02142116956946553,0.19658611961503183,4,0.5888947833775419,11.942781818181816,55,30,0.7598311229000885,0.5739829059829056,1.023324491600354,0.6870524609490124,0.8404249926318895,-1.51,-1.488,-0.13776666666666668,0.0134,-0.15136666666666668,-0.37933333333333336,-0.01289999999999999,-0.3942333333333333,cached
2025,12,NA,NA,NA,NA,3739.6444903225806,-0.84,1.4761607179527712,0.22267943109848068,3,1.5095431534229817,8810.178580645163,1872.9279587096771,4148.867922580645,NA,NA,NA,NA,NA,NA,NA,NA,NA,NA,-0.01518279003522966,-0.0396607922339353,1,-0.1390667531241067,-0.36234644429461615,1,-0.5050395937665514,3.2290487723991776,4,-3.850974868789262,12.373965380752756,4,-0.1361982065776293,0.2589516329947506,4,1.098854524117852,11.084932551319648,55,31,1.172076720564031,1.1532565018525638,1.4373509494362195,1.15259264410391,1.2599603482029955,-0.96,-1.075,-0.496258064516129,0.3251935483870968,-1.059,-0.4704516129032258,0.11667741935483872,-0.4541935483870968,cached
2026,1,NA,NA,NA,NA,3337.728619354839,-0.9,NA,NA,0,NA,6980.547922580645,991.3620335483872,3785.3167483870966,0.9805072012222222,1.01200035496454,0.9944147879259244,0.9034021295343138,0.8619282105515591,10.070406273333331,9.90589245035461,9.81243406,9.70164780514706,9.660828302158274,0.00275142159521973,-0.04346117135093125,1,0.02429144939022095,-0.3950287423332433,1,-0.6420616876950247,3.0380461192418053,4,-3.4200308254561307,10.760348504887103,4,-0.08420443605889877,0.19371513931441783,4,0.7960379466710112,10.03774193548387,55,31,0.4979510819062784,0.29604948227797695,0.6985818896853845,0.4496270908004778,0.5409094650205754,-1.24,-1.232,-2.3626774193548385,0.9100967741935484,-4.853645161290323,-0.5185806451612903,0.22551612903225807,-0.4568064516129032,cached
2026,2,NA,NA,NA,NA,3232.36272,-0.42,NA,NA,0,NA,6086.089371428571,951.5456114285714,3614.437257142857,0.9889176701851844,0.9678622031914904,1.0304848221111111,0.9874868057189534,0.8737572793764983,9.713092023333331,9.639053890070922,9.5972046,9.518040577205882,9.35665124820144,-0.00240098093623375,-0.02358349043317241,1,-0.02137975721518674,-0.21618706177108857,1,0.00123697773591181,2.7817170822996253,4,-0.6432765136608098,9.177554802588356,4,-0.0522019169454027,0.13759334284466052,4,0.967965452898271,10.138175324675323,55,28,0.8157236755185622,0.7939195119189181,0.6140069456240683,0.8665422399637622,0.702837466734613,-1,-0.881,0.19628571428571423,1.9199285714285712,-1.2977142857142856,-0.0102142857142857,0.28575,-0.14460714285714285,cached
2026,3,NA,NA,NA,NA,NA,NA,NA,NA,0,NA,8025.529187096775,1230.5019767741935,4971.882012903226,0.8080583585185188,0.8057591862884177,0.6618950807407398,0.6480305276552283,0.5353636686251004,9.828743093333332,9.835519365248228,9.633861466666666,9.590467345588236,9.374949737410072,0.01553587301826566,-0.03139367513489231,1,0.14384989604614998,-0.2864238315235854,1,-0.4304587351044966,2.665874766366925,4,-2.816578768990813,8.51652694236105,4,-0.09573579012363316,0.1315736547088193,4,0.315884821158802,9.733384164222874,55,31,0.23264715841207695,0.10255186950146584,0.12035640273704767,0.211168070489844,0.17628693792766312,-1.42,-1.28,1.5769032258064517,3.3223870967741935,-0.5517096774193548,0.19038709677419355,0.31593548387096776,-0.05238709677419355,cached
2026,4,NA,NA,NA,NA,NA,NA,NA,NA,0,NA,6701.317186206897,695.8591407407407,5385.85536,0.5225441879629624,0.42928916430260067,0.31148388722222187,0.3615379904003273,0.20558684692246132,10.828005366666666,10.74125980496454,10.563590303333331,10.542360889705884,10.221377809352518,0.03461069376555533,-0.013295056158115,2,0.30160364356288805,-0.12124090984207082,2,-0.41473572291746097,2.271133662954427,4,-2.213418777064328,6.065962832180807,4,-0.04718535209515843,0.04746974758371827,4,0.6116796238244513,10.83820606060606,55,30,0.4825517241379303,0.3915747126436783,0.7617241379310341,0.41537164750957817,0.5464406130268197,-1.62,-1.413,1.2937333333333334,3.5645666666666664,2.1998333333333333,0.30883333333333335,0.4427,0.22846666666666668,cached
2026,5,NA,NA,NA,NA,NA,NA,NA,NA,0,NA,6825.26224516129,380.0936660645161,5872.538941935483,0.5318544514814825,0.4957963065405835,0.5335687140740735,0.586088133374183,0.7313541530775378,12.96478577,12.62828615248227,12.498654816666669,12.420501275735294,12.252277381294965,0.01169227496278188,0.00588625556904433,2,0.10679052120239416,0.05424115217687762,2,0.3253001852342679,1.7459837116450605,4,1.3273786946451658,3.502661425063787,4,0.02164482975761866,0.00608708018730358,4,0.6578438449006192,12.55431671554252,55,31,0.5088028673835137,0.2000919952210284,0.7528200716845875,0.3741753882915185,0.6454363201911596,-1.68,-1.506,2.666354838709678,2.2051935483870966,1.9332903225806453,0.5794838709677419,0.6562258064516129,0.33538709677419354,cached
2026,6,NA,NA,NA,NA,NA,NA,NA,NA,0,NA,5582.185173333333,279.2885984,5173.47936,0.2838646640740734,0.34164835598896737,0.3784778683333325,0.4852386787173195,0.5831638101518788,14.502620076666666,13.968735035460991,13.754706203333331,13.685070948529413,13.387829258992806,0.0076476463798834,0.01012452179940359,2,0.06977098947711902,0.09291438823800792,2,0.1978655207516774,1.5781520879503164,4,0.6538916257073987,2.8926578281877036,4,-0.00389822051135207,0.00379011301117982,4,-0.03630177812608837,13.428263322884012,55,29,-0.4841876117496806,-0.7353797892720303,0.01953058748403554,-0.6222323595146868,-0.275244444444444,-1.72,-1.703,3.9157333333333337,2.1676,2.6440333333333332,0.5432,0.7714333333333333,0.35523333333333335,cached
2026,7,NA,NA,NA,NA,NA,NA,NA,NA,0,NA,4141.087889655173,192.74606348387096,4102.282219354839,0.07440303796296277,0.24114283254531088,0.4541063183333325,0.5622015445261432,0.8222310803357313,15.21039001,14.543338432624113,14.385784113333331,14.292493047794116,14.165330176258992,0.00397128822023117,0.01849652630860572,2,0.03981091829725469,0.16962703021083023,2,-0.02081972841106399,1.3756230183104603,4,-0.1455329697396965,2.115424334863351,4,-4.443025286106851e-5,4.443015431374131e-5,4,-0.07552188964168961,14.31609696969697,55,30,-0.22380714682981187,-0.8391535965888028,0.2987586670374487,-0.5067310592015831,0.0954875942405143,-2.14,-1.729,2.78058064516129,1.2544516129032257,1.2971935483870969,0.3804193548387097,0.4538709677419354,0.15561290322580645,cached
2026,8,NA,NA,NA,NA,NA,NA,NA,NA,0,NA,3423.227086451613,158.3000464516129,3329.416268387097,NA,NA,NA,NA,NA,NA,NA,NA,NA,NA,0.0040318932282057,0.0118395873230912,2,0.0380789204913138,0.10903444588391292,2,-0.13154546464759984,1.371162251293646,4,-0.5146368698930325,2.1478446610543926,4,-0.00163236169158911,0.00177833099527385,4,0.3050769076711822,15.12541348973607,55,31,0.8992483892302445,0.5355460744154291,0.7596424091141838,0.7858601638504865,0.9523908175456568,-1.84,NA,2.5684193548387095,4.404,0.21022580645161287,0.3745806451612904,0.5476774193548387,0.15293548387096775,cached
2026,9,NA,NA,NA,NA,NA,NA,NA,NA,0,NA,2481.137544827586,193.65657257142857,2403.3151668965515,NA,NA,NA,NA,NA,NA,NA,NA,NA,NA,0.00244916256831773,0.00333015431422671,2,0.03352306251473425,0.03061700900419594,2,-0.09113829939490936,1.7606557391483988,4,-0.44251263990634737,3.733043183516791,4,-0.01398804748916129,0.02144356607479433,4,1.4032242444337273,15.963170454545455,55,16,1.905523725316828,2.0977564102564106,1.361409188034188,1.96505153993516,1.728221227527263,NA,NA,NA,NA,NA,NA,NA,NA,cached
2026,10,NA,NA,NA,NA,NA,NA,NA,NA,0,NA,NA,NA,NA,NA,NA,NA,NA,NA,NA,NA,NA,NA,NA,NA,NA,NA,NA,NA,NA,NA,NA,NA,NA,NA,NA,NA,NA,NA,NA,NA,NA,NA,NA,NA,NA,NA,NA,NA,NA,NA,NA,NA,NA,NA,NA,cached
2026,11,NA,NA,NA,NA,NA,NA,NA,NA,0,NA,NA,NA,NA,NA,NA,NA,NA,NA,NA,NA,NA,NA,NA,NA,NA,NA,NA,NA,NA,NA,NA,NA,NA,NA,NA,NA,NA,NA,NA,NA,NA,NA,NA,NA,NA,NA,NA,NA,NA,NA,NA,NA,NA,NA,NA,cached
2026,12,NA,NA,NA,NA,NA,NA,NA,NA,0,NA,NA,NA,NA,NA,NA,NA,NA,NA,NA,NA,NA,NA,NA,NA,NA,NA,NA,NA,NA,NA,NA,NA,NA,NA,NA,NA,NA,NA,NA,NA,NA,NA,NA,NA,NA,NA,NA,NA,NA,NA,NA,NA,NA,NA,NA,cached
