series,beach,resp,lag,pred,metric,window,r,n,p,q_bh
Mocrocks|Rec,Mocrocks,Rec,5,BEUTI_Larval,BEUTI,Larval,0.7392486174621026,28,6.99917305567917e-6,0.006299255750111253
Mocrocks|Rec,Mocrocks,Rec,3,BEUTI_Settle,BEUTI,Settle,0.7310866880538033,27,1.4815133212823449e-5,0.006666809945770552
Mocrocks|Rec,Mocrocks,Rec,2,BEUTI_Settle,BEUTI,Settle,0.6763262335723815,27,1.0760995450701429e-4,0.03228298635210428
Mocrocks|Rec,Mocrocks,Rec,1,BEUTI_Settle,BEUTI,Settle,0.656832313621468,27,1.980495871742726e-4,0.04456115711421134
Mocrocks|Rec,Mocrocks,Rec,4,BEUTI_Settle,BEUTI,Settle,0.6424945646583312,27,3.019930098849542e-4,0.05435874177929176
Mocrocks|Rec,Mocrocks,Rec,3,BEUTI_Larval,BEUTI,Larval,0.5891783324852918,28,9.708747128841977e-4,0.12625429838039598
Kalaloch|Pre,Kalaloch,Pre,2,Discharge_Larval,Discharge,Larval,-0.5979766567192788,27,9.86994811180958e-4,0.12625429838039598
Copalis|Rec,Copalis,Rec,4,BEUTI_Settle,BEUTI,Settle,0.5927263189117112,27,0.0011222604300479642,0.12625429838039598
Mocrocks|Rec,Mocrocks,Rec,5,BEUTI_Spawn,BEUTI,Spawn,0.577486582090218,28,0.0012917994113209861,0.1291799411320986
Long Beach|Rec,Long Beach,Rec,0,Discharge_Spring,Discharge,Spring,-0.5808812616975032,27,0.001487697658219122,0.13389278923972098
Mocrocks|Rec,Mocrocks,Rec,4,BEUTI_Larval,BEUTI,Larval,0.5665929094949622,28,0.001669869470499604,0.13662568394996757
Long Beach|Rec,Long Beach,Rec,5,BEUTI_Larval,BEUTI,Larval,0.5666598663360042,27,0.002058391089556543,0.1416888880679928
Mocrocks|Rec,Mocrocks,Rec,5,BEUTI_Settle,BEUTI,Settle,0.5645355005534185,27,0.002158024173314052,0.1416888880679928
Mocrocks|Rec,Mocrocks,Rec,0,BEUTI_Settle,BEUTI,Settle,0.5635825008737176,27,0.0022040493699465543,0.1416888880679928
Twin Harbors|Pre,Twin Harbors,Pre,3,Max_Spring,Max,Spring,-0.6793211492584778,17,0.002706333097512736,0.15734928729552985
Copalis|Rec,Copalis,Rec,0,Discharge_Spring,Discharge,Spring,-0.5680618399637185,25,0.0030535382953062527,0.15734928729552985
Long Beach|Rec,Long Beach,Rec,3,BEUTI_Growth,BEUTI,Growth,0.5574590805601529,26,0.0030898326745045037,0.15734928729552985
Kalaloch|Pre,Kalaloch,Pre,2,BEUTI_Spawn,BEUTI,Spawn,0.5357098802759127,28,0.0033033371765159416,0.15734928729552985
Copalis|Rec,Copalis,Rec,4,BEUTI_Larval,BEUTI,Larval,0.531098789697388,28,0.003637781737299767,0.15734928729552985
Copalis|Rec,Copalis,Rec,5,BEUTI_Larval,BEUTI,Larval,0.5301519645440347,28,0.003709923699527159,0.15734928729552985
Mocrocks|Rec,Mocrocks,Rec,1,Max_Settle,Max,Settle,0.5388819324793956,27,0.0037290768256774175,0.15734928729552985
Long Beach|Pre,Long Beach,Pre,5,BEUTI_Growth,BEUTI,Growth,-0.5467962593823729,26,0.003846315911668508,0.15734928729552985
Copalis|Rec,Copalis,Rec,2,BEUTI_Settle,BEUTI,Settle,0.5311716776427793,27,0.004359524231941859,0.16656632818746128
Long Beach|Rec,Long Beach,Rec,4,BEUTI_Larval,BEUTI,Larval,0.5302370258879665,27,0.004441768751665634,0.16656632818746128
Mocrocks|Rec,Mocrocks,Rec,1,Max_Larval,Max,Larval,0.5011456501190867,28,0.006595999050451398,0.2184405179314835
Copalis|Rec,Copalis,Rec,5,Max_Growth,Max,Growth,0.5185665572991004,26,0.006645298842553949,0.2184405179314835
Mocrocks|Pre,Mocrocks,Pre,1,BEUTI_Spawn,BEUTI,Spawn,-0.49834652713460365,28,0.00695475679490545,0.2184405179314835
Copalis|Rec,Copalis,Rec,0,Discharge_Larval,Discharge,Larval,-0.49799421147659056,28,0.0070010582136696194,0.2184405179314835
Mocrocks|Rec,Mocrocks,Rec,0,BEUTI_Larval,BEUTI,Larval,0.49770969679528715,28,0.007038638911125579,0.2184405179314835
Mocrocks|Rec,Mocrocks,Rec,5,Max_Growth,Max,Growth,0.508484949100194,26,0.007990966554572218,0.22426666708320817
Mocrocks|Rec,Mocrocks,Rec,1,BEUTI_Larval,BEUTI,Larval,0.4901714098080347,28,0.008098238604042579,0.22426666708320817
Copalis|Rec,Copalis,Rec,0,Discharge_Spawn,Discharge,Spawn,-0.48939760870221566,28,0.008214225350469376,0.22426666708320817
Copalis|Rec,Copalis,Rec,5,BEUTI_Settle,BEUTI,Settle,0.49788616913155664,27,0.008223111126384299,0.22426666708320817
Kalaloch|Pre,Kalaloch,Pre,2,BEUTI_Larval,BEUTI,Larval,0.4940257532125645,27,0.008816315507379765,0.2256799991355248
Copalis|Rec,Copalis,Rec,0,BEUTI_Spring,BEUTI,Spring,0.5118843988254113,25,0.008903595471479927,0.2256799991355248
Mocrocks|Rec,Mocrocks,Rec,0,Max_Growth,Max,Growth,0.49183727758011647,27,0.0091682403420329309,0.2256799991355248
Copalis|Pre,Copalis,Pre,2,BEUTI_Spring,BEUTI,Spring,0.509522299295496,25,0.00927795552001602,0.2256799991355248
Long Beach|Rec,Long Beach,Rec,0,Discharge_Spawn,Discharge,Spawn,-0.48514912889216766,27,0.01031742733934253,0.2428883484604654
Kalaloch|Rec,Kalaloch,Rec,5,Discharge_Growth,Discharge,Growth,0.49284792217563367,26,0.010525161766620167,0.2428883484604654
Twin Harbors|Rec,Twin Harbors,Rec,4,Max_Larval,Max,Larval,-0.616307437156255,16,0.011009708071395926,0.24453644832291346
Copalis|Rec,Copalis,Rec,1,BEUTI_Settle,BEUTI,Settle,0.48073429395176515,27,0.011139993756932724,0.24453644832291346
Long Beach|Rec,Long Beach,Rec,1,Discharge_Growth,Discharge,Growth,-0.4836211688456175,26,0.012311533361891247,0.2638185720405267
Copalis|Pre,Copalis,Pre,4,Discharge_Spring,Discharge,Spring,0.4890758280907362,25,0.01309938131496163,0.2741730972898946
Copalis|Rec,Copalis,Rec,1,BEUTI_Larval,BEUTI,Larval,0.4579210102972214,28,0.014270045888251134,0.29000552511380506
Copalis|Rec,Copalis,Rec,3,BEUTI_Settle,BEUTI,Settle,0.4651190752119203,27,0.014500276255690253,0.29000552511380506
Long Beach|Rec,Long Beach,Rec,1,Discharge_Spring,Discharge,Spring,-0.4626871841181597,27,0.015092133342207121,0.295280869738835
Long Beach|Pre,Long Beach,Pre,0,Discharge_Spring,Discharge,Spring,-0.45682260987365725,27,0.016601875348116225,0.3105259874990601
Mocrocks|Rec,Mocrocks,Rec,2,BEUTI_Larval,BEUTI,Larval,0.4481981722257556,28,0.016758719502397282,0.3105259874990601
Long Beach|Rec,Long Beach,Rec,4,Discharge_Spring,Discharge,Spring,0.4551118054585438,27,0.017065010029319302,0.3105259874990601
Long Beach|Pre,Long Beach,Pre,3,Max_Growth,Max,Growth,-0.4621332688407445,26,0.017460311106216955,0.3105259874990601
Kalaloch|Pre,Kalaloch,Pre,2,Discharge_Spawn,Discharge,Spawn,-0.44519383162723736,28,0.017596472624946735,0.3105259874990601
Copalis|Rec,Copalis,Rec,1,Discharge_Growth,Discharge,Growth,-0.4466346079963297,27,0.01951948297510208,0.3378372053383052
Kalaloch|Rec,Kalaloch,Rec,2,Max_Larval,Max,Larval,-0.43847136171669887,27,0.022149325808904455,0.37612062694366055
Mocrocks|Pre,Mocrocks,Pre,0,BEUTI_Settle,BEUTI,Settle,0.4363702464607816,27,0.022871022150284574,0.3811837025047429
Copalis|Rec,Copalis,Rec,0,BEUTI_Larval,BEUTI,Larval,0.4218380753722094,28,0.025357514591494743,0.40850604049251626
Mocrocks|Rec,Mocrocks,Rec,0,BEUTI_Spring,BEUTI,Spring,0.4457633677569958,25,0.02552948695757237,0.40850604049251626
Long Beach|Rec,Long Beach,Rec,3,Discharge_Spring,Discharge,Spring,0.42817312201618785,27,0.025872049231192698,0.40850604049251626
Twin Harbors|Pre,Twin Harbors,Pre,5,BEUTI_Settle,BEUTI,Settle,-0.5696212704180459,15,0.026647993177397262,0.4109375100563871
Long Beach|Rec,Long Beach,Rec,0,BEUTI_Spring,BEUTI,Spring,0.42512769366666003,27,0.02706524123636077,0.4109375100563871
Kalaloch|Pre,Kalaloch,Pre,4,Discharge_Growth,Discharge,Growth,0.43185244904858927,26,0.02759187343018304,0.4109375100563871
Twin Harbors|Pre,Twin Harbors,Pre,0,Discharge_Settle,Discharge,Settle,0.4909036030936622,20,0.02796058540510736,0.4109375100563871
Long Beach|Rec,Long Beach,Rec,1,Discharge_Larval,Discharge,Larval,-0.42206672478037394,27,0.028309028470551115,0.4109375100563871
Copalis|Rec,Copalis,Rec,2,BEUTI_Larval,BEUTI,Larval,0.4119075028406552,28,0.02940834566967521,0.4152862123499856
Long Beach|Rec,Long Beach,Rec,1,BEUTI_Larval,BEUTI,Larval,0.4191624435000763,27,0.029531463989332308,0.4152862123499856
Long Beach|Rec,Long Beach,Rec,1,Discharge_Spawn,Discharge,Spawn,-0.4111518833976379,27,0.033125184133192806,0.45198164233362526
Twin Harbors|Rec,Twin Harbors,Rec,5,BEUTI_Spring,BEUTI,Spring,0.5510131936006377,15,0.03326285338213817,0.45198164233362526
Mocrocks|Pre,Mocrocks,Pre,2,BEUTI_Spawn,BEUTI,Spawn,0.40203674537024026,28,0.03393836717799018,0.45198164233362526
Long Beach|Rec,Long Beach,Rec,4,BEUTI_Growth,BEUTI,Growth,0.41553612485777636,26,0.03475904058797872,0.45198164233362526
Copalis|Rec,Copalis,Rec,0,Max_Settle,Max,Settle,0.4074597011845476,27,0.03489572030966242,0.45198164233362526
Copalis|Rec,Copalis,Rec,5,Discharge_Spring,Discharge,Spring,0.421498891912285,25,0.03586013816732229,0.45198164233362526
Mocrocks|Pre,Mocrocks,Pre,2,BEUTI_Larval,BEUTI,Larval,0.3976100166346119,28,0.036144312924353675,0.45198164233362526
Kalaloch|Pre,Kalaloch,Pre,2,Discharge_Settle,Discharge,Settle,-0.41267120643429217,26,0.03615853138669002,0.45198164233362526
Twin Harbors|Rec,Twin Harbors,Rec,0,Max_Larval,Max,Larval,0.4671737211027738,20,0.037818684871123685,0.4662577586850865
Copalis|Rec,Copalis,Rec,1,BEUTI_Spawn,BEUTI,Spawn,0.3916379738977991,28,0.03930090812096771,0.4779840176874451
Long Beach|Rec,Long Beach,Rec,4,BEUTI_Settle,BEUTI,Settle,0.40282806878299093,26,0.041312398472207155,0.49574878166648584
Kalaloch|Pre,Kalaloch,Pre,4,Discharge_Spring,Discharge,Spring,0.4081654381259813,25,0.04281221377005406,0.5027548295933179
Twin Harbors|Rec,Twin Harbors,Rec,0,Discharge_Spawn,Discharge,Spawn,-0.4565680034696975,20,0.04301346875409497,0.5027548295933179
Mocrocks|Rec,Mocrocks,Rec,1,Max_Growth,Max,Growth,0.38705786961515987,27,0.04609086125424748,0.5241022513729189
Kalaloch|Pre,Kalaloch,Pre,2,BEUTI_Spring,BEUTI,Spring,0.40189727235276373,25,0.046427686354704734,0.5241022513729189
Mocrocks|Rec,Mocrocks,Rec,2,Discharge_Settle,Discharge,Settle,0.3858602948723049,27,0.046827076081804316,0.5241022513729189
Copalis|Rec,Copalis,Rec,0,Max_Growth,Max,Growth,0.38487200142556793,27,0.04744159818389012,0.5241022513729189
Long Beach|Rec,Long Beach,Rec,0,BEUTI_Settle,BEUTI,Settle,0.3918141236075638,26,0.04775153845842149,0.5241022513729189
Kalaloch|Pre,Kalaloch,Pre,0,Max_Settle,Max,Settle,0.38900381260192357,26,0.04951464894376967,0.536905831920394
Kalaloch|Pre,Kalaloch,Pre,0,Discharge_Settle,Discharge,Settle,-0.38220496755275685,26,0.05399150385159108,0.5697629263595629
Copalis|Rec,Copalis,Rec,0,BEUTI_Settle,BEUTI,Settle,0.3742204238650481,27,0.054476328565969186,0.5697629263595629
Kalaloch|Rec,Kalaloch,Rec,2,Max_Settle,Max,Settle,-0.380798720292158,26,0.054955722782721296,0.5697629263595629
Kalaloch|Rec,Kalaloch,Rec,0,Max_Settle,Max,Settle,-0.3799026306338672,26,0.05557711381796513,0.5697629263595629
Kalaloch|Pre,Kalaloch,Pre,0,Max_Larval,Max,Larval,0.3714972048809656,27,0.05639967804390435,0.5697629263595629
Copalis|Rec,Copalis,Rec,0,Discharge_Growth,Discharge,Growth,-0.3714419502204589,27,0.056439244826473854,0.5697629263595629
Copalis|Rec,Copalis,Rec,5,BEUTI_Spawn,BEUTI,Spawn,0.36387392086449427,28,0.0569762926359563,0.5697629263595629
Kalaloch|Rec,Kalaloch,Rec,5,Max_Growth,Max,Growth,0.37341671388094055,26,0.06023951282853438,0.5908900818613629
Long Beach|Rec,Long Beach,Rec,1,BEUTI_Settle,BEUTI,Settle,0.3731976809691637,26,0.06040209725693932,0.5908900818613629
Long Beach|Rec,Long Beach,Rec,0,BEUTI_Spawn,BEUTI,Spawn,0.3640536937349845,27,0.06192805802644261,0.5990914228907795
Copalis|Rec,Copalis,Rec,3,BEUTI_Larval,BEUTI,Larval,0.35605803245742546,28,0.06293391253407549,0.5990914228907795
Twin Harbors|Rec,Twin Harbors,Rec,4,Max_Settle,Max,Settle,-0.47459996507655594,16,0.06323742797180451,0.5990914228907795
Twin Harbors|Pre,Twin Harbors,Pre,2,Discharge_Growth,Discharge,Growth,-0.43091306421281883,19,0.06549118773577421,0.6038913128776093
Long Beach|Rec,Long Beach,Rec,3,Discharge_Spawn,Discharge,Spawn,0.35887568818083737,27,0.0660155641276472,0.6038913128776093
Twin Harbors|Pre,Twin Harbors,Pre,1,Max_Growth,Max,Growth,0.41784733108729394,20,0.06676370361631151,0.6038913128776093
Long Beach|Pre,Long Beach,Pre,5,Max_Spring,Max,Spring,0.3579372748625237,27,0.06677816100220448,0.6038913128776093
Copalis|Pre,Copalis,Pre,4,Discharge_Spawn,Discharge,Spawn,0.3509294180621703,28,0.06709903476417882,0.6038913128776093
Twin Harbors|Pre,Twin Harbors,Pre,3,Max_Growth,Max,Growth,-0.4395039100480337,18,0.0680072356524525,0.6060050701703689
Long Beach|Rec,Long Beach,Rec,0,BEUTI_Larval,BEUTI,Larval,0.3549196230668325,27,0.06927663134425208,0.607561913719412
Kalaloch|Pre,Kalaloch,Pre,2,Discharge_Growth,Discharge,Growth,-0.3614984186220851,26,0.0695917321173536,0.607561913719412
Twin Harbors|Pre,Twin Harbors,Pre,5,BEUTI_Larval,BEUTI,Larval,-0.4786539174761457,15,0.07107514795312708,0.607561913719412
Kalaloch|Pre,Kalaloch,Pre,0,BEUTI_Larval,BEUTI,Larval,0.35238761152503817,27,0.0714280655879083,0.607561913719412
Twin Harbors|Rec,Twin Harbors,Rec,0,Discharge_Spring,Discharge,Spring,-0.41083846918688954,20,0.07194946715018229,0.607561913719412
Copalis|Rec,Copalis,Rec,1,Max_Settle,Max,Settle,0.35145609979137715,27,0.07223236085330788,0.607561913719412
Mocrocks|Rec,Mocrocks,Rec,5,BEUTI_Spring,BEUTI,Spring,0.3633506513842888,25,0.07420729937128982,0.614645713332604
Copalis|Rec,Copalis,Rec,4,BEUTI_Spring,BEUTI,Spring,0.3628179055485558,25,0.07466433945061544,0.614645713332604
Long Beach|Pre,Long Beach,Pre,3,BEUTI_Growth,BEUTI,Growth,0.3550191503168765,26,0.07512336496287382,0.614645713332604
Long Beach|Pre,Long Beach,Pre,1,Discharge_Growth,Discharge,Growth,-0.35304427196858573,26,0.07687444954658573,0.6172283040835177
Kalaloch|Pre,Kalaloch,Pre,0,BEUTI_Spawn,BEUTI,Spawn,0.3397569997897555,28,0.07690932911558035,0.6172283040835177
Mocrocks|Rec,Mocrocks,Rec,4,BEUTI_Spring,BEUTI,Spring,0.3595709034339546,25,0.07749644262381944,0.6172283040835177
Twin Harbors|Pre,Twin Harbors,Pre,2,Discharge_Spring,Discharge,Spring,-0.42329181241410974,18,0.08006265717723937,0.6295930890976953
Copalis|Pre,Copalis,Pre,2,BEUTI_Larval,BEUTI,Larval,0.33584458980092075,28,0.08059291865868146,0.6295930890976953
Mocrocks|Rec,Mocrocks,Rec,4,Max_Growth,Max,Growth,0.3482953288375391,26,0.08121256625728382,0.6295930890976953
Mocrocks|Rec,Mocrocks,Rec,0,Discharge_Growth,Discharge,Growth,-0.3405545706825229,27,0.08217041382378996,0.6295930890976953
Long Beach|Rec,Long Beach,Rec,0,Discharge_Growth,Discharge,Growth,-0.34687373576587455,26,0.08254664945947561,0.6295930890976953
Twin Harbors|Rec,Twin Harbors,Rec,2,Discharge_Settle,Discharge,Settle,0.4192146352484215,18,0.0833263302659091,0.6297339137709467
Copalis|Rec,Copalis,Rec,4,BEUTI_Spawn,BEUTI,Spawn,0.33203766319758293,28,0.08430510874453527,0.6297339137709467
Twin Harbors|Rec,Twin Harbors,Rec,3,BEUTI_Settle,BEUTI,Settle,0.43004134473559646,17,0.0848967483583211,0.6297339137709467
Kalaloch|Pre,Kalaloch,Pre,5,BEUTI_Settle,BEUTI,Settle,0.34392794519770137,26,0.085363930533395,0.6297339137709467
Mocrocks|Pre,Mocrocks,Pre,2,Max_Spawn,Max,Spawn,-0.32998359276036215,28,0.08636137618795715,0.6319125086923695
Twin Harbors|Rec,Twin Harbors,Rec,5,Discharge_Settle,Discharge,Settle,-0.4563273816730369,15,0.08731365719841792,0.6337281570852914
Copalis|Rec,Copalis,Rec,4,Discharge_Spring,Discharge,Spring,0.3472871695385141,25,0.08895342210581468,0.6372624731369386
Copalis|Pre,Copalis,Pre,4,BEUTI_Larval,BEUTI,Larval,0.32719201081449645,28,0.0892167462391714,0.6372624731369386
Copalis|Rec,Copalis,Rec,4,Max_Growth,Max,Growth,0.3362847159230953,26,0.09301263533357723,0.6591446598442481
Twin Harbors|Rec,Twin Harbors,Rec,2,Discharge_Larval,Discharge,Larval,0.40556182206261704,18,0.0949631893471994,0.6619825879469508
Long Beach|Rec,Long Beach,Rec,0,Discharge_Larval,Discharge,Larval,-0.32784837187069144,27,0.09502910605193758,0.6619825879469508
Twin Harbors|Pre,Twin Harbors,Pre,4,Max_Larval,Max,Larval,-0.43094454889482603,16,0.09561970714789288,0.6619825879469508
Mocrocks|Rec,Mocrocks,Rec,0,Max_Larval,Max,Larval,0.31985104997530756,28,0.09706667504190765,0.6620642104698314
Copalis|Rec,Copalis,Rec,3,BEUTI_Growth,BEUTI,Growth,0.33152612819661675,26,0.09802781832665589,0.6620642104698314
Long Beach|Pre,Long Beach,Pre,0,Discharge_Spawn,Discharge,Spawn,-0.3235778502590308,27,0.09967368059398789,0.6620642104698314
Twin Harbors|Rec,Twin Harbors,Rec,2,Discharge_Spawn,Discharge,Spawn,0.4000574563573007,18,0.09997181675356404,0.6620642104698314
Copalis|Rec,Copalis,Rec,0,BEUTI_Spawn,BEUTI,Spawn,0.31630172810979806,28,0.10104336675485391,0.6620642104698314
Mocrocks|Rec,Mocrocks,Rec,0,Max_Settle,Max,Settle,0.3207974029197581,27,0.10278767463498571,0.6620642104698314
Mocrocks|Rec,Mocrocks,Rec,0,Max_Spring,Max,Spring,0.33358834765191164,25,0.10318207848206913,0.6620642104698314
Twin Harbors|Rec,Twin Harbors,Rec,2,BEUTI_Spring,BEUTI,Spring,-0.3965159978180384,18,0.10329310306399468,0.6620642104698314
Mocrocks|Rec,Mocrocks,Rec,0,Discharge_Larval,Discharge,Larval,-0.31428763583740754,28,0.10335359662207165,0.6620642104698314
Twin Harbors|Pre,Twin Harbors,Pre,1,Discharge_Spring,Discharge,Spring,-0.3851866844632056,19,0.1034057730909141,0.6620642104698314
Long Beach|Rec,Long Beach,Rec,5,BEUTI_Spawn,BEUTI,Spawn,0.3199266534367628,27,0.10377765048471285,0.6620642104698314
Copalis|Pre,Copalis,Pre,2,Discharge_Larval,Discharge,Larval,-0.31333580669144007,28,0.10445901987412895,0.6620642104698314
Long Beach|Rec,Long Beach,Rec,4,Discharge_Spawn,Discharge,Spawn,0.3180034226662148,27,0.10598938497191994,0.6670660592638318
Mocrocks|Rec,Mocrocks,Rec,4,Discharge_Growth,Discharge,Growth,-0.3235271673631482,26,0.10690956311129815,0.6681847694456134
Twin Harbors|Pre,Twin Harbors,Pre,0,Max_Larval,Max,Larval,-0.36927512234263543,20,0.10907934343510907,0.6770442006317114
Kalaloch|Rec,Kalaloch,Rec,0,Max_Spawn,Max,Spawn,-0.3083446519721312,28,0.1104006448962012,0.680551920593021
Long Beach|Rec,Long Beach,Rec,3,BEUTI_Larval,BEUTI,Larval,0.31293248743908414,27,0.11198900421672388,0.685646964592187
Copalis|Pre,Copalis,Pre,4,BEUTI_Spawn,BEUTI,Spawn,0.3060225842752465,28,0.1132489532902698,0.6886760673056946
Long Beach|Rec,Long Beach,Rec,3,BEUTI_Settle,BEUTI,Settle,0.3162817153728251,26,0.11545737762511413,0.6896836832207887
Kalaloch|Rec,Kalaloch,Rec,5,Discharge_Larval,Discharge,Larval,0.30963284239626776,27,0.11602565455826147,0.6896836832207887
Twin Harbors|Rec,Twin Harbors,Rec,0,Max_Settle,Max,Settle,0.36235971164679365,20,0.11639477178367641,0.6896836832207887
Kalaloch|Rec,Kalaloch,Rec,0,Max_Spring,Max,Spring,-0.32166533338412806,25,0.11688318935200795,0.6896836832207887
Copalis|Pre,Copalis,Pre,4,BEUTI_Settle,BEUTI,Settle,0.3086518248236594,27,0.11724622614753406,0.6896836832207887
Twin Harbors|Rec,Twin Harbors,Rec,5,BEUTI_Spawn,BEUTI,Spawn,0.4194713486997656,15,0.11959414643484322,0.6989268298140189
Twin Harbors|Rec,Twin Harbors,Rec,5,BEUTI_Larval,BEUTI,Larval,0.41692332611727817,15,0.12209213720658414,0.7089220870059725
Kalaloch|Pre,Kalaloch,Pre,3,Max_Larval,Max,Larval,-0.3034331563270688,27,0.12389864769089562,0.7128769989049167
Twin Harbors|Pre,Twin Harbors,Pre,0,BEUTI_Spring,BEUTI,Spring,-0.3551782770992334,20,0.12435743203119104,0.7128769989049167
Twin Harbors|Pre,Twin Harbors,Pre,0,Discharge_Larval,Discharge,Larval,0.3527430417961895,20,0.12714362074637708,0.7242358143780974
Kalaloch|Rec,Kalaloch,Rec,2,Discharge_Spring,Discharge,Spring,0.3108466898450337,25,0.13042785953734337,0.7291855852099673
Kalaloch|Pre,Kalaloch,Pre,5,Discharge_Settle,Discharge,Settle,0.30442949581382284,26,0.13050787978550324,0.7291855852099673
Long Beach|Rec,Long Beach,Rec,5,Max_Growth,Max,Growth,0.303888614253646,26,0.1312271156746565,0.7291855852099673
Kalaloch|Pre,Kalaloch,Pre,3,BEUTI_Settle,BEUTI,Settle,0.3034447859525563,26,0.13181943959757733,0.7291855852099673
Copalis|Pre,Copalis,Pre,2,Max_Larval,Max,Larval,-0.29167785226359805,28,0.13206361154358298,0.7291855852099673
Long Beach|Rec,Long Beach,Rec,3,BEUTI_Spring,BEUTI,Spring,-0.2953868167386206,27,0.1346909693671952,0.7321305250555636
Mocrocks|Rec,Mocrocks,Rec,3,BEUTI_Spawn,BEUTI,Spawn,0.289425338603477,28,0.13521336110805482,0.7321305250555636
Long Beach|Rec,Long Beach,Rec,4,BEUTI_Spawn,BEUTI,Spawn,0.2944272599872175,27,0.13602208728093962,0.7321305250555636
Copalis|Pre,Copalis,Pre,2,Discharge_Spring,Discharge,Spring,-0.30618901089632783,25,0.13659594073027373,0.7321305250555636
Long Beach|Rec,Long Beach,Rec,1,BEUTI_Spawn,BEUTI,Spawn,0.2937537538365259,27,0.13696206442744568,0.7321305250555636
Long Beach|Rec,Long Beach,Rec,5,BEUTI_Settle,BEUTI,Settle,0.299197930501141,26,0.13758552032360977,0.7321305250555636
Mocrocks|Pre,Mocrocks,Pre,3,Max_Larval,Max,Larval,-0.28707490944888825,28,0.13855787294278626,0.7321305250555636
Twin Harbors|Pre,Twin Harbors,Pre,5,Discharge_Settle,Discharge,Settle,-0.3985291458162781,15,0.14119227691665173,0.7321305250555636
Kalaloch|Pre,Kalaloch,Pre,5,Discharge_Growth,Discharge,Growth,0.2960826377765688,26,0.1419294121598768,0.7321305250555636
Copalis|Pre,Copalis,Pre,0,BEUTI_Settle,BEUTI,Settle,0.29001932172768213,27,0.14225945484479852,0.7321305250555636
Twin Harbors|Rec,Twin Harbors,Rec,1,BEUTI_Settle,BEUTI,Settle,0.3482429895576558,19,0.14398808450753092,0.7321305250555636
Copalis|Pre,Copalis,Pre,5,Discharge_Spring,Discharge,Spring,0.30080036657937564,25,0.1439907929098921,0.7321305250555636
Twin Harbors|Pre,Twin Harbors,Pre,5,Discharge_Larval,Discharge,Larval,-0.3957557152691912,15,0.14423730528146567,0.7321305250555636
Mocrocks|Pre,Mocrocks,Pre,0,Discharge_Larval,Discharge,Larval,0.2806666175652912,28,0.1479803417099824,0.7321305250555636
Mocrocks|Rec,Mocrocks,Rec,0,Discharge_Spring,Discharge,Spring,-0.2973317740623203,25,0.1488996444091192,0.7321305250555636
Long Beach|Rec,Long Beach,Rec,1,Discharge_Settle,Discharge,Settle,-0.2902932911364021,26,0.15026213602824792,0.7321305250555636
Kalaloch|Pre,Kalaloch,Pre,1,BEUTI_Spring,BEUTI,Spring,0.29601157083363927,25,0.15079897980367962,0.7321305250555636
Mocrocks|Rec,Mocrocks,Rec,2,Discharge_Spawn,Discharge,Spawn,0.27763527287649553,28,0.15259441457277878,0.7321305250555636
Mocrocks|Rec,Mocrocks,Rec,0,Discharge_Spawn,Discharge,Spawn,-0.27702933454782297,28,0.15352893946451548,0.7321305250555636
Twin Harbors|Rec,Twin Harbors,Rec,0,Discharge_Growth,Discharge,Growth,-0.32209354780016314,21,0.1544711573340631,0.7321305250555636
Twin Harbors|Rec,Twin Harbors,Rec,2,BEUTI_Spawn,BEUTI,Spawn,-0.34986731091353884,18,0.15466446834168593,0.7321305250555636
Kalaloch|Pre,Kalaloch,Pre,4,Max_Growth,Max,Growth,0.28729597722675076,26,0.15471074975977295,0.7321305250555636
Kalaloch|Pre,Kalaloch,Pre,1,Discharge_Larval,Discharge,Larval,-0.28158956008938496,27,0.15475687264865498,0.7321305250555636
Twin Harbors|Rec,Twin Harbors,Rec,0,Discharge_Larval,Discharge,Larval,-0.32970931947455734,20,0.15571724160537034,0.7321305250555636
Long Beach|Rec,Long Beach,Rec,5,Discharge_Spring,Discharge,Spring,0.28082595726756926,27,0.15592637158356873,0.7321305250555636
Copalis|Pre,Copalis,Pre,2,Max_Spring,Max,Spring,0.2923964474537694,25,0.15608796790510654,0.7321305250555636
Copalis|Rec,Copalis,Rec,1,Discharge_Larval,Discharge,Larval,-0.27448084375421133,28,0.1575042452237302,0.7321305250555636
Twin Harbors|Rec,Twin Harbors,Rec,4,BEUTI_Settle,BEUTI,Settle,0.37014306972818717,16,0.15818913900013837,0.7321305250555636
Kalaloch|Rec,Kalaloch,Rec,4,Max_Settle,Max,Settle,-0.28485664558606416,26,0.1583996745526935,0.7321305250555636
Kalaloch|Pre,Kalaloch,Pre,2,Max_Settle,Max,Settle,0.2836987675637389,26,0.16017233157176286,0.7321305250555636
Kalaloch|Pre,Kalaloch,Pre,0,Max_Growth,Max,Growth,0.27807635932961017,27,0.16018963526808785,0.7321305250555636
Kalaloch|Pre,Kalaloch,Pre,0,BEUTI_Settle,BEUTI,Settle,0.28327259168903146,26,0.16082830603260273,0.7321305250555636
Mocrocks|Pre,Mocrocks,Pre,3,BEUTI_Growth,BEUTI,Growth,-0.2828704661137754,26,0.16144900137923304,0.7321305250555636
Mocrocks|Pre,Mocrocks,Pre,3,Discharge_Growth,Discharge,Growth,-0.28236786321253254,26,0.16222716443195678,0.7321305250555636
Copalis|Pre,Copalis,Pre,5,BEUTI_Growth,BEUTI,Growth,0.28233365348386646,26,0.1622802262850989,0.7321305250555636
Long Beach|Rec,Long Beach,Rec,1,BEUTI_Spring,BEUTI,Spring,0.27654410926628753,27,0.16260095126653612,0.7321305250555636
Mocrocks|Rec,Mocrocks,Rec,2,Discharge_Spring,Discharge,Spring,0.287383909331882,25,0.16363666480789713,0.7321305250555636
Copalis|Rec,Copalis,Rec,2,Max_Spawn,Max,Spawn,0.2704181347813073,28,0.16399235072523727,0.7321305250555636
Twin Harbors|Pre,Twin Harbors,Pre,0,Max_Spawn,Max,Spawn,-0.32286957707410435,20,0.16499601825293173,0.7321305250555636
Copalis|Rec,Copalis,Rec,0,Discharge_Settle,Discharge,Settle,-0.27495041322820607,27,0.16513610731808823,0.7321305250555636
Twin Harbors|Pre,Twin Harbors,Pre,0,Discharge_Growth,Discharge,Growth,0.3123543950859848,21,0.16804242271085887,0.7378622777218751
Mocrocks|Rec,Mocrocks,Rec,1,Discharge_Growth,Discharge,Growth,-0.2729080083953151,27,0.1684256871204649,0.7378622777218751
Copalis|Pre,Copalis,Pre,0,BEUTI_Larval,BEUTI,Larval,0.2674271378395711,28,0.16888847690078473,0.7378622777218751
Copalis|Rec,Copalis,Rec,0,Max_Larval,Max,Larval,0.26662623009045394,28,0.1702168548753955,0.7392331429250644
Copalis|Pre,Copalis,Pre,4,Discharge_Larval,Discharge,Larval,0.2662490462449545,28,0.17084499303157044,0.7392331429250644
Kalaloch|Pre,Kalaloch,Pre,5,BEUTI_Spring,BEUTI,Spring,-0.28195583382719674,25,0.17209662989393246,0.7410859660504269
Kalaloch|Rec,Kalaloch,Rec,0,Discharge_Spring,Discharge,Spring,-0.28099290678740274,25,0.173628692373493,0.74412296731497
Mocrocks|Pre,Mocrocks,Pre,4,Discharge_Spring,Discharge,Spring,0.28000632216573734,25,0.17520822839533118,0.745269474198295
Copalis|Pre,Copalis,Pre,4,Discharge_Growth,Discharge,Growth,0.2740131731357419,26,0.17555236503337615,0.745269474198295
Mocrocks|Rec,Mocrocks,Rec,1,Max_Spawn,Max,Spawn,0.26210632335625506,28,0.17785173047748126,0.751486185116118
Copalis|Pre,Copalis,Pre,0,BEUTI_Spawn,BEUTI,Spawn,0.26078009950433395,28,0.18013674188274298,0.7575844284788256
Kalaloch|Rec,Kalaloch,Rec,3,Max_Growth,Max,Growth,-0.26945933359260316,26,0.18312852758074277,0.7646688156064112
Mocrocks|Pre,Mocrocks,Pre,5,Max_Spring,Max,Spring,0.27491379976307073,25,0.18352051574553868,0.7646688156064112
Mocrocks|Pre,Mocrocks,Pre,3,Max_Spawn,Max,Spawn,-0.2561875333087324,28,0.18820783119269477,0.77907229249676
Kalaloch|Pre,Kalaloch,Pre,4,BEUTI_Larval,BEUTI,Larval,0.26034323270232296,27,0.18968097408427906,0.77907229249676
Long Beach|Rec,Long Beach,Rec,2,BEUTI_Settle,BEUTI,Settle,0.264365046834515,26,0.19186910367037746,0.77907229249676
Long Beach|Pre,Long Beach,Pre,0,Max_Growth,Max,Growth,-0.2640157357044462,26,0.1924787709351691,0.77907229249676
Long Beach|Rec,Long Beach,Rec,0,Discharge_Settle,Discharge,Settle,-0.26374120510437166,26,0.19295885474108576,0.77907229249676
Long Beach|Rec,Long Beach,Rec,0,Max_Larval,Max,Larval,0.2583295611256666,27,0.1932523007346184,0.77907229249676
Twin Harbors|Pre,Twin Harbors,Pre,0,Max_Settle,Max,Settle,-0.30316541528312924,20,0.19382968509204382,0.77907229249676
Copalis|Pre,Copalis,Pre,4,Max_Growth,Max,Growth,0.26320299322575574,26,0.19390243724363804,0.77907229249676
Kalaloch|Pre,Kalaloch,Pre,5,Max_Spawn,Max,Spawn,-0.2519911656801046,28,0.19579907736086877,0.7831963094434751
Twin Harbors|Rec,Twin Harbors,Rec,2,BEUTI_Settle,BEUTI,Settle,0.3179463535372514,18,0.1985240622345796,0.7864584927781991
Copalis|Pre,Copalis,Pre,2,BEUTI_Settle,BEUTI,Settle,0.2553123247616459,27,0.19868979224768984,0.7864584927781991
Long Beach|Pre,Long Beach,Pre,1,Discharge_Settle,Discharge,Settle,-0.26019399378059427,26,0.19923615150381047,0.7864584927781991
Long Beach|Pre,Long Beach,Pre,4,BEUTI_Spawn,BEUTI,Spawn,0.2540843996139884,27,0.2009324430407002,0.7896908241774244
Copalis|Pre,Copalis,Pre,2,Max_Growth,Max,Growth,-0.25807166930488296,26,0.20305793947718942,0.7934375372547086
Twin Harbors|Pre,Twin Harbors,Pre,1,Max_Spawn,Max,Spawn,-0.30496001383760185,19,0.20424500185446548,0.7934375372547086
Long Beach|Pre,Long Beach,Pre,0,Discharge_Larval,Discharge,Larval,-0.2508910671591987,27,0.20684560967358878,0.7934375372547086
Twin Harbors|Pre,Twin Harbors,Pre,4,Max_Spawn,Max,Spawn,-0.3325384167057542,16,0.20823045208013918,0.7934375372547086
Long Beach|Pre,Long Beach,Pre,0,Max_Spawn,Max,Spawn,-0.2487699494175024,27,0.21083820067784667,0.7934375372547086
Long Beach|Rec,Long Beach,Rec,3,Max_Spring,Max,Spring,-0.24840958614794098,27,0.21152167608857214,0.7934375372547086
Copalis|Rec,Copalis,Rec,5,Discharge_Spawn,Discharge,Spawn,0.24342770178763054,28,0.2119391351057665,0.7934375372547086
Kalaloch|Rec,Kalaloch,Rec,3,Max_Larval,Max,Larval,-0.24778634330070348,27,0.2127072807596762,0.7934375372547086
Long Beach|Pre,Long Beach,Pre,0,BEUTI_Spring,BEUTI,Spring,0.24775122605955105,27,0.2127742185774809,0.7934375372547086
Kalaloch|Rec,Kalaloch,Rec,5,BEUTI_Spawn,BEUTI,Spawn,-0.2429782202452598,28,0.2128105425653802,0.7934375372547086
Kalaloch|Rec,Kalaloch,Rec,2,Max_Growth,Max,Growth,-0.25211946648113515,26,0.2140418660306,0.7934375372547086
Kalaloch|Pre,Kalaloch,Pre,4,BEUTI_Settle,BEUTI,Settle,0.25179239967616646,26,0.214656813546096,0.7934375372547086
Long Beach|Pre,Long Beach,Pre,0,BEUTI_Larval,BEUTI,Larval,0.24648927702890974,27,0.21518912740699764,0.7934375372547086
Mocrocks|Rec,Mocrocks,Rec,4,BEUTI_Spawn,BEUTI,Spawn,0.24149991420331937,28,0.21569367978087883,0.7934375372547086
Mocrocks|Pre,Mocrocks,Pre,5,Discharge_Growth,Discharge,Growth,-0.25113557778817264,26,0.2158953602345408,0.7934375372547086
Twin Harbors|Pre,Twin Harbors,Pre,1,BEUTI_Growth,BEUTI,Growth,-0.28932450748653626,20,0.21599132958600398,0.7934375372547086
Long Beach|Pre,Long Beach,Pre,4,BEUTI_Spring,BEUTI,Spring,0.24464417153352916,27,0.21875322905968925,0.7994235893002928
Kalaloch|Rec,Kalaloch,Rec,4,Discharge_Spring,Discharge,Spring,0.253912188800848,25,0.22066600377195122,0.7994235893002928
Twin Harbors|Pre,Twin Harbors,Pre,4,BEUTI_Spawn,BEUTI,Spawn,0.32279191260591295,16,0.2226899753734677,0.7994235893002928
Kalaloch|Rec,Kalaloch,Rec,0,BEUTI_Spawn,BEUTI,Spawn,-0.23793420464940818,28,0.22275642756686612,0.7994235893002928
Long Beach|Pre,Long Beach,Pre,5,Max_Growth,Max,Growth,0.24740815001602803,26,0.22301520312978018,0.7994235893002928
Long Beach|Pre,Long Beach,Pre,4,BEUTI_Larval,BEUTI,Larval,0.24239166500725437,27,0.22315794629275545,0.7994235893002928
Copalis|Pre,Copalis,Pre,3,BEUTI_Spring,BEUTI,Spring,0.25117523222783406,25,0.22585197293481668,0.7994235893002928
Kalaloch|Pre,Kalaloch,Pre,4,BEUTI_Growth,BEUTI,Growth,0.2459256931207933,26,0.22589006941024198,0.7994235893002928
Kalaloch|Pre,Kalaloch,Pre,3,Discharge_Spring,Discharge,Spring,0.25073006873791975,25,0.22670307361182587,0.7994235893002928
Copalis|Pre,Copalis,Pre,2,Discharge_Settle,Discharge,Settle,-0.23976917691103922,27,0.22836069725735855,0.7994235893002928
Twin Harbors|Rec,Twin Harbors,Rec,1,Max_Spring,Max,Spring,-0.2900027037413766,19,0.228446642485662,0.7994235893002928
Mocrocks|Pre,Mocrocks,Pre,0,Discharge_Spawn,Discharge,Spawn,0.2347590794034647,28,0.22917520544926212,0.7994235893002928
Kalaloch|Pre,Kalaloch,Pre,0,Discharge_Growth,Discharge,Growth,-0.23909633966619548,27,0.22970849616514977,0.7994235893002928
Mocrocks|Rec,Mocrocks,Rec,0,BEUTI_Growth,BEUTI,Growth,0.2384875098854309,27,0.23093264539207653,0.7994235893002928
Kalaloch|Rec,Kalaloch,Rec,4,BEUTI_Larval,BEUTI,Larval,-0.23848157863697342,27,0.23094459246452903,0.7994235893002928
Kalaloch|Rec,Kalaloch,Rec,2,BEUTI_Growth,BEUTI,Growth,-0.2423752684727222,26,0.23287553886900075,0.7999252411810891
Twin Harbors|Rec,Twin Harbors,Rec,0,BEUTI_Spring,BEUTI,Spring,0.27891133595263934,20,0.23372136369129037,0.7999252411810891
Twin Harbors|Pre,Twin Harbors,Pre,1,Discharge_Growth,Discharge,Growth,0.27889154476750894,20,0.23375593158958494,0.7999252411810891
Kalaloch|Rec,Kalaloch,Rec,5,Discharge_Spawn,Discharge,Spawn,0.23121168608038697,28,0.2364916744945843,0.8062216175951737
Mocrocks|Rec,Mocrocks,Rec,2,Max_Settle,Max,Settle,0.23386666908862347,27,0.24036533001716326,0.8132681705936782
Mocrocks|Rec,Mocrocks,Rec,2,BEUTI_Growth,BEUTI,Growth,0.23864161805671158,26,0.24037461054311582,0.8132681705936782
Copalis|Rec,Copalis,Rec,3,BEUTI_Spawn,BEUTI,Spawn,0.2289343980275378,28,0.24126955727612454,0.8132681705936782
Mocrocks|Pre,Mocrocks,Pre,4,BEUTI_Growth,BEUTI,Growth,0.23764659258902582,26,0.24239968810031873,0.8135012587915745
Copalis|Rec,Copalis,Rec,5,BEUTI_Growth,BEUTI,Growth,0.23728103302947218,26,0.24314648734992617,0.8135012587915745
Copalis|Pre,Copalis,Pre,1,BEUTI_Spawn,BEUTI,Spawn,-0.22731375159991318,28,0.24470843920967267,0.8156947973655756
Kalaloch|Rec,Kalaloch,Rec,5,BEUTI_Growth,BEUTI,Growth,-0.2340056141190346,26,0.24990532209964844,0.8178855781888065
Long Beach|Pre,Long Beach,Pre,0,Max_Spring,Max,Spring,-0.22848208364687073,27,0.25167417409408677,0.8178855781888065
Copalis|Rec,Copalis,Rec,3,Max_Spring,Max,Spring,0.23807403009434744,25,0.2517951552626979,0.8178855781888065
Twin Harbors|Pre,Twin Harbors,Pre,4,Discharge_Spawn,Discharge,Spawn,0.30429853507614896,16,0.2518387837775643,0.8178855781888065
Mocrocks|Pre,Mocrocks,Pre,0,Max_Spawn,Max,Spawn,0.22369444363512803,28,0.2525046786583471,0.8178855781888065
Long Beach|Rec,Long Beach,Rec,0,BEUTI_Growth,BEUTI,Growth,0.2322682557716827,26,0.25353972508055966,0.8178855781888065
Mocrocks|Pre,Mocrocks,Pre,4,BEUTI_Spring,BEUTI,Spring,0.23649148604156148,25,0.2550548905009263,0.8178855781888065
Mocrocks|Pre,Mocrocks,Pre,4,BEUTI_Spawn,BEUTI,Spawn,0.22213994107223603,28,0.2559026184365209,0.8178855781888065
Copalis|Rec,Copalis,Rec,0,BEUTI_Growth,BEUTI,Growth,0.22642979704717406,27,0.25607457256094496,0.8178855781888065
Kalaloch|Pre,Kalaloch,Pre,1,BEUTI_Larval,BEUTI,Larval,0.22596366738791765,27,0.2570809670177143,0.8178855781888065
Copalis|Pre,Copalis,Pre,2,BEUTI_Spawn,BEUTI,Spawn,0.22158696571758046,28,0.25711852305725647,0.8178855781888065
Copalis|Pre,Copalis,Pre,1,Max_Larval,Max,Larval,0.22064827284148966,28,0.2591911825373288,0.8178855781888065
Mocrocks|Pre,Mocrocks,Pre,3,Max_Spring,Max,Spring,-0.23345719420997374,25,0.2613811784882329,0.8178855781888065
Kalaloch|Pre,Kalaloch,Pre,1,Discharge_Growth,Discharge,Growth,-0.22328238594224567,27,0.2629199503150168,0.8178855781888065
Twin Harbors|Rec,Twin Harbors,Rec,5,Discharge_Larval,Discharge,Larval,-0.3085524711231939,15,0.26317208130266845,0.8178855781888065
Mocrocks|Pre,Mocrocks,Pre,1,Discharge_Settle,Discharge,Settle,0.2229727881534531,27,0.2635996435332408,0.8178855781888065
Kalaloch|Pre,Kalaloch,Pre,1,Discharge_Spawn,Discharge,Spawn,-0.2182719584616895,28,0.26448670051005724,0.8178855781888065
Long Beach|Pre,Long Beach,Pre,5,BEUTI_Spring,BEUTI,Spring,-0.22217513653634607,27,0.2653560504207285,0.8178855781888065
Copalis|Rec,Copalis,Rec,1,Max_Larval,Max,Larval,0.217732336600191,28,0.2656989298092889,0.8178855781888065
Copalis|Pre,Copalis,Pre,2,Max_Settle,Max,Settle,-0.2216466675699527,27,0.266523880834591,0.8178855781888065
Kalaloch|Pre,Kalaloch,Pre,5,Discharge_Larval,Discharge,Larval,0.22063008767701062,27,0.26877967494975064,0.8178855781888065
Twin Harbors|Pre,Twin Harbors,Pre,5,Max_Spring,Max,Spring,0.30501488207145794,15,0.26896868955797126,0.8178855781888065
Twin Harbors|Rec,Twin Harbors,Rec,1,BEUTI_Larval,BEUTI,Larval,0.26698840597508683,19,0.2691687701878238,0.8178855781888065
Kalaloch|Rec,Kalaloch,Rec,1,BEUTI_Spawn,BEUTI,Spawn,0.21610112015410737,28,0.26938521765203605,0.8178855781888065
Mocrocks|Pre,Mocrocks,Pre,5,Discharge_Larval,Discharge,Larval,-0.21591172285256577,28,0.26981535398614814,0.8178855781888065
Kalaloch|Rec,Kalaloch,Rec,3,BEUTI_Growth,BEUTI,Growth,0.2246753034344885,26,0.2698260547628156,0.8178855781888065
Twin Harbors|Rec,Twin Harbors,Rec,4,Discharge_Growth,Discharge,Growth,-0.2836485754393176,17,0.2699022408023061,0.8178855781888065
Long Beach|Rec,Long Beach,Rec,5,Discharge_Spawn,Discharge,Spawn,0.2193591326740181,27,0.27161718187572165,0.8189320524937114
Kalaloch|Pre,Kalaloch,Pre,4,Discharge_Spawn,Discharge,Spawn,0.21492325806703105,28,0.2720674263284663,0.8189320524937114
Mocrocks|Rec,Mocrocks,Rec,3,BEUTI_Growth,BEUTI,Growth,0.2228811351665472,26,0.2737702673880991,0.8204453001870466
Mocrocks|Pre,Mocrocks,Pre,4,Discharge_Spawn,Discharge,Spawn,0.21390788538396227,28,0.27439337261811225,0.8204453001870466
Twin Harbors|Rec,Twin Harbors,Rec,5,Max_Growth,Max,Growth,0.290094161793631,16,0.27575620286474617,0.8217900085373231
Long Beach|Rec,Long Beach,Rec,2,BEUTI_Spring,BEUTI,Spring,-0.21707619198248396,27,0.27676219636555943,0.8220659297986914
Long Beach|Pre,Long Beach,Pre,1,Discharge_Larval,Discharge,Larval,-0.2156477666566426,27,0.2800128949812342,0.8247292595967752
Twin Harbors|Rec,Twin Harbors,Rec,4,Max_Growth,Max,Growth,-0.27709372559600276,17,0.28160272277835385,0.8247292595967752
Long Beach|Pre,Long Beach,Pre,2,Max_Spring,Max,Spring,-0.21478745220552953,27,0.28198242903192305,0.8247292595967752
Mocrocks|Pre,Mocrocks,Pre,4,BEUTI_Larval,BEUTI,Larval,0.21043005156205918,28,0.2824567284250692,0.8247292595967752
Twin Harbors|Pre,Twin Harbors,Pre,0,Max_Growth,Max,Growth,-0.2456433173638922,21,0.2831347879831749,0.8247292595967752
Kalaloch|Rec,Kalaloch,Rec,1,Discharge_Settle,Discharge,Settle,-0.21832415587347462,26,0.28395303705410146,0.8247292595967752
Kalaloch|Rec,Kalaloch,Rec,1,BEUTI_Larval,BEUTI,Larval,0.2136937940705032,27,0.2844988579853895,0.8247292595967752
Copalis|Pre,Copalis,Pre,2,Discharge_Spawn,Discharge,Spawn,-0.20935062979779914,28,0.2849897774828857,0.8247292595967752
Mocrocks|Pre,Mocrocks,Pre,0,Max_Larval,Max,Larval,0.2087690278371616,28,0.2863605797784901,0.8260401339764137
Twin Harbors|Rec,Twin Harbors,Rec,2,Max_Settle,Max,Settle,0.2644335712324692,18,0.28897311519240493,0.8309131107768832
Long Beach|Rec,Long Beach,Rec,2,Discharge_Growth,Discharge,Growth,-0.2133872076556653,26,0.295252030180404,0.8324542737294254
Mocrocks|Pre,Mocrocks,Pre,2,BEUTI_Spring,BEUTI,Spring,0.21761513018872755,25,0.29604167998807845,0.8324542737294254
Copalis|Rec,Copalis,Rec,2,BEUTI_Spawn,BEUTI,Spawn,0.20448777527934234,28,0.2965799671157751,0.8324542737294254
Mocrocks|Pre,Mocrocks,Pre,5,Discharge_Settle,Discharge,Settle,-0.20815216196513617,27,0.2974682231091522,0.8324542737294254
Long Beach|Pre,Long Beach,Pre,2,BEUTI_Spawn,BEUTI,Spawn,0.20810045204790104,27,0.2975909605519755,0.8324542737294254
Twin Harbors|Rec,Twin Harbors,Rec,5,Max_Spawn,Max,Spawn,-0.28800867138755687,15,0.29789882250608746,0.8324542737294254
Copalis|Rec,Copalis,Rec,1,BEUTI_Spring,BEUTI,Spring,0.21663755286963207,25,0.2982702334568071,0.8324542737294254
Kalaloch|Pre,Kalaloch,Pre,0,Discharge_Larval,Discharge,Larval,-0.20777620655404844,27,0.29836130589227117,0.8324542737294254
Kalaloch|Rec,Kalaloch,Rec,5,Discharge_Spring,Discharge,Spring,0.21641492988341485,25,0.2987791976219347,0.8324542737294254
Long Beach|Rec,Long Beach,Rec,2,Discharge_Spawn,Discharge,Spawn,0.2072244150444858,27,0.2996751272837822,0.8324542737294254
Kalaloch|Pre,Kalaloch,Pre,1,Max_Growth,Max,Growth,0.20665642836430126,27,0.30103128551158287,0.8324542737294254
Kalaloch|Rec,Kalaloch,Rec,3,BEUTI_Spawn,BEUTI,Spawn,0.20255061852081901,28,0.30127843815378086,0.8324542737294254
Copalis|Pre,Copalis,Pre,2,Discharge_Growth,Discharge,Growth,-0.21043549155531996,26,0.30214018085968786,0.8324542737294254
Long Beach|Pre,Long Beach,Pre,0,Discharge_Growth,Discharge,Growth,-0.21011454448654776,26,0.3028951268768216,0.8324542737294254
Copalis|Rec,Copalis,Rec,4,BEUTI_Growth,BEUTI,Growth,0.20958826100693942,26,0.3041356123417782,0.8324542737294254
Copalis|Rec,Copalis,Rec,3,BEUTI_Spring,BEUTI,Spring,0.2128546447331792,25,0.30699219498105723,0.8324542737294254
Twin Harbors|Pre,Twin Harbors,Pre,5,Discharge_Spawn,Discharge,Spawn,-0.28223704872513045,15,0.3081160457426547,0.8324542737294254
Twin Harbors|Pre,Twin Harbors,Pre,1,Max_Spring,Max,Spring,-0.24683627764697752,19,0.30831415909921633,0.8324542737294254
Twin Harbors|Rec,Twin Harbors,Rec,1,Discharge_Settle,Discharge,Settle,0.24656209676266513,19,0.3088691610617276,0.8324542737294254
Twin Harbors|Pre,Twin Harbors,Pre,4,Discharge_Larval,Discharge,Larval,0.27077646190071125,16,0.3104109568254501,0.8324542737294254
Twin Harbors|Rec,Twin Harbors,Rec,4,BEUTI_Larval,BEUTI,Larval,0.27057149863088426,16,0.3107917301214573,0.8324542737294254
Long Beach|Pre,Long Beach,Pre,0,BEUTI_Settle,BEUTI,Settle,0.2063298213062881,26,0.31188612977581043,0.8324542737294254
Kalaloch|Rec,Kalaloch,Rec,1,Max_Larval,Max,Larval,-0.20195992317636782,27,0.3123916264677602,0.8324542737294254
Mocrocks|Pre,Mocrocks,Pre,2,BEUTI_Settle,BEUTI,Settle,0.20144802573705942,27,0.3136456568670758,0.8324542737294254
Long Beach|Rec,Long Beach,Rec,2,BEUTI_Larval,BEUTI,Larval,0.20144257251123365,27,0.3136590327204788,0.8324542737294254
Mocrocks|Pre,Mocrocks,Pre,5,BEUTI_Spring,BEUTI,Spring,0.20979963956645448,25,0.3141496563204784,0.8324542737294254
Long Beach|Pre,Long Beach,Pre,1,BEUTI_Spawn,BEUTI,Spawn,-0.2004556165034618,27,0.3160856711084809,0.8324542737294254
Long Beach|Rec,Long Beach,Rec,1,Max_Growth,Max,Growth,-0.204306604030154,26,0.31675928421904637,0.8324542737294254
Copalis|Rec,Copalis,Rec,1,Discharge_Spawn,Discharge,Spawn,-0.1954112977554616,28,0.318994537950876,0.8324542737294254
Mocrocks|Pre,Mocrocks,Pre,1,Max_Spring,Max,Spring,-0.20737634254067203,25,0.3198992978064744,0.8324542737294254
Copalis|Pre,Copalis,Pre,5,Max_Larval,Max,Larval,0.19494873989389055,28,0.32016404487243255,0.8324542737294254
Long Beach|Pre,Long Beach,Pre,5,Discharge_Larval,Discharge,Larval,-0.19853567576185305,27,0.3208392772828723,0.8324542737294254
Twin Harbors|Pre,Twin Harbors,Pre,4,Max_Spring,Max,Spring,-0.26521399786393685,16,0.3208415772067522,0.8324542737294254
Mocrocks|Pre,Mocrocks,Pre,2,Discharge_Growth,Discharge,Growth,-0.20223088662108427,26,0.3218071809673406,0.8324542737294254
Kalaloch|Pre,Kalaloch,Pre,2,Discharge_Spring,Discharge,Spring,-0.2065467364926718,25,0.3218823191753778,0.8324542737294254
Twin Harbors|Pre,Twin Harbors,Pre,0,Max_Spring,Max,Spring,-0.23276163889761883,20,0.32336405817762914,0.8333206948764821
Copalis|Rec,Copalis,Rec,1,Discharge_Spring,Discharge,Spring,-0.20563546254822263,25,0.3240691591186319,0.8333206948764821
Copalis|Pre,Copalis,Pre,1,Discharge_Larval,Discharge,Larval,-0.1928738336547518,28,0.3254425243315343,0.8344680111064983
Mocrocks|Rec,Mocrocks,Rec,5,Discharge_Spring,Discharge,Spring,0.20438809223126914,25,0.32707714664507725,0.8348438452203609
Long Beach|Rec,Long Beach,Rec,0,Max_Spring,Max,Spring,-0.1958966820122439,27,0.3274443081808749,0.8348438452203609
Kalaloch|Rec,Kalaloch,Rec,5,Discharge_Settle,Discharge,Settle,0.19905192593558374,26,0.3296326825710395,0.8357403860186374
Long Beach|Pre,Long Beach,Pre,0,Max_Settle,Max,Settle,-0.1988564337479024,26,0.33011764923129094,0.8357403860186374
Twin Harbors|Pre,Twin Harbors,Pre,5,Max_Settle,Max,Settle,0.2698553845745256,15,0.33071110392429925,0.8357403860186374
Twin Harbors|Pre,Twin Harbors,Pre,3,Max_Settle,Max,Settle,-0.2508319785119279,17,0.3315103531207262,0.8357403860186374
Twin Harbors|Rec,Twin Harbors,Rec,2,Discharge_Spring,Discharge,Spring,0.24096331801086146,18,0.3354360122031095,0.8390468659326026
Long Beach|Rec,Long Beach,Rec,3,Discharge_Larval,Discharge,Larval,0.19249540668121903,27,0.33607840567209735,0.8390468659326026
Kalaloch|Rec,Kalaloch,Rec,0,Discharge_Larval,Discharge,Larval,-0.19242158785232502,27,0.33626730432338936,0.8390468659326026
Kalaloch|Rec,Kalaloch,Rec,4,Discharge_Larval,Discharge,Larval,0.19192147770975357,27,0.3375487487467492,0.8390468659326026
Mocrocks|Rec,Mocrocks,Rec,2,Max_Larval,Max,Larval,0.18795440931014604,28,0.338168649590591,0.8390468659326026
Kalaloch|Pre,Kalaloch,Pre,3,Discharge_Growth,Discharge,Growth,-0.19519824217529338,26,0.33927229578669216,0.8390468659326026
Mocrocks|Pre,Mocrocks,Pre,5,Discharge_Spawn,Discharge,Spawn,-0.18738027642023367,28,0.33967320777119914,0.8390468659326026
Copalis|Pre,Copalis,Pre,0,Max_Spring,Max,Spring,-0.1988742096121527,25,0.34057532114942823,0.8390468659326026
Copalis|Pre,Copalis,Pre,3,BEUTI_Larval,BEUTI,Larval,0.18643659743325103,28,0.3421549468398618,0.8390468659326026
Twin Harbors|Pre,Twin Harbors,Pre,0,BEUTI_Settle,BEUTI,Settle,0.22303062104259447,20,0.34456708906855216,0.8390468659326026
Kalaloch|Pre,Kalaloch,Pre,5,Discharge_Spring,Discharge,Spring,0.1971677148048721,25,0.34481934328030195,0.8390468659326026
Mocrocks|Rec,Mocrocks,Rec,0,Max_Spawn,Max,Spawn,0.18510101294013329,28,0.3456859340662788,0.8390468659326026
Long Beach|Rec,Long Beach,Rec,0,Max_Settle,Max,Settle,0.19247154747412454,26,0.3461939490312148,0.8390468659326026
Copalis|Rec,Copalis,Rec,3,Discharge_Spring,Discharge,Spring,0.19651058305070296,25,0.3464619727988646,0.8390468659326026
Twin Harbors|Pre,Twin Harbors,Pre,3,BEUTI_Spring,BEUTI,Spring,0.24316852518451287,17,0.3469797015341701,0.8390468659326026
Copalis|Rec,Copalis,Rec,5,Discharge_Larval,Discharge,Larval,0.18432846578694492,28,0.34773831221428975,0.8390468659326026
Twin Harbors|Rec,Twin Harbors,Rec,5,Discharge_Growth,Discharge,Growth,-0.24983242705334285,16,0.35072521533880796,0.8428595273502308
Twin Harbors|Rec,Twin Harbors,Rec,4,Max_Spawn,Max,Spawn,-0.249015193513275,16,0.3523553702392014,0.8428595273502308
Mocrocks|Pre,Mocrocks,Pre,1,BEUTI_Larval,BEUTI,Larval,-0.18247091856284484,28,0.35270290063813614,0.8428595273502308
Kalaloch|Rec,Kalaloch,Rec,2,Max_Spring,Max,Spring,0.1935322510475063,25,0.3539650127709014,0.8428595273502308
Kalaloch|Rec,Kalaloch,Rec,3,Discharge_Growth,Discharge,Growth,0.18834926089926737,26,0.35681671184971187,0.8428595273502308
Kalaloch|Pre,Kalaloch,Pre,3,BEUTI_Growth,BEUTI,Growth,0.18808557568620482,26,0.3575026752256668,0.8428595273502308
Long Beach|Rec,Long Beach,Rec,4,Discharge_Larval,Discharge,Larval,0.1839706299712606,27,0.35831527311238387,0.8428595273502308
Twin Harbors|Pre,Twin Harbors,Pre,5,Discharge_Growth,Discharge,Growth,-0.2458996960772917,16,0.3586088652910787,0.8428595273502308
Mocrocks|Pre,Mocrocks,Pre,4,Max_Larval,Max,Larval,-0.17993748036071713,28,0.35954152118843197,0.8428595273502308
Long Beach|Rec,Long Beach,Rec,1,Max_Larval,Max,Larval,0.1831830002648489,27,0.3604126464711961,0.8428595273502308
Long Beach|Pre,Long Beach,Pre,0,BEUTI_Growth,BEUTI,Growth,-0.1866536642830873,26,0.3612412654329631,0.8428595273502308
Copalis|Pre,Copalis,Pre,0,Discharge_Spring,Discharge,Spring,-0.19049757728012132,25,0.361707647020836,0.8428595273502308
Long Beach|Rec,Long Beach,Rec,4,BEUTI_Spring,BEUTI,Spring,-0.1821417023034626,27,0.36319658306215064,0.8428595273502308
Copalis|Pre,Copalis,Pre,0,Discharge_Spawn,Discharge,Spawn,-0.17810379011442515,28,0.3645398081921053,0.8428595273502308
Twin Harbors|Pre,Twin Harbors,Pre,5,Max_Growth,Max,Growth,-0.24295175702946692,16,0.3645826559864934,0.8428595273502308
Copalis|Rec,Copalis,Rec,1,Discharge_Settle,Discharge,Settle,-0.18156049661380438,27,0.36475592698335657,0.8428595273502308
Kalaloch|Rec,Kalaloch,Rec,1,BEUTI_Spring,BEUTI,Spring,0.18834960509326235,25,0.3672473097583442,0.8428595273502308
Twin Harbors|Rec,Twin Harbors,Rec,3,Discharge_Spawn,Discharge,Spawn,0.2329871975764831,17,0.36815497411399645,0.8428595273502308
Copalis|Rec,Copalis,Rec,2,Discharge_Spawn,Discharge,Spawn,0.17663952905241284,28,0.36856028012726294,0.8428595273502308
Kalaloch|Pre,Kalaloch,Pre,0,BEUTI_Spring,BEUTI,Spring,0.18773921133944804,25,0.3688304773805917,0.8428595273502308
Kalaloch|Pre,Kalaloch,Pre,4,Max_Settle,Max,Settle,0.1834727400616004,26,0.3696280416171923,0.8428595273502308
Copalis|Rec,Copalis,Rec,3,Max_Growth,Max,Growth,0.18227034488531205,26,0.3728275057186954,0.8428595273502308
Long Beach|Pre,Long Beach,Pre,4,Max_Larval,Max,Larval,-0.17838652211926395,27,0.3733405658329446,0.8428595273502308
Copalis|Rec,Copalis,Rec,2,Discharge_Spring,Discharge,Spring,0.18595543487593852,25,0.37347967375293145,0.8428595273502308
Copalis|Pre,Copalis,Pre,1,BEUTI_Growth,BEUTI,Growth,0.1779701721349607,27,0.3744753046100714,0.8428595273502308
Twin Harbors|Pre,Twin Harbors,Pre,0,BEUTI_Growth,BEUTI,Growth,-0.20415681850119496,21,0.37471375360651304,0.8428595273502308
Kalaloch|Rec,Kalaloch,Rec,1,Discharge_Spawn,Discharge,Spawn,-0.17441032694232475,28,0.37473067702282514,0.8428595273502308
Long Beach|Pre,Long Beach,Pre,1,Discharge_Spring,Discharge,Spring,-0.17712597134523622,27,0.3767822609479631,0.8428595273502308
Kalaloch|Rec,Kalaloch,Rec,1,Discharge_Larval,Discharge,Larval,-0.1769435394203995,27,0.3772818732210762,0.8428595273502308
Twin Harbors|Rec,Twin Harbors,Rec,5,Max_Settle,Max,Settle,0.24569753708621592,15,0.3774137661357144,0.8428595273502308
Copalis|Pre,Copalis,Pre,5,Discharge_Settle,Discharge,Settle,0.17545115382679272,27,0.3813833277629436,0.8465839669730328
Twin Harbors|Pre,Twin Harbors,Pre,4,Max_Growth,Max,Growth,-0.22625011916910576,17,0.38255340999254017,0.8465839669730328
Copalis|Rec,Copalis,Rec,4,Discharge_Growth,Discharge,Growth,-0.17826216925466007,26,0.3836082439384012,0.8465839669730328
Kalaloch|Pre,Kalaloch,Pre,4,Discharge_Settle,Discharge,Settle,0.177661535303634,26,0.385238996594243,0.8465839669730328
Mocrocks|Rec,Mocrocks,Rec,5,Discharge_Growth,Discharge,Growth,-0.17765158972738593,26,0.38526603267915804,0.8465839669730328
Long Beach|Pre,Long Beach,Pre,2,Max_Settle,Max,Settle,-0.17750169060030893,26,0.385673650347393,0.8465839669730328
Kalaloch|Rec,Kalaloch,Rec,0,BEUTI_Growth,BEUTI,Growth,-0.17361094999632648,27,0.38647586271009526,0.8465839669730328
Twin Harbors|Pre,Twin Harbors,Pre,3,Discharge_Spawn,Discharge,Spawn,0.2241993589543418,17,0.38699677511141317,0.8465839669730328
Twin Harbors|Pre,Twin Harbors,Pre,1,BEUTI_Spawn,BEUTI,Spawn,-0.21027761274900458,19,0.3875473271032106,0.8465839669730328
Mocrocks|Pre,Mocrocks,Pre,4,Discharge_Settle,Discharge,Settle,-0.17228272433127864,27,0.3901756355884194,0.8490239525338041
Twin Harbors|Rec,Twin Harbors,Rec,3,Discharge_Spring,Discharge,Spring,0.22256820488507748,17,0.39055101816554993,0.8490239525338041
Long Beach|Pre,Long Beach,Pre,5,Max_Spawn,Max,Spawn,0.1714131853209474,27,0.392608638896232,0.8514404217026718
Twin Harbors|Pre,Twin Harbors,Pre,2,Max_Spring,Max,Spring,-0.21378647652391455,18,0.3943165412863263,0.8530886710521483
Mocrocks|Pre,Mocrocks,Pre,5,Max_Growth,Max,Growth,-0.17347613669481968,26,0.396712192382891,0.8531908746885605
Long Beach|Rec,Long Beach,Rec,2,Discharge_Spring,Discharge,Spring,0.16984722802868463,27,0.3970119473874165,0.8531908746885605
Twin Harbors|Pre,Twin Harbors,Pre,1,Discharge_Larval,Discharge,Larval,0.20537547101303164,19,0.39895904363673995,0.8531908746885605
Mocrocks|Rec,Mocrocks,Rec,3,Discharge_Spawn,Discharge,Spawn,0.16584385861610554,28,0.3989955390424781,0.8531908746885605
Mocrocks|Pre,Mocrocks,Pre,5,BEUTI_Spawn,BEUTI,Spawn,0.1656565780308055,28,0.3995357506260544,0.8531908746885605
Mocrocks|Pre,Mocrocks,Pre,3,Max_Growth,Max,Growth,-0.17197399737502564,26,0.4008764707513105,0.8531908746885605
Long Beach|Pre,Long Beach,Pre,3,BEUTI_Spawn,BEUTI,Spawn,0.1682412894610514,27,0.4015565772083748,0.8531908746885605
Copalis|Pre,Copalis,Pre,0,Discharge_Larval,Discharge,Larval,-0.16482214532824688,28,0.4019477009643885,0.8531908746885605
Long Beach|Pre,Long Beach,Pre,2,BEUTI_Growth,BEUTI,Growth,0.17048081086122524,26,0.4050401711182784,0.8554947553855737
Twin Harbors|Rec,Twin Harbors,Rec,2,Discharge_Growth,Discharge,Growth,0.20182310864529243,19,0.4073420329730928,0.8554947553855737
Copalis|Pre,Copalis,Pre,1,Max_Spawn,Max,Spawn,0.16267167648703415,28,0.4082014364943739,0.8554947553855737
Copalis|Pre,Copalis,Pre,5,BEUTI_Settle,BEUTI,Settle,0.16578419532789337,27,0.40856627893798314,0.8554947553855737
Mocrocks|Pre,Mocrocks,Pre,2,Max_Larval,Max,Larval,-0.1622510415891685,28,0.40943101897288803,0.8554947553855737
Kalaloch|Rec,Kalaloch,Rec,3,BEUTI_Settle,BEUTI,Settle,-0.16863072518594158,26,0.41023247192963597,0.8554947553855737
Long Beach|Rec,Long Beach,Rec,3,Discharge_Settle,Discharge,Settle,0.1682823529796889,26,0.4112143085876909,0.8554947553855737
Kalaloch|Pre,Kalaloch,Pre,0,Discharge_Spawn,Discharge,Spawn,-0.1616136441431513,28,0.41129817733842655,0.8554947553855737
Kalaloch|Rec,Kalaloch,Rec,2,BEUTI_Spring,BEUTI,Spring,0.17178929917026511,25,0.41158803231328156,0.8554947553855737
Long Beach|Rec,Long Beach,Rec,4,Max_Spring,Max,Spring,0.16302208650609978,27,0.4165271322906694,0.8615379740925287
Kalaloch|Rec,Kalaloch,Rec,1,Discharge_Growth,Discharge,Growth,-0.16197964130355333,27,0.4195537969813673,0.8615379740925287
Twin Harbors|Pre,Twin Harbors,Pre,2,Max_Larval,Max,Larval,-0.20212439613102587,18,0.42120598771879336,0.8615379740925287
Twin Harbors|Pre,Twin Harbors,Pre,3,BEUTI_Growth,BEUTI,Growth,-0.20207016328515226,18,0.421333252405818,0.8615379740925287
Mocrocks|Pre,Mocrocks,Pre,1,Max_Larval,Max,Larval,0.15809174339524243,28,0.4217003947208746,0.8615379740925287
Copalis|Rec,Copalis,Rec,4,Discharge_Spawn,Discharge,Spawn,0.15808235721281144,28,0.4217283099749518,0.8615379740925287
Kalaloch|Pre,Kalaloch,Pre,1,BEUTI_Settle,BEUTI,Settle,0.1645463150479054,26,0.42182554162399666,0.8615379740925287
Twin Harbors|Rec,Twin Harbors,Rec,3,Max_Spring,Max,Spring,-0.20810135758730347,17,0.42284152097302097,0.8615379740925287
Copalis|Pre,Copalis,Pre,1,BEUTI_Larval,BEUTI,Larval,-0.15761791475207665,28,0.4231108717209975,0.8615379740925287
Long Beach|Rec,Long Beach,Rec,3,BEUTI_Spawn,BEUTI,Spawn,0.15940114466371014,27,0.4270921644440552,0.8676815981933401
Kalaloch|Pre,Kalaloch,Pre,1,Discharge_Settle,Discharge,Settle,-0.16140037380202285,26,0.43087601715559676,0.8733973320721556
Twin Harbors|Pre,Twin Harbors,Pre,3,BEUTI_Settle,BEUTI,Settle,-0.20340944101273992,17,0.4336058744065695,0.8769557010469945
Mocrocks|Pre,Mocrocks,Pre,1,Discharge_Growth,Discharge,Growth,0.15605393334341683,27,0.4369874262402832,0.8818131919646971
Twin Harbors|Rec,Twin Harbors,Rec,3,BEUTI_Growth,BEUTI,Growth,0.19475224073210612,18,0.4386913339916514,0.8818200883864507
Mocrocks|Rec,Mocrocks,Rec,1,BEUTI_Spawn,BEUTI,Spawn,0.15235518985128685,28,0.43895044399681094,0.8818200883864507
Copalis|Pre,Copalis,Pre,3,Max_Settle,Max,Settle,0.15488125656962462,27,0.4404832403962218,0.882812104568844
Copalis|Pre,Copalis,Pre,3,Discharge_Spring,Discharge,Spring,0.1612062247730622,25,0.441406052284422,0.882812104568844
Copalis|Rec,Copalis,Rec,5,Discharge_Settle,Discharge,Settle,0.1541729968884407,27,0.4426018679525422,0.8828164728849882
Mocrocks|Rec,Mocrocks,Rec,3,Discharge_Settle,Discharge,Settle,0.15363189675796265,27,0.44422414673536736,0.8828164728849882
Twin Harbors|Pre,Twin Harbors,Pre,2,Discharge_Settle,Discharge,Settle,-0.19191008504015916,18,0.44553138217382626,0.8828164728849882
Long Beach|Rec,Long Beach,Rec,0,Max_Growth,Max,Growth,-0.15595164194784947,26,0.44679776834635776,0.8828164728849882
Long Beach|Rec,Long Beach,Rec,2,Max_Spring,Max,Spring,-0.1525599784324908,27,0.4474472617169939,0.8828164728849882
Copalis|Pre,Copalis,Pre,1,Max_Settle,Max,Settle,0.15232135232586003,27,0.4481664723638704,0.8828164728849882
Twin Harbors|Pre,Twin Harbors,Pre,5,Max_Larval,Max,Larval,0.21191283918520656,15,0.4483269274266557,0.8828164728849882
Kalaloch|Pre,Kalaloch,Pre,3,BEUTI_Larval,BEUTI,Larval,0.15196041523921947,27,0.4492554939792496,0.8828164728849882
Long Beach|Pre,Long Beach,Pre,5,Discharge_Settle,Discharge,Settle,-0.15396584990709436,26,0.4526773205608926,0.8837607554571955
Long Beach|Pre,Long Beach,Pre,4,Max_Spawn,Max,Spawn,-0.1506725005126177,27,0.45315285555281337,0.8837607554571955
Twin Harbors|Rec,Twin Harbors,Rec,4,Discharge_Spawn,Discharge,Spawn,0.20134064599389323,16,0.4546155773717766,0.8837607554571955
Twin Harbors|Rec,Twin Harbors,Rec,5,Discharge_Spawn,Discharge,Spawn,-0.208949465657527,15,0.45484574707400205,0.8837607554571955
Twin Harbors|Rec,Twin Harbors,Rec,1,Max_Larval,Max,Larval,0.18192247071475415,19,0.45602921276747777,0.8837607554571955
Twin Harbors|Rec,Twin Harbors,Rec,0,Max_Spring,Max,Spring,0.17624220466411927,20,0.4573140988357638,0.8837607554571955
Kalaloch|Rec,Kalaloch,Rec,0,BEUTI_Larval,BEUTI,Larval,-0.14929055663161803,27,0.4573545975832459,0.8837607554571955
Kalaloch|Pre,Kalaloch,Pre,4,Discharge_Larval,Discharge,Larval,0.14921278086598327,27,0.4575916800478368,0.8837607554571955
Twin Harbors|Rec,Twin Harbors,Rec,1,Discharge_Spawn,Discharge,Spawn,0.1806770268365584,19,0.4591714805338315,0.8846742019171827
Kalaloch|Rec,Kalaloch,Rec,0,Discharge_Spawn,Discharge,Spawn,-0.14531660383720277,28,0.46062657664351836,0.8846742019171827
Twin Harbors|Pre,Twin Harbors,Pre,2,Max_Spawn,Max,Spawn,-0.18498273334103613,18,0.4624302047330322,0.8846742019171827
Copalis|Pre,Copalis,Pre,3,Max_Spawn,Max,Spawn,-0.14424872018360374,28,0.46396368268749366,0.8846742019171827
Mocrocks|Rec,Mocrocks,Rec,3,Discharge_Spring,Discharge,Spring,0.15340115062038692,25,0.46411479709245784,0.8846742019171827
Copalis|Rec,Copalis,Rec,5,Discharge_Growth,Discharge,Growth,0.1499842138333941,26,0.4645883693751407,0.8846742019171827
Copalis|Pre,Copalis,Pre,5,Discharge_Growth,Discharge,Growth,0.1486258558752707,26,0.4686888786552694,0.8846742019171827
Mocrocks|Rec,Mocrocks,Rec,0,BEUTI_Spawn,BEUTI,Spawn,0.14258853987068093,28,0.4691767474442766,0.8846742019171827
Twin Harbors|Pre,Twin Harbors,Pre,1,Discharge_Settle,Discharge,Settle,0.17661710293274094,19,0.46949074405134894,0.8846742019171827
Twin Harbors|Pre,Twin Harbors,Pre,3,BEUTI_Larval,BEUTI,Larval,-0.18758383874621729,17,0.47093725001205244,0.8846742019171827
Mocrocks|Rec,Mocrocks,Rec,4,Discharge_Spring,Discharge,Spring,0.15086532352546467,25,0.4716210199690487,0.8846742019171827
Kalaloch|Rec,Kalaloch,Rec,0,BEUTI_Settle,BEUTI,Settle,-0.1473023402516097,26,0.4727021634105596,0.8846742019171827
Long Beach|Pre,Long Beach,Pre,0,Discharge_Settle,Discharge,Settle,-0.14700145094345188,26,0.47361701067670636,0.8846742019171827
Long Beach|Rec,Long Beach,Rec,4,Max_Spawn,Max,Spawn,-0.1436388893430724,27,0.4747499208273681,0.8846742019171827
Kalaloch|Rec,Kalaloch,Rec,4,Max_Larval,Max,Larval,-0.14359594810295814,27,0.47488338097688154,0.8846742019171827
Copalis|Rec,Copalis,Rec,2,BEUTI_Growth,BEUTI,Growth,0.14655896924775041,26,0.47496401987434,0.8846742019171827
Long Beach|Rec,Long Beach,Rec,0,Max_Spawn,Max,Spawn,-0.14333450408812098,27,0.4756963584609285,0.8846742019171827
Twin Harbors|Pre,Twin Harbors,Pre,2,BEUTI_Larval,BEUTI,Larval,-0.1789151460433733,18,0.47749221157224586,0.8846742019171827
Copalis|Pre,Copalis,Pre,0,Max_Spawn,Max,Spawn,-0.1398493293108813,28,0.47784422218871647,0.8846742019171827
Copalis|Rec,Copalis,Rec,3,Max_Spawn,Max,Spawn,0.13975670544628743,28,0.47813873714594535,0.8846742019171827
Long Beach|Pre,Long Beach,Pre,1,BEUTI_Spring,BEUTI,Spring,-0.14193217837174865,27,0.4800691800510021,0.8846742019171827
Kalaloch|Rec,Kalaloch,Rec,3,Discharge_Spring,Discharge,Spring,0.1473942814428033,25,0.4819958812079621,0.8846742019171827
Mocrocks|Pre,Mocrocks,Pre,4,Max_Spawn,Max,Spawn,0.1378765822238055,28,0.48413706889694796,0.8846742019171827
Twin Harbors|Rec,Twin Harbors,Rec,2,Max_Larval,Max,Larval,0.1759741081016989,18,0.48487902783704484,0.8846742019171827
Mocrocks|Pre,Mocrocks,Pre,2,Discharge_Spring,Discharge,Spring,-0.14585516717741479,25,0.48663301322760344,0.8846742019171827
Kalaloch|Pre,Kalaloch,Pre,2,BEUTI_Settle,BEUTI,Settle,0.14268335130903173,26,0.4868458557288279,0.8846742019171827
Mocrocks|Rec,Mocrocks,Rec,2,Discharge_Larval,Discharge,Larval,0.1367428716148848,28,0.4877725140348691,0.8846742019171827
Copalis|Pre,Copalis,Pre,0,Max_Settle,Max,Settle,0.13916947048397896,27,0.48874383201403526,0.8846742019171827
Long Beach|Pre,Long Beach,Pre,2,Max_Larval,Max,Larval,-0.13881989978339196,27,0.48984707167122177,0.8846742019171827
Long Beach|Rec,Long Beach,Rec,4,Discharge_Settle,Discharge,Settle,0.14163905890468678,26,0.4900729296255202,0.8846742019171827
Kalaloch|Pre,Kalaloch,Pre,5,Discharge_Spawn,Discharge,Spawn,0.13589051607635105,28,0.4905148420676543,0.8846742019171827
Copalis|Rec,Copalis,Rec,2,Discharge_Settle,Discharge,Settle,0.13839340430231556,27,0.4911947859039578,0.8846742019171827
Long Beach|Rec,Long Beach,Rec,5,Discharge_Larval,Discharge,Larval,0.1377004030024126,27,0.4933886304722306,0.8846742019171827
Long Beach|Pre,Long Beach,Pre,4,Discharge_Growth,Discharge,Growth,0.1405040482081426,26,0.4935925129004052,0.8846742019171827
Twin Harbors|Rec,Twin Harbors,Rec,1,Max_Spawn,Max,Spawn,0.16708869519692574,19,0.49415913810821377,0.8846742019171827
Twin Harbors|Rec,Twin Harbors,Rec,0,Max_Spawn,Max,Spawn,0.1616089454792011,20,0.49606352335521187,0.8846742019171827
Kalaloch|Rec,Kalaloch,Rec,5,BEUTI_Larval,BEUTI,Larval,-0.13656615392775442,27,0.49698993552235216,0.8846742019171827
Mocrocks|Pre,Mocrocks,Pre,4,Max_Growth,Max,Growth,0.1391342072384133,26,0.49785708753936586,0.8846742019171827
Twin Harbors|Rec,Twin Harbors,Rec,0,BEUTI_Settle,BEUTI,Settle,0.160552928101266,20,0.4989203169128814,0.8846742019171827
Kalaloch|Rec,Kalaloch,Rec,5,BEUTI_Settle,BEUTI,Settle,-0.1377699852417342,26,0.5021223305355289,0.8846742019171827
Copalis|Rec,Copalis,Rec,5,Max_Larval,Max,Larval,0.1319683042697212,28,0.5032337713986725,0.8846742019171827
Copalis|Rec,Copalis,Rec,2,Max_Settle,Max,Settle,0.13426684485984658,27,0.5043304910125677,0.8846742019171827
Long Beach|Pre,Long Beach,Pre,3,Discharge_Spring,Discharge,Spring,0.13362487057917188,27,0.5063895342339862,0.8846742019171827
Twin Harbors|Pre,Twin Harbors,Pre,2,BEUTI_Spawn,BEUTI,Spawn,-0.1670895048277578,18,0.5075282345759573,0.8846742019171827
Twin Harbors|Pre,Twin Harbors,Pre,5,BEUTI_Spawn,BEUTI,Spawn,0.18569428686113748,15,0.5075874942301593,0.8846742019171827
Mocrocks|Pre,Mocrocks,Pre,1,Max_Settle,Max,Settle,-0.13324854872053818,27,0.5075984600317299,0.8846742019171827
Long Beach|Pre,Long Beach,Pre,4,Discharge_Spring,Discharge,Spring,0.13283430627694418,27,0.5089308469937062,0.8846742019171827
Mocrocks|Pre,Mocrocks,Pre,0,Max_Growth,Max,Growth,0.13273044705250403,27,0.5092651736497815,0.8846742019171827
Copalis|Pre,Copalis,Pre,3,BEUTI_Settle,BEUTI,Settle,0.13262546614493245,27,0.5096032207199341,0.8846742019171827
Mocrocks|Pre,Mocrocks,Pre,4,Max_Spring,Max,Spring,0.13809946893791555,25,0.5103375872196454,0.8846742019171827
Long Beach|Rec,Long Beach,Rec,5,Max_Spawn,Max,Spawn,-0.13221953646826426,27,0.5109113838078473,0.8846742019171827
Copalis|Pre,Copalis,Pre,4,BEUTI_Growth,BEUTI,Growth,0.13455016065088102,26,0.5122603576224984,0.8846742019171827
Kalaloch|Rec,Kalaloch,Rec,2,Max_Spawn,Max,Spawn,0.12898086169011622,28,0.5130301595594804,0.8846742019171827
Copalis|Pre,Copalis,Pre,0,Discharge_Settle,Discharge,Settle,-0.13145685834406962,27,0.513373662150118,0.8846742019171827
Twin Harbors|Pre,Twin Harbors,Pre,3,Discharge_Growth,Discharge,Growth,-0.16454277470613698,18,0.5141115298120411,0.8846742019171827
Kalaloch|Pre,Kalaloch,Pre,1,Max_Spring,Max,Spring,0.13606037764308768,25,0.5166619525511771,0.8846742019171827
Long Beach|Rec,Long Beach,Rec,1,Max_Settle,Max,Settle,0.13300873523725085,26,0.5171488246867965,0.8846742019171827
Copalis|Rec,Copalis,Rec,1,Max_Spring,Max,Spring,-0.1356357943762567,25,0.5179835717575783,0.8846742019171827
Twin Harbors|Rec,Twin Harbors,Rec,2,BEUTI_Growth,BEUTI,Growth,0.15792524847189632,19,0.5184616385522031,0.8846742019171827
Mocrocks|Pre,Mocrocks,Pre,3,BEUTI_Larval,BEUTI,Larval,0.1271945437956278,28,0.5189321394665383,0.8846742019171827
Kalaloch|Rec,Kalaloch,Rec,1,Max_Spawn,Max,Spawn,-0.12714214628138962,28,0.519105757088665,0.8846742019171827
Mocrocks|Pre,Mocrocks,Pre,3,BEUTI_Settle,BEUTI,Settle,0.12950399642156718,27,0.5197047231841067,0.8846742019171827
Twin Harbors|Rec,Twin Harbors,Rec,0,Discharge_Settle,Discharge,Settle,-0.15285205775028898,20,0.5199918364602107,0.8846742019171827
Kalaloch|Pre,Kalaloch,Pre,5,Max_Growth,Max,Growth,0.13147058919107157,26,0.5220493180701098,0.8861066389412535
Kalaloch|Pre,Kalaloch,Pre,3,Max_Settle,Max,Settle,-0.13084566130903205,26,0.5240466837578119,0.8861066389412535
Long Beach|Pre,Long Beach,Pre,0,Max_Larval,Max,Larval,-0.12796230319363278,27,0.5247293521966625,0.8861066389412535
Long Beach|Pre,Long Beach,Pre,5,BEUTI_Spawn,BEUTI,Spawn,-0.12753484380635008,27,0.5261266333319294,0.8861066389412535
Long Beach|Pre,Long Beach,Pre,3,Max_Spawn,Max,Spawn,-0.12690831139545267,27,0.5281778644416828,0.8861066389412535
Long Beach|Rec,Long Beach,Rec,3,Max_Growth,Max,Growth,-0.1295089545490118,26,0.5283312734655599,0.8861066389412535
Copalis|Rec,Copalis,Rec,4,Discharge_Settle,Discharge,Settle,-0.12656660799010072,27,0.5292981907612737,0.8861066389412535
Mocrocks|Rec,Mocrocks,Rec,0,Discharge_Settle,Discharge,Settle,-0.126548936614074,27,0.5293561598739013,0.8861066389412535
Kalaloch|Rec,Kalaloch,Rec,3,BEUTI_Spring,BEUTI,Spring,0.1317916341179621,25,0.5300232097455946,0.8861066389412535
Twin Harbors|Pre,Twin Harbors,Pre,3,Max_Larval,Max,Larval,-0.16282692192496276,17,0.5323614847782516,0.8861066389412535
Kalaloch|Pre,Kalaloch,Pre,1,Discharge_Spring,Discharge,Spring,-0.1307720991330338,25,0.5332384151309649,0.8861066389412535
Copalis|Pre,Copalis,Pre,3,Discharge_Growth,Discharge,Growth,-0.12796713774490429,26,0.5332939535001223,0.8861066389412535
Copalis|Pre,Copalis,Pre,3,Max_Spring,Max,Spring,-0.13064714282661324,25,0.533633109229066,0.8861066389412535
Long Beach|Rec,Long Beach,Rec,1,Max_Spring,Max,Spring,-0.12425035329349773,27,0.5369221524210053,0.8889434052751485
Kalaloch|Rec,Kalaloch,Rec,3,Max_Spring,Max,Spring,0.12913379623203533,25,0.5384241572549826,0.8889434052751485
Mocrocks|Pre,Mocrocks,Pre,1,Discharge_Spawn,Discharge,Spawn,0.12133656286347905,28,0.5385154423780232,0.8889434052751485
Kalaloch|Rec,Kalaloch,Rec,4,Discharge_Settle,Discharge,Settle,0.12564016030928268,26,0.5408253499741724,0.8889434052751485
Copalis|Rec,Copalis,Rec,4,Max_Spring,Max,Spring,0.1279528981488241,25,0.5421766450269527,0.8889434052751485
Kalaloch|Pre,Kalaloch,Pre,0,Max_Spring,Max,Spring,-0.12754727494368923,25,0.5434683774581617,0.8889434052751485
Mocrocks|Rec,Mocrocks,Rec,2,Max_Growth,Max,Growth,0.12432922385426542,26,0.5450900565477698,0.8889434052751485
Copalis|Rec,Copalis,Rec,2,Max_Larval,Max,Larval,0.11925121580619369,28,0.5455699029530428,0.8889434052751485
Kalaloch|Pre,Kalaloch,Pre,5,BEUTI_Larval,BEUTI,Larval,0.12127445051774148,27,0.546792742201513,0.8889434052751485
Kalaloch|Rec,Kalaloch,Rec,5,Max_Settle,Max,Settle,-0.12349974519137623,26,0.5477965411906522,0.8889434052751485
Twin Harbors|Rec,Twin Harbors,Rec,4,BEUTI_Spring,BEUTI,Spring,0.16241578829809647,16,0.547855670061538,0.8889434052751485
Long Beach|Pre,Long Beach,Pre,5,Discharge_Growth,Discharge,Growth,0.12333715719708382,26,0.5483277731638039,0.8889434052751485
Mocrocks|Rec,Mocrocks,Rec,4,Discharge_Spawn,Discharge,Spawn,0.1183075717248866,28,0.5487762390123072,0.8889434052751485
Twin Harbors|Rec,Twin Harbors,Rec,4,BEUTI_Growth,BEUTI,Growth,0.1560417703333931,17,0.5498044424033341,0.8889434052751485
Mocrocks|Rec,Mocrocks,Rec,4,Max_Larval,Max,Larval,-0.11764430104861881,28,0.5510351399915339,0.8889434052751485
Long Beach|Rec,Long Beach,Rec,3,Max_Spawn,Max,Spawn,-0.1199702664281789,27,0.5511449112705921,0.8889434052751485
Twin Harbors|Rec,Twin Harbors,Rec,1,BEUTI_Spring,BEUTI,Spring,0.14515306880282405,19,0.553242786482808,0.8892776873328523
Mocrocks|Rec,Mocrocks,Rec,4,Max_Spawn,Max,Spawn,-0.11697224554793781,28,0.5533283387848859,0.8892776873328523
Kalaloch|Rec,Kalaloch,Rec,2,Discharge_Spawn,Discharge,Spawn,0.11553393095089869,28,0.5582509110178038,0.8907231619486607
Kalaloch|Pre,Kalaloch,Pre,4,BEUTI_Spawn,BEUTI,Spawn,0.11544308303825213,28,0.558562505508424,0.8907231619486607
Long Beach|Pre,Long Beach,Pre,4,Discharge_Larval,Discharge,Larval,0.11770671729516151,27,0.5587362825567644,0.8907231619486607
Mocrocks|Pre,Mocrocks,Pre,0,Discharge_Growth,Discharge,Growth,0.11747671114231155,27,0.5595103242397135,0.8907231619486607
Mocrocks|Pre,Mocrocks,Pre,2,Discharge_Settle,Discharge,Settle,-0.11735146497977292,27,0.5599320214561379,0.8907231619486607
Long Beach|Pre,Long Beach,Pre,0,BEUTI_Spawn,BEUTI,Spawn,0.1171356927745883,27,0.5606588540894755,0.8907231619486607
Kalaloch|Pre,Kalaloch,Pre,5,BEUTI_Spawn,BEUTI,Spawn,-0.11468794338550067,28,0.5611555920276563,0.8907231619486607
Long Beach|Pre,Long Beach,Pre,2,Max_Spawn,Max,Spawn,-0.11628759034997824,27,0.5635198497120304,0.892901170318358
Copalis|Pre,Copalis,Pre,5,Max_Growth,Max,Growth,-0.1174420600615579,26,0.5677481566946154,0.8969917777643426
Kalaloch|Pre,Kalaloch,Pre,3,Discharge_Settle,Discharge,Settle,0.1170506083597311,26,0.5690485489600934,0.8969917777643426
Long Beach|Pre,Long Beach,Pre,4,BEUTI_Growth,BEUTI,Growth,0.11703770082490117,26,0.5690914501149329,0.8969917777643426
Kalaloch|Pre,Kalaloch,Pre,3,Discharge_Spawn,Discharge,Spawn,0.1119314466506239,28,0.5706673844197123,0.8974074441427654
Copalis|Rec,Copalis,Rec,3,Max_Larval,Max,Larval,0.1117345963642181,28,0.5713494061042272,0.8974074441427654
Copalis|Rec,Copalis,Rec,5,BEUTI_Spring,BEUTI,Spring,0.11825829105763817,25,0.5734340029873156,0.8978958444860564
Twin Harbors|Rec,Twin Harbors,Rec,4,Discharge_Spring,Discharge,Spring,0.1520074770711607,16,0.5741223739025674,0.8978958444860564
Mocrocks|Rec,Mocrocks,Rec,2,BEUTI_Spring,BEUTI,Spring,-0.11788499085698238,25,0.5746533404710761,0.8978958444860564
Twin Harbors|Rec,Twin Harbors,Rec,4,Discharge_Settle,Discharge,Settle,-0.14963811586944456,16,0.580174756715319,0.9010062419583064
Copalis|Pre,Copalis,Pre,1,Discharge_Spawn,Discharge,Spawn,-0.1088423333023883,28,0.5814119445612608,0.9010062419583064
Long Beach|Pre,Long Beach,Pre,1,BEUTI_Growth,BEUTI,Growth,0.11331161488314555,26,0.5815359299219969,0.9010062419583064
Long Beach|Pre,Long Beach,Pre,4,Max_Spring,Max,Spring,0.11067632541424853,27,0.5826132460655178,0.9010062419583064
Copalis|Pre,Copalis,Pre,1,Max_Growth,Max,Growth,0.11066834532355717,27,0.5826406003467681,0.9010062419583064
Twin Harbors|Pre,Twin Harbors,Pre,3,Max_Spawn,Max,Spawn,-0.14351581384358975,17,0.5826507031330381,0.9010062419583064
Copalis|Pre,Copalis,Pre,4,BEUTI_Spring,BEUTI,Spring,0.11301548683424557,25,0.5906626923644901,0.9115662621349204
Mocrocks|Pre,Mocrocks,Pre,0,Discharge_Settle,Discharge,Settle,0.1080507588389187,27,0.5916433815006261,0.9115662621349204
Mocrocks|Rec,Mocrocks,Rec,5,Discharge_Spawn,Discharge,Spawn,0.10567555577470698,28,0.5925180703876982,0.9115662621349204
Mocrocks|Pre,Mocrocks,Pre,3,Max_Settle,Max,Settle,-0.10738885016677954,27,0.5939293735284198,0.912178218729655
Mocrocks|Rec,Mocrocks,Rec,1,BEUTI_Growth,BEUTI,Growth,0.10696267608857085,27,0.5954032275680831,0.9128839945677594
Mocrocks|Pre,Mocrocks,Pre,0,Max_Settle,Max,Settle,0.10625843670571532,27,0.5978421507276062,0.9139361598742547
Long Beach|Pre,Long Beach,Pre,4,Max_Settle,Max,Settle,-0.10832422097610923,26,0.5983765700680976,0.9139361598742547
Long Beach|Rec,Long Beach,Rec,2,BEUTI_Growth,BEUTI,Growth,0.1074131122033215,26,0.6014752795265041,0.9139361598742547
Copalis|Rec,Copalis,Rec,1,Max_Growth,Max,Growth,0.10518607284348504,27,0.6015641178027975,0.9139361598742547
Kalaloch|Rec,Kalaloch,Rec,4,Discharge_Spawn,Discharge,Spawn,0.10303895066156407,28,0.6018340267309013,0.9139361598742547
Copalis|Pre,Copalis,Pre,0,Discharge_Growth,Discharge,Growth,-0.10452325862169685,27,0.603869511368994,0.9139361598742547
Kalaloch|Pre,Kalaloch,Pre,1,BEUTI_Spawn,BEUTI,Spawn,0.10157478400344312,28,0.6070340661601688,0.9139361598742547
Mocrocks|Rec,Mocrocks,Rec,2,Discharge_Growth,Discharge,Growth,0.10577500842844044,26,0.6070634872322143,0.9139361598742547
Kalaloch|Pre,Kalaloch,Pre,5,Max_Spring,Max,Spring,-0.10763386563503978,25,0.6085747550676779,0.9139361598742547
Kalaloch|Rec,Kalaloch,Rec,4,BEUTI_Spring,BEUTI,Spring,-0.10738137052609935,25,0.6094206683459651,0.9139361598742547
Copalis|Rec,Copalis,Rec,3,Discharge_Spawn,Discharge,Spawn,0.10079952646073859,28,0.6097950415600135,0.9139361598742547
Kalaloch|Rec,Kalaloch,Rec,2,Discharge_Growth,Discharge,Growth,0.10486181660696976,26,0.6101881257908093,0.9139361598742547
Twin Harbors|Rec,Twin Harbors,Rec,0,BEUTI_Growth,BEUTI,Growth,0.11741574598480681,21,0.6122402407668881,0.9139361598742547
Kalaloch|Rec,Kalaloch,Rec,0,Discharge_Settle,Discharge,Settle,-0.10418334397988704,26,0.6125139500280041,0.9139361598742547
Long Beach|Rec,Long Beach,Rec,2,Max_Spawn,Max,Spawn,0.10194156195751013,27,0.6128844101036233,0.9139361598742547
Twin Harbors|Rec,Twin Harbors,Rec,2,Max_Spring,Max,Spring,-0.12766390805801311,18,0.6136841524461292,0.9139361598742547
Long Beach|Pre,Long Beach,Pre,2,Discharge_Settle,Discharge,Settle,-0.10369840023145509,26,0.6141785951827478,0.9139361598742547
Copalis|Pre,Copalis,Pre,5,Max_Spring,Max,Spring,0.10590748655495368,25,0.6143681963599157,0.9139361598742547
Copalis|Pre,Copalis,Pre,3,BEUTI_Spawn,BEUTI,Spawn,0.09882742615295793,28,0.6168419406782004,0.9144085102737367
Copalis|Pre,Copalis,Pre,5,BEUTI_Larval,BEUTI,Larval,0.0986006584941627,28,0.6176543975401814,0.9144085102737367
Copalis|Pre,Copalis,Pre,3,Discharge_Settle,Discharge,Settle,-0.10051794660720324,27,0.6178791910142493,0.9144085102737367
Mocrocks|Rec,Mocrocks,Rec,3,Max_Spawn,Max,Spawn,-0.09829512279163184,28,0.6187497586185619,0.9144085102737367
Twin Harbors|Rec,Twin Harbors,Rec,3,Discharge_Growth,Discharge,Growth,0.1250509005945905,18,0.6210196227848814,0.9162584598465464
Twin Harbors|Pre,Twin Harbors,Pre,2,BEUTI_Spring,BEUTI,Spring,0.12453074043678948,18,0.622483959725521,0.916915816289638
Long Beach|Pre,Long Beach,Pre,3,Max_Larval,Max,Larval,-0.09854262349472573,27,0.624837162680467,0.9188781804124515
Kalaloch|Rec,Kalaloch,Rec,3,BEUTI_Larval,BEUTI,Larval,0.09808369496141149,27,0.6264582459793233,0.9197592518456622
Long Beach|Rec,Long Beach,Rec,2,Discharge_Settle,Discharge,Settle,0.09871688909252548,26,0.631385023947356,0.9224641648350902
Twin Harbors|Rec,Twin Harbors,Rec,1,Discharge_Growth,Discharge,Growth,0.1141989455966596,20,0.6316525062494102,0.9224641648350902
Copalis|Rec,Copalis,Rec,4,Max_Spawn,Max,Spawn,-0.09458997628669114,28,0.6320957945686969,0.9224641648350902
Mocrocks|Pre,Mocrocks,Pre,3,Discharge_Spring,Discharge,Spring,0.09954381502686312,25,0.6359160434096018,0.9224641648350902
Twin Harbors|Pre,Twin Harbors,Pre,4,BEUTI_Spring,BEUTI,Spring,-0.12824462008351512,16,0.6359781101032622,0.9224641648350902
Long Beach|Pre,Long Beach,Pre,1,Discharge_Spawn,Discharge,Spawn,-0.09493555690568513,27,0.6376238560395885,0.9224641648350902
Mocrocks|Pre,Mocrocks,Pre,4,BEUTI_Settle,BEUTI,Settle,0.09445481913701274,27,0.6393357973692695,0.9224641648350902
Twin Harbors|Rec,Twin Harbors,Rec,3,BEUTI_Larval,BEUTI,Larval,0.12229121306217157,17,0.640088537030929,0.9224641648350902
Mocrocks|Pre,Mocrocks,Pre,0,BEUTI_Spring,BEUTI,Spring,-0.09788866360095921,25,0.6415688768539864,0.9224641648350902
Twin Harbors|Pre,Twin Harbors,Pre,3,Discharge_Larval,Discharge,Larval,0.12164105234515037,17,0.6418810612184,0.9224641648350902
Copalis|Pre,Copalis,Pre,5,BEUTI_Spring,BEUTI,Spring,-0.09737776550381719,25,0.6433176869919972,0.9224641648350902
Copalis|Pre,Copalis,Pre,5,Max_Settle,Max,Settle,-0.09249437777662911,27,0.6463356774488289,0.9224641648350902
Kalaloch|Rec,Kalaloch,Rec,4,BEUTI_Settle,BEUTI,Settle,-0.09431555139171571,26,0.6467450192941024,0.9224641648350902
Twin Harbors|Pre,Twin Harbors,Pre,1,BEUTI_Settle,BEUTI,Settle,-0.11239327436857005,19,0.6468751151242789,0.9224641648350902
Kalaloch|Rec,Kalaloch,Rec,4,Discharge_Growth,Discharge,Growth,0.09359474400105504,26,0.6492742211723956,0.9224641648350902
Twin Harbors|Pre,Twin Harbors,Pre,5,Max_Spawn,Max,Spawn,0.12802765683691608,15,0.6493170095409867,0.9224641648350902
Copalis|Rec,Copalis,Rec,3,Discharge_Larval,Discharge,Larval,-0.08981252829564912,28,0.6494716704060052,0.9224641648350902
Kalaloch|Pre,Kalaloch,Pre,5,Max_Larval,Max,Larval,0.09153646944133198,27,0.6497667129864043,0.9224641648350902
Twin Harbors|Pre,Twin Harbors,Pre,0,Discharge_Spring,Discharge,Spring,-0.10735510421852215,20,0.652350899753998,0.9224641648350902
Mocrocks|Pre,Mocrocks,Pre,3,BEUTI_Spawn,BEUTI,Spawn,0.08885715700955357,28,0.6529684245213375,0.9224641648350902
Kalaloch|Rec,Kalaloch,Rec,2,BEUTI_Spawn,BEUTI,Spawn,0.0884916959178496,28,0.6543079528401288,0.9224641648350902
Kalaloch|Rec,Kalaloch,Rec,3,Max_Settle,Max,Settle,-0.09188196014869694,26,0.6552992731440543,0.9224641648350902
Mocrocks|Pre,Mocrocks,Pre,5,Max_Larval,Max,Larval,0.08810286669848671,28,0.6557342835168583,0.9224641648350902
Copalis|Pre,Copalis,Pre,3,Max_Growth,Max,Growth,0.09153485858063902,26,0.6565228494600455,0.9224641648350902
Long Beach|Rec,Long Beach,Rec,2,Max_Larval,Max,Larval,0.08965356512577485,27,0.6565312011626827,0.9224641648350902
Mocrocks|Pre,Mocrocks,Pre,0,Max_Spring,Max,Spring,-0.09344210416760844,25,0.656850772454258,0.9224641648350902
Kalaloch|Rec,Kalaloch,Rec,1,Max_Settle,Max,Settle,0.09143060782208517,26,0.6568905149922248,0.9224641648350902
Twin Harbors|Rec,Twin Harbors,Rec,1,Discharge_Larval,Discharge,Larval,0.10896767445156856,19,0.6569994773992143,0.9224641648350902
Mocrocks|Pre,Mocrocks,Pre,1,Discharge_Larval,Discharge,Larval,0.08648721409250743,28,0.6616735484866773,0.9275797408691737
Mocrocks|Pre,Mocrocks,Pre,3,Discharge_Settle,Discharge,Settle,-0.08751797173876227,27,0.6642355779860825,0.927911310064586
Kalaloch|Pre,Kalaloch,Pre,1,Max_Spawn,Max,Spawn,0.0856285954346244,28,0.6648380976635344,0.927911310064586
Twin Harbors|Pre,Twin Harbors,Pre,1,BEUTI_Spring,BEUTI,Spring,-0.10592721682449015,19,0.666033792445287,0.927911310064586
Twin Harbors|Pre,Twin Harbors,Pre,1,Max_Settle,Max,Settle,0.10592710749242856,19,0.666034118113025,0.927911310064586
Long Beach|Pre,Long Beach,Pre,5,Discharge_Spawn,Discharge,Spawn,-0.08615097052132822,27,0.6691847782089027,0.9286080337255828
Kalaloch|Pre,Kalaloch,Pre,4,Max_Larval,Max,Larval,0.08568447200528707,27,0.6708768308890245,0.9286080337255828
Mocrocks|Pre,Mocrocks,Pre,2,Max_Growth,Max,Growth,-0.08711417216219745,26,0.6721808524079927,0.9286080337255828
Long Beach|Pre,Long Beach,Pre,1,Max_Spring,Max,Spring,-0.08526234885211852,27,0.6724092795779436,0.9286080337255828
Twin Harbors|Rec,Twin Harbors,Rec,0,BEUTI_Spawn,BEUTI,Spawn,-0.09980126425081702,20,0.6754835474743097,0.9286080337255828
Twin Harbors|Pre,Twin Harbors,Pre,4,BEUTI_Larval,BEUTI,Larval,0.11334811975380088,16,0.6759721336374307,0.9286080337255828
Copalis|Pre,Copalis,Pre,5,Max_Spawn,Max,Spawn,-0.08261682872226457,28,0.6759825473038359,0.9286080337255828
Copalis|Pre,Copalis,Pre,2,BEUTI_Growth,BEUTI,Growth,0.08602703647699525,26,0.6760522584785851,0.9286080337255828
Mocrocks|Pre,Mocrocks,Pre,0,BEUTI_Spawn,BEUTI,Spawn,-0.08257864050852425,28,0.6761242911670393,0.9286080337255828
Kalaloch|Rec,Kalaloch,Rec,5,Max_Larval,Max,Larval,0.08404053004361113,27,0.6768520779155358,0.9286080337255828
Twin Harbors|Pre,Twin Harbors,Pre,2,Discharge_Spawn,Discharge,Spawn,-0.10422939648747741,18,0.6806432974313186,0.93152232526951
Twin Harbors|Pre,Twin Harbors,Pre,0,Discharge_Spawn,Discharge,Spawn,0.09799868057338577,20,0.6810463222525973,0.93152232526951
Mocrocks|Pre,Mocrocks,Pre,0,BEUTI_Larval,BEUTI,Larval,0.08090445107908789,28,0.6823489671335472,0.9318878155086381
Copalis|Pre,Copalis,Pre,5,BEUTI_Spawn,BEUTI,Spawn,0.07990177089868981,28,0.6860867471857335,0.9347276195049715
Twin Harbors|Pre,Twin Harbors,Pre,4,Discharge_Spring,Discharge,Spring,0.10920444072564944,16,0.6872485493404392,0.9347276195049715
Twin Harbors|Rec,Twin Harbors,Rec,0,BEUTI_Larval,BEUTI,Larval,-0.09589960354765585,20,0.6875440934581013,0.9347276195049715
Kalaloch|Pre,Kalaloch,Pre,2,Max_Larval,Max,Larval,0.07990105382185211,27,0.6919819732342689,0.9363131074410401
Twin Harbors|Pre,Twin Harbors,Pre,4,Discharge_Growth,Discharge,Growth,0.10336133564528106,17,0.693013625187402,0.9363131074410401
Twin Harbors|Rec,Twin Harbors,Rec,1,Max_Settle,Max,Settle,0.09688441933927207,19,0.6931605058674248,0.9363131074410401
Twin Harbors|Pre,Twin Harbors,Pre,2,Max_Settle,Max,Settle,-0.09970236427992052,18,0.693863998798127,0.9363131074410401
Mocrocks|Pre,Mocrocks,Pre,5,Max_Spawn,Max,Spawn,0.0778088244445475,28,0.6939120474035264,0.9363131074410401
Mocrocks|Pre,Mocrocks,Pre,0,Discharge_Spring,Discharge,Spring,0.0820482228032102,25,0.6966128622582757,0.9372439459234239
Twin Harbors|Pre,Twin Harbors,Pre,4,BEUTI_Growth,BEUTI,Growth,-0.10106949332680194,17,0.6995192269616746,0.9372439459234239
Copalis|Rec,Copalis,Rec,5,Max_Spring,Max,Spring,0.0810319427094674,25,0.700199418385948,0.9372439459234239
Copalis|Rec,Copalis,Rec,2,Max_Spring,Max,Spring,0.08036406611243571,25,0.7025598300253902,0.9372439459234239
Twin Harbors|Pre,Twin Harbors,Pre,4,Max_Settle,Max,Settle,-0.10332120034540303,16,0.7033651737804822,0.9372439459234239
Long Beach|Rec,Long Beach,Rec,5,BEUTI_Spring,BEUTI,Spring,-0.07678160211865649,27,0.703460765089378,0.9372439459234239
Kalaloch|Rec,Kalaloch,Rec,1,BEUTI_Growth,BEUTI,Growth,-0.07677106644552935,27,0.703499643053584,0.9372439459234239
Copalis|Pre,Copalis,Pre,0,Max_Growth,Max,Growth,0.07671358925581029,27,0.7037117539504938,0.9372439459234239
Long Beach|Rec,Long Beach,Rec,3,Max_Settle,Max,Settle,-0.07784760232404997,26,0.7054315921944232,0.9372439459234239
Mocrocks|Pre,Mocrocks,Pre,5,BEUTI_Larval,BEUTI,Larval,0.07450433714891455,28,0.7063296514464278,0.9372439459234239
Copalis|Rec,Copalis,Rec,5,Max_Settle,Max,Settle,0.07544312733573731,27,0.7084057018330814,0.9372439459234239
Long Beach|Pre,Long Beach,Pre,2,Discharge_Growth,Discharge,Growth,-0.07676610705512484,26,0.7093482099765274,0.9372439459234239
Long Beach|Pre,Long Beach,Pre,2,Max_Growth,Max,Growth,-0.07654041644428206,26,0.7101664562568226,0.9372439459234239
Kalaloch|Rec,Kalaloch,Rec,2,BEUTI_Settle,BEUTI,Settle,-0.07619918135611994,26,0.7114042054330145,0.9372439459234239
Long Beach|Rec,Long Beach,Rec,3,Max_Larval,Max,Larval,-0.07459037323650608,27,0.71156220674037,0.9372439459234239
Mocrocks|Rec,Mocrocks,Rec,5,Max_Settle,Max,Settle,0.07421876840328154,27,0.712939174077018,0.9372439459234239
Kalaloch|Pre,Kalaloch,Pre,3,Max_Spawn,Max,Spawn,0.07169551414601369,28,0.7169429448769122,0.9372439459234239
Copalis|Rec,Copalis,Rec,2,Discharge_Growth,Discharge,Growth,-0.07458072192039124,26,0.7172844364875384,0.9372439459234239
Kalaloch|Rec,Kalaloch,Rec,2,Discharge_Settle,Discharge,Settle,0.0735321899756657,26,0.7211024033933743,0.9372439459234239
Twin Harbors|Rec,Twin Harbors,Rec,1,BEUTI_Growth,BEUTI,Growth,-0.08516007673772209,20,0.7211109732690038,0.9372439459234239
Twin Harbors|Rec,Twin Harbors,Rec,4,Discharge_Larval,Discharge,Larval,0.0967749535583592,16,0.7214379617300548,0.9372439459234239
Mocrocks|Rec,Mocrocks,Rec,3,Discharge_Growth,Discharge,Growth,-0.07343147122171961,26,0.7214694899264648,0.9372439459234239
Kalaloch|Pre,Kalaloch,Pre,0,BEUTI_Growth,BEUTI,Growth,0.07145605160312778,27,0.7232035987843655,0.9372439459234239
Mocrocks|Rec,Mocrocks,Rec,3,Discharge_Larval,Discharge,Larval,0.06980990105363616,28,0.7240969440701398,0.9372439459234239
Twin Harbors|Rec,Twin Harbors,Rec,0,Max_Growth,Max,Growth,-0.08181288136404809,21,0.7244270248359324,0.9372439459234239
Long Beach|Pre,Long Beach,Pre,3,Discharge_Settle,Discharge,Settle,0.07213139165665816,26,0.7262132144840793,0.9372439459234239
Long Beach|Rec,Long Beach,Rec,4,Discharge_Growth,Discharge,Growth,0.07209241597565146,26,0.7263555816152478,0.9372439459234239
Copalis|Pre,Copalis,Pre,5,Discharge_Spawn,Discharge,Spawn,0.06916933770943162,28,0.7265324395607231,0.9372439459234239
Long Beach|Pre,Long Beach,Pre,4,Discharge_Settle,Discharge,Settle,0.07177705583263685,26,0.7275078279710527,0.9372439459234239
Kalaloch|Rec,Kalaloch,Rec,1,Max_Spring,Max,Spring,-0.07334013319814693,25,0.7275423143164211,0.9372439459234239
Kalaloch|Pre,Kalaloch,Pre,2,BEUTI_Growth,BEUTI,Growth,0.07137404125850655,26,0.7289811809165536,0.9372439459234239
Twin Harbors|Pre,Twin Harbors,Pre,2,BEUTI_Growth,BEUTI,Growth,-0.08505389007885818,19,0.7291922029920312,0.9372439459234239
Twin Harbors|Rec,Twin Harbors,Rec,2,Max_Spawn,Max,Spawn,-0.08759415461686632,18,0.7296312952806582,0.9372439459234239
Copalis|Pre,Copalis,Pre,1,Discharge_Growth,Discharge,Growth,0.06947934750503906,27,0.7305766302452328,0.9372439459234239
Twin Harbors|Pre,Twin Harbors,Pre,4,BEUTI_Settle,BEUTI,Settle,-0.09331379863242155,16,0.7310502778202705,0.9372439459234239
Twin Harbors|Pre,Twin Harbors,Pre,5,BEUTI_Growth,BEUTI,Growth,0.09045687869339263,16,0.7390129372608363,0.945128180141103
Long Beach|Pre,Long Beach,Pre,4,Discharge_Spawn,Discharge,Spawn,0.06714860862969059,27,0.7393002653548184,0.945128180141103
Mocrocks|Rec,Mocrocks,Rec,5,Max_Spawn,Max,Spawn,-0.06535119537157871,28,0.7411027253341815,0.9454211882777558
Long Beach|Pre,Long Beach,Pre,5,Discharge_Spring,Discharge,Spring,0.06605057975645356,27,0.7434210476815133,0.9454211882777558
Twin Harbors|Pre,Twin Harbors,Pre,4,Discharge_Settle,Discharge,Settle,0.08860951786515751,16,0.7441751264260489,0.9454211882777558
Kalaloch|Pre,Kalaloch,Pre,5,Max_Settle,Max,Settle,-0.06668485269933448,26,0.7461917237695357,0.9454211882777558
Copalis|Rec,Copalis,Rec,0,Max_Spawn,Max,Spawn,-0.06398382930220899,28,0.7463423016431436,0.9454211882777558
Kalaloch|Rec,Kalaloch,Rec,0,Max_Growth,Max,Growth,-0.06513464222392626,27,0.7468637514452385,0.9454211882777558
Mocrocks|Pre,Mocrocks,Pre,3,Discharge_Larval,Discharge,Larval,-0.0633530776518458,28,0.7487630035327726,0.9454211882777558
Mocrocks|Rec,Mocrocks,Rec,5,Discharge_Settle,Discharge,Settle,-0.06462785477654265,27,0.7487706403880023,0.9454211882777558
Mocrocks|Rec,Mocrocks,Rec,3,Max_Spring,Max,Spring,0.06737241492568612,25,0.7489836747133776,0.9454211882777558
Twin Harbors|Rec,Twin Harbors,Rec,1,Max_Growth,Max,Growth,-0.07592741905203183,20,0.7503686004827719,0.9458427737177797
Copalis|Rec,Copalis,Rec,2,BEUTI_Spring,BEUTI,Spring,0.06650398971190362,25,0.7521194043433328,0.9460938304372827
Kalaloch|Pre,Kalaloch,Pre,2,Max_Spring,Max,Spring,0.06635155828013471,25,0.752670202881216,0.9460938304372827
Mocrocks|Rec,Mocrocks,Rec,3,Max_Settle,Max,Settle,0.0631434322607879,27,0.7543643419372734,0.9463598776261986
Kalaloch|Rec,Kalaloch,Rec,1,Discharge_Spring,Discharge,Spring,-0.06571133437618835,25,0.7549848801506784,0.9463598776261986
Long Beach|Rec,Long Beach,Rec,5,Discharge_Settle,Discharge,Settle,0.06371134305198801,26,0.7571675917047813,0.9477758449712144
Mocrocks|Pre,Mocrocks,Pre,2,Discharge_Larval,Discharge,Larval,-0.06024990350411744,28,0.7607059363919795,0.9508824204899744
Mocrocks|Rec,Mocrocks,Rec,4,Discharge_Settle,Discharge,Settle,-0.06064516357619154,27,0.7638057173337308,0.9518568578872704
Copalis|Pre,Copalis,Pre,4,Max_Settle,Max,Settle,0.06052072035135231,27,0.7642768844193655,0.9518568578872704
Mocrocks|Rec,Mocrocks,Rec,4,Max_Spring,Max,Spring,0.06304178825803054,25,0.7646583425027739,0.9518568578872704
Mocrocks|Pre,Mocrocks,Pre,1,BEUTI_Spring,BEUTI,Spring,-0.06272523042896633,25,0.765807739380064,0.9519709467431735
Long Beach|Pre,Long Beach,Pre,5,BEUTI_Settle,BEUTI,Settle,-0.061079445230460425,26,0.766920959121133,0.9520398113227858
Copalis|Rec,Copalis,Rec,4,Discharge_Larval,Discharge,Larval,0.058087695109386446,28,0.769059469700135,0.9526990519644143
Twin Harbors|Rec,Twin Harbors,Rec,3,Max_Larval,Max,Larval,0.07609286027748159,17,0.7716156859898471,0.9526990519644143
Long Beach|Rec,Long Beach,Rec,2,Max_Settle,Max,Settle,0.05967854817083065,26,0.7721266784215075,0.9526990519644143
Long Beach|Rec,Long Beach,Rec,5,Discharge_Growth,Discharge,Growth,0.059670830360116535,26,0.7721553845597117,0.9526990519644143
Long Beach|Pre,Long Beach,Pre,5,BEUTI_Larval,BEUTI,Larval,0.05828784136158842,27,0.7727447865933582,0.9526990519644143
Twin Harbors|Pre,Twin Harbors,Pre,1,Max_Larval,Max,Larval,-0.07017370057753991,19,0.7752872041571868,0.953848794017451
Twin Harbors|Rec,Twin Harbors,Rec,5,Max_Larval,Max,Larval,-0.08030795300864683,15,0.7760216571041659,0.953848794017451
Copalis|Pre,Copalis,Pre,0,Max_Larval,Max,Larval,0.056075328873910625,28,0.7768568511275463,0.953848794017451
Copalis|Pre,Copalis,Pre,3,BEUTI_Growth,BEUTI,Growth,-0.05798016669779149,26,0.7784507251038911,0.9545036138876049
Twin Harbors|Rec,Twin Harbors,Rec,3,Discharge_Settle,Discharge,Settle,-0.07328511743372361,17,0.7798441126689925,0.9549111583701949
Mocrocks|Pre,Mocrocks,Pre,2,Discharge_Spawn,Discharge,Spawn,-0.053979545003562286,28,0.7849999929784661,0.957245596280568
Mocrocks|Rec,Mocrocks,Rec,1,Discharge_Spring,Discharge,Spring,0.05727592038217223,25,0.7856672971831196,0.957245596280568
Long Beach|Pre,Long Beach,Pre,2,Discharge_Larval,Discharge,Larval,-0.054882480415620515,27,0.785707915150471,0.957245596280568
Copalis|Pre,Copalis,Pre,1,Discharge_Spring,Discharge,Spring,-0.05694397809518666,25,0.7868813851506677,0.957245596280568
Mocrocks|Rec,Mocrocks,Rec,2,BEUTI_Spawn,BEUTI,Spawn,0.05336573937820487,28,0.7873891668694257,0.957245596280568
Mocrocks|Pre,Mocrocks,Pre,2,Max_Spring,Max,Spring,-0.056602130464966156,25,0.7881322076043344,0.957245596280568
Twin Harbors|Rec,Twin Harbors,Rec,3,BEUTI_Spawn,BEUTI,Spawn,-0.06936219597201514,17,0.791377635171302,0.9590399551491994
Twin Harbors|Rec,Twin Harbors,Rec,3,Discharge_Larval,Discharge,Larval,0.0691929981463994,17,0.7918760221478629,0.9590399551491994
Copalis|Pre,Copalis,Pre,4,Discharge_Settle,Discharge,Settle,0.053024008119382404,27,0.7928063629233382,0.9590399551491994
Copalis|Pre,Copalis,Pre,1,Discharge_Settle,Discharge,Settle,-0.051965059698009033,27,0.7968582817253393,0.9610295870198712
Mocrocks|Rec,Mocrocks,Rec,3,Max_Larval,Max,Larval,0.04980398666633394,28,0.8012894630153639,0.9610295870198712
Twin Harbors|Pre,Twin Harbors,Pre,5,Discharge_Spring,Discharge,Spring,-0.07100736034250181,15,0.8014518918988592,0.9610295870198712
Kalaloch|Rec,Kalaloch,Rec,5,Max_Spring,Max,Spring,-0.052040490032992645,25,0.8048709413903814,0.9610295870198712
Twin Harbors|Rec,Twin Harbors,Rec,3,Max_Spawn,Max,Spawn,-0.06456354607010385,17,0.8055414484279227,0.9610295870198712
Long Beach|Rec,Long Beach,Rec,5,BEUTI_Growth,BEUTI,Growth,0.05047170425962626,26,0.8065687610517651,0.9610295870198712
Mocrocks|Pre,Mocrocks,Pre,5,BEUTI_Growth,BEUTI,Growth,0.05010185798045723,26,0.8079601498297635,0.9610295870198712
Mocrocks|Pre,Mocrocks,Pre,1,BEUTI_Settle,BEUTI,Settle,0.04879887666454838,27,0.8090035399527037,0.9610295870198712
Mocrocks|Rec,Mocrocks,Rec,4,Discharge_Larval,Discharge,Larval,0.047407201850551056,28,0.8106770007077728,0.9610295870198712
Mocrocks|Pre,Mocrocks,Pre,5,BEUTI_Settle,BEUTI,Settle,0.04759704316939892,27,0.813625182300719,0.9610295870198712
Long Beach|Rec,Long Beach,Rec,4,Max_Larval,Max,Larval,-0.04759487901724111,27,0.8136335100774498,0.9610295870198712
Copalis|Rec,Copalis,Rec,1,BEUTI_Growth,BEUTI,Growth,-0.04714819921619722,27,0.8153527805351612,0.9610295870198712
Twin Harbors|Pre,Twin Harbors,Pre,2,Max_Growth,Max,Growth,0.05699623077229064,19,0.816722740689257,0.9610295870198712
Long Beach|Pre,Long Beach,Pre,2,BEUTI_Spring,BEUTI,Spring,0.04622854259094239,27,0.8188951591528429,0.9610295870198712
Long Beach|Rec,Long Beach,Rec,2,Max_Growth,Max,Growth,-0.04702214483529545,26,0.8195679636330404,0.9610295870198712
Kalaloch|Rec,Kalaloch,Rec,3,Max_Spawn,Max,Spawn,-0.04478472271764056,28,0.8209779108273101,0.9610295870198712
Kalaloch|Pre,Kalaloch,Pre,0,Discharge_Spring,Discharge,Spring,-0.04736982899319022,25,0.8220965742242463,0.9610295870198712
Long Beach|Pre,Long Beach,Pre,3,Discharge_Larval,Discharge,Larval,-0.045108858641347956,27,0.8232126945687878,0.9610295870198712
Long Beach|Pre,Long Beach,Pre,2,BEUTI_Settle,BEUTI,Settle,0.04587737143656708,26,0.8238923421894677,0.9610295870198712
Kalaloch|Rec,Kalaloch,Rec,4,BEUTI_Growth,BEUTI,Growth,0.04532878650404058,26,0.8259664033606287,0.9610295870198712
Kalaloch|Pre,Kalaloch,Pre,3,Max_Spring,Max,Spring,0.045986245153227065,25,0.8272150789231678,0.9610295870198712
Long Beach|Rec,Long Beach,Rec,5,Max_Spring,Max,Spring,0.0436504344470193,27,0.8288439454749564,0.9610295870198712
Kalaloch|Rec,Kalaloch,Rec,4,Max_Spring,Max,Spring,0.04551492937309394,25,0.8289602659050916,0.9610295870198712
Twin Harbors|Rec,Twin Harbors,Rec,2,Max_Growth,Max,Growth,0.05296250442273096,19,0.8295054557461201,0.9610295870198712
Long Beach|Rec,Long Beach,Rec,2,Discharge_Larval,Discharge,Larval,0.04345838725270585,27,0.8295860976188908,0.9610295870198712
Twin Harbors|Pre,Twin Harbors,Pre,3,BEUTI_Spawn,BEUTI,Spawn,-0.056254383042851845,17,0.8302003698668361,0.9610295870198712
Copalis|Rec,Copalis,Rec,3,Max_Settle,Max,Settle,0.04323923746497779,27,0.8304331600762633,0.9610295870198712
Kalaloch|Rec,Kalaloch,Rec,4,BEUTI_Spawn,BEUTI,Spawn,-0.04222261448322549,28,0.8310698368064533,0.9610295870198712
Long Beach|Pre,Long Beach,Pre,3,BEUTI_Spring,BEUTI,Spring,0.04287890632168671,27,0.8318263214310369,0.9610295870198712
Long Beach|Rec,Long Beach,Rec,5,Max_Larval,Max,Larval,-0.04269971809029546,27,0.832519308318502,0.9610295870198712
Copalis|Pre,Copalis,Pre,0,BEUTI_Growth,BEUTI,Growth,-0.04225238151021152,27,0.8342498558216194,0.9610295870198712
Twin Harbors|Pre,Twin Harbors,Pre,2,BEUTI_Settle,BEUTI,Settle,-0.05301174512358312,18,0.8345190514720368,0.9610295870198712
Mocrocks|Rec,Mocrocks,Rec,1,BEUTI_Spring,BEUTI,Spring,0.043956970678454554,25,0.834734636340047,0.9610295870198712
Twin Harbors|Rec,Twin Harbors,Rec,2,BEUTI_Larval,BEUTI,Larval,-0.05270748459659498,18,0.8354565226971609,0.9610295870198712
Mocrocks|Pre,Mocrocks,Pre,2,Max_Settle,Max,Settle,0.04166945799075467,27,0.8365060592659181,0.9610295870198712
Twin Harbors|Rec,Twin Harbors,Rec,4,Max_Spring,Max,Spring,-0.05603027614866117,16,0.8367115058221501,0.9610295870198712
Mocrocks|Pre,Mocrocks,Pre,1,Max_Spawn,Max,Spawn,0.040480678000072295,28,0.8379462784929517,0.9610295870198712
Long Beach|Pre,Long Beach,Pre,4,BEUTI_Settle,BEUTI,Settle,0.0419512626895287,26,0.8387605238111893,0.9610295870198712
Mocrocks|Pre,Mocrocks,Pre,1,Max_Growth,Max,Growth,-0.040867584809565205,27,0.8396117668431415,0.9610295870198712
Twin Harbors|Rec,Twin Harbors,Rec,1,BEUTI_Spawn,BEUTI,Spawn,0.049622803780925984,19,0.8401200968356813,0.9610295870198712
Mocrocks|Pre,Mocrocks,Pre,1,Discharge_Spring,Discharge,Spring,0.042376812656875845,25,0.8405997895476841,0.9610295870198712
Mocrocks|Pre,Mocrocks,Pre,3,Discharge_Spawn,Discharge,Spawn,0.03964061181168934,28,0.841266710472064,0.9610295870198712
Mocrocks|Pre,Mocrocks,Pre,0,BEUTI_Growth,BEUTI,Growth,0.04042603286936819,27,0.8413229308276562,0.9610295870198712
Mocrocks|Rec,Mocrocks,Rec,2,Max_Spring,Max,Spring,-0.04215203309838713,25,0.8414347939685094,0.9610295870198712
Long Beach|Pre,Long Beach,Pre,1,Max_Spawn,Max,Spawn,-0.03995877821711128,27,0.8431344678754944,0.9617503435842141
Copalis|Pre,Copalis,Pre,3,Discharge_Larval,Discharge,Larval,-0.03807441799052218,28,0.8474642806672287,0.9621759580590494
Mocrocks|Rec,Mocrocks,Rec,2,Max_Spawn,Max,Spawn,0.03792836561394901,28,0.8480426816584121,0.9621759580590494
Kalaloch|Pre,Kalaloch,Pre,0,Max_Spawn,Max,Spawn,0.03733314238936004,28,0.8504006959225681,0.9621759580590494
Mocrocks|Rec,Mocrocks,Rec,5,BEUTI_Growth,BEUTI,Growth,-0.038792223770830435,26,0.8507632955449707,0.9621759580590494
Copalis|Rec,Copalis,Rec,1,Max_Spawn,Max,Spawn,0.03717878840858507,28,0.8510123853992462,0.9621759580590494
Twin Harbors|Rec,Twin Harbors,Rec,5,Max_Spring,Max,Spring,0.053032238768389584,15,0.8511079435696443,0.9621759580590494
Copalis|Pre,Copalis,Pre,1,Max_Spring,Max,Spring,0.03943584813864229,25,0.8515377046524716,0.9621759580590494
Kalaloch|Rec,Kalaloch,Rec,1,Max_Growth,Max,Growth,-0.03765940844913164,27,0.8520602650811805,0.9621759580590494
Kalaloch|Rec,Kalaloch,Rec,4,Max_Growth,Max,Growth,-0.037881257731348456,26,0.854230653296963,0.963344731570364
Twin Harbors|Rec,Twin Harbors,Rec,5,BEUTI_Settle,BEUTI,Settle,-0.05147600632352774,15,0.8554341880986267,0.963344731570364
Copalis|Pre,Copalis,Pre,3,Max_Larval,Max,Larval,-0.035762990300216096,28,0.8566269453907519,0.963344731570364
Kalaloch|Pre,Kalaloch,Pre,4,Max_Spawn,Max,Spawn,0.035429778194837176,28,0.8579493514892093,0.963344731570364
Kalaloch|Rec,Kalaloch,Rec,1,BEUTI_Settle,BEUTI,Settle,-0.03672448791668844,26,0.8586373923883622,0.963344731570364
Copalis|Pre,Copalis,Pre,4,Max_Larval,Max,Larval,-0.03503474832840752,28,0.8595175771677803,0.963344731570364
Long Beach|Pre,Long Beach,Pre,1,Max_Settle,Max,Settle,0.03581191946716268,26,0.8621167589095347,0.9650560734061954
Mocrocks|Rec,Mocrocks,Rec,1,Discharge_Settle,Discharge,Settle,0.034678524032464804,27,0.8636579660786722,0.9655803347463414
Mocrocks|Rec,Mocrocks,Rec,3,Max_Growth,Max,Growth,0.034927543410803216,26,0.86549102716728,0.9656424246470704
Long Beach|Pre,Long Beach,Pre,4,Max_Growth,Max,Growth,-0.03483103851774654,26,0.8658593741002064,0.9656424246470704
Mocrocks|Pre,Mocrocks,Pre,4,Max_Settle,Max,Settle,-0.03322974657123288,27,0.869304836706507,0.9682850903909114
Twin Harbors|Rec,Twin Harbors,Rec,5,Discharge_Spring,Discharge,Spring,-0.04512260138062205,15,0.8731347892514905,0.9696482128091634
Kalaloch|Pre,Kalaloch,Pre,5,BEUTI_Growth,BEUTI,Growth,-0.03263724875007336,26,0.874240003998027,0.9696482128091634
Long Beach|Pre,Long Beach,Pre,5,Max_Larval,Max,Larval,-0.03191903224049957,27,0.8744189849586241,0.9696482128091634
Twin Harbors|Rec,Twin Harbors,Rec,5,BEUTI_Growth,BEUTI,Growth,0.042384437110759524,16,0.8761480554198587,0.9696482128091634
Kalaloch|Rec,Kalaloch,Rec,5,BEUTI_Spring,BEUTI,Spring,-0.03254937397232408,25,0.87725071418196,0.9696482128091634
Twin Harbors|Rec,Twin Harbors,Rec,1,Discharge_Spring,Discharge,Spring,0.03790210692783029,19,0.8775703261143603,0.9696482128091634
Kalaloch|Pre,Kalaloch,Pre,3,Max_Growth,Max,Growth,-0.03144855407472065,26,0.8787865890012221,0.9696482128091634
Mocrocks|Pre,Mocrocks,Pre,4,Discharge_Growth,Discharge,Growth,0.03135418143480766,26,0.8791477129469747,0.9696482128091634
Kalaloch|Pre,Kalaloch,Pre,3,BEUTI_Spawn,BEUTI,Spawn,0.029445013038260116,28,0.881761433778451,0.9713406247253437
Long Beach|Pre,Long Beach,Pre,3,Discharge_Spawn,Discharge,Spawn,-0.02947007229595518,27,0.8839873955419963,0.9717831741461296
Twin Harbors|Pre,Twin Harbors,Pre,0,BEUTI_Spawn,BEUTI,Spawn,-0.03470281797052729,20,0.8845167859154883,0.9717831741461296
Copalis|Pre,Copalis,Pre,3,Discharge_Spawn,Discharge,Spawn,0.028158453250464212,28,0.886894255174095,0.9717831741461296
Twin Harbors|Pre,Twin Harbors,Pre,5,BEUTI_Spring,BEUTI,Spring,-0.03997382429083206,15,0.8875207487103328,0.9717831741461296
Long Beach|Rec,Long Beach,Rec,1,Max_Spawn,Max,Spawn,0.028343778627031996,27,0.8883933935351861,0.9717831741461296
Long Beach|Rec,Long Beach,Rec,1,BEUTI_Growth,BEUTI,Growth,-0.028720724922654938,26,0.8892340696349299,0.9717831741461296
Twin Harbors|Rec,Twin Harbors,Rec,4,BEUTI_Spawn,BEUTI,Spawn,-0.037610416814472726,16,0.8900144236920792,0.9717831741461296
Mocrocks|Pre,Mocrocks,Pre,3,BEUTI_Spring,BEUTI,Spring,0.028692479740610573,25,0.8917064201979883,0.9717831741461296
Twin Harbors|Rec,Twin Harbors,Rec,3,BEUTI_Spring,BEUTI,Spring,0.035443714576275466,17,0.8925736663786548,0.9717831741461296
Kalaloch|Pre,Kalaloch,Pre,1,Max_Settle,Max,Settle,-0.027694117283796837,26,0.8931706996684445,0.9717831741461296
Kalaloch|Pre,Kalaloch,Pre,4,Max_Spring,Max,Spring,-0.0279970114067044,25,0.8943167590526231,0.9717831741461296
Copalis|Pre,Copalis,Pre,4,Max_Spawn,Max,Spawn,-0.02609888184213137,28,0.8951202792968238,0.9717831741461296
Mocrocks|Rec,Mocrocks,Rec,5,Max_Larval,Max,Larval,0.02538616178738705,28,0.8979694331779944,0.973701795012283
Kalaloch|Rec,Kalaloch,Rec,3,Discharge_Spawn,Discharge,Spawn,0.024908730569695982,28,0.8998786963007495,0.9742226902998328
Long Beach|Pre,Long Beach,Pre,1,BEUTI_Settle,BEUTI,Settle,-0.025754567265652534,26,0.900614753699401,0.9742226902998328
Long Beach|Pre,Long Beach,Pre,1,BEUTI_Larval,BEUTI,Larval,0.023747931919417344,27,0.9064043122226522,0.979049379240808
Mocrocks|Rec,Mocrocks,Rec,1,Discharge_Spawn,Discharge,Spawn,0.022512507548064976,28,0.9094692992765463,0.979049379240808
Copalis|Rec,Copalis,Rec,4,Max_Larval,Max,Larval,0.021927640372918777,28,0.9118120993059571,0.979049379240808
Mocrocks|Rec,Mocrocks,Rec,3,BEUTI_Spring,BEUTI,Spring,-0.02292050034852527,25,0.9134013983058237,0.979049379240808
Copalis|Rec,Copalis,Rec,5,Max_Spawn,Max,Spawn,-0.021517022752797356,28,0.9134573408627623,0.979049379240808
Copalis|Pre,Copalis,Pre,0,BEUTI_Spring,BEUTI,Spring,-0.022830454209976283,25,0.9137403697380065,0.979049379240808
Twin Harbors|Pre,Twin Harbors,Pre,1,BEUTI_Larval,BEUTI,Larval,-0.02567468504536552,19,0.9169056957323327,0.979049379240808
Twin Harbors|Rec,Twin Harbors,Rec,3,Max_Settle,Max,Settle,-0.02727628331745256,17,0.9172366249766271,0.979049379240808
Long Beach|Pre,Long Beach,Pre,3,Discharge_Growth,Discharge,Growth,0.0211101497894199,26,0.9184723111362385,0.979049379240808
Long Beach|Pre,Long Beach,Pre,3,BEUTI_Larval,BEUTI,Larval,0.020513836756947103,27,0.9191062514670566,0.979049379240808
Mocrocks|Rec,Mocrocks,Rec,4,BEUTI_Growth,BEUTI,Growth,0.020944215173148,26,0.9191110853632672,0.979049379240808
Mocrocks|Rec,Mocrocks,Rec,4,Max_Settle,Max,Settle,-0.02048780000017673,27,0.9192085938825246,0.979049379240808
Mocrocks|Rec,Mocrocks,Rec,1,Discharge_Larval,Discharge,Larval,-0.020079813220945857,28,0.9192185838427586,0.979049379240808
Kalaloch|Pre,Kalaloch,Pre,1,BEUTI_Growth,BEUTI,Growth,0.01978800212234415,27,0.9219597477867241,0.9808082423263021
Twin Harbors|Pre,Twin Harbors,Pre,2,Discharge_Larval,Discharge,Larval,-0.024168682208113704,18,0.924163223670835,0.9819916190126936
Copalis|Pre,Copalis,Pre,1,BEUTI_Spring,BEUTI,Spring,0.019224481388965667,25,0.9273261850903195,0.9841905266288768
Long Beach|Rec,Long Beach,Rec,3,Discharge_Growth,Discharge,Growth,0.018455018064926023,26,0.928699032714746,0.9844866071181052
Long Beach|Pre,Long Beach,Pre,1,Max_Growth,Max,Growth,0.018153552297548805,26,0.9298609098039898,0.9845586103806951
Twin Harbors|Rec,Twin Harbors,Rec,3,Max_Growth,Max,Growth,-0.021457497454006182,18,0.9326509875339957,0.9863523957468815
Kalaloch|Pre,Kalaloch,Pre,4,BEUTI_Spring,BEUTI,Spring,0.017229476943876835,25,0.9348512806163304,0.987518958397532
Copalis|Pre,Copalis,Pre,1,BEUTI_Settle,BEUTI,Settle,-0.015618692363769341,27,0.9383679016978663,0.9886685603945793
Mocrocks|Pre,Mocrocks,Pre,4,Discharge_Larval,Discharge,Larval,0.015089559839510786,28,0.9392518583345681,0.9886685603945793
Twin Harbors|Pre,Twin Harbors,Pre,3,Discharge_Spring,Discharge,Spring,-0.01980290169203366,17,0.9398670250656825,0.9886685603945793
Kalaloch|Rec,Kalaloch,Rec,3,Discharge_Larval,Discharge,Larval,-0.014387394304550723,27,0.9432186252467569,0.9886685603945793
Long Beach|Rec,Long Beach,Rec,4,Max_Growth,Max,Growth,-0.014259649605646086,26,0.9448801253708534,0.9886685603945793
Long Beach|Pre,Long Beach,Pre,2,BEUTI_Larval,BEUTI,Larval,0.013797810630298628,27,0.945542012440225,0.9886685603945793
Kalaloch|Pre,Kalaloch,Pre,1,Max_Larval,Max,Larval,0.013699192480218385,27,0.9459306824129174,0.9886685603945793
Mocrocks|Pre,Mocrocks,Pre,5,Max_Settle,Max,Settle,0.013605658197851101,27,0.946299327209077,0.9886685603945793
Kalaloch|Pre,Kalaloch,Pre,2,Max_Spawn,Max,Spawn,-0.013253082347102802,28,0.9466341175032644,0.9886685603945793
Kalaloch|Rec,Kalaloch,Rec,4,Max_Spawn,Max,Spawn,-0.013180798254111304,28,0.9469247767334747,0.9886685603945793
Kalaloch|Rec,Kalaloch,Rec,2,Discharge_Larval,Discharge,Larval,-0.012795803515380927,27,0.949491634636267,0.9901998507214835
Mocrocks|Rec,Mocrocks,Rec,5,Max_Spring,Max,Spring,0.01272997940992534,25,0.951842238479885,0.9915023317498803
Long Beach|Pre,Long Beach,Pre,2,Discharge_Spring,Discharge,Spring,-0.011782716648379475,27,0.9534861141463609,0.9920664771465025
Long Beach|Pre,Long Beach,Pre,2,Discharge_Spawn,Discharge,Spawn,0.010088038507291293,27,0.9601704311071418,0.9967705526608948
Long Beach|Pre,Long Beach,Pre,3,Max_Spring,Max,Spring,-0.009988493441408081,27,0.9605631526429966,0.9967705526608948
Kalaloch|Rec,Kalaloch,Rec,2,BEUTI_Larval,BEUTI,Larval,-0.009614224715502084,27,0.9620397835030712,0.9967705526608948
Kalaloch|Rec,Kalaloch,Rec,3,Discharge_Settle,Discharge,Settle,0.009484917973273416,26,0.9633213432172479,0.9967705526608948
Kalaloch|Rec,Kalaloch,Rec,0,Max_Larval,Max,Larval,-0.009037906601688737,27,0.9643138125120242,0.9967705526608948
Long Beach|Pre,Long Beach,Pre,1,Max_Larval,Max,Larval,-0.00876132021249482,27,0.9654052615518579,0.9967705526608948
Mocrocks|Rec,Mocrocks,Rec,5,Discharge_Larval,Discharge,Larval,0.008195410000559823,28,0.9669854126661688,0.9967705526608948
Mocrocks|Rec,Mocrocks,Rec,1,Max_Spring,Max,Spring,0.008666143737889646,25,0.9672058324464577,0.9967705526608948
Kalaloch|Pre,Kalaloch,Pre,3,BEUTI_Spring,BEUTI,Spring,-0.00840815460431961,25,0.9681816169010926,0.9967705526608948
Copalis|Pre,Copalis,Pre,2,Max_Spawn,Max,Spawn,0.00760879027995071,28,0.9693474291780879,0.9967705526608948
Copalis|Pre,Copalis,Pre,4,Max_Spring,Max,Spring,-0.007662653946812168,25,0.9710015463751289,0.9967705526608948
Copalis|Rec,Copalis,Rec,0,Max_Spring,Max,Spring,0.00708574667439991,25,0.9731839887191592,0.9967705526608948
Long Beach|Rec,Long Beach,Rec,2,BEUTI_Spawn,BEUTI,Spawn,0.006680915854441722,27,0.9736166477817545,0.9967705526608948
Kalaloch|Rec,Kalaloch,Rec,0,Discharge_Growth,Discharge,Growth,0.006565585701414333,27,0.9740719419041592,0.9967705526608948
Twin Harbors|Pre,Twin Harbors,Pre,3,Discharge_Settle,Discharge,Settle,0.00812327737302401,17,0.9753156340883569,0.9967705526608948
Kalaloch|Rec,Kalaloch,Rec,5,Max_Spawn,Max,Spawn,0.005938431393012364,28,0.976074427450522,0.9967705526608948
Copalis|Rec,Copalis,Rec,4,Max_Settle,Max,Settle,0.005865683824952388,27,0.9768351416076768,0.9967705526608948
Kalaloch|Pre,Kalaloch,Pre,3,Discharge_Larval,Discharge,Larval,0.005382316246201202,27,0.9787436221003342,0.9975869307930926
Twin Harbors|Pre,Twin Harbors,Pre,0,BEUTI_Larval,BEUTI,Larval,0.00557305311789597,20,0.9813960676748453,0.9991588924291411
Long Beach|Rec,Long Beach,Rec,4,Max_Settle,Max,Settle,0.004469595169393769,26,0.982711414366633,0.9993675400338641
Copalis|Pre,Copalis,Pre,5,Discharge_Larval,Discharge,Larval,-0.0036235210848213186,28,0.9853997652412008,0.9998165845882332
Mocrocks|Pre,Mocrocks,Pre,2,BEUTI_Growth,BEUTI,Growth,-0.0034129739612335326,26,0.9867980673188165,0.9998165845882332
Mocrocks|Pre,Mocrocks,Pre,5,Discharge_Spring,Discharge,Spring,0.0034875613710357257,25,0.9867995650324227,0.9998165845882332
Kalaloch|Rec,Kalaloch,Rec,0,BEUTI_Spring,BEUTI,Spring,0.0028118688230162245,25,0.989356905714698,0.9998165845882332
Long Beach|Pre,Long Beach,Pre,3,BEUTI_Settle,BEUTI,Settle,-0.0025585579565216856,26,0.9901029008146398,0.9998165845882332
Long Beach|Pre,Long Beach,Pre,5,Max_Settle,Max,Settle,-0.0019949250830771123,26,0.9922830916677267,0.9998165845882332
Mocrocks|Pre,Mocrocks,Pre,1,BEUTI_Growth,BEUTI,Growth,0.0019379583986721218,27,0.9923456824690248,0.9998165845882332
Kalaloch|Pre,Kalaloch,Pre,2,Max_Growth,Max,Growth,-0.001766883349346463,26,0.993165197107454,0.9998165845882332
Twin Harbors|Pre,Twin Harbors,Pre,1,Discharge_Spawn,Discharge,Spawn,-0.0019301185095529647,19,0.9937430679654236,0.9998165845882332
Copalis|Rec,Copalis,Rec,3,Discharge_Settle,Discharge,Settle,0.0014414660307635002,27,0.9943066323396703,0.9998165845882332
Long Beach|Pre,Long Beach,Pre,3,Max_Settle,Max,Settle,-6.466610928993733e-4,26,0.9974985077956561,0.9998165845882332
Copalis|Rec,Copalis,Rec,2,Max_Growth,Max,Growth,5.309382672570743e-4,26,0.9979461597199019,0.9998165845882332
Long Beach|Rec,Long Beach,Rec,5,Max_Settle,Max,Settle,3.6127468821944326e-4,26,0.9986024723316286,0.9998165845882332
Copalis|Rec,Copalis,Rec,2,Discharge_Larval,Discharge,Larval,2.26161320241262e-4,28,0.9990886816889456,0.9998165845882332
Copalis|Rec,Copalis,Rec,3,Discharge_Growth,Discharge,Growth,4.74146709470411e-5,26,0.9998165845882332,0.9998165845882332
