start,dur,end,var,r,r_raw,r_year,n,p_naive,p_fwer,q_bh,response,window
7,2,8,Wave energy Hs^2 (buoys),-0.595720611741584,-0.5738518602937536,-0.04917189712530464,26,0.0013224586094685842,0.627,0.36593219795434606,rec,Jul Y - Aug Y
22,2,23,Storm hours Hs > 4 m (buoys),-0.5907378269347727,-0.6331250352411879,-0.2993095483993247,26,0.001485784002170453,0.6645,0.36593219795434606,rec,Oct Y+1 - Nov Y+1
27,2,28,"Wind stress, alongshore (buoys)",0.5902456782019835,0.5972876097453392,0.13843320779147664,25,0.0018966661916192812,0.667,0.36593219795434606,rec,Mar Y+2 - Apr Y+2
21,3,23,Storm hours Hs > 4 m (buoys),-0.5686571331512753,-0.5959841110352296,-0.2170164105117957,26,0.002435712361520556,0.7805,0.36593219795434606,rec,Sep Y+1 - Nov Y+1
20,4,23,Storm hours Hs > 4 m (buoys),-0.5613324906540235,-0.5896587763088192,-0.21854099634960605,26,0.002848429994265275,0.818,0.36593219795434606,rec,Aug Y+1 - Nov Y+1
-8,4,-5,BEUTI,0.5495933254288919,0.4696608225526595,0.6119700584968726,27,0.0029832283904731123,0.5795,0.9993129776616922,pre,Apr Y-1 - Jul Y-1
27,1,27,"Columbia discharge, The Dalles",-0.5563830262511302,-0.5396793391977909,-0.05704717286720751,26,0.00315991159197129,0.8445,0.36593219795434606,rec,Mar Y+2 - Mar Y+2
4,1,4,Willamette discharge,0.5553636946199131,0.5614319856443425,0.13150486172253223,26,0.003227540924205604,0.8485,0.36593219795434606,rec,Apr Y - Apr Y
27,3,29,"Columbia discharge, Beaver",-0.5461356362245475,-0.4875443443871262,0.06266373237996045,26,0.0038979494185992043,0.887,0.36593219795434606,rec,Mar Y+2 - May Y+2
13,3,15,CUTI,0.5423679011430079,0.6168078582234778,0.5081107243572096,26,0.004203819570180979,0.9005,0.36593219795434606,rec,Jan Y+1 - Mar Y+1
26,3,28,CUTI,0.5419009491323312,0.6180458810458056,0.5509935579963117,26,0.00424310745978741,0.9025,0.36593219795434606,rec,Feb Y+2 - Apr Y+2
27,2,28,CUTI,0.5384136498385473,0.5910956688799214,0.32396861648961794,26,0.004546482554730746,0.913,0.36593219795434606,rec,Mar Y+2 - Apr Y+2
13,2,14,CUTI,0.5364592140635693,0.6132185658836172,0.5322047195072684,26,0.004724398240692313,0.9175,0.36593219795434606,rec,Jan Y+1 - Feb Y+1
3,2,4,Willamette discharge,0.5343660997262476,0.4854554020533115,-0.039230709711916285,26,0.004921436535460149,0.923,0.36593219795434606,rec,Mar Y - Apr Y
14,2,15,CUTI,0.5334095590636928,0.6113869672172909,0.6073313964917381,26,0.005013769029390331,0.9255,0.36593219795434606,rec,Feb Y+1 - Mar Y+1
-8,2,-7,CUTI,0.5231264508129028,0.5025227576828213,0.39687003771466006,27,0.005111728898426528,0.7475,0.9993129776616922,pre,Apr Y-1 - May Y-1
4,1,4,"Columbia discharge, Beaver",0.5309514308705351,0.5269297241960036,0.09172028453233837,26,0.005257786869382737,0.93,0.36593219795434606,rec,Apr Y - Apr Y
-8,2,-7,BEUTI,0.5209103376966969,0.5153229711159423,0.2826557152287564,27,0.005337275854118367,0.7575,0.9993129776616922,pre,Apr Y-1 - May Y-1
26,4,29,"Columbia discharge, Beaver",-0.529141121856217,-0.4742892286592825,0.055866968110646356,26,0.005443843195272649,0.9325,0.36593219795434606,rec,Feb Y+2 - May Y+2
4,2,5,"Columbia discharge, Beaver",0.5258758159027216,0.5190952852420209,0.08173809305625897,26,0.005793498921315306,0.9415,0.36593219795434606,rec,Apr Y - May Y
14,1,14,CUTI,0.5213884332920832,0.597434898115059,0.6886730399443389,26,0.006304753307663931,0.9465,0.36593219795434606,rec,Feb Y+1 - Feb Y+1
27,3,29,"Columbia discharge, The Dalles",-0.5213059381774207,-0.4753040798322426,0.033710995901374975,26,0.006314496242910137,0.9465,0.36593219795434606,rec,Mar Y+2 - May Y+2
23,1,23,Storm hours Hs > 4 m (buoys),-0.521142206123815,-0.5818017864543701,-0.35771372887941216,26,0.006333871048110183,0.9475,0.36593219795434606,rec,Nov Y+1 - Nov Y+1
-9,3,-7,BEUTI,0.5117549302076351,0.5085210354073738,0.2596817431770989,27,0.006360535805704011,0.8155,0.9993129776616922,pre,Mar Y-1 - May Y-1
26,4,29,"Columbia discharge, The Dalles",-0.5192664509399182,-0.47958161921959913,0.01683506365425028,26,0.006559426208031219,0.951,0.36593219795434606,rec,Feb Y+2 - May Y+2
2,3,4,Willamette discharge,0.5174553146500369,0.44408077398150864,-0.10494449393900411,26,0.006783581965294341,0.9535,0.36593219795434606,rec,Feb Y - Apr Y
27,4,30,"Columbia discharge, Beaver",-0.5169776451624831,-0.4669105289516522,0.04535938552450786,26,0.006843761834726983,0.9545,0.36593219795434606,rec,Mar Y+2 - Jun Y+2
24,4,27,CUTI,0.5137899874837187,0.5922711564749105,0.48862821856588806,26,0.007256957008360654,0.962,0.36593219795434606,rec,Dec Y+1 - Mar Y+2
-8,1,-8,Storm hours Hs > 4 m (buoys),0.5228912355485946,0.45008744509836196,-0.05600578561708832,25,0.007320827800369255,0.945,0.36593219795434606,rec,Apr Y-1 - Apr Y-1
26,2,27,"Columbia discharge, The Dalles",-0.5116903873043338,-0.5010860267771259,-0.06670787765761585,26,0.00754038883377044,0.9655,0.36593219795434606,rec,Feb Y+2 - Mar Y+2
27,1,27,"Wind stress, alongshore (buoys)",0.5207850145133897,0.5581219639217744,0.24494084958891618,25,0.007603972692100976,0.948,0.36593219795434606,rec,Mar Y+2 - Mar Y+2
27,2,28,"Columbia discharge, Beaver",-0.5100826112794087,-0.4802739025886929,-0.009234378189512027,26,0.00776365015053541,0.968,0.36593219795434606,rec,Mar Y+2 - Apr Y+2
28,2,29,"Columbia discharge, Beaver",-0.5097004780799599,-0.44384075254491756,0.08752429616575709,26,0.007817521240265628,0.969,0.36593219795434606,rec,Apr Y+2 - May Y+2
27,1,27,"Columbia discharge, Beaver",-0.5081431962287472,-0.4740701894997429,0.0032120686878498715,26,0.00804030787988131,0.971,0.36593219795434606,rec,Mar Y+2 - Mar Y+2
29,1,29,"Columbia discharge, Beaver",-0.5073837262408183,-0.39945303274432714,0.18801426652958453,26,0.008150871750805465,0.9715,0.36593219795434606,rec,May Y+2 - May Y+2
-8,2,-7,Storm hours Hs > 4 m (buoys),0.5154180253365015,0.42245872192306844,-0.1009647104298457,25,0.008367099711842454,0.957,0.36593219795434606,rec,Apr Y-1 - May Y-1
-8,3,-6,BEUTI,0.4968564737833838,0.47485070418170267,0.4189311151533868,27,0.008377961909979933,0.891,0.9993129776616922,pre,Apr Y-1 - Jun Y-1
4,2,5,"Columbia discharge, The Dalles",0.5053532906553171,0.48034011362108814,0.022180826022604596,26,0.00845272806430694,0.9735,0.36593219795434606,rec,Apr Y - May Y
-9,4,-6,BEUTI,0.4952797258664948,0.48272019583318543,0.35686498024693636,27,0.008619817170290442,0.897,0.9993129776616922,pre,Mar Y-1 - Jun Y-1
27,2,28,"Columbia discharge, The Dalles",-0.5038461480359442,-0.49720447354223624,-0.07744826962580376,26,0.008682784287876931,0.9755,0.36593219795434606,rec,Mar Y+2 - Apr Y+2
22,2,23,Wave energy Hs^2 (buoys),-0.5036296882363138,-0.5631722663083562,-0.3390866579721836,26,0.008716251240595507,0.976,0.36593219795434606,rec,Oct Y+1 - Nov Y+1
-9,3,-7,CUTI,0.494086478047813,0.48358150239327435,0.3411088912188527,27,0.008806714183343242,0.902,0.9993129776616922,pre,Mar Y-1 - May Y-1
11,1,11,Willamette discharge,-0.4940462177084323,-0.4963530377831555,-0.15177886948302144,27,0.008813078846199347,0.902,0.9993129776616922,pre,Nov Y - Nov Y
26,3,28,BEUTI,0.5018462946077834,0.584915452473455,0.5182653980790037,26,0.008996106886137358,0.979,0.36593219795434606,rec,Feb Y+2 - Apr Y+2
6,3,8,Wave energy Hs^2 (buoys),-0.5010909966241637,-0.5489846293326568,-0.279783184739477,26,0.009116871402512458,0.981,0.36593219795434606,rec,Jun Y - Aug Y
26,3,28,"Columbia discharge, The Dalles",-0.5002132285334877,-0.4948319428918577,-0.0806487833462305,26,0.009258914735644143,0.9815,0.36593219795434606,rec,Feb Y+2 - Apr Y+2
8,1,8,Storm hours Hs > 4 m (buoys),-0.4998789410977934,-0.47720228786295893,-0.027964518703404957,26,0.009313493513716775,0.9815,0.36593219795434606,rec,Aug Y - Aug Y
25,4,28,CUTI,0.49815555614993545,0.5791575036729995,0.4848549822387383,26,0.009599145791043697,0.984,0.36593219795434606,rec,Jan Y+2 - Apr Y+2
22,2,23,Willamette discharge,-0.49801150988651716,-0.4854383212134978,-0.0578368880377684,26,0.009623348688849282,0.984,0.36593219795434606,rec,Oct Y+1 - Nov Y+1
27,2,28,BEUTI,0.4973716065384444,0.5425163715478619,0.26570712128843965,26,0.009731482155878943,0.984,0.36593219795434606,rec,Mar Y+2 - Apr Y+2
3,3,5,"Columbia discharge, Beaver",0.4953069992556524,0.4819662148398805,0.054949219727618265,26,0.010087295811820973,0.986,0.36593219795434606,rec,Mar Y - May Y
15,3,17,"Wind stress, alongshore (buoys)",0.5250224734209378,0.5615301458851825,0.25508643051636015,23,0.010100435243909842,0.9425,0.36593219795434606,rec,Mar Y+1 - May Y+1
27,1,27,CUTI,0.49359045234738197,0.5567715018902064,0.3522955864721824,26,0.010391311343597096,0.988,0.36593219795434606,rec,Mar Y+2 - Mar Y+2
2,4,5,Willamette discharge,0.49275784510045034,0.4156587460823132,-0.11837728438914281,26,0.010541496386727649,0.99,0.36593219795434606,rec,Feb Y - May Y
8,1,8,Wave energy Hs^2 (buoys),-0.49260217869103434,-0.46032085765535313,0.0010032581156948367,26,0.010569774710656616,0.99,0.36593219795434606,rec,Aug Y - Aug Y
27,4,30,"Columbia discharge, The Dalles",-0.490997072759526,-0.4551886777292482,0.011176009892128639,26,0.010865054882678629,0.991,0.36593219795434606,rec,Mar Y+2 - Jun Y+2
7,2,8,Storm hours Hs > 4 m (buoys),-0.4900065616060487,-0.4716420777607392,-0.038791716675738754,26,0.011050669358889917,0.991,0.36593219795434606,rec,Jul Y - Aug Y
22,4,25,CUTI,0.48931609999923276,0.5537263687347903,0.3561443620180554,26,0.011181608708590562,0.992,0.36593219795434606,rec,Oct Y+1 - Jan Y+2
28,1,28,Wave energy Hs^2 (buoys),-0.48786429600037007,-0.43302933612997946,0.06299637949191551,26,0.011461135291722898,0.9935,0.36593219795434606,rec,Apr Y+2 - Apr Y+2
24,4,27,BEUTI,0.4875291264573067,0.5711431357175746,0.4916910665338062,26,0.011526485196273606,0.9935,0.36593219795434606,rec,Dec Y+1 - Mar Y+2
25,4,28,BEUTI,0.48696746537108965,0.5689375879452023,0.4746852251636642,26,0.011636688547160169,0.9935,0.36593219795434606,rec,Jan Y+2 - Apr Y+2
16,4,19,Wave energy Hs^2 (buoys),-0.4868489886051483,-0.4842938003237649,-0.08672404264150958,26,0.011660046118711178,0.9935,0.36593219795434606,rec,Apr Y+1 - Jul Y+1
13,4,16,CUTI,0.4867355763960531,0.567848294324918,0.4666156917685858,26,0.011682441640035911,0.9935,0.36593219795434606,rec,Jan Y+1 - Apr Y+1
3,3,5,"Columbia discharge, The Dalles",0.48672153367236803,0.4531571041244788,-0.005682433038618596,26,0.01168521713913162,0.9935,0.36593219795434606,rec,Mar Y - May Y
26,3,28,"Columbia discharge, Beaver",-0.48580350981283593,-0.4559107302649428,-0.0045094249012804155,26,0.011867852083369273,0.994,0.36593219795434606,rec,Feb Y+2 - Apr Y+2
21,3,23,Willamette discharge,-0.48508099238889846,-0.48206872678838975,-0.08488991991265638,26,0.012013251165934586,0.9945,0.36593219795434606,rec,Sep Y+1 - Nov Y+1
23,1,23,Wave energy Hs^2 (buoys),-0.48466549828267846,-0.5554142543120998,-0.3895906240948802,26,0.01209753160646084,0.9945,0.36593219795434606,rec,Nov Y+1 - Nov Y+1
2,4,5,"Columbia discharge, Beaver",0.48428045627667116,0.4663721631463884,0.039032565764963896,26,0.012176071921376467,0.9945,0.36593219795434606,rec,Feb Y - May Y
20,4,23,Willamette discharge,-0.4827537063651081,-0.4854361003697289,-0.10265485137097503,26,0.012491667438889385,0.996,0.36593219795434606,rec,Aug Y+1 - Nov Y+1
27,3,29,"Wind stress, alongshore (buoys)",0.501372628377615,0.5546910217036856,0.31105752001632214,24,0.012562014737266421,0.98,0.36593219795434606,rec,Mar Y+2 - May Y+2
4,1,4,"Columbia discharge, The Dalles",0.4822147917826445,0.4490922345836536,-0.005262596788919348,26,0.012604671499376491,0.996,0.36593219795434606,rec,Apr Y - Apr Y
15,2,16,Wave energy Hs^2 (buoys),-0.4897310684558065,-0.5499565719681299,-0.3716644740050002,25,0.01295944384255521,0.9915,0.36593219795434606,rec,Mar Y+1 - Apr Y+1
-7,1,-7,BEUTI,0.47041489360773137,0.45419374106281213,0.3970703406482787,27,0.01327762683299962,0.9615,0.9993129776616922,pre,May Y-1 - May Y-1
23,4,26,CUTI,0.4779270382678738,0.5684668187629639,0.5571297337101516,26,0.01353426560730425,0.9985,0.36593219795434606,rec,Nov Y+1 - Feb Y+2
-11,1,-11,Storm hours Hs > 4 m (buoys),0.46915395388959025,0.47187763191271054,0.14440856083165746,27,0.013560692509342847,0.964,0.9993129776616922,pre,Jan Y-1 - Jan Y-1
-8,2,-7,Wave energy Hs^2 (buoys),0.4862754127028345,0.4529961239298219,0.027302472016053927,25,0.013711570876515918,0.9935,0.36593219795434606,rec,Apr Y-1 - May Y-1
-7,3,-5,BEUTI,0.46847260086620274,0.3707831068093663,0.7100433500148453,27,0.013715717027317623,0.9645,0.9993129776616922,pre,May Y-1 - Jul Y-1
4,4,7,"Columbia discharge, The Dalles",0.47700043449639457,0.4360945192409826,-0.027727890179930267,26,0.013742419839661483,0.9985,0.36593219795434606,rec,Apr Y - Jul Y
27,1,27,Willamette discharge,-0.4762210622860663,-0.4622497069177299,-0.049224230452661256,26,0.01391954024847069,0.9985,0.36593219795434606,rec,Mar Y+2 - Mar Y+2
3,3,5,Willamette discharge,0.47590062827804575,0.4222615888393888,-0.061953659001529354,26,0.013992906818154231,0.9985,0.36593219795434606,rec,Mar Y - May Y
4,3,6,"Columbia discharge, The Dalles",0.47518834661054815,0.44058563591064537,-0.010674092728774396,26,0.014157134630379827,0.9985,0.36593219795434606,rec,Apr Y - Jun Y
3,4,6,"Columbia discharge, The Dalles",0.47507527664969135,0.43509691018906094,-0.025536302989399358,26,0.014183350377827406,0.9985,0.36593219795434606,rec,Mar Y - Jun Y
25,4,28,"Columbia discharge, The Dalles",-0.4747974178451851,-0.48267203102871986,-0.11786457911911179,26,0.014247943311983403,0.9985,0.36593219795434606,rec,Jan Y+2 - Apr Y+2
-9,3,-7,Storm hours Hs > 4 m (buoys),0.48249555534438904,0.30113624738014433,-0.2797326272253118,25,0.01457504387838601,0.996,0.36593219795434606,rec,Mar Y-1 - May Y-1
4,3,6,"Columbia discharge, Beaver",0.47276812600296625,0.45963222526571196,0.05105508046511708,26,0.014727082440128325,0.999,0.36593219795434606,rec,Apr Y - Jun Y
3,2,4,"Columbia discharge, Beaver",0.47227306684636594,0.4576648768907602,0.046529810865587586,26,0.014845964552049003,0.999,0.36593219795434606,rec,Mar Y - Apr Y
28,3,30,Wave energy Hs^2 (buoys),-0.4718292310262083,-0.4377326809659163,0.009870381005256218,26,0.014953217234074303,0.999,0.36593219795434606,rec,Apr Y+2 - Jun Y+2
26,4,29,Willamette discharge,-0.47165312583667435,-0.4574580058178797,-0.04764652916881976,26,0.014995949459625497,0.999,0.36593219795434606,rec,Feb Y+2 - May Y+2
28,3,30,"Columbia discharge, Beaver",-0.47120659693338807,-0.41996430707149607,0.056473340613236715,26,0.015104751547665331,0.999,0.36593219795434606,rec,Apr Y+2 - Jun Y+2
3,4,6,"Columbia discharge, Beaver",0.4706036370920234,0.4534165196545119,0.03851346779066372,26,0.015252700798913062,0.999,0.36593219795434606,rec,Mar Y - Jun Y
22,1,22,Willamette discharge,-0.47021271259310937,-0.39350710758410773,0.12136301497187331,26,0.01534925859289758,0.999,0.36593219795434606,rec,Oct Y+1 - Oct Y+1
25,4,28,"Columbia discharge, Beaver",-0.4694767380617202,-0.4486283241545287,-0.027516337874953622,26,0.015532408692274872,0.999,0.36593219795434606,rec,Jan Y+2 - Apr Y+2
-6,2,-5,SST anomaly (buoys),-0.46008560431493484,-0.400880362328117,0.3871188620808632,27,0.01574723626885174,0.975,0.9993129776616922,pre,Jun Y-1 - Jul Y-1
-2,1,-2,SST anomaly (buoys),-0.45870115837181147,-0.4183849688550556,0.3045225539982702,27,0.016105305375311442,0.9765,0.9993129776616922,pre,Oct Y-1 - Oct Y-1
-9,2,-8,Storm hours Hs > 4 m (buoys),0.47604637841511205,0.30059154137917254,-0.27051338385743545,25,0.0161512387361956,0.9985,0.36593219795434606,rec,Mar Y-1 - Apr Y-1
27,3,29,Willamette discharge,-0.46638224732857075,-0.43176839469775424,0.012295496232586365,26,0.01632227387286719,1,0.36593219795434606,rec,Mar Y+2 - May Y+2
28,2,29,"Columbia discharge, The Dalles",-0.4660093822609966,-0.41040642772075886,0.06880687664637583,26,0.016419635664534433,1,0.36593219795434606,rec,Apr Y+2 - May Y+2
26,4,29,BEUTI,0.46598210277732294,0.5581877058702062,0.5422493786035193,26,0.016426777518247233,1,0.36593219795434606,rec,Feb Y+2 - May Y+2
14,4,17,"Wind stress, alongshore (buoys)",0.48447184965160894,0.5411848282024735,0.36008288549113854,24,0.016433645799119885,0.9945,0.36593219795434606,rec,Feb Y+1 - May Y+1
26,2,27,CUTI,0.4654408241636308,0.5604251969686069,0.5909901865616125,26,0.01656901445163981,1,0.36593219795434606,rec,Feb Y+2 - Mar Y+2
22,3,24,CUTI,0.4642011815210693,0.531206197338063,0.35312053951452593,26,0.01689858085556126,1,0.36593219795434606,rec,Oct Y+1 - Dec Y+1
15,4,18,Wave energy Hs^2 (buoys),-0.4723075503621468,-0.5362378564662624,-0.38323730639538967,25,0.01712721257864538,0.999,0.36593219795434606,rec,Mar Y+1 - Jun Y+1
5,1,5,"Columbia discharge, The Dalles",0.46321130121615156,0.4484428365713224,0.044267213904427685,26,0.017165593198795997,1,0.36593219795434606,rec,May Y - May Y
14,3,16,CUTI,0.46229576428238534,0.555338561541456,0.5428827766386987,26,0.017415623596049472,1,0.36593219795434606,rec,Feb Y+1 - Apr Y+1
13,4,16,"Wind stress, alongshore (buoys)",0.4804773185003064,0.5270302542195123,0.2897412174647633,24,0.017478141649330373,0.9965,0.36593219795434606,rec,Jan Y+1 - Apr Y+1
-10,4,-7,BEUTI,0.45340301314567266,0.4336864870058201,0.43046225748795786,27,0.017538160658197424,0.982,0.9993129776616922,pre,Feb Y-1 - May Y-1
25,3,27,"Columbia discharge, The Dalles",-0.4607227104425044,-0.4718574825853219,-0.1253514050848927,26,0.017852189932506916,1,0.36593219795434606,rec,Jan Y+2 - Mar Y+2
4,4,7,"Columbia discharge, Beaver",0.46048983180009145,0.44420642035067975,0.03922837971712923,26,0.01791757558491582,1,0.36593219795434606,rec,Apr Y - Jul Y
2,3,4,"Columbia discharge, Beaver",0.458587784798127,0.4380972717338998,0.026489742385823613,26,0.018458995292824052,1,0.36593219795434606,rec,Feb Y - Apr Y
14,3,16,"Wind stress, alongshore (buoys)",0.47670938992142536,0.5239959426098679,0.2920858293050392,24,0.018512337266386077,0.9985,0.36593219795434606,rec,Feb Y+1 - Apr Y+1
27,4,30,Willamette discharge,-0.45786602275470223,-0.42945732547652976,-0.0035820374256350343,26,0.018667918273803923,1,0.36593219795434606,rec,Mar Y+2 - Jun Y+2
-7,1,-7,Wave energy Hs^2 (buoys),0.4570021082069097,0.42073754318790596,-0.018558444828018758,26,0.01892052872670452,1,0.36593219795434606,rec,May Y-1 - May Y-1
-9,4,-6,Storm hours Hs > 4 m (buoys),0.46513606162288956,0.28340015925998735,-0.28445735917646536,25,0.019134221135230684,1,0.36593219795434606,rec,Mar Y-1 - Jun Y-1
5,1,5,"Columbia discharge, Beaver",0.45583347040629235,0.4472951257517709,0.061595454130271614,26,0.019266682651760233,1,0.36593219795434606,rec,May Y - May Y
15,3,17,Wave energy Hs^2 (buoys),-0.46419926453283145,-0.5249319352860402,-0.3544729238314516,25,0.0194099861713662,1,0.36593219795434606,rec,Mar Y+1 - May Y+1
29,1,29,"Columbia discharge, The Dalles",-0.45496497705555583,-0.3426581972994977,0.20766673499225793,26,0.01952727132464987,1,0.36593219795434606,rec,May Y+2 - May Y+2
9,4,12,Willamette discharge,-0.44643027900786864,-0.4475973302236489,-0.2200077321550309,27,0.01958203369937639,0.987,0.9993129776616922,pre,Sep Y - Dec Y
24,3,26,CUTI,0.4542663075906812,0.5443881111829516,0.49462119430453494,26,0.01973898851632336,1,0.36593219795434606,rec,Dec Y+1 - Feb Y+2
-8,3,-6,Storm hours Hs > 4 m (buoys),0.46224822562686174,0.37034632868160056,-0.1096292007500791,25,0.01999471014301584,1,0.36593219795434606,rec,Apr Y-1 - Jun Y-1
3,2,4,"Columbia discharge, The Dalles",0.45324150355031434,0.4103064717568602,-0.0374501536660075,26,0.0200529220822753,1,0.36593219795434606,rec,Mar Y - Apr Y
-2,1,-2,SST anomaly (buoys),-0.4531959351754108,-0.2987026465145742,0.2986768117525176,26,0.020066975354777684,1,0.36593219795434606,rec,Oct Y-1 - Oct Y-1
28,1,28,"Columbia discharge, Beaver",-0.45254418269470614,-0.43028821696262876,-0.020217979618975295,26,0.020268856833147834,1,0.36593219795434606,rec,Apr Y+2 - Apr Y+2
-8,1,-8,CUTI,0.4441269740133211,0.44508805690723374,0.22618902406270436,27,0.020298566033052218,0.989,0.9993129776616922,pre,Apr Y-1 - Apr Y-1
2,4,5,"Columbia discharge, The Dalles",0.4523492240815601,0.4108314701128547,-0.03376980559297598,26,0.020329566553019224,1,0.36593219795434606,rec,Feb Y - May Y
10,3,12,Willamette discharge,-0.441770571891781,-0.4438791344036745,-0.19700274497208678,27,0.021053674084935723,0.9905,0.9993129776616922,pre,Oct Y - Dec Y
-7,3,-5,SST anomaly (buoys),-0.44168518304795307,-0.3965100734272529,0.33210354919399726,27,0.02108146198071834,0.9905,0.9993129776616922,pre,May Y-1 - Jul Y-1
26,3,28,"Wind stress, alongshore (buoys)",0.458580979324405,0.5141336025523071,0.3051416861495192,25,0.021132555751677076,1,0.3716105641059908,rec,Feb Y+2 - Apr Y+2
26,2,27,"Columbia discharge, Beaver",-0.44913281261508137,-0.41773977872727197,0.006426257443030428,26,0.021352750018360907,1,0.3716105641059908,rec,Feb Y+2 - Mar Y+2
22,2,23,"Wind stress, alongshore (buoys)",0.4484764724915651,0.4816721864140769,0.19964994532011654,26,0.02156660633881323,1,0.3716105641059908,rec,Oct Y+1 - Nov Y+1
27,3,29,BEUTI,0.44809383900609423,0.5147988702222898,0.3414875293590581,26,0.02169208289449798,1,0.3716105641059908,rec,Mar Y+2 - May Y+2
-10,4,-7,CUTI,0.43982255431500267,0.40604874918825623,0.5169216897661463,27,0.021695109325834707,0.9905,0.9993129776616922,pre,Feb Y-1 - May Y-1
27,2,28,Willamette discharge,-0.44805684041451455,-0.4101798841301144,0.02459817598085612,26,0.021704247241668913,1,0.3716105641059908,rec,Mar Y+2 - Apr Y+2
3,4,6,Willamette discharge,0.4477905021530518,0.4003555594180885,-0.050485719766841394,26,0.021791977524734028,1,0.3716105641059908,rec,Mar Y - Jun Y
10,2,11,Willamette discharge,-0.43949013549717225,-0.44260564091763577,-0.13628344066181466,27,0.021806143583119823,0.9905,0.9993129776616922,pre,Oct Y - Nov Y
-1,1,-1,"Wind stress, alongshore (buoys)",-0.4463782547830446,-0.4098860598766779,0.0210910455283772,26,0.022261998997212873,1,0.3763245743528854,rec,Nov Y-1 - Nov Y-1
-11,1,-11,Wave energy Hs^2 (buoys),0.4378353407184822,0.44065251140577283,0.09459367705292451,27,0.022365799426530417,0.991,0.9993129776616922,pre,Jan Y-1 - Jan Y-1
11,1,11,SST anomaly (buoys),-0.43691112412832794,-0.4264374964784477,0.11608134864165107,27,0.02268343426388752,0.9915,0.9993129776616922,pre,Nov Y - Nov Y
-2,1,-2,SST anomaly (OISST),-0.4365381059802586,-0.3863785847671776,0.35632523540925015,27,0.022812670123156437,0.9915,0.9993129776616922,pre,Oct Y-1 - Oct Y-1
11,2,12,Willamette discharge,-0.4357635032227723,-0.4380097361922431,-0.19666065858774018,27,0.02308295587602141,0.992,0.9993129776616922,pre,Nov Y - Dec Y
4,2,5,Willamette discharge,0.4438105858008306,0.4319111848890962,0.04902848287069896,26,0.02313767509817895,1,0.387755520610861,rec,Apr Y - May Y
26,3,28,Willamette discharge,-0.44138163136723507,-0.42817808872640656,-0.04465472774781009,26,0.023991592856353897,1,0.3956708352092596,rec,Feb Y+2 - Apr Y+2
25,3,27,CUTI,0.44131028353635476,0.5356859705710475,0.5106330189202337,26,0.024017056869697857,1,0.3956708352092596,rec,Jan Y+2 - Mar Y+2
21,3,23,Wave energy Hs^2 (buoys),-0.43954653441420716,-0.4971159249535631,-0.2944560295253731,26,0.024653539345955686,1,0.39972539557567877,rec,Sep Y+1 - Nov Y+1
19,1,19,Wave energy Hs^2 (buoys),-0.43948933566561055,-0.4918608856191497,-0.2720964450893595,26,0.02467440713430116,1,0.39972539557567877,rec,Jul Y+1 - Jul Y+1
25,4,28,Willamette discharge,-0.4388986858352271,-0.44273859021610346,-0.09658107323907368,26,0.024890731614727116,1,0.3998973740415663,rec,Jan Y+2 - Apr Y+2
-8,3,-6,CUTI,0.4294611835294924,0.41845048393533824,0.3826154604516047,27,0.025380401682013786,0.9965,0.9993129776616922,pre,Apr Y-1 - Jun Y-1
-11,2,-10,Wave energy Hs^2 (buoys),0.4371925430367183,0.4299330195690876,-0.04989683923823961,26,0.02552424360085781,0.9915,0.9993129776616922,pre,Jan Y-1 - Feb Y-1
-9,4,-6,CUTI,0.4288908068172015,0.4223018223455141,0.3421250700826432,27,0.025597168103362752,0.9965,0.9993129776616922,pre,Mar Y-1 - Jun Y-1
22,4,25,Willamette discharge,-0.4369893201696265,-0.4748417114599905,-0.21344706996978735,26,0.02560056444619311,1,0.4066088686048053,rec,Oct Y+1 - Jan Y+2
9,3,11,Willamette discharge,-0.4281483836517408,-0.4310517540112726,-0.17444743452542638,27,0.025881566807615553,0.9965,0.9993129776616922,pre,Sep Y - Nov Y
21,3,23,"Wind stress, alongshore (buoys)",0.4359106052290854,0.43342466155311865,0.07609111782804588,26,0.026008775480794957,1,0.4066088686048053,rec,Sep Y+1 - Nov Y+1
26,4,29,CUTI,0.4354498932363964,0.5386023454348439,0.6072262399749593,26,0.026184715943219798,1,0.4066088686048053,rec,Feb Y+2 - May Y+2
28,3,30,"Columbia discharge, The Dalles",-0.4349472530554734,-0.39592974381071244,0.030056917718864484,26,0.026377764392332102,1,0.4066088686048053,rec,Apr Y+2 - Jun Y+2
-8,4,-5,CUTI,0.42642447505674136,0.3979037116805964,0.49979197717383717,27,0.026551832695182832,0.9975,0.9993129776616922,pre,Apr Y-1 - Jul Y-1
11,1,11,"Columbia discharge, Beaver",-0.4262100511617124,-0.4281713293960434,-0.05852814246917727,27,0.026636176390307246,0.9975,0.9993129776616922,pre,Nov Y - Nov Y
27,1,27,BEUTI,0.43342515799394765,0.5024202553888919,0.3439830284565951,26,0.02696937888484288,1,0.4066088686048053,rec,Mar Y+2 - Mar Y+2
5,4,8,"Columbia discharge, The Dalles",0.43330297997725226,0.38474257448255705,-0.05602566708730381,26,0.027017328270360838,1,0.4066088686048053,rec,May Y - Aug Y
-9,3,-7,Wave energy Hs^2 (buoys),0.44170505678068595,0.2959739447638688,-0.22250313377777028,25,0.02706601143897324,1,0.4066088686048053,rec,Mar Y-1 - May Y-1
-11,4,-8,Storm hours Hs > 4 m (buoys),0.4328371095783294,0.41337812571528115,-0.1372709500522495,26,0.02720079344544849,0.995,0.9993129776616922,pre,Jan Y-1 - Apr Y-1
-10,4,-7,Wave energy Hs^2 (buoys),0.4412031044925037,0.28869233333033933,-0.23561985566835356,25,0.027261119196490397,1,0.4066088686048053,rec,Feb Y-1 - May Y-1
15,2,16,"Wind stress, alongshore (buoys)",0.45009946930487904,0.4563730095473825,0.09713656786805097,24,0.027315804706994955,1,0.4066088686048053,rec,Mar Y+1 - Apr Y+1
23,1,23,Willamette discharge,-0.43219654373582406,-0.4415599247125062,-0.11281953201353258,26,0.027454696259963014,1,0.4066088686048053,rec,Nov Y+1 - Nov Y+1
-10,4,-7,Storm hours Hs > 4 m (buoys),0.4403146203897387,0.26899393520902143,-0.2711905753646557,25,0.027609244164523816,1,0.4066088686048053,rec,Feb Y-1 - May Y-1
-11,3,-9,Storm hours Hs > 4 m (buoys),0.4308527126358925,0.41031210911619953,-0.14418408785511058,26,0.027993568979988247,0.9955,0.9993129776616922,pre,Jan Y-1 - Mar Y-1
-11,4,-8,"Wind stress, alongshore (buoys)",-0.4480531392000009,-0.30482756414375795,0.2181261291478457,24,0.028112014343025824,1,0.40727389538529224,rec,Jan Y-1 - Apr Y-1
15,1,15,"Wind stress, alongshore (buoys)",0.4479940646785916,0.4887980153210782,0.24425554178198958,24,0.028135272732467305,1,0.40727389538529224,rec,Mar Y+1 - Mar Y+1
24,4,27,"Columbia discharge, The Dalles",-0.4301397469812788,-0.45737793023331225,-0.17269523375758777,26,0.028282909401756404,1,0.40727389538529224,rec,Dec Y+1 - Mar Y+2
8,4,11,Willamette discharge,-0.4219920320991411,-0.42463572378501807,-0.19246843619121726,27,0.02833994645394791,0.9985,0.9993129776616922,pre,Aug Y - Nov Y
-7,2,-6,PDO,-0.42172003432890004,-0.42457140902212065,-0.1833390116027139,27,0.028452766797706336,0.9985,0.9993129776616922,pre,May Y-1 - Jun Y-1
10,4,13,Willamette discharge,-0.421598127549541,-0.4226647950911272,-0.23843199731581258,27,0.02850344942042027,0.9985,0.9993129776616922,pre,Oct Y - Jan Y+1
7,3,9,Wave energy Hs^2 (buoys),-0.4294576545958165,-0.4395158476663274,-0.1144448713858908,26,0.02856197172035502,1,0.4082681840027218,rec,Jul Y - Sep Y
-11,2,-10,Storm hours Hs > 4 m (buoys),0.42894835790771024,0.42377915833262797,-0.03238983117714989,26,0.02877178161454433,0.9965,0.9993129776616922,pre,Jan Y-1 - Feb Y-1
-8,4,-5,Storm hours Hs > 4 m (buoys),0.42837881126907135,0.36246968693769666,-0.10183089514543019,26,0.029007880329483843,1,0.4099658666872404,rec,Apr Y-1 - Jul Y-1
25,3,27,BEUTI,0.4281515686471606,0.5261950403525492,0.5202505491802061,26,0.02910251522779793,1,0.4099658666872404,rec,Jan Y+2 - Mar Y+2
-7,4,-4,BEUTI,0.41959519088964664,0.29688979662269455,0.8023064153836361,27,0.029346664054664972,0.999,0.9993129776616922,pre,May Y-1 - Aug Y-1
21,4,24,Willamette discharge,-0.42684017245090405,-0.46429859693493053,-0.20870559997762037,26,0.02965351096919286,1,0.4129249090601043,rec,Sep Y+1 - Dec Y+1
-7,1,-7,PDO,-0.41824290900310257,-0.42141938867663886,-0.16694043309154188,27,0.029927258224255314,0.9995,0.9993129776616922,pre,May Y-1 - May Y-1
24,3,26,BEUTI,0.42606045543123683,0.5212993785562274,0.49334125524446737,26,0.029985073747124853,1,0.4129249090601043,rec,Dec Y+1 - Feb Y+2
-1,4,2,"Wind stress, alongshore (buoys)",-0.4342957018226521,-0.31126830518521764,0.2695842036371488,25,0.030062782857372464,1,0.4129249090601043,rec,Nov Y-1 - Feb Y
13,3,15,"Wind stress, alongshore (buoys)",0.4428196551077474,0.5011022645149009,0.3395612084793615,24,0.030233084620195264,1,0.4129249090601043,rec,Jan Y+1 - Mar Y+1
5,3,7,"Columbia discharge, The Dalles",0.4244746996635506,0.38512545755792926,-0.03282503764715524,26,0.030668586623267356,1,0.4129249090601043,rec,May Y - Jul Y
22,3,24,Willamette discharge,-0.4244658160540142,-0.4581035618867799,-0.19394373451361,26,0.030672450695936413,1,0.4129249090601043,rec,Oct Y+1 - Dec Y+1
25,3,27,"Columbia discharge, Beaver",-0.42411365411594004,-0.40647001864623933,-0.028241262704687735,26,0.030825944623102307,1,0.4129249090601043,rec,Jan Y+2 - Mar Y+2
16,1,16,Wave energy Hs^2 (buoys),-0.4302479067528329,-0.36187526670575076,0.13134253976168142,25,0.031808891155904205,1,0.4129249090601043,rec,Apr Y+1 - Apr Y+1
29,2,30,"Columbia discharge, Beaver",-0.421822671666102,-0.36105314191122717,0.08988915723471674,26,0.03183961777211204,1,0.4129249090601043,rec,May Y+2 - Jun Y+2
1,4,4,"Columbia discharge, Beaver",0.42140470037048244,0.3839906241229455,-0.028087573310774144,26,0.03202740474782604,1,0.4129249090601043,rec,Jan Y - Apr Y
24,4,27,Willamette discharge,-0.42136465713088167,-0.4578056356901228,-0.20322976333851858,26,0.03204544196131459,1,0.4129249090601043,rec,Dec Y+1 - Mar Y+2
6,3,8,Storm hours Hs > 4 m (buoys),-0.412514107117426,-0.41416577860643755,-0.04870641697534737,27,0.032490459137372356,1,0.9993129776616922,pre,Jun Y - Aug Y
25,4,28,"Wind stress, alongshore (buoys)",0.4283086030394958,0.4877132749083676,0.3087106871401649,25,0.0326736980336822,1,0.4129249090601043,rec,Jan Y+2 - Apr Y+2
26,2,27,BEUTI,0.41996396455360463,0.5251400985739613,0.577313141172467,26,0.03268151698052057,1,0.4129249090601043,rec,Feb Y+2 - Mar Y+2
6,4,9,Wave energy Hs^2 (buoys),-0.4197779745135554,-0.4701714595951301,-0.25607777347060734,26,0.03276673297051373,1,0.4129249090601043,rec,Jun Y - Sep Y
-10,3,-8,Storm hours Hs > 4 m (buoys),0.4278316236957209,0.2633902598843206,-0.2612609610200902,25,0.0328892510815025,1,0.4129249090601043,rec,Feb Y-1 - Apr Y-1
27,2,28,Wave energy Hs^2 (buoys),-0.4189550794146509,-0.49910182884843235,-0.39110024768516227,26,0.03314590085006522,1,0.4129249090601043,rec,Mar Y+2 - Apr Y+2
28,1,28,CUTI,0.41885363573096906,0.4513933320998374,0.1883244956738487,26,0.033192885529508866,1,0.4129249090601043,rec,Apr Y+2 - Apr Y+2
22,3,24,Storm hours Hs > 4 m (buoys),-0.4181390286526139,-0.501351609119481,-0.407151537686298,26,0.03352537556366686,1,0.4129249090601043,rec,Oct Y+1 - Dec Y+1
11,2,12,"Columbia discharge, Beaver",-0.41020964518676145,-0.41364955577739837,-0.13719283634065008,27,0.03357001313485726,1,0.9993129776616922,pre,Nov Y - Dec Y
24,1,24,BEUTI,0.41770448098476337,0.45342032584264763,0.19945478982767395,26,0.033728859803885965,1,0.4129249090601043,rec,Dec Y+1 - Dec Y+1
-2,3,0,"SST anomaly (MUR, 5-beach mean)",-0.47538490371938863,-0.24254304274434738,0.34537317648383714,20,0.03414247826237034,0.9985,0.4129249090601043,rec,Oct Y-1 - Dec Y-1
11,3,13,Willamette discharge,-0.40871443628559606,-0.41032140654604604,-0.23483510026437376,27,0.03428572397614421,1,0.9993129776616922,pre,Nov Y - Jan Y+1
9,4,12,Wave energy Hs^2 (buoys),-0.4163406070022965,-0.48795961756604417,-0.34655124952268895,26,0.034373940334898496,1,0.4129249090601043,rec,Sep Y - Dec Y
23,3,25,CUTI,0.41614837032251295,0.49312077865786885,0.3726588484535216,26,0.034465651222083164,1,0.4129249090601043,rec,Nov Y+1 - Jan Y+2
28,2,29,Wave energy Hs^2 (buoys),-0.41599845034354466,-0.3741111677689764,0.0412135378603464,26,0.034537309580168755,1,0.4129249090601043,rec,Apr Y+2 - May Y+2
28,1,28,"Columbia discharge, The Dalles",-0.4158007129294283,-0.41798057114528914,-0.08634959647272437,26,0.03463200558924435,1,0.4129249090601043,rec,Apr Y+2 - Apr Y+2
-9,2,-8,BEUTI,0.4079776999551189,0.4114467657077255,0.1404717569157765,27,0.03464284741016436,1,0.9993129776616922,pre,Mar Y-1 - Apr Y-1
6,2,7,"Wind stress, alongshore (buoys)",-0.41553553026459844,-0.25584140558214163,0.3179420446092932,26,0.034759326484828865,1,0.4129249090601043,rec,Jun Y - Jul Y
26,4,29,"Wind stress, alongshore (buoys)",0.42326841901618295,0.4973103993783642,0.3831712678799864,25,0.035009319518594845,1,0.4129249090601043,rec,Feb Y+2 - May Y+2
21,4,24,Storm hours Hs > 4 m (buoys),-0.4149378916521981,-0.49202107601999434,-0.37241074494372445,26,0.03504763888627429,1,0.4129249090601043,rec,Sep Y+1 - Dec Y+1
-9,2,-8,CUTI,0.4071342004818189,0.40993538289761905,0.1988662336534934,27,0.03505537578578404,1,0.9993129776616922,pre,Mar Y-1 - Apr Y-1
-8,3,-6,Wave energy Hs^2 (buoys),0.4217846501982055,0.3738897887939504,-0.021019352636544943,25,0.03572163863243337,1,0.41614164809705273,rec,Apr Y-1 - Jun Y-1
5,2,6,"Columbia discharge, The Dalles",0.4135006898447573,0.3824694066020051,-0.011873136769279343,26,0.035748793843728296,1,0.41614164809705273,rec,May Y - Jun Y
20,4,23,Wave energy Hs^2 (buoys),-0.4125543151475452,-0.46960636390660027,-0.28025336939314727,26,0.03621657162742143,1,0.41749595654764954,rec,Aug Y+1 - Nov Y+1
21,4,24,CUTI,0.4122249814939017,0.46464964401905184,0.2612833924377721,26,0.03638049578612901,1,0.41749595654764954,rec,Sep Y+1 - Dec Y+1
2,3,4,"Columbia discharge, The Dalles",0.4119667947214005,0.35895741211534526,-0.07150524438425457,26,0.036509420068467295,1,0.41749595654764954,rec,Feb Y - Apr Y
14,2,15,"Wind stress, alongshore (buoys)",0.4278149676965608,0.4897612285644129,0.35283509044356903,24,0.03702967738968545,1,0.4181780191671371,rec,Feb Y+1 - Mar Y+1
8,1,8,"Columbia discharge, The Dalles",0.41085329324136227,0.2975012926788675,-0.21863417658900575,26,0.03706961899041578,1,0.4181780191671371,rec,Aug Y - Aug Y
-5,1,-5,SST anomaly (buoys),-0.40287506412460006,-0.3332496240183679,0.4485984781722082,27,0.03719885077281885,1,0.9993129776616922,pre,Jul Y-1 - Jul Y-1
-7,4,-4,SST anomaly (buoys),-0.402293359525225,-0.3444320678809233,0.40122251568003237,27,0.03749955267019683,1,0.9993129776616922,pre,May Y-1 - Aug Y-1
-7,1,-7,CUTI,0.4021545178939524,0.38712645917429106,0.43331374398693656,27,0.03757161044071593,1,0.9993129776616922,pre,May Y-1 - May Y-1
21,2,22,Willamette discharge,-0.4093233923406072,-0.37583099169535694,0.01945931003743739,26,0.037850448294914116,1,0.4181780191671371,rec,Sep Y+1 - Oct Y+1
23,4,26,Willamette discharge,-0.40918825545994336,-0.4538217822654448,-0.22984210082343637,26,0.03792004347481912,1,0.4181780191671371,rec,Nov Y+1 - Feb Y+2
19,4,22,Willamette discharge,-0.409052420775623,-0.4028473468129548,-0.059233772847032795,26,0.03799010057665633,1,0.4181780191671371,rec,Jul Y+1 - Oct Y+1
11,3,13,"Columbia discharge, Beaver",-0.4012975749491337,-0.40483093204623544,-0.15309898817011308,27,0.03801880709257255,1,0.9993129776616922,pre,Nov Y - Jan Y+1
-3,4,0,"SST anomaly (MUR, 5-beach mean)",-0.46646073930337717,-0.1393321639400135,0.4891845299468918,20,0.03815183762005613,1,0.4181780191671371,rec,Sep Y-1 - Dec Y-1
1,4,4,Willamette discharge,0.40839205001179735,0.2872414670530314,-0.23670564586190335,26,0.038332156913009785,1,0.4181780191671371,rec,Jan Y - Apr Y
16,3,18,Wave energy Hs^2 (buoys),-0.41610680661374744,-0.3865746967113027,0.023312245592842135,25,0.038554527941511575,1,0.4181780191671371,rec,Apr Y+1 - Jun Y+1
27,4,30,"Wind stress, alongshore (buoys)",0.41528921107479716,0.4708522882059546,0.28456411130528136,25,0.03897671815799463,1,0.4181780191671371,rec,Mar Y+2 - Jun Y+2
-10,3,-8,Wave energy Hs^2 (buoys),0.4152091314978013,0.2579459449969358,-0.2505967766122439,25,0.0390182657712283,1,0.4181780191671371,rec,Feb Y-1 - Apr Y-1
20,1,20,"Wind stress, alongshore (buoys)",-0.4068002672586288,-0.3947355252874436,-0.04129549006107507,26,0.039166732778533685,1,0.4181780191671371,rec,Aug Y+1 - Aug Y+1
12,2,13,Willamette discharge,-0.4064059330665296,-0.46549202013311936,-0.2860612564539674,26,0.039375697522676965,1,0.4181780191671371,rec,Dec Y - Jan Y+1
7,3,9,"Columbia discharge, The Dalles",0.406175117962867,0.3058572634384443,-0.1894996281937758,26,0.039498420736689833,1,0.4181780191671371,rec,Jul Y - Sep Y
12,4,15,CUTI,0.4059105732058712,0.503715362860534,0.48489747838293457,26,0.03963945113937604,1,0.4181780191671371,rec,Dec Y - Mar Y+1
8,4,11,Wave energy Hs^2 (buoys),-0.40535803349149857,-0.4563570258408641,-0.253016389304639,26,0.03993530274811917,1,0.4181780191671371,rec,Aug Y - Nov Y
8,2,9,"Columbia discharge, The Dalles",0.4047357575327741,0.2497073000814962,-0.31076426461794737,26,0.0402705890045929,1,0.4181780191671371,rec,Aug Y - Sep Y
27,4,30,Wave energy Hs^2 (buoys),-0.4041708836950436,-0.48467681848734157,-0.38240889053976007,26,0.040576876505845814,1,0.4181780191671371,rec,Mar Y+2 - Jun Y+2
-6,1,-6,PDO,-0.39646449237310355,-0.3996753121340405,-0.18995033110158221,27,0.04062106786584006,1,0.9993129776616922,pre,Jun Y-1 - Jun Y-1
23,4,26,BEUTI,0.4040169594335479,0.5102531990664004,0.5492393016366907,26,0.04066065719342019,1,0.4181780191671371,rec,Nov Y+1 - Feb Y+2
24,4,27,"Columbia discharge, Beaver",-0.40394687806366664,-0.4020601777655834,-0.07131226701231684,26,0.04069884776202088,1,0.4181780191671371,rec,Dec Y+1 - Mar Y+2
-8,1,-8,BEUTI,0.3962744642576078,0.39932302742722925,0.09337847265526977,27,0.04072620566562172,1,0.9993129776616922,pre,Apr Y-1 - Apr Y-1
-8,3,-6,SST anomaly (buoys),-0.41176508522827193,-0.38927228923746654,0.17965967246954795,25,0.0408385892288149,1,0.9993129776616922,pre,Apr Y-1 - Jun Y-1
26,2,27,Willamette discharge,-0.40363105289577617,-0.4102606558729276,-0.09768346808837922,26,0.04087130845769344,1,0.4181780191671371,rec,Feb Y+2 - Mar Y+2
10,4,13,"Columbia discharge, Beaver",-0.39582988357892646,-0.39803929213289163,-0.22865820540309914,27,0.04097302630242127,1,0.9993129776616922,pre,Oct Y - Jan Y+1
-11,1,-11,"Wind stress, alongshore (buoys)",-0.40277178203834973,-0.40175673883762303,-0.006192953490657931,26,0.041343458417431325,1,0.9993129776616922,pre,Jan Y-1 - Jan Y-1
28,1,28,BEUTI,0.4022591416790829,0.3882396595213866,0.034667033658390016,26,0.04162719403496328,1,0.42287961153812165,rec,Apr Y+2 - Apr Y+2
-8,4,-5,SST anomaly (buoys),-0.3945516769329158,-0.35596883070254975,0.3121419227052014,27,0.04168928462568133,1,0.9993129776616922,pre,Apr Y-1 - Jul Y-1
10,3,12,"Columbia discharge, Beaver",-0.39444862641067935,-0.3962846992934751,-0.23995032659945928,27,0.04174746056993631,1,0.9993129776616922,pre,Oct Y - Dec Y
20,3,22,Willamette discharge,-0.4020095629998835,-0.3900866119403805,-0.04078614235727103,26,0.041765887559320654,1,0.42287961153812165,rec,Aug Y+1 - Oct Y+1
7,2,8,"Columbia discharge, The Dalles",0.40050777941939536,0.32455354045617846,-0.13193123036340187,26,0.04260818702674524,1,0.42752262978436517,rec,Jul Y - Aug Y
-6,3,-4,Wave energy Hs^2 (buoys),-0.4004085778913057,-0.41226007648283997,-0.11358402341082315,26,0.04266429535913932,1,0.42752262978436517,rec,Jun Y-1 - Aug Y-1
-8,4,-5,Wave energy Hs^2 (buoys),0.3995346481756962,0.34528128820336507,-0.07694947436895544,26,0.043161118601827725,1,0.4302831515997595,rec,Apr Y-1 - Jul Y-1
-11,3,-9,"Wind stress, alongshore (buoys)",-0.4149208322747866,-0.2938073276560493,0.1814830204589239,24,0.04378912917732262,1,0.4322761921531782,rec,Jan Y-1 - Mar Y-1
25,3,27,Willamette discharge,-0.39841246487231213,-0.41725354946930754,-0.13586836750992848,26,0.04380576638589306,1,0.4322761921531782,rec,Jan Y+2 - Mar Y+2
15,2,16,Storm hours Hs > 4 m (buoys),-0.40555579474109865,-0.4709454646858748,-0.34299666379358684,25,0.04428947355907125,1,0.43484210403451773,rec,Mar Y+1 - Apr Y+1
-11,2,-10,"Wind stress, alongshore (buoys)",-0.4123820087623921,-0.2981622622902167,0.167986161575524,24,0.04522739844171615,1,0.4407546453079959,rec,Jan Y-1 - Feb Y-1
15,3,17,Storm hours Hs > 4 m (buoys),-0.40373260363799224,-0.4734136920801087,-0.3662544828810087,25,0.04534512811810657,1,0.4407546453079959,rec,Mar Y+1 - May Y+1
22,2,23,"Columbia discharge, Beaver",-0.3944794285436704,-0.40904386332704457,-0.12096622097856106,26,0.04612537277274162,1,0.44610808293636667,rec,Oct Y+1 - Nov Y+1
18,2,19,Wave energy Hs^2 (buoys),-0.393292454563111,-0.4886973943311504,-0.45520942325186153,26,0.04684409919124407,1,0.4486165180358828,rec,Jun Y+1 - Jul Y+1
11,3,13,Willamette discharge,-0.3932888876508494,-0.4508281720251482,-0.2742722436881574,26,0.046846272202306694,1,0.4486165180358828,rec,Nov Y - Jan Y+1
-9,4,-6,SST anomaly (buoys),-0.4009249494035735,-0.3833685494752196,0.14755263323090587,25,0.047009368486333,1,0.9993129776616922,pre,Mar Y-1 - Jun Y-1
-9,2,-8,Wave energy Hs^2 (buoys),0.4003442542642331,0.24644050135402262,-0.2475993398980553,25,0.047359480413540725,1,0.4513079898231528,rec,Mar Y-1 - Apr Y-1
8,4,11,Storm hours Hs > 4 m (buoys),-0.3920646514134917,-0.43423434944275424,-0.21504542138618518,26,0.047596792874105426,1,0.4513569041329802,rec,Aug Y - Nov Y
-11,3,-9,Wave energy Hs^2 (buoys),0.39104107115013814,0.36836909534054324,-0.1611509046764292,26,0.048231530819805093,1,0.9993129776616922,pre,Jan Y-1 - Mar Y-1
15,4,18,Storm hours Hs > 4 m (buoys),-0.3987258882643134,-0.4707412729959724,-0.3765022520062569,25,0.04834602053144866,1,0.45438410247814215,rec,Mar Y+1 - Jun Y+1
16,1,16,Storm hours Hs > 4 m (buoys),-0.3985378964125949,-0.3391584896551975,0.11211596308341404,25,0.04846165413040758,1,0.45438410247814215,rec,Apr Y+1 - Apr Y+1
-8,3,-6,PDO,-0.38304141778274237,-0.3865928296330513,-0.1848869936723098,27,0.04859664646537876,1,0.9993129776616922,pre,Apr Y-1 - Jun Y-1
29,2,30,"Columbia discharge, The Dalles",-0.39042425312726864,-0.33362440167916607,0.08518769093203736,26,0.04861722907173537,1,0.45438410247814215,rec,May Y+2 - Jun Y+2
1,4,4,Wave energy Hs^2 (buoys),0.3977401993393002,0.2943624585916357,-0.2297978117157815,25,0.04895472824823814,1,0.45534924265346866,rec,Jan Y - Apr Y
-7,2,-6,BEUTI,0.38199592559831447,0.3587745079622576,0.5041698076138611,27,0.04926619344739696,1,0.9993129776616922,pre,May Y-1 - Jun Y-1
23,2,24,CUTI,0.38850242085509884,0.47141395748193227,0.3837673122326664,26,0.04983450849088248,1,0.4587406456775828,rec,Nov Y+1 - Dec Y+1
-3,2,-2,SST anomaly (buoys),-0.3884965778312483,-0.2349048246708649,0.31154148775417895,26,0.04983824553939479,1,0.4587406456775828,rec,Sep Y-1 - Oct Y-1
7,2,8,Wave energy Hs^2 (buoys),-0.3808543812567861,-0.3841178159734388,-0.09897737867616888,27,0.05000552335798522,1,0.9993129776616922,pre,Jul Y - Aug Y
-2,3,0,SST anomaly (buoys),-0.3955498816187096,-0.20343112289888993,0.42795723335371055,25,0.050328821696123405,1,0.4587406456775828,rec,Oct Y-1 - Dec Y-1
-9,4,-6,Wave energy Hs^2 (buoys),0.39528318441574767,0.24583362938600664,-0.2401655775906501,25,0.050498171535116425,1,0.4587406456775828,rec,Mar Y-1 - Jun Y-1
23,3,25,Willamette discharge,-0.386578416983664,-0.4323658829293386,-0.22658495373974377,26,0.05107698234826247,1,0.4587406456775828,rec,Nov Y+1 - Jan Y+2
27,3,29,Wave energy Hs^2 (buoys),-0.3863558951621036,-0.46697707718968595,-0.37127841890618324,26,0.05122223269608013,1,0.4587406456775828,rec,Mar Y+2 - May Y+2
-8,1,-8,Wave energy Hs^2 (buoys),0.39401021399594083,0.36293868784237143,0.012255410204278224,25,0.051312637143644216,1,0.4587406456775828,rec,Apr Y-1 - Apr Y-1
-6,3,-4,SST anomaly (buoys),-0.37873661073720216,-0.3123273373378402,0.446116953023573,27,0.05140020010798987,1,0.9993129776616922,pre,Jun Y-1 - Aug Y-1
-11,1,-11,CUTI,-0.3860443933390901,-0.41060669413210904,-0.15182089340364502,26,0.05142610758305335,1,0.4587406456775828,rec,Jan Y-1 - Jan Y-1
27,3,29,CUTI,0.3859408809452073,0.48085169737039013,0.44519482638448477,26,0.05149399588977986,1,0.4587406456775828,rec,Mar Y+2 - May Y+2
7,1,7,Wave energy Hs^2 (buoys),-0.38556869549202316,-0.3887103220962826,-0.08293961745675914,26,0.05173867251851363,1,0.4587406456775828,rec,Jul Y - Jul Y
10,4,13,Willamette discharge,-0.3850306331753188,-0.44373235289177126,-0.2755902109484164,26,0.05209400505287595,1,0.4587406456775828,rec,Oct Y - Jan Y+1
6,1,6,"Wind stress, alongshore (buoys)",-0.3845121058914688,-0.3158751821637833,0.11652455373146735,26,0.05243824063609826,1,0.4587406456775828,rec,Jun Y - Jun Y
3,1,3,Willamette discharge,0.3842187350594204,0.29961211119617487,-0.15614377459405684,26,0.05263378772350098,1,0.4587406456775828,rec,Mar Y - Mar Y
7,1,7,"Columbia discharge, The Dalles",0.38414458462278667,0.3274565636143584,-0.08600975748011093,26,0.05268330304584024,1,0.4587406456775828,rec,Jul Y - Jul Y
-2,4,1,SST anomaly (buoys),-0.3916360859749225,-0.21775632821811286,0.39143230240655175,25,0.0528590044402153,1,0.4587406456775828,rec,Oct Y-1 - Jan Y
5,2,6,"Columbia discharge, Beaver",0.3819336473618913,0.3655376927885846,0.023886253744500385,26,0.05417650344304861,1,0.46233412459528206,rec,May Y - Jun Y
1,4,4,Storm hours Hs > 4 m (buoys),0.3893637898782082,0.3014081613154035,-0.19256851913100162,25,0.054372827223056974,1,0.46233412459528206,rec,Jan Y - Apr Y
5,3,7,"Columbia discharge, Beaver",0.3815760694528494,0.36191974911628855,0.014431759479531797,26,0.0544210731984788,1,0.46233412459528206,rec,May Y - Jul Y
-3,4,0,SST anomaly (buoys),-0.3809159417919723,-0.2554344023976194,0.25211745533180896,26,0.05487483827042355,1,0.46233412459528206,rec,Sep Y-1 - Dec Y-1
-7,3,-5,PDO,-0.3736102660342283,-0.3774670622387074,-0.17078316478395117,27,0.05490274191190451,1,0.9993129776616922,pre,May Y-1 - Jul Y-1
7,4,10,"Columbia discharge, The Dalles",0.3806563707330722,0.2566523197991347,-0.24886186414945305,26,0.05505407100360854,1,0.46233412459528206,rec,Jul Y - Oct Y
16,2,17,Wave energy Hs^2 (buoys),-0.38761942245790804,-0.3349316850271617,0.09527212328182248,25,0.055557656371754506,1,0.46233412459528206,rec,Apr Y+1 - May Y+1
10,3,12,Wave energy Hs^2 (buoys),-0.3798841334674289,-0.4504171592146076,-0.3221689377118228,26,0.05558999806880032,1,0.46233412459528206,rec,Oct Y - Dec Y
14,4,17,CUTI,0.3797149807670697,0.4955397046674888,0.5887303001055059,26,0.055707929850610814,1,0.46233412459528206,rec,Feb Y+1 - May Y+1
2,2,3,Willamette discharge,0.3796846768028641,0.2871650263005134,-0.17609437412041148,26,0.05572907808713479,1,0.46233412459528206,rec,Feb Y - Mar Y
27,4,30,BEUTI,0.3796704796062612,0.4705028940217801,0.41754142366680347,26,0.05573898804085387,1,0.46233412459528206,rec,Mar Y+2 - Jun Y+2
6,4,9,"Columbia discharge, The Dalles",0.37856619397533237,0.303473188746098,-0.13377428495112909,26,0.05651402047771342,1,0.46233412459528206,rec,Jun Y - Sep Y
9,4,12,"Columbia discharge, Beaver",-0.37108743357772844,-0.3706181902405241,-0.30495002026701473,27,0.056693623207310764,1,0.9993129776616922,pre,Sep Y - Dec Y
-5,4,-2,SST anomaly (buoys),-0.37768866734521417,-0.17979509454087564,0.4044541030327531,26,0.05713586638950431,1,0.46233412459528206,rec,Jul Y-1 - Oct Y-1
5,4,8,"Columbia discharge, Beaver",0.3771761880094457,0.352108027259725,-0.0017581443257660763,26,0.05750148181991245,1,0.46233412459528206,rec,May Y - Aug Y
-10,3,-8,"Wind stress, alongshore (buoys)",-0.392943986339713,-0.22477740547565292,0.2785595407479004,24,0.05750186332377072,1,0.46233412459528206,rec,Feb Y-1 - Apr Y-1
24,2,25,BEUTI,0.37703845749170173,0.420652826957135,0.21555932997971006,26,0.05760005174600209,1,0.46233412459528206,rec,Dec Y+1 - Jan Y+2
5,4,8,Wave energy Hs^2 (buoys),-0.3770293601493216,-0.4202385339833246,-0.21409151070696925,26,0.057606567086217426,1,0.46233412459528206,rec,May Y - Aug Y
1,2,2,Wave energy Hs^2 (buoys),0.3843709278645794,0.32960018465710417,-0.10427841016441676,25,0.05781750711361666,1,0.46233412459528206,rec,Jan Y - Feb Y
20,4,23,"Wind stress, alongshore (buoys)",0.37660608697003267,0.37687758591626963,0.07228896312003735,26,0.05791034135504771,1,0.46233412459528206,rec,Aug Y+1 - Nov Y+1
4,3,6,Willamette discharge,0.3764795490223741,0.36784682209313896,0.04555327526459261,26,0.058001396359333435,1,0.46233412459528206,rec,Apr Y - Jun Y
10,2,11,Storm hours Hs > 4 m (buoys),-0.37644039754336983,-0.4239787937176192,-0.22970395577925587,26,0.05802959177018972,1,0.46233412459528206,rec,Oct Y - Nov Y
9,3,11,Storm hours Hs > 4 m (buoys),-0.3746959767067979,-0.41808594025353973,-0.2140156733553285,26,0.05929670714748695,1,0.46984095022408306,rec,Sep Y - Nov Y
-2,2,-1,"SST anomaly (MUR, 5-beach mean)",-0.4284569443399159,-0.117580692766794,0.47702130225870065,20,0.059455181972800634,1,0.46984095022408306,rec,Oct Y-1 - Nov Y-1
-11,4,-8,Storm hours Hs > 4 m (buoys),0.38166906375564236,0.3049710789006257,-0.09374810692008799,25,0.059750814899223556,1,0.47026552293154084,rec,Jan Y-1 - Apr Y-1
-2,2,-1,SST anomaly (buoys),-0.3730793397083432,-0.2313052895712366,0.28977898531599655,26,0.06049008144064471,1,0.4731613143356221,rec,Oct Y-1 - Nov Y-1
6,3,8,"Columbia discharge, The Dalles",0.3726095469423155,0.311370744026725,-0.09981586996733925,26,0.06084034285143082,1,0.4731613143356221,rec,Jun Y - Aug Y
1,2,2,Storm hours Hs > 4 m (buoys),0.38016440277286717,0.3346766125265568,-0.07845372670234486,25,0.06084893445674153,1,0.4731613143356221,rec,Jan Y - Feb Y
14,1,14,BEUTI,0.3718488345520534,0.4937346749770507,0.6381361430099625,26,0.061410834975917816,1,0.47515062525228496,rec,Feb Y+1 - Feb Y+1
4,4,7,Willamette discharge,0.37150919765722684,0.36007409220782544,0.036346864983861214,26,0.061666877862318406,1,0.47515062525228496,rec,Apr Y - Jul Y
-2,4,1,"SST anomaly (MUR, 5-beach mean)",-0.4248946268032286,-0.2466166737420712,0.26609499285876653,20,0.061838018615652315,1,0.47515062525228496,rec,Oct Y-1 - Jan Y
24,2,25,CUTI,0.3706659101095946,0.41494211536546866,0.21595105076340426,26,0.0623061836752691,1,0.4753773681192957,rec,Dec Y+1 - Jan Y+2
12,3,14,CUTI,0.37059969397349773,0.4778652902690085,0.5042083064744348,26,0.06235659921317922,1,0.4753773681192957,rec,Dec Y - Feb Y+1
-11,4,-8,Wave energy Hs^2 (buoys),0.3704912640861103,0.3503936976435368,-0.14697208462481812,26,0.062439223552569235,1,0.9993129776616922,pre,Jan Y-1 - Apr Y-1
19,1,19,BEUTI,0.36978919800576876,0.49353916390368247,0.7668040151289387,26,0.06297625453606676,1,0.47822593288325693,rec,Jul Y+1 - Jul Y+1
21,4,24,"Wind stress, alongshore (buoys)",0.3692198161909968,0.39788233378813753,0.16126388413195855,26,0.063414408734934,1,0.479679418601991,rec,Sep Y+1 - Dec Y+1
23,2,24,Willamette discharge,-0.3685542684563493,-0.4136112682581227,-0.21810348606027047,26,0.06392954786580303,1,0.48170170950046937,rec,Nov Y+1 - Dec Y+1
1,4,4,"Columbia discharge, The Dalles",0.36801385488288807,0.30283703919981303,-0.1107159006422176,26,0.06435020547750162,1,0.48206339624759686,rec,Jan Y - Apr Y
23,1,23,SST anomaly (buoys),-0.3678559777176911,-0.2001151863749316,0.346242197330834,26,0.06447349949813538,1,0.48206339624759686,rec,Nov Y+1 - Nov Y+1
-3,3,-1,SST anomaly (buoys),-0.3666713971656263,-0.2145474646483718,0.313602513150304,26,0.06540442404510155,1,0.4869780011996774,rec,Sep Y-1 - Nov Y-1
2,3,4,Storm hours Hs > 4 m (buoys),0.37384531027678514,0.2378119963244458,-0.31246632421892584,25,0.06563180880366022,1,0.4869780011996774,rec,Feb Y - Apr Y
-8,2,-7,PDO,-0.3592313502015811,-0.3633079248302605,-0.17432228829930624,27,0.06572830313668078,1,0.9993129776616922,pre,Apr Y-1 - May Y-1
-8,4,-5,PDO,-0.3581641886672472,-0.36225036758171386,-0.17596111394805744,27,0.06659313987634817,1,0.9993129776616922,pre,Apr Y-1 - Jul Y-1
7,4,10,"SST anomaly (MUR, 5-beach mean)",0.3974676656957168,0.3637336336501014,0.6242350440701739,22,0.06698504128540134,1,0.9993129776616922,pre,Jul Y - Oct Y
-10,3,-8,BEUTI,0.35728861213454877,0.35324827072080534,0.3666969501811514,27,0.06730925853311791,1,0.9993129776616922,pre,Feb Y-1 - Apr Y-1
22,3,24,"Wind stress, alongshore (buoys)",0.37079478901511326,0.39982009844586147,0.16667291112811752,25,0.06804171898263539,1,0.5029395501986433,rec,Oct Y+1 - Dec Y+1
12,4,15,Willamette discharge,-0.3630488228774203,-0.4239067034027617,-0.27533885572618916,26,0.06831571564202525,1,0.5030520879094587,rec,Dec Y - Mar Y+1
-11,4,-8,Wave energy Hs^2 (buoys),0.36975190782327233,0.288532378925554,-0.10604759801322587,25,0.06888097249081972,1,0.503616897520249,rec,Jan Y-1 - Apr Y-1
23,1,23,"Wind stress, alongshore (buoys)",0.36212421619569884,0.4232490292951417,0.27601422183142205,26,0.06907450208348036,1,0.503616897520249,rec,Nov Y+1 - Nov Y+1
-1,4,2,Storm hours Hs > 4 m (buoys),0.3620088817927684,0.28137635001336675,-0.15053768335361958,26,0.0691696047520095,1,0.503616897520249,rec,Nov Y-1 - Feb Y
3,1,3,"Columbia discharge, The Dalles",0.3614149939140806,0.31129030196255786,-0.07285917863885924,26,0.06966090785665154,1,0.5053015107213827,rec,Mar Y - Mar Y
5,4,8,"SST anomaly (MUR, 5-beach mean)",0.3936506165341358,0.3816985974711884,0.5109437782006816,22,0.06989365465447629,1,0.9993129776616922,pre,May Y - Aug Y
-2,2,-1,SST anomaly (buoys),-0.351772060681739,-0.3242634971312935,0.2576823614220019,27,0.0719587748039707,1,0.9993129776616922,pre,Oct Y-1 - Nov Y-1
1,4,4,"Wind stress, alongshore (buoys)",-0.3736420152968144,-0.24507182382675932,0.2855560674755777,24,0.07209275468448917,1,0.5120266275615547,rec,Jan Y - Apr Y
1,3,3,Storm hours Hs > 4 m (buoys),0.3653543419468156,0.2685265824311933,-0.21955552397742273,25,0.07250741373729612,1,0.5120266275615547,rec,Jan Y - Mar Y
15,1,15,Wave energy Hs^2 (buoys),-0.3650210610191441,-0.4605957524458589,-0.5056631679103446,25,0.0727880806823882,1,0.5120266275615547,rec,Mar Y+1 - Mar Y+1
-8,2,-7,SST anomaly (buoys),-0.3648972398509971,-0.34185520439317946,0.18940508110300852,25,0.07289256560085287,1,0.9993129776616922,pre,Apr Y-1 - May Y-1
5,3,7,BEUTI,-0.3506846600968862,-0.20184576793793108,0.7177547480681923,27,0.07290369675411221,1,0.9993129776616922,pre,May Y - Jul Y
24,1,24,CUTI,0.3573804581312734,0.39963187191445326,0.20468783650754832,26,0.07306982509911285,1,0.5120266275615547,rec,Dec Y+1 - Dec Y+1
22,4,25,"Wind stress, alongshore (buoys)",0.35734111366614574,0.42162563753544535,0.2864586226342398,26,0.07310368568490762,1,0.5120266275615547,rec,Oct Y+1 - Jan Y+2
12,4,15,"Wind stress, alongshore (buoys)",0.3723303303758931,0.443241581612466,0.36983867573754403,24,0.07317788439942394,1,0.5120266275615547,rec,Dec Y - Mar Y+1
2,1,2,Storm hours Hs > 4 m (buoys),0.364409007833524,0.2634012286881359,-0.2302624638378476,25,0.07330566982913404,1,0.5120266275615547,rec,Feb Y - Feb Y
1,3,3,Wave energy Hs^2 (buoys),0.3638508215143679,0.24908684155156263,-0.26431031480384537,25,0.07378014954511909,1,0.5120266275615547,rec,Jan Y - Mar Y
-10,2,-9,Storm hours Hs > 4 m (buoys),0.3638280474871727,0.20239713859439273,-0.27071931053073356,25,0.0737995579382785,1,0.5120266275615547,rec,Feb Y-1 - Mar Y-1
9,3,11,Wave energy Hs^2 (buoys),-0.35593968831484457,-0.41349146132256853,-0.25996181262485196,26,0.0743176295853154,1,0.5120266275615547,rec,Sep Y - Nov Y
-3,2,-2,"Wind stress, alongshore (buoys)",0.349009758924788,0.34989908273738096,0.027720417550240354,27,0.07437774105168733,1,0.9993129776616922,pre,Sep Y-1 - Oct Y-1
16,2,17,Storm hours Hs > 4 m (buoys),-0.3630404438063367,-0.3459615317204009,-0.006459117220654043,25,0.07447316486866679,1,0.5120266275615547,rec,Apr Y+1 - May Y+1
-9,1,-9,Storm hours Hs > 4 m (buoys),0.36304007117592274,0.18894713486111497,-0.29506250974623255,25,0.07447348466993388,1,0.5120266275615547,rec,Mar Y-1 - Mar Y-1
1,2,2,"Wind stress, alongshore (buoys)",-0.3704911259275757,-0.2586643093379086,0.2467402261144331,24,0.07472027966288905,1,0.5120266275615547,rec,Jan Y - Feb Y
15,1,15,CUTI,0.35546539666972415,0.42345233205675475,0.30037027091185897,26,0.07473194192247597,1,0.5120266275615547,rec,Mar Y+1 - Mar Y+1
0,1,0,"SST anomaly (MUR, 5-beach mean)",-0.4072036116876246,-0.36153548664346713,0.016773627344382414,20,0.07475463746213208,1,0.5120266275615547,rec,Dec Y-1 - Dec Y-1
14,3,16,Wave energy Hs^2 (buoys),-0.3623029991737512,-0.43315500097133525,-0.34656768196049226,25,0.07510811011276977,1,0.5120266275615547,rec,Feb Y+1 - Apr Y+1
3,1,3,"Columbia discharge, Beaver",0.35503040307377837,0.33010403358303303,-0.005398419423493397,26,0.0751134754483673,1,0.5120266275615547,rec,Mar Y - Mar Y
-5,4,-2,SST anomaly (buoys),-0.3481226754973569,-0.28636561882083106,0.4400771207248738,27,0.07516764232095757,1,0.9993129776616922,pre,Jul Y-1 - Oct Y-1
9,4,12,Storm hours Hs > 4 m (buoys),-0.35478540195811703,-0.43309483650316666,-0.3428223366983398,26,0.07532902030998181,1,0.5120266275615547,rec,Sep Y - Dec Y
2,2,3,"Columbia discharge, Beaver",0.3540705681806708,0.3243329016187094,-0.01900444242303386,26,0.0759606104578387,1,0.5143338825967936,rec,Feb Y - Mar Y
6,2,7,"Columbia discharge, The Dalles",0.35324832178638493,0.3034613135060219,-0.07341920778093466,26,0.07669209425202514,1,0.5143338825967936,rec,Jun Y - Jul Y
11,4,14,Willamette discharge,-0.35321965219324925,-0.4188322187994076,-0.2899895740198265,26,0.07671769576151918,1,0.5143338825967936,rec,Nov Y - Feb Y+1
2,4,5,Storm hours Hs > 4 m (buoys),0.3604442875286518,0.21986534356548693,-0.32604098906042367,25,0.07672676232153813,1,0.5143338825967936,rec,Feb Y - May Y
11,1,11,SST anomaly (OISST),-0.34639059019391594,-0.3328343469338263,0.1526267987745947,27,0.07672847876747914,1,0.9993129776616922,pre,Nov Y - Nov Y
-9,1,-9,"Columbia discharge, Beaver",-0.3461627427742954,-0.34926120018255674,-0.08416829009862956,27,0.07693563020364692,1,0.9993129776616922,pre,Mar Y-1 - Mar Y-1
15,4,18,"Wind stress, alongshore (buoys)",0.3671385285694721,0.4120373921051472,0.23469537114676922,24,0.0775951804198065,1,0.5175421155785518,rec,Mar Y+1 - Jun Y+1
23,1,23,SST anomaly (OISST),-0.35173147834822005,-0.20129670654181472,0.31356774895336575,26,0.07805558476498245,1,0.5175421155785518,rec,Nov Y+1 - Nov Y+1
12,3,14,Willamette discharge,-0.35164680145692556,-0.4193320235964547,-0.29752665850852933,26,0.0781322413260517,1,0.5175421155785518,rec,Dec Y - Feb Y+1
19,3,21,"Wind stress, alongshore (buoys)",-0.35149450367731266,-0.3930326684852031,-0.20045485900863483,26,0.07827025822021308,1,0.5175421155785518,rec,Jul Y+1 - Sep Y+1
-7,4,-4,PDO,-0.34462144271386413,-0.34891642478619256,-0.18199713005142804,27,0.07834818042937637,1,0.9993129776616922,pre,May Y-1 - Aug Y-1
12,2,13,"Columbia discharge, Beaver",-0.3437210017791412,-0.34806559540856796,-0.17200650653886787,27,0.07918251920306582,1,0.9993129776616922,pre,Dec Y - Jan Y+1
-5,1,-5,BEUTI,0.34344721692209146,0.25281842635599266,0.7990431905360791,27,0.0794375444223138,1,0.9993129776616922,pre,Jul Y-1 - Jul Y-1
15,1,15,SST anomaly (OISST),-0.34949741167532533,-0.3496415679187086,-0.06640352132705973,26,0.08009731076081057,1,0.5230885365773082,rec,Mar Y+1 - Mar Y+1
9,1,9,"Columbia discharge, The Dalles",0.349432473700294,0.1453992154162044,-0.42478751993191377,26,0.08015725911549951,1,0.5230885365773082,rec,Sep Y - Sep Y
14,4,17,Wave energy Hs^2 (buoys),-0.35653000376977606,-0.42679955699093314,-0.3403588571276856,25,0.08022209587789768,1,0.5230885365773082,rec,Feb Y+1 - May Y+1
5,1,5,BEUTI,-0.34241989559191793,-0.2865635640553918,0.415974712653911,27,0.08040006348909366,1,0.9993129776616922,pre,May Y - May Y
-4,3,-2,SST anomaly (buoys),-0.34900306166368344,-0.18912740105230919,0.33448531539484744,26,0.0805545353441275,1,0.5230885365773082,rec,Aug Y-1 - Oct Y-1
20,1,20,"SST anomaly (MUR, 5-beach mean)",0.38056680475352045,0.5366835370956385,0.5156828368483709,22,0.08059227575744866,1,0.5230885365773082,rec,Aug Y+1 - Aug Y+1
13,2,14,BEUTI,0.3488208744091661,0.45641110777850075,0.48138766932064037,26,0.08072353959526361,1,0.5230885365773082,rec,Jan Y+1 - Feb Y+1
6,2,7,Storm hours Hs > 4 m (buoys),-0.34124612990082986,-0.34307664942240573,-0.04805644810999188,27,0.08151063970321516,1,0.9993129776616922,pre,Jun Y - Jul Y
6,1,6,Storm hours Hs > 4 m (buoys),-0.34083936960039496,-0.3424565102985937,-0.043053674009838054,27,0.0818982143866034,1,0.9993129776616922,pre,Jun Y - Jun Y
-4,4,-1,SST anomaly (buoys),-0.34727621547440324,-0.18546493668537217,0.339036759894588,26,0.08216727061374746,1,0.5306749969206812,rec,Aug Y-1 - Nov Y-1
26,2,27,"Wind stress, alongshore (buoys)",0.35378996355516373,0.4283511880162201,0.3420851380340002,25,0.08273973955626292,1,0.5326028268125004,rec,Feb Y+2 - Mar Y+2
-9,1,-9,"Columbia discharge, The Dalles",-0.33918507577590157,-0.34349852877051434,-0.1945165263017212,27,0.08348894513339133,1,0.9993129776616922,pre,Mar Y-1 - Mar Y-1
2,3,4,Wave energy Hs^2 (buoys),0.35262535296914505,0.20689678631611494,-0.3397240530047417,25,0.08382772836602329,1,0.5342876727377266,rec,Feb Y - Apr Y
23,3,25,BEUTI,0.3453835811307216,0.41630709081658,0.3077302694888179,26,0.08396284676276582,1,0.5342876727377266,rec,Nov Y+1 - Jan Y+2
-9,4,-6,PDO,-0.33867184515408133,-0.34262635573193667,-0.22178178803416657,27,0.08398719608318359,1,0.9993129776616922,pre,Mar Y-1 - Jun Y-1
5,4,8,Storm hours Hs > 4 m (buoys),-0.3452215061809469,-0.38532675053893956,-0.19368376399574178,26,0.08411798033391882,1,0.5342876727377266,rec,May Y - Aug Y
22,1,22,"Columbia discharge, Beaver",-0.3450191377086371,-0.40980552425477496,-0.2834394313704006,26,0.08431198630576342,1,0.5342876727377266,rec,Oct Y+1 - Oct Y+1
23,2,24,BEUTI,0.34487629938488823,0.42715098194274337,0.3546163338171295,26,0.08444912590495215,1,0.5342876727377266,rec,Nov Y+1 - Dec Y+1
-10,3,-8,CUTI,0.3381203235453393,0.32869635822501986,0.4410561661238966,27,0.0845251342814906,1,0.9993129776616922,pre,Feb Y-1 - Apr Y-1
-1,2,0,"SST anomaly (MUR, 5-beach mean)",-0.39514011094260804,-0.2639097212942448,0.1878193761353045,20,0.08465051605103899,1,0.5342876727377266,rec,Nov Y-1 - Dec Y-1
23,1,23,"Columbia discharge, Beaver",-0.3441821894031337,-0.3204235313450207,0.004092492960198198,26,0.0851179486716345,1,0.5354993275652344,rec,Nov Y+1 - Nov Y+1
8,1,8,Wave energy Hs^2 (buoys),-0.3374615698821071,-0.33545852070177773,0.02292015043158465,27,0.08517108648186286,1,0.9993129776616922,pre,Aug Y - Aug Y
10,2,11,"Columbia discharge, Beaver",-0.3367860735872611,-0.34032970231775406,-0.24282749518229346,27,0.08583733775226669,1,0.9993129776616922,pre,Oct Y - Nov Y
-1,4,2,Wave energy Hs^2 (buoys),0.3432256634993366,0.2572305884193021,-0.1672453029531718,26,0.08604618343972584,1,0.5366540970666472,rec,Nov Y-1 - Feb Y
13,2,14,"Wind stress, alongshore (buoys)",0.3577593365901226,0.4238646362508673,0.3337909875553294,24,0.08608304759359117,1,0.5366540970666472,rec,Jan Y+1 - Feb Y+1
2,2,3,Storm hours Hs > 4 m (buoys),0.3501984100584555,0.19559467810045997,-0.3604255644955019,25,0.08612966989958536,1,0.5366540970666472,rec,Feb Y - Mar Y
12,1,12,Willamette discharge,-0.34267452372030166,-0.38591843179210505,-0.2038113870757955,26,0.08658448497841989,1,0.5377643412078219,rec,Dec Y - Dec Y
-11,3,-9,CUTI,-0.3423859899959422,-0.23114011775083373,0.2277119498770638,26,0.08686731019023604,1,0.537802710222353,rec,Jan Y-1 - Mar Y-1
-2,1,-2,"Wind stress, alongshore (buoys)",0.3351678417264506,0.3382741842001425,0.08253000711691787,27,0.0874494877007235,1,0.9993129776616922,pre,Oct Y-1 - Oct Y-1
15,1,15,Storm hours Hs > 4 m (buoys),-0.34820949642562243,-0.437902128292438,-0.44306824872029865,25,0.08805138927434938,1,0.5426887407110697,rec,Mar Y+1 - Mar Y+1
15,1,15,"SST anomaly (MUR, 5-beach mean)",-0.3808855039685126,-0.4561340520528035,-0.27580339782180413,21,0.0884823098409698,1,0.5426887407110697,rec,Mar Y+1 - Mar Y+1
14,2,15,"SST anomaly (MUR, 5-beach mean)",-0.3804801210710235,-0.43168418527991004,-0.20859699511465335,21,0.08885004109351424,1,0.5426887407110697,rec,Feb Y+1 - Mar Y+1
2,4,5,Wave energy Hs^2 (buoys),0.3471883083522087,0.21250384053402968,-0.31548039778960035,25,0.08905051850254622,1,0.5426887407110697,rec,Feb Y - May Y
-11,1,-11,"Wind stress, alongshore (buoys)",-0.3470277115253693,-0.3241746898785748,-0.021479079463321303,25,0.08920841820756147,1,0.5426887407110697,rec,Jan Y-1 - Jan Y-1
12,1,12,"Columbia discharge, Beaver",-0.33324917025484163,-0.33776259116764323,-0.1675451868636246,27,0.08939052607256417,1,0.9993129776616922,pre,Dec Y - Dec Y
6,3,8,"SST anomaly (MUR, 5-beach mean)",0.37984817146075206,0.389446945038023,0.47431248228838296,21,0.08942554855593285,1,0.9993129776616922,pre,Jun Y - Aug Y
8,3,10,"Columbia discharge, The Dalles",0.33943193355733636,0.15561780357144547,-0.3870528235486338,26,0.08980320155630149,1,0.5426887407110697,rec,Aug Y - Oct Y
10,3,12,Storm hours Hs > 4 m (buoys),-0.33931476937780913,-0.41809283779841094,-0.33693105811671936,26,0.08992116654160578,1,0.5426887407110697,rec,Oct Y - Dec Y
8,3,10,"SST anomaly (MUR, 5-beach mean)",0.37010012100359996,0.3408680739918939,0.6315717191166567,22,0.08999841543399785,1,0.9993129776616922,pre,Aug Y - Oct Y
25,3,27,"Wind stress, alongshore (buoys)",0.3458610064870886,0.4208321813758337,0.3397957828745118,25,0.09036185063268792,1,0.5426887407110697,rec,Jan Y+2 - Mar Y+2
26,1,26,"Columbia discharge, The Dalles",-0.33871240878512754,-0.33958714003663504,-0.06643154112137185,26,0.09052948720808963,1,0.5426887407110697,rec,Feb Y+2 - Feb Y+2
16,4,19,Storm hours Hs > 4 m (buoys),-0.33870706288613256,-0.3233864319880153,-0.018883706541986883,26,0.09053489983253088,1,0.5426887407110697,rec,Apr Y+1 - Jul Y+1
-7,2,-6,SST anomaly (buoys),-0.3320952339438198,-0.31895435791937043,0.15057857425146517,27,0.0905734872820961,1,0.9993129776616922,pre,May Y-1 - Jun Y-1
11,2,12,Wave energy Hs^2 (buoys),-0.33851720608029645,-0.41278531369660115,-0.3180884727535417,26,0.09072728432669633,1,0.5426887407110697,rec,Nov Y - Dec Y
5,4,8,BEUTI,-0.33156525786176777,-0.15110952013047022,0.801535326766195,27,0.09112073649762545,1,0.9993129776616922,pre,May Y - Aug Y
24,3,26,Willamette discharge,-0.3379267097099589,-0.3885009368022911,-0.22819101690222937,26,0.09132760889934782,1,0.5446039009212643,rec,Dec Y+1 - Feb Y+2
-2,1,-2,SST anomaly (OISST),-0.3371357963527722,-0.1720603114704944,0.34858364394660907,26,0.09213636040924807,1,0.5465875985379399,rec,Oct Y-1 - Oct Y-1
-10,4,-7,Storm hours Hs > 4 m (buoys),0.33695071836731694,0.2917382338524736,-0.29312108213366256,26,0.09232638728480672,1,0.9993129776616922,pre,Feb Y-1 - May Y-1
-9,3,-7,SST anomaly (buoys),-0.34384791923305374,-0.3281012827427644,0.13982153300225864,25,0.09237830081587141,1,0.9993129776616922,pre,Mar Y-1 - May Y-1
-10,2,-9,"Wind stress, alongshore (buoys)",-0.351056381822406,-0.21135898456942653,0.23306991698591548,24,0.09256328186079635,1,0.5465875985379399,rec,Feb Y-1 - Mar Y-1
14,2,15,SST anomaly (OISST),-0.3365385466044608,-0.33575886739118366,-0.06104370142345471,26,0.092750638296436,1,0.5465875985379399,rec,Feb Y+1 - Mar Y+1
-6,2,-5,PDO,-0.32952926145056033,-0.33409222512178915,-0.1644679584470409,27,0.09324630920551312,1,0.9993129776616922,pre,Jun Y-1 - Jul Y-1
13,3,15,BEUTI,0.3359399824832567,0.4431615482073125,0.46683868595639183,26,0.0933693490707521,1,0.5465875985379399,rec,Jan Y+1 - Mar Y+1
11,1,11,Storm hours Hs > 4 m (buoys),-0.33572862239389795,-0.3915374771990226,-0.24634843285529467,26,0.09358856164692574,1,0.5465875985379399,rec,Nov Y - Nov Y
16,1,16,"Columbia discharge, The Dalles",-0.3288656518483632,-0.3302973031855562,-0.0382361897522376,27,0.09394711806346144,1,0.9993129776616922,pre,Apr Y+1 - Apr Y+1
-2,2,-1,SST anomaly (OISST),-0.3288024849287847,-0.29751523462439644,0.2879938386679775,27,0.0940140318397196,1,0.9993129776616922,pre,Oct Y-1 - Nov Y-1
-1,1,-1,Wave energy Hs^2 (buoys),0.33530314695386476,0.2848413360436739,-0.07840077213421934,26,0.0940310155024252,1,0.5465875985379399,rec,Nov Y-1 - Nov Y-1
-11,2,-10,"Wind stress, alongshore (buoys)",-0.34211881001672645,-0.3182084838168782,0.1985024786733234,25,0.09413704534840506,1,0.9993129776616922,pre,Jan Y-1 - Feb Y-1
-1,1,-1,Storm hours Hs > 4 m (buoys),0.33486950542704813,0.2902274017668849,-0.06301510276312164,26,0.09448357409516106,1,0.5465875985379399,rec,Nov Y-1 - Nov Y-1
-3,2,-2,CUTI,0.32828809739129633,0.3303172197794785,0.05190254198427325,27,0.09456026670919204,1,0.9993129776616922,pre,Sep Y-1 - Oct Y-1
17,3,19,Wave energy Hs^2 (buoys),-0.33466023337147605,-0.4313905114288792,-0.41344952974658183,26,0.09470255877729308,1,0.5465875985379399,rec,May Y+1 - Jul Y+1
2,1,2,Wave energy Hs^2 (buoys),0.34156712108303433,0.24013724714726625,-0.23577290092351244,25,0.09470342437785652,1,0.5465875985379399,rec,Feb Y - Feb Y
8,2,9,Wave energy Hs^2 (buoys),-0.33464518487242817,-0.34557854860049175,-0.09621346204859653,26,0.09471832035148281,1,0.5465875985379399,rec,Aug Y - Sep Y
10,2,11,Wave energy Hs^2 (buoys),-0.3346119881382539,-0.3902110123341048,-0.2452044070863167,26,0.09475309707164904,1,0.5465875985379399,rec,Oct Y - Nov Y
11,2,12,SST anomaly (buoys),-0.3344169623774472,-0.32927313292046567,0.22056445880653885,26,0.09495759834631431,1,0.9993129776616922,pre,Nov Y - Dec Y
14,2,15,BEUTI,0.3340214973524094,0.4556878831297273,0.5501579435423498,26,0.09537329272058123,1,0.5471510485676687,rec,Feb Y+1 - Mar Y+1
16,3,18,Storm hours Hs > 4 m (buoys),-0.34080784905550715,-0.33158783325487423,-0.027655527682486112,25,0.09548707347661682,1,0.5471510485676687,rec,Apr Y+1 - Jun Y+1
2,1,2,PDO,-0.3336299980333052,-0.38332902187730844,-0.22372047569431627,26,0.09578616007090265,1,0.5471510485676687,rec,Feb Y - Feb Y
-5,1,-5,Storm hours Hs > 4 m (buoys),0.33344984159377206,0.22416886576207498,-0.22497833948763227,26,0.09597659853990484,1,0.5471510485676687,rec,Jul Y-1 - Jul Y-1
-3,2,-2,Storm hours Hs > 4 m (buoys),-0.32638777221933807,-0.32159750900693507,0.061814946864300446,27,0.09659895510018518,1,0.9993129776616922,pre,Sep Y-1 - Oct Y-1
22,3,24,Wave energy Hs^2 (buoys),-0.3326519789142551,-0.4293024493443791,-0.41167697114028534,26,0.09682340718768406,1,0.5502398610255367,rec,Oct Y+1 - Dec Y+1
28,1,28,"Wind stress, alongshore (buoys)",0.33908765160818954,0.2787729607391923,-0.11452198356127147,25,0.09728040234602715,1,0.5502398610255367,rec,Apr Y+2 - Apr Y+2
-9,4,-6,Storm hours Hs > 4 m (buoys),0.33208998346466423,0.28817142969931925,-0.28780526895551367,26,0.09742322612368567,1,0.9993129776616922,pre,Mar Y-1 - Jun Y-1
3,1,3,SST anomaly (buoys),-0.3459293437962813,-0.30131085977198935,0.07557938633589435,24,0.09776059501257368,1,0.5502398610255367,rec,Mar Y - Mar Y
1,2,2,PDO,-0.3314583744927265,-0.3811854852471381,-0.22314069112249024,26,0.09810065533685326,1,0.5502398610255367,rec,Jan Y - Feb Y
-1,1,-1,BEUTI,-0.324913011417269,-0.2834150165673852,0.3499288114419052,27,0.09820369142712781,1,0.9993129776616922,pre,Nov Y-1 - Nov Y-1
2,4,5,"Wind stress, alongshore (buoys)",-0.34548945943246523,-0.17379280958527676,0.3886322660223127,24,0.0982163970232335,1,0.5502398610255367,rec,Feb Y - May Y
-7,1,-7,CUTI,0.33132501209335424,0.4473277412260759,0.5110927108489385,26,0.09824414156522339,1,0.5502398610255367,rec,May Y-1 - May Y-1
23,2,24,Storm hours Hs > 4 m (buoys),-0.33068042698420824,-0.4268670456781298,-0.40816750545649627,26,0.09893987019351867,1,0.5502398610255367,rec,Nov Y+1 - Dec Y+1
28,2,29,Willamette discharge,-0.33061924872086046,-0.2847017730716009,0.067179296724937207,26,0.09900609321260871,1,0.5502398610255367,rec,Apr Y+2 - May Y+2
6,1,6,CUTI,-0.33036779646330905,-0.22686425560765364,0.2119768519448116,26,0.09927862784141177,1,0.5502398610255367,rec,Jun Y - Jun Y
4,4,7,"Wind stress, alongshore (buoys)",-0.3371326571174246,-0.18332015102110086,0.31611293368274,25,0.09934886379627746,1,0.5502398610255367,rec,Apr Y - Jul Y
-4,3,-2,Storm hours Hs > 4 m (buoys),-0.32380095725646885,-0.31899176087021663,0.06217538248157837,27,0.0994269046792651,1,0.9993129776616922,pre,Aug Y-1 - Oct Y-1
22,4,25,BEUTI,0.32984551558916503,0.4089215271973331,0.33352031015250466,26,0.09984648722920961,1,0.5514249181067712,rec,Oct Y+1 - Jan Y+2
-5,4,-2,Storm hours Hs > 4 m (buoys),-0.3233597875743928,-0.31859020994807813,0.061690713353031404,27,0.09991531973153843,1,0.9993129776616922,pre,Jul Y-1 - Oct Y-1
14,4,17,BEUTI,0.3288730631879689,0.4470475554348778,0.5211074922547718,26,0.10091025594614103,1,0.5557210695730826,rec,Feb Y+1 - May Y+1
-10,1,-10,Wave energy Hs^2 (buoys),0.3288509724686585,0.30029948861985517,-0.20445835705411697,26,0.10093451879059373,1,0.9993129776616922,pre,Feb Y-1 - Feb Y-1
-10,4,-7,"Wind stress, alongshore (buoys)",-0.3425811072696946,-0.13380833500182418,0.36716385487850295,24,0.10126978043579966,1,0.5561255739186286,rec,Feb Y-1 - May Y-1
19,2,20,"Wind stress, alongshore (buoys)",-0.327796905796529,-0.21062259415133047,0.24458448090202692,26,0.10209729044631212,1,0.5566881309139204,rec,Jul Y+1 - Aug Y+1
-2,1,-2,"SST anomaly (MUR, 5-beach mean)",-0.37612950485367086,-0.10879069249585764,0.4257550527834679,20,0.10216205056103565,1,0.5566881309139204,rec,Oct Y-1 - Oct Y-1
-4,4,-1,"SST anomaly (MUR, 5-beach mean)",-0.376059232928332,0.02682453079645784,0.6244289085295447,20,0.10223130799190822,1,0.5566881309139204,rec,Aug Y-1 - Nov Y-1
-4,3,-2,PDO,-0.32647017693807623,-0.3262221049199718,-0.06063096712706392,26,0.10357498583850878,1,0.5612385880824886,rec,Aug Y-1 - Oct Y-1
-11,1,-11,CUTI,-0.31993219484086405,-0.32231488340003883,-0.06000228140732879,27,0.10377132793730376,1,0.9993129776616922,pre,Jan Y-1 - Jan Y-1
1,3,3,PDO,-0.32609453812948325,-0.37979904797736624,-0.2355509634902495,26,0.10399624239224203,1,0.5612385880824886,rec,Jan Y - Mar Y
14,3,16,"SST anomaly (MUR, 5-beach mean)",-0.3641822946894507,-0.40534583842256516,-0.17746632484538702,21,0.1045891236788045,1,0.5612385880824886,rec,Feb Y+1 - Apr Y+1
0,4,3,PDO,-0.3255336860671352,-0.3713414702334708,-0.20765947633485568,26,0.10462757300206442,1,0.5612385880824886,rec,Dec Y-1 - Mar Y
1,3,3,"Wind stress, alongshore (buoys)",-0.3394181772988654,-0.21011271872609136,0.2948863085077748,24,0.1046696028984327,1,0.5612385880824886,rec,Jan Y - Mar Y
0,3,2,PDO,-0.3253816704655961,-0.3655516894362166,-0.18835237978611383,26,0.10479918079935358,1,0.5612385880824886,rec,Dec Y-1 - Feb Y
-9,3,-7,Storm hours Hs > 4 m (buoys),0.32535417620161844,0.28264266540834404,-0.28323037654842786,26,0.1048302409137626,1,0.9993129776616922,pre,Mar Y-1 - May Y-1
22,2,23,CUTI,0.3250954052237208,0.3990234895981347,0.3107425119226913,26,0.10512290812331936,1,0.5614256411860792,rec,Oct Y+1 - Nov Y+1
11,4,14,Willamette discharge,-0.31838194719619434,-0.3225201777169192,-0.24219639898327153,27,0.1055513298485954,1,0.9993129776616922,pre,Nov Y - Feb Y+1
3,1,3,SST anomaly (OISST),-0.32447437020155934,-0.29772424171628287,0.016043396796744314,26,0.10582776691992338,1,0.5636415860063865,rec,Mar Y - Mar Y
-10,1,-10,SST anomaly (OISST),0.324185396663115,0.3029124827902618,-7.404170050818509e-4,26,0.10615693749681505,1,0.5638499630978373,rec,Feb Y-1 - Feb Y-1
-6,1,-6,Storm hours Hs > 4 m (buoys),-0.32334402275238033,-0.30675900230171393,-0.012408221515502079,26,0.1071196741025862,1,0.567105650631095,rec,Jun Y-1 - Jun Y-1
-3,3,-1,"SST anomaly (MUR, 5-beach mean)",-0.37095527602120243,-0.006729924390667439,0.5729112750775112,20,0.10735333304127724,1,0.567105650631095,rec,Sep Y-1 - Nov Y-1
-10,2,-9,Storm hours Hs > 4 m (buoys),0.3228538324550138,0.2758456534014491,-0.3054554318185586,26,0.10768354626683997,1,0.9993129776616922,pre,Feb Y-1 - Mar Y-1
11,2,12,Willamette discharge,-0.3227238652374209,-0.36554070238624053,-0.19659130343700745,26,0.10783341733532212,1,0.567910696065247,rec,Nov Y - Dec Y
20,2,21,"Wind stress, alongshore (buoys)",-0.3225016697862013,-0.4079451228586914,-0.3561146118581443,26,0.10808999873669825,1,0.567910696065247,rec,Aug Y+1 - Sep Y+1
-3,2,-2,PDO,-0.32140056025106783,-0.31347015573225145,-0.03700603340794814,26,0.10936818673666167,1,0.5722162298932404,rec,Sep Y-1 - Oct Y-1
-10,3,-8,Storm hours Hs > 4 m (buoys),0.3213363816558835,0.27885318220697597,-0.2829813086963271,26,0.10944302970416912,1,0.9993129776616922,pre,Feb Y-1 - Apr Y-1
-2,1,-2,"SST anomaly (MUR, 5-beach mean)",-0.35950458089426196,-0.2367696464761434,0.4241167096721222,21,0.10946004461683607,1,0.9993129776616922,pre,Oct Y-1 - Oct Y-1
7,1,7,"Columbia discharge, Beaver",0.3212891212513966,0.29527441317880887,-0.014569937871129202,26,0.1094981674487065,1,0.5722162298932404,rec,Jul Y - Jul Y
5,4,8,Storm hours Hs > 4 m (buoys),-0.3147809347082778,-0.31947557112685265,-0.21263774978010372,27,0.10977361591936433,1,0.9993129776616922,pre,May Y - Aug Y
22,3,24,BEUTI,0.3200246802715855,0.4163295978322527,0.4016687030429456,26,0.11098100464751187,1,0.575355537296438,rec,Oct Y+1 - Dec Y+1
28,3,30,Willamette discharge,-0.3200133995075676,-0.28797665309543075,0.03147897609550468,26,0.11099430025019795,1,0.575355537296438,rec,Apr Y+2 - Jun Y+2
14,3,16,SST anomaly (OISST),-0.3196694465286715,-0.30366601103122365,-0.013387889473187819,26,0.1114002511408233,1,0.575355537296438,rec,Feb Y+1 - Apr Y+1
13,4,16,BEUTI,0.319558323896993,0.4206573443866386,0.4232712346626155,26,0.11153163775404344,1,0.575355537296438,rec,Jan Y+1 - Apr Y+1
8,4,11,"Columbia discharge, The Dalles",0.31951852419128574,0.15678526975018756,-0.3482245279612908,26,0.11157872302508082,1,0.575355537296438,rec,Aug Y - Nov Y
-11,3,-9,Storm hours Hs > 4 m (buoys),0.3255181707560342,0.25601416798409615,-0.08978656581351062,25,0.11231773303941235,1,0.5772693817422946,rec,Jan Y-1 - Mar Y-1
-7,3,-5,CUTI,0.3121702488479593,0.29482366345118555,0.5328940802787606,27,0.11291212813183277,1,0.9993129776616922,pre,May Y-1 - Jul Y-1
-6,2,-5,Storm hours Hs > 4 m (buoys),-0.31799420296478426,-0.3031741616441554,-0.016460961046994033,26,0.11339314450822471,1,0.5772693817422946,rec,Jun Y-1 - Jul Y-1
3,1,3,"SST anomaly (MUR, 5-beach mean)",-0.3649957298752655,-0.4142912723737163,-0.1897465423592125,20,0.11356592405158866,1,0.5772693817422946,rec,Mar Y - Mar Y
2,1,2,PDO,-0.31156489735139786,-0.3150004277732412,-0.2782416266142815,27,0.11364925009332016,1,0.9993129776616922,pre,Feb Y - Feb Y
2,3,4,"Wind stress, alongshore (buoys)",-0.3311771516204399,-0.19177755040442185,0.32032373951341264,24,0.11392270985995953,1,0.5772693817422946,rec,Feb Y - Apr Y
13,1,13,CUTI,0.31751161332700223,0.3238261799734273,0.07852527434680905,26,0.11397208463212863,1,0.5772693817422946,rec,Jan Y+1 - Jan Y+1
0,4,3,SST anomaly (buoys),-0.3241036822562054,-0.2567991904556044,0.14898680714440435,25,0.1139783446463313,1,0.5772693817422946,rec,Dec Y-1 - Mar Y
-6,3,-4,Storm hours Hs > 4 m (buoys),-0.31699994031681344,-0.29875747025230603,-0.006519174468493216,26,0.11458828981517935,1,0.5772693817422946,rec,Jun Y-1 - Aug Y-1
0,4,3,"Wind stress, alongshore (buoys)",-0.3304555731851263,-0.1896617149663503,0.32371623500822394,24,0.1147605018177627,1,0.5772693817422946,rec,Dec Y-1 - Mar Y
1,3,3,"Columbia discharge, Beaver",0.3167496692225932,0.2652119512818108,-0.08456353691498734,26,0.11489058172618766,1,0.5772693817422946,rec,Jan Y - Mar Y
12,1,12,Willamette discharge,-0.310429806779297,-0.3153539697263276,-0.18284214024313586,27,0.11504099822704209,1,0.9993129776616922,pre,Dec Y - Dec Y
10,2,11,SST anomaly (buoys),-0.3166213781583986,-0.21323727563746864,0.2145166748834063,26,0.1150457664649271,1,0.5772693817422946,rec,Oct Y - Nov Y
2,2,3,PDO,-0.3164772865328943,-0.3713888069438156,-0.2367225100196485,26,0.11522024790689922,1,0.5772693817422946,rec,Feb Y - Mar Y
1,1,1,PDO,-0.3162356646783661,-0.36471932897615605,-0.21414747262029818,26,0.11551326620254763,1,0.5772693817422946,rec,Jan Y - Jan Y
22,3,24,"Columbia discharge, Beaver",-0.3156619008302173,-0.3518224267682237,-0.17234626571566136,26,0.11621127375200963,1,0.578368263532496,rec,Oct Y+1 - Dec Y+1
5,1,5,"Wind stress, alongshore (buoys)",-0.3221887193655155,-0.25820752846677686,0.42892490113110426,25,0.11625514802987195,1,0.9993129776616922,pre,May Y - May Y
-9,1,-9,Storm hours Hs > 4 m (buoys),0.3155898998079287,0.26547468555006287,-0.3225839270668044,26,0.11629908447081062,1,0.9993129776616922,pre,Mar Y-1 - Mar Y-1
-7,1,-7,Wave energy Hs^2 (buoys),0.30927605666979185,0.3123137216707662,0.07657506917436965,27,0.11646847451013508,1,0.9993129776616922,pre,May Y-1 - May Y-1
14,3,16,BEUTI,0.31484320738270893,0.43020269927778026,0.49001097839588115,26,0.1172126103352703,1,0.578368263532496,rec,Feb Y+1 - Apr Y+1
2,2,3,SST anomaly (OISST),-0.3148016745796668,-0.29681742759351676,-0.00684772437799816,26,0.11726357708672926,1,0.578368263532496,rec,Feb Y - Mar Y
0,4,3,"SST anomaly (MUR, 5-beach mean)",-0.36153713989834074,-0.3649310539049032,-0.08083080758605096,20,0.11728777526067317,1,0.578368263532496,rec,Dec Y-1 - Mar Y
-4,1,-4,Wave energy Hs^2 (buoys),-0.31449253322629334,-0.2534755096520029,0.10972477590457066,26,0.1176434497984258,1,0.578368263532496,rec,Aug Y-1 - Aug Y-1
-5,4,-2,"Wind stress, alongshore (buoys)",0.30815785482759495,0.3127765615994861,0.13987989605041473,27,0.11786438627251743,1,0.9993129776616922,pre,Jul Y-1 - Oct Y-1
15,2,16,"SST anomaly (MUR, 5-beach mean)",-0.35170136020775705,-0.4026810659683413,-0.19967881460738168,21,0.11794863249376919,1,0.578368263532496,rec,Mar Y+1 - Apr Y+1
11,1,11,Wave energy Hs^2 (buoys),-0.3140999923083388,-0.3793381850577917,-0.27326210306472504,26,0.11812710491500529,1,0.578368263532496,rec,Nov Y - Nov Y
25,2,26,CUTI,0.3138205022199662,0.43448939625107763,0.5180135555730881,26,0.11847235685466481,1,0.578368263532496,rec,Jan Y+2 - Feb Y+2
2,2,3,Wave energy Hs^2 (buoys),0.32024205397804645,0.1537678678362983,-0.3951443583090576,25,0.11860362879798564,1,0.578368263532496,rec,Feb Y - Mar Y
-1,3,1,"Wind stress, alongshore (buoys)",-0.3267621384410398,-0.28549563587325627,0.03856267846593632,24,0.11911945698316334,1,0.578368263532496,rec,Nov Y-1 - Jan Y
15,2,16,SST anomaly (OISST),-0.31325945237664576,-0.28987258866562526,0.008678114903045032,26,0.11916765119756687,1,0.578368263532496,rec,Mar Y+1 - Apr Y+1
21,3,23,"Columbia discharge, Beaver",-0.3131502498981673,-0.3591218699264054,-0.2046122024033379,26,0.11930333008052,1,0.578368263532496,rec,Sep Y+1 - Nov Y+1
3,1,3,BEUTI,-0.3127219504833002,-0.21579025276666844,0.19982050891224762,26,0.11983656500064017,1,0.5795081650777226,rec,Mar Y - Mar Y
6,4,9,"SST anomaly (MUR, 5-beach mean)",0.34125940898452234,0.32683432887527974,0.5840707422282186,22,0.12011270539643969,1,0.9993129776616922,pre,Jun Y - Sep Y
-6,2,-5,BEUTI,0.3062172382095939,0.24023604200655466,0.7692889193778876,27,0.12031613711819167,1,0.9993129776616922,pre,Jun Y-1 - Jul Y-1
-9,3,-7,"Wind stress, alongshore (buoys)",0.3257142623234406,0.333665898157624,0.31673005025847756,24,0.1203778246602385,1,0.9993129776616922,pre,Mar Y-1 - May Y-1
22,4,25,"Columbia discharge, Beaver",-0.3121877625475712,-0.34818356756151153,-0.17090044653193764,26,0.12050407662458607,1,0.5799090745442851,rec,Oct Y+1 - Jan Y+2
5,2,6,BEUTI,-0.3059696877230757,-0.2285380477776152,0.5281031411631232,27,0.12063156297571641,1,0.9993129776616922,pre,May Y - Jun Y
25,2,26,BEUTI,0.31178562136634286,0.43454141972393623,0.5275948534650101,26,0.12100837860525719,1,0.5799090745442851,rec,Jan Y+2 - Feb Y+2
-11,2,-10,CUTI,-0.3115324841298548,-0.18681481081373985,0.2656033208201633,26,0.12132661466044808,1,0.5799090745442851,rec,Jan Y-1 - Feb Y-1
18,4,21,"Wind stress, alongshore (buoys)",-0.31136452629365324,-0.31682360290344697,-0.07469243964996078,26,0.12153810362929374,1,0.5799090745442851,rec,Jun Y+1 - Sep Y+1
0,2,1,PDO,-0.31118405826848,-0.34552666234361284,-0.16521288125083425,26,0.12176564565480538,1,0.5799090745442851,rec,Dec Y-1 - Jan Y
21,4,24,Wave energy Hs^2 (buoys),-0.31103755180371695,-0.40810393289291474,-0.39933928010824055,26,0.12195059651346421,1,0.5799090745442851,rec,Sep Y+1 - Dec Y+1
-4,2,-3,PDO,-0.3109924148857012,-0.31145381161170027,-0.059679503355129254,26,0.12200761907850441,1,0.5799090745442851,rec,Aug Y-1 - Sep Y-1
-5,1,-5,SST anomaly (OISST),-0.31058031075142967,-0.2627443672388665,0.3127674788181088,26,0.12252914234194787,1,0.9993129776616922,pre,Jul Y-1 - Jul Y-1
-7,3,-5,SST anomaly (OISST),-0.31039064132355493,-0.27294349776977184,0.2585765558433889,26,0.12276971838497976,1,0.9993129776616922,pre,May Y-1 - Jul Y-1
4,1,4,Storm hours Hs > 4 m (buoys),0.3164838003591,0.3442698974549942,0.14939301229051186,25,0.12323547064614812,1,0.5832994892798326,rec,Apr Y - Apr Y
-9,3,-7,PDO,-0.30387657014533764,-0.30874280648793334,-0.22296024115040425,27,0.12332290275650801,1,0.9993129776616922,pre,Mar Y-1 - May Y-1
6,3,8,Storm hours Hs > 4 m (buoys),-0.30992140142969593,-0.3059144474703613,-0.04627942880828469,26,0.12336638394463298,1,0.5832994892798326,rec,Jun Y - Aug Y
7,2,8,"Columbia discharge, Beaver",0.30948153442329196,0.27087575177398493,-0.051298020814445566,26,0.12392762117969977,1,0.5832994892798326,rec,Jul Y - Aug Y
12,2,13,Willamette discharge,-0.303376351883713,-0.3082412105304706,-0.22429539563285023,27,0.12397254665767757,1,0.9993129776616922,pre,Dec Y - Jan Y+1
28,1,28,Storm hours Hs > 4 m (buoys),-0.3094408419987235,-0.2837784060453911,0.015732444862256702,26,0.12397963570242596,1,0.5832994892798326,rec,Apr Y+2 - Apr Y+2
0,4,3,Storm hours Hs > 4 m (buoys),0.3155468748987669,0.20538402310404097,-0.2630706488313687,25,0.12441041451770189,1,0.5832994892798326,rec,Dec Y-1 - Mar Y
16,2,17,"Columbia discharge, The Dalles",-0.3029363511693198,-0.2983221442286753,0.060629022159100154,27,0.12454605306620226,1,0.9993129776616922,pre,Apr Y+1 - May Y+1
20,2,21,"SST anomaly (MUR, 5-beach mean)",0.33737766009469117,0.5150075458363081,0.5571638631738021,22,0.12466202128056099,1,0.5832994892798326,rec,Aug Y+1 - Sep Y+1
6,1,6,"Columbia discharge, The Dalles",0.3085694803955292,0.2666913422115347,-0.06029833654880181,26,0.1250972698558951,1,0.5832994892798326,rec,Jun Y - Jun Y
-10,2,-9,Wave energy Hs^2 (buoys),0.31480296187808615,0.16523937214298975,-0.2594623301762206,25,0.12534910114992528,1,0.5832994892798326,rec,Feb Y-1 - Mar Y-1
-1,3,1,"SST anomaly (MUR, 5-beach mean)",-0.35392669965221757,-0.25824199756342275,0.12822244789934054,20,0.12578389317400762,1,0.5832994892798326,rec,Nov Y-1 - Jan Y
14,2,15,SST anomaly (buoys),-0.32127689101093015,-0.3046173462837115,0.003968507516648788,24,0.1258138795924029,1,0.5832994892798326,rec,Feb Y+1 - Mar Y+1
-9,2,-8,Storm hours Hs > 4 m (buoys),0.30792661920620573,0.26782398179169553,-0.2735184298213844,26,0.12592652059124945,1,0.9993129776616922,pre,Mar Y-1 - Apr Y-1
-3,1,-3,PDO,-0.3069597907157142,-0.2928076774695882,-0.01632183699836519,26,0.12718120202541988,1,0.5832994892798326,rec,Sep Y-1 - Sep Y-1
-10,1,-10,"Wind stress, alongshore (buoys)",-0.3200234826207915,-0.178480342796825,0.24407194663264756,24,0.12738107726502296,1,0.5832994892798326,rec,Feb Y-1 - Feb Y-1
14,1,14,SST anomaly (OISST),-0.3064883799654709,-0.30486459060715376,-0.05262504052973308,26,0.12779625534762454,1,0.5832994892798326,rec,Feb Y+1 - Feb Y+1
11,1,11,SST anomaly (buoys),-0.3062186417245219,-0.26259223321014596,0.0654157785454362,26,0.12814915696172768,1,0.5832994892798326,rec,Nov Y - Nov Y
2,2,3,"Columbia discharge, The Dalles",0.30614681228726714,0.24419019195775993,-0.11367894098315451,26,0.12824325163491618,1,0.5832994892798326,rec,Feb Y - Mar Y
28,2,29,BEUTI,0.3060954377057683,0.359207475509342,0.22710968527614805,26,0.12831058180315036,1,0.5832994892798326,rec,Apr Y+2 - May Y+2
-3,2,-2,SST anomaly (buoys),-0.30005388441623554,-0.26630138148193405,0.3124251187389045,27,0.12835122814282945,1,0.9993129776616922,pre,Sep Y-1 - Oct Y-1
-4,4,-1,PDO,-0.30602267571062797,-0.3157824134822397,-0.08659755247868273,26,0.12840598573825984,1,0.5832994892798326,rec,Aug Y-1 - Nov Y-1
7,2,8,"SST anomaly (MUR, 5-beach mean)",0.3342555814844999,0.3318336422771687,0.5013785493019655,22,0.12840993671284623,1,0.9993129776616922,pre,Jul Y - Aug Y
7,4,10,Wave energy Hs^2 (buoys),-0.3059743551267259,-0.3146898408840987,-0.0834205914648833,26,0.12846937112911058,1,0.5832994892798326,rec,Jul Y - Oct Y
12,3,14,BEUTI,0.30575517950184705,0.41081757871577185,0.43174640929142294,26,0.12875716437044898,1,0.5832994892798326,rec,Dec Y - Feb Y+1
7,3,9,"Columbia discharge, Beaver",0.305438485920197,0.23904145935260665,-0.1252372780952055,26,0.12917383317454792,1,0.5832994892798326,rec,Jul Y - Sep Y
27,4,30,CUTI,0.3052771632882695,0.4130580324287831,0.44403754025375103,26,0.1293864591759649,1,0.5832994892798326,rec,Mar Y+2 - Jun Y+2
-6,4,-3,SST anomaly (buoys),-0.29927608412343665,-0.2461681510968878,0.4222322177974179,27,0.12939238258695895,1,0.9993129776616922,pre,Jun Y-1 - Sep Y-1
15,1,15,SST anomaly (buoys),-0.31808219107584756,-0.31179987360635997,-0.02964391550319328,24,0.1298361612137906,1,0.5832994892798326,rec,Mar Y+1 - Mar Y+1
6,3,8,Wave energy Hs^2 (buoys),-0.2989156942448686,-0.30155884206985223,-0.31626615256306717,27,0.12987687703574927,1,0.9993129776616922,pre,Jun Y - Aug Y
3,4,6,BEUTI,-0.3048357500462471,-0.14652133337805678,0.34254382369498815,26,0.12996954918266945,1,0.5832994892798326,rec,Mar Y - Jun Y
-2,1,-2,PDO,-0.3048253675320883,-0.30349447322002376,-0.05316466758105388,26,0.12998328701881512,1,0.5832994892798326,rec,Oct Y-1 - Oct Y-1
-7,2,-6,CUTI,0.29852220227972714,0.29777136020922174,0.38122669550637484,27,0.13040738017528417,1,0.9993129776616922,pre,May Y-1 - Jun Y-1
-1,4,2,"SST anomaly (MUR, 5-beach mean)",-0.3498971373879451,-0.285817179081501,0.06591309656419152,20,0.1304555411843889,1,0.5832994892798326,rec,Nov Y-1 - Feb Y
10,3,12,Willamette discharge,-0.3044186586969144,-0.34808740970454843,-0.19434346226355603,26,0.13052226226169092,1,0.5832994892798326,rec,Oct Y - Dec Y
1,2,2,PDO,-0.29819960225963327,-0.30246993954151163,-0.2672747842477282,27,0.1308434827364141,1,0.9993129776616922,pre,Jan Y - Feb Y
-1,3,1,Storm hours Hs > 4 m (buoys),0.3040922364124698,0.2476022762234173,-0.09984670839734082,26,0.13095601292233094,1,0.5838929022632207,rec,Nov Y-1 - Jan Y
7,3,9,"SST anomaly (MUR, 5-beach mean)",0.33195533075040157,0.32296937400821635,0.5585706200322823,22,0.13122249010676404,1,0.9993129776616922,pre,Jul Y - Sep Y
6,3,8,"Columbia discharge, Beaver",0.3038671173348418,0.27264418687794867,-0.032140102855961014,26,0.1312557604367425,1,0.5838929022632207,rec,Jun Y - Aug Y
5,4,8,Wave energy Hs^2 (buoys),-0.29788709005491887,-0.3019259531540365,-0.2767581561945106,27,0.1312669593637696,1,0.9993129776616922,pre,May Y - Aug Y
6,4,9,"Columbia discharge, Beaver",0.303517951919738,0.25686242058003034,-0.07399791373394068,26,0.1317216606334013,1,0.5846276444550962,rec,Jun Y - Sep Y
-6,3,-4,PDO,-0.2970838433621508,-0.3022354232700174,-0.1778756211428001,27,0.1323599901712359,1,0.9993129776616922,pre,Jun Y-1 - Aug Y-1
12,4,15,BEUTI,0.3028836996739861,0.40764638759848904,0.42832984839342425,26,0.13257102491573397,1,0.5864297535908302,rec,Dec Y - Mar Y+1
14,1,14,"SST anomaly (MUR, 5-beach mean)",-0.33902647936302377,-0.3559036196609932,-0.11024653717043992,21,0.13273101418722494,1,0.5864297535908302,rec,Feb Y+1 - Feb Y+1
23,4,26,"Columbia discharge, Beaver",-0.3020162022078553,-0.31335683299170486,-0.09057032103794518,26,0.13373915773940448,1,0.5873670939014809,rec,Nov Y+1 - Feb Y+2
12,3,14,"Wind stress, alongshore (buoys)",0.32174904910918534,0.348290008269514,0.15715540833919583,23,0.13435546387186387,1,0.5873670939014809,rec,Dec Y - Feb Y+1
2,2,3,"SST anomaly (MUR, 5-beach mean)",-0.34658571820160267,-0.3799558705692739,-0.1466438950076775,20,0.1343856124248874,1,0.5873670939014809,rec,Feb Y - Mar Y
-10,2,-9,"Columbia discharge, Beaver",-0.2955224547441014,-0.3006805616985179,-0.17415920486609907,27,0.1345035743026809,1,0.9993129776616922,pre,Feb Y-1 - Mar Y-1
6,2,7,"Columbia discharge, Beaver",0.3013072420693986,0.27699417464792625,-0.013440007389979528,26,0.1346993294821105,1,0.5873670939014809,rec,Jun Y - Jul Y
1,3,3,BEUTI,-0.3011748124164213,-0.13287607528038514,0.36517958385204874,26,0.13487923518786993,1,0.5873670939014809,rec,Jan Y - Mar Y
24,2,25,Willamette discharge,-0.3009550470305371,-0.3549288784336613,-0.22850762490565596,26,0.1351781698206917,1,0.5873670939014809,rec,Dec Y+1 - Jan Y+2
10,1,10,BEUTI,0.295032510221989,0.2998352984391614,0.246573779469734,27,0.13518136621229265,1,0.9993129776616922,pre,Oct Y - Oct Y
14,3,16,SST anomaly (buoys),-0.3138774142853885,-0.2809841347539502,0.056290199917957806,24,0.13527053436654135,1,0.5873670939014809,rec,Feb Y+1 - Apr Y+1
9,3,11,"Columbia discharge, Beaver",-0.2949663149479038,-0.29733857540534764,-0.32776136205731604,27,0.13527313063604832,1,0.9993129776616922,pre,Sep Y - Nov Y
6,2,7,CUTI,-0.3008213108716398,-0.0738230539772922,0.4858581560790343,26,0.13536031793614375,1,0.5873670939014809,rec,Jun Y - Jul Y
-1,4,2,PDO,-0.3005486722358725,-0.34115149069211503,-0.18306279492652022,26,0.13573220003896627,1,0.5876690353580188,rec,Nov Y-1 - Feb Y
-6,1,-6,SST anomaly (buoys),-0.29454299261759265,-0.286071465174056,0.10735276320278461,27,0.13586103704983626,1,0.9993129776616922,pre,Jun Y-1 - Jun Y-1
-4,1,-4,PDO,-0.3002677874996362,-0.31558005267609474,-0.10235130982955562,26,0.13611610142023195,1,0.588021558135402,rec,Aug Y-1 - Aug Y-1
14,1,14,PDO,-0.29983623001296383,-0.3589556687968746,-0.24617139304602192,26,0.13670746326849978,1,0.5880274860527364,rec,Feb Y+1 - Feb Y+1
9,4,12,Willamette discharge,-0.29982531785115735,-0.34974310483947335,-0.21419713729133363,26,0.13672244017275556,1,0.5880274860527364,rec,Sep Y - Dec Y
-3,4,0,PDO,-0.2995022981291859,-0.30978181501324026,-0.08682281058385095,26,0.1371663203217988,1,0.5886342752882491,rec,Sep Y-1 - Dec Y-1
2,1,2,Willamette discharge,0.2990252048696446,0.21887385477154697,-0.16126379551873768,26,0.13782382285384567,1,0.5894268727149268,rec,Feb Y - Feb Y
-2,4,1,PDO,-0.2988952334833466,-0.32581887115228486,-0.1383084910751159,26,0.13800333527255543,1,0.5894268727149268,rec,Oct Y-1 - Jan Y
2,1,2,"Wind stress, alongshore (buoys)",-0.31155852684643465,-0.18723550308837475,0.28940886861297366,24,0.13833647571393046,1,0.5894268727149268,rec,Feb Y - Feb Y
7,1,7,Storm hours Hs > 4 m (buoys),0.29849020625482475,0.17502954144211338,-0.265664460395315,26,0.13856382758781974,1,0.5894268727149268,rec,Jul Y - Jul Y
-7,1,-7,"Wind stress, alongshore (buoys)",0.304648736037228,0.2985674876370717,0.36725175028247914,25,0.13868114754873026,1,0.9993129776616922,pre,May Y-1 - May Y-1
-9,1,-9,BEUTI,0.2923448666343261,0.29698355335731363,0.13110686076485187,27,0.1389435631175435,1,0.9993129776616922,pre,Mar Y-1 - Mar Y-1
-1,3,1,Wave energy Hs^2 (buoys),0.298152161612625,0.2333961777422249,-0.12237005656758702,26,0.13903288152520085,1,0.5901308333733416,rec,Nov Y-1 - Jan Y
21,3,23,BEUTI,-0.29764388166600186,0.033899418782252104,0.6753675910802017,26,0.13974029708798955,1,0.5918412582550145,rec,Sep Y+1 - Nov Y+1
13,1,13,Wave energy Hs^2 (buoys),0.2914765252868582,0.28706648589968276,-0.05847006680155088,27,0.14017509358130223,1,0.9993129776616922,pre,Jan Y+1 - Jan Y+1
0,3,2,Storm hours Hs > 4 m (buoys),0.3034381136495366,0.22969347228638026,-0.17020829378083865,25,0.14033605306563424,1,0.5925177519349376,rec,Dec Y-1 - Feb Y
-10,2,-9,Wave energy Hs^2 (buoys),0.2971600040026175,0.2539698180712676,-0.29248273434569627,26,0.14041615457948417,1,0.9993129776616922,pre,Feb Y-1 - Mar Y-1
-5,4,-2,PDO,-0.29709322628760393,-0.29640819567090493,-0.053561111269391885,26,0.14050961092695796,1,0.5925177519349376,rec,Jul Y-1 - Oct Y-1
-3,2,-2,"Wind stress, alongshore (buoys)",0.2967323265157011,0.26148742256516033,-0.04444288855129648,26,0.1410154699147715,1,0.5933637954855321,rec,Sep Y-1 - Oct Y-1
14,1,14,"Wind stress, alongshore (buoys)",0.30844444856087483,0.38418559892118126,0.35665785338954936,24,0.14253165416016667,1,0.5940713315651418,rec,Feb Y+1 - Feb Y+1
-10,4,-7,"Columbia discharge, The Dalles",0.29542578595188584,0.24377212443157734,-0.08871343324581528,26,0.14285775081283733,1,0.5940713315651418,rec,Feb Y-1 - May Y-1
2,2,3,SST anomaly (buoys),-0.30788249047197475,-0.25609477612667875,0.10209347168433831,24,0.14329826868665013,1,0.5940713315651418,rec,Feb Y - Mar Y
15,2,16,SST anomaly (buoys),-0.30770883707829544,-0.2725888548070965,0.06406502507203796,24,0.1435357575802832,1,0.5940713315651418,rec,Mar Y+1 - Apr Y+1
25,2,26,"Columbia discharge, The Dalles",-0.2948581176704753,-0.3287969651679508,-0.15979830144345106,26,0.14366355073099785,1,0.5940713315651418,rec,Jan Y+2 - Feb Y+2
10,2,11,BEUTI,-0.29479399334568157,-0.05528262176803606,0.5123971842987484,26,0.14375477921408614,1,0.5940713315651418,rec,Oct Y - Nov Y
14,2,15,PDO,-0.29466031022022954,-0.36180129299919983,-0.27308437250681267,26,0.14394510135245814,1,0.5940713315651418,rec,Feb Y+1 - Mar Y+1
-3,2,-2,BEUTI,0.2945415007386019,0.4171763936257298,0.5080351676316888,26,0.14411439982569146,1,0.5940713315651418,rec,Sep Y-1 - Oct Y-1
-10,3,-8,"Columbia discharge, The Dalles",0.29445411001871846,0.22084455987219612,-0.14566957523314877,26,0.14423901902907404,1,0.5940713315651418,rec,Feb Y-1 - Apr Y-1
22,1,22,"Wind stress, alongshore (buoys)",0.2944135301218046,0.26523083389598584,-0.028214223360450173,26,0.14429691224875654,1,0.5940713315651418,rec,Oct Y+1 - Oct Y+1
-11,1,-11,SST anomaly (buoys),0.29411509061415997,0.3046169428489555,0.15186900032405665,26,0.14472319234528205,1,0.9993129776616922,pre,Jan Y-1 - Jan Y-1
7,4,10,"Columbia discharge, Beaver",0.2939806728696931,0.20381030332482802,-0.18710326205862685,26,0.14491548434204005,1,0.5940713315651418,rec,Jul Y - Oct Y
-8,1,-8,"Columbia discharge, The Dalles",0.29393293757121114,0.2731603172036023,-0.00485515914881404,26,0.14498381636617647,1,0.5940713315651418,rec,Apr Y-1 - Apr Y-1
-2,1,-2,"Wind stress, alongshore (buoys)",0.2936334145060725,0.2796005954229363,0.014189994832314473,26,0.14541310416067335,1,0.5940713315651418,rec,Oct Y-1 - Oct Y-1
18,1,18,PDO,-0.2935994015020872,-0.2851775700932478,-0.030305447696686843,26,0.14546191040381046,1,0.5940713315651418,rec,Jun Y+1 - Jun Y+1
-5,4,-2,"Columbia discharge, Beaver",-0.2868432834899741,-0.29201840698108267,-0.23854523582811077,27,0.14687960747096526,1,0.9993129776616922,pre,Jul Y-1 - Oct Y-1
-3,3,-1,PDO,-0.29242946478092013,-0.2998967433777722,-0.07688689621465045,26,0.14714783873393134,1,0.5962655868054606,rec,Sep Y-1 - Nov Y-1
2,1,2,"Columbia discharge, Beaver",0.2917644469425933,0.26027592737686783,-0.035046134914807854,26,0.1481123654564705,1,0.5962655868054606,rec,Feb Y - Feb Y
3,4,6,"Wind stress, alongshore (buoys)",-0.3041788839617405,-0.16574822112156049,0.3246914129905819,24,0.14842433193967403,1,0.5962655868054606,rec,Mar Y - Jun Y
23,1,23,"SST anomaly (MUR, 5-beach mean)",-0.3185520666373401,-0.17023698323256797,0.22970587175981189,22,0.14849094417520645,1,0.5962655868054606,rec,Nov Y+1 - Nov Y+1
-5,1,-5,"Columbia discharge, Beaver",-0.28562033089083555,-0.28793337243839146,-0.05547062229387927,27,0.14868702090846014,1,0.9993129776616922,pre,Jul Y-1 - Jul Y-1
-6,1,-6,Wave energy Hs^2 (buoys),-0.29114515268799607,-0.35415319884509855,-0.25702384470413336,26,0.1490146318129896,1,0.5962655868054606,rec,Jun Y-1 - Jun Y-1
2,1,2,SST anomaly (OISST),-0.2911257911355314,-0.2823718047761372,-0.028879410767293702,26,0.1490429033159627,1,0.5962655868054606,rec,Feb Y - Feb Y
9,1,9,CUTI,-0.28532424543481255,-0.2896086742962905,-0.11286421179536521,27,0.14912699391804665,1,0.9993129776616922,pre,Sep Y - Sep Y
-2,1,-2,CUTI,0.2852719314069543,0.2890611804832924,0.0955148947070609,27,0.149204827622056,1,0.9993129776616922,pre,Oct Y-1 - Oct Y-1
0,2,1,SST anomaly (buoys),-0.29658805272909555,-0.22100970887973415,0.1764254590054327,25,0.14996750618779764,1,0.5962655868054606,rec,Dec Y-1 - Jan Y
0,1,0,PDO,-0.2903294108350098,-0.30815876850866697,-0.10795659388414652,26,0.15020908994146095,1,0.5962655868054606,rec,Dec Y-1 - Dec Y-1
-11,4,-8,"Columbia discharge, The Dalles",0.29027280546086387,0.1982081275130812,-0.19250344330904393,26,0.150292227626084,1,0.5962655868054606,rec,Jan Y-1 - Apr Y-1
-6,2,-5,SST anomaly (OISST),-0.2898523513983367,-0.2523762337579585,0.2631295545106878,26,0.15091078646440842,1,0.9993129776616922,pre,Jun Y-1 - Jul Y-1
13,1,13,Willamette discharge,-0.28951507508867436,-0.3501677455597474,-0.24816125350312535,26,0.15140828732337852,1,0.5962655868054606,rec,Jan Y+1 - Jan Y+1
1,1,1,Wave energy Hs^2 (buoys),0.289514935293517,0.2829062246612538,0.03478418874325481,26,0.15140849377087867,1,0.5962655868054606,rec,Jan Y - Jan Y
-10,2,-9,"Columbia discharge, The Dalles",-0.283526178305904,-0.28838552547047297,-0.2657105251047756,27,0.15181889887817326,1,0.9993129776616922,pre,Feb Y-1 - Mar Y-1
-6,2,-5,Wave energy Hs^2 (buoys),-0.28902915824670194,-0.3508223246458458,-0.252011649516297,26,0.15212709467685076,1,0.5962655868054606,rec,Jun Y-1 - Jul Y-1
8,1,8,PDO,-0.2889837969561261,-0.3323579777111741,-0.1891331493244306,26,0.1521943205842748,1,0.5962655868054606,rec,Aug Y - Aug Y
14,4,17,Storm hours Hs > 4 m (buoys),-0.2948049755816234,-0.3689245852539898,-0.32731644752976125,25,0.15254987898411856,1,0.5962655868054606,rec,Feb Y+1 - May Y+1
1,3,3,Willamette discharge,0.2887438786326025,0.15511648147065818,-0.29139122315152854,26,0.15255023399453413,1,0.5962655868054606,rec,Jan Y - Mar Y
-3,3,-1,SST anomaly (buoys),-0.28283497545493325,-0.25335693007072735,0.2894808656277418,27,0.1528628873611585,1,0.9993129776616922,pre,Sep Y-1 - Nov Y-1
20,2,21,SST anomaly (OISST),0.28832352382680476,0.3955735833602161,0.4293530348004987,26,0.15317524898039567,1,0.5962655868054606,rec,Aug Y+1 - Sep Y+1
-8,2,-7,"Columbia discharge, The Dalles",0.28829960127024074,0.2781525699278905,0.024333465242568145,26,0.15321087355106858,1,0.5962655868054606,rec,Apr Y-1 - May Y-1
-2,2,-1,"SST anomaly (MUR, 5-beach mean)",-0.3228070411117239,-0.21530960150314388,0.39087363319896595,21,0.153507950548125,1,0.9993129776616922,pre,Oct Y-1 - Nov Y-1
-5,2,-4,"Columbia discharge, Beaver",-0.2821126997888325,-0.28602340224884404,-0.09880341084744206,27,0.15395927312781482,1,0.9993129776616922,pre,Jul Y-1 - Aug Y-1
0,3,2,"SST anomaly (MUR, 5-beach mean)",-0.3309948715268409,-0.3140714336327213,-0.02955016908523056,20,0.1540145245538794,1,0.5962655868054606,rec,Dec Y-1 - Feb Y
-4,3,-2,"Wind stress, alongshore (buoys)",0.28772328752610543,0.26931482568226073,6.75103086253865e-4,26,0.15407088110140738,1,0.5962655868054606,rec,Aug Y-1 - Oct Y-1
-5,2,-4,Wave energy Hs^2 (buoys),-0.28749464721450946,-0.2533001086472674,0.04323196711727947,26,0.1544130202045174,1,0.5962655868054606,rec,Jul Y-1 - Aug Y-1
26,3,28,Wave energy Hs^2 (buoys),-0.2873914292658898,-0.37870218434702463,-0.3618537226455597,26,0.15456765315154714,1,0.5962655868054606,rec,Feb Y+2 - Apr Y+2
19,3,21,"SST anomaly (MUR, 5-beach mean)",0.31392986775364295,0.49790032063698125,0.5585706200322823,22,0.15480094768736335,1,0.5962655868054606,rec,Jul Y+1 - Sep Y+1
25,2,26,Willamette discharge,-0.28678958606502986,-0.31945996042044206,-0.15373761328648658,26,0.15547147930396604,1,0.5962655868054606,rec,Jan Y+2 - Feb Y+2
0,2,1,"SST anomaly (MUR, 5-beach mean)",-0.32936162164783145,-0.2967143932670795,0.0045161259385756505,20,0.15618000118893458,1,0.5962655868054606,rec,Dec Y-1 - Jan Y
14,4,17,PDO,-0.28622582155262916,-0.3293012504407054,-0.18740267471154365,26,0.156321519386652,1,0.5962655868054606,rec,Feb Y+1 - May Y+1
0,3,2,SST anomaly (buoys),-0.292164294131403,-0.22134300447252764,0.1641969197034723,25,0.1564320393850693,1,0.5962655868054606,rec,Dec Y-1 - Feb Y
-11,1,-11,"SST anomaly (MUR, 5-beach mean)",0.32913558167209633,0.32230994196786766,-0.008851239015930589,20,0.15648135396193952,1,0.9993129776616922,pre,Jan Y-1 - Jan Y-1
-6,4,-3,PDO,-0.280384945360106,-0.28561393607658403,-0.15770904289713147,27,0.15660466450269567,1,0.9993129776616922,pre,Jun Y-1 - Sep Y-1
15,3,17,"Columbia discharge, The Dalles",-0.2802503144694665,-0.27843848002903715,0.02170486929899698,27,0.1568121495404855,1,0.9993129776616922,pre,Mar Y+1 - May Y+1
3,1,3,PDO,-0.28571286737714063,-0.3443271056052901,-0.239810300502235,26,0.1570978093220461,1,0.5962655868054606,rec,Mar Y - Mar Y
5,3,7,Storm hours Hs > 4 m (buoys),-0.28001416343249785,-0.2854886224944209,-0.22806105721150932,27,0.15717656356806398,1,0.9993129776616922,pre,May Y - Jul Y
-2,1,-2,Storm hours Hs > 4 m (buoys),-0.2797250749345129,-0.27806139995699647,0.019410949227918087,27,0.1576234869215728,1,0.9993129776616922,pre,Oct Y-1 - Oct Y-1
5,2,6,Storm hours Hs > 4 m (buoys),-0.2795605260003427,-0.2850659637690568,-0.22527086726574014,27,0.15787827842081276,1,0.9993129776616922,pre,May Y - Jun Y
11,2,12,Storm hours Hs > 4 m (buoys),-0.2847681239552765,-0.3654031523500785,-0.31911885204778506,26,0.15853470421804702,1,0.5962655868054606,rec,Nov Y - Dec Y
14,1,14,SST anomaly (buoys),-0.29066731819975394,-0.26164176313364645,0.041924624735875396,25,0.15866357981105544,1,0.5962655868054606,rec,Feb Y+1 - Feb Y+1
-5,2,-4,SST anomaly (buoys),-0.2789871910703865,-0.2214365237660434,0.45501280600207145,27,0.15876833065263266,1,0.9993129776616922,pre,Jul Y-1 - Aug Y-1
1,3,3,SST anomaly (buoys),-0.2963434875741961,-0.23642727933517016,0.126639723076172,24,0.15969536366665926,1,0.5962655868054606,rec,Jan Y - Mar Y
29,1,29,Willamette discharge,-0.28370676767182273,-0.27528439062944715,-0.0284404574222924,26,0.16016003584511357,1,0.5962655868054606,rec,May Y+2 - May Y+2
14,3,16,PDO,-0.28358105472651773,-0.3404723961679759,-0.23318303050049535,26,0.16035332693438908,1,0.5962655868054606,rec,Feb Y+1 - Apr Y+1
2,3,4,SST anomaly (OISST),-0.2835743814357462,-0.24711713972144903,0.050107668697285807,26,0.1603635921229618,1,0.5962655868054606,rec,Feb Y - Apr Y
-5,3,-3,"Columbia discharge, Beaver",-0.2778871173796877,-0.28334199792057785,-0.17390548101396763,27,0.16048606601623022,1,0.9993129776616922,pre,Jul Y-1 - Sep Y-1
21,4,24,"Columbia discharge, Beaver",-0.28337525563913557,-0.33688749414808644,-0.2215576842604364,26,0.16067011122049832,1,0.5962655868054606,rec,Sep Y+1 - Dec Y+1
6,3,8,PDO,-0.28326731799305366,-0.30824437982142355,-0.12857504758088484,26,0.1608364352395648,1,0.5962655868054606,rec,Jun Y - Aug Y
14,3,16,Storm hours Hs > 4 m (buoys),-0.28872398500265056,-0.3591020424931281,-0.308214841471518,25,0.16159390787807715,1,0.5962655868054606,rec,Feb Y+1 - Apr Y+1
0,4,3,Wave energy Hs^2 (buoys),0.28871047990002935,0.16909167193319527,-0.2926581048833524,25,0.16161440448395595,1,0.5962655868054606,rec,Dec Y-1 - Mar Y
15,2,16,CUTI,0.28246226213390224,0.3441357085543964,0.24940946184042168,26,0.16208080817617856,1,0.5962655868054606,rec,Mar Y+1 - Apr Y+1
-4,3,-2,"Wind stress, alongshore (buoys)",0.27676305977220667,0.2794920821682044,0.06474292471243721,27,0.1622548227538376,1,0.9993129776616922,pre,Aug Y-1 - Oct Y-1
-9,1,-9,CUTI,-0.2822503763661719,-0.23347641656108276,0.08346822793089066,26,0.16240944655716205,1,0.5962655868054606,rec,Mar Y-1 - Mar Y-1
26,1,26,"Columbia discharge, Beaver",-0.2819499623169008,-0.2601307562351829,0.009975420412074524,26,0.16287619969712616,1,0.5962655868054606,rec,Feb Y+2 - Feb Y+2
-2,3,0,PDO,-0.28191678650553387,-0.30028564502295757,-0.10779776332956127,26,0.1629278029169106,1,0.5962655868054606,rec,Oct Y-1 - Dec Y-1
13,4,16,SST anomaly (buoys),-0.2941306518908478,-0.2556412852816708,0.07641593737262144,24,0.16298457421708729,1,0.5962655868054606,rec,Jan Y+1 - Apr Y+1
15,2,16,"Columbia discharge, The Dalles",-0.27627454072951546,-0.2787232492664861,-0.057935702796172085,27,0.16302781690287962,1,0.9993129776616922,pre,Mar Y+1 - Apr Y+1
22,1,22,CUTI,0.28182461887821897,0.2812771311939982,0.05099751717817652,26,0.1630712253320083,1,0.5962655868054606,rec,Oct Y+1 - Oct Y+1
1,4,4,BEUTI,-0.2815416269339744,-0.13294406739599574,0.3271563391883071,26,0.16351214683816728,1,0.5962655868054606,rec,Jan Y - Apr Y
-3,1,-3,BEUTI,0.2814148816648647,0.418798145599437,0.5740832071262915,26,0.16370989733398503,1,0.5962655868054606,rec,Sep Y-1 - Sep Y-1
-2,2,-1,BEUTI,-0.2757932068455193,-0.21741244281867642,0.4609293878734533,27,0.16379198686243926,1,0.9993129776616922,pre,Oct Y-1 - Nov Y-1
-7,1,-7,SST anomaly (buoys),-0.2757491453914987,-0.263748303755033,0.14654369482703491,27,0.16386206554065838,1,0.9993129776616922,pre,May Y-1 - May Y-1
-4,3,-2,Storm hours Hs > 4 m (buoys),-0.28128806570239,-0.23854234563084498,0.06752788737803006,26,0.16390792685977065,1,0.5962655868054606,rec,Aug Y-1 - Oct Y-1
-9,2,-8,"Wind stress, alongshore (buoys)",-0.29348815202391043,-0.17829683315403824,0.19618086611607582,24,0.16394843304487022,1,0.5962655868054606,rec,Mar Y-1 - Apr Y-1
6,4,9,PDO,-0.28113857521212093,-0.29924588839969163,-0.10682706935140368,26,0.16414158062362372,1,0.5962655868054606,rec,Jun Y - Sep Y
-7,1,-7,"SST anomaly (MUR, 5-beach mean)",-0.3325811821846464,-0.18252810519621854,0.23858183008096404,19,0.16414894474398237,1,0.5962655868054606,rec,May Y-1 - May Y-1
-1,3,1,PDO,-0.28104631913213335,-0.31748970603499826,-0.16443998466845905,26,0.16428589406247962,1,0.5962655868054606,rec,Nov Y-1 - Jan Y
10,4,13,Wave energy Hs^2 (buoys),-0.2808134442524911,-0.35829668815082094,-0.3056697329503825,26,0.1646505710283633,1,0.5962655868054606,rec,Oct Y - Jan Y+1
-10,1,-10,"Columbia discharge, The Dalles",0.280811581004004,0.15773528258521138,-0.2688390628285113,26,0.16465349113286964,1,0.5962655868054606,rec,Feb Y-1 - Feb Y-1
-5,4,-2,Storm hours Hs > 4 m (buoys),-0.28069867280736044,-0.23816251082653697,0.06707044721158116,26,0.16483051026999612,1,0.5962655868054606,rec,Jul Y-1 - Oct Y-1
1,4,4,PDO,-0.280665268805032,-0.3283083284251618,-0.20102072351416145,26,0.164882907249052,1,0.5962655868054606,rec,Jan Y - Apr Y
7,2,8,Storm hours Hs > 4 m (buoys),-0.27494425772363457,-0.27591074263160986,-0.02619747941529428,27,0.16514595292785172,1,0.9993129776616922,pre,Jul Y - Aug Y
-11,3,-9,Wave energy Hs^2 (buoys),0.2863269928981777,0.21236000896329496,-0.10792848884513892,25,0.1652605407536622,1,0.5962655868054606,rec,Jan Y-1 - Mar Y-1
-1,2,0,"Wind stress, alongshore (buoys)",-0.29250242378243196,-0.23918348110693108,0.07462125033884832,24,0.16543494327561187,1,0.5962655868054606,rec,Nov Y-1 - Dec Y-1
24,4,27,"Wind stress, alongshore (buoys)",0.28620902631994244,0.37490130117928705,0.3693126001589541,25,0.1654424871621272,1,0.5962655868054606,rec,Dec Y+1 - Mar Y+2
23,2,24,SST anomaly (OISST),-0.2802873135602667,-0.16045255476181053,0.261355713686376,26,0.1654765793810472,1,0.5962655868054606,rec,Nov Y+1 - Dec Y+1
15,4,18,PDO,-0.2801584107780927,-0.30681635211722874,-0.13312889091769092,26,0.1656793968118803,1,0.5962655868054606,rec,Mar Y+1 - Jun Y+1
2,2,3,BEUTI,-0.2800483869720459,-0.07791181896804289,0.4429963997337217,26,0.16585264817802195,1,0.5962655868054606,rec,Feb Y - Mar Y
8,1,8,"SST anomaly (MUR, 5-beach mean)",0.30608630605506615,0.306194660292715,0.5156828368483709,22,0.16593412920192263,1,0.9993129776616922,pre,Aug Y - Aug Y
30,1,30,"Columbia discharge, Beaver",-0.27991750631211293,-0.2652481784540666,-0.009840349402326374,26,0.1660589082653698,1,0.5962655868054606,rec,Jun Y+2 - Jun Y+2
8,1,8,Storm hours Hs > 4 m (buoys),-0.27435345000352096,-0.2747335688456348,-0.015058636112832858,27,0.1660928689324297,1,0.9993129776616922,pre,Aug Y - Aug Y
18,3,20,Willamette discharge,-0.279797861844477,-0.2935712615997314,-0.09332009893215393,26,0.16624761866641355,1,0.5962655868054606,rec,Jun Y+1 - Aug Y+1
13,3,15,SST anomaly (buoys),-0.29161186193710903,-0.26328413778746634,0.045544678724914744,24,0.16678602458378772,1,0.5962655868054606,rec,Jan Y+1 - Mar Y+1
17,4,20,Willamette discharge,-0.2790439526429106,-0.2924478032677381,-0.0920423121711951,26,0.16744020109722804,1,0.5962655868054606,rec,May Y+1 - Aug Y+1
11,4,14,"Columbia discharge, Beaver",-0.2732367726981317,-0.27788468396235033,-0.1230876281555235,27,0.16789307383047128,1,0.9993129776616922,pre,Nov Y - Feb Y+1
1,1,1,PDO,-0.27316184138633337,-0.2786784878300705,-0.24635424130556013,27,0.16801436144840246,1,0.9993129776616922,pre,Jan Y - Jan Y
17,2,18,PDO,-0.2783025579517673,-0.27176935585018314,-0.03288020494245463,26,0.16861883927069848,1,0.5962655868054606,rec,May Y+1 - Jun Y+1
-1,4,2,SST anomaly (buoys),-0.28410295453872886,-0.17869506876513483,0.2577048813976031,25,0.16871449341553676,1,0.5962655868054606,rec,Nov Y-1 - Feb Y
-9,3,-7,"Columbia discharge, The Dalles",0.27818929111939217,0.24891053915209446,-0.031401782956515203,26,0.16879941780517563,1,0.5962655868054606,rec,Mar Y-1 - May Y-1
3,1,3,CUTI,-0.27791973585079277,-0.18426949389205852,0.19891264835914163,26,0.16922970909769472,1,0.5962655868054606,rec,Mar Y - Mar Y
13,3,15,PDO,-0.27785915128565325,-0.3423801502667532,-0.2578467641881772,26,0.16932652614304633,1,0.5962655868054606,rec,Jan Y+1 - Mar Y+1
-10,4,-7,Wave energy Hs^2 (buoys),0.27785495037760827,0.24449407890225155,-0.24187680538483622,26,0.1693332408366546,1,0.9993129776616922,pre,Feb Y-1 - May Y-1
11,1,11,BEUTI,-0.27781223800756616,-0.09020810829760019,0.4133035474182493,26,0.16940152251306106,1,0.5962655868054606,rec,Nov Y - Nov Y
3,2,4,Storm hours Hs > 4 m (buoys),0.28358453450528354,0.15080876144457395,-0.3263394993380634,25,0.1695268118169749,1,0.5962655868054606,rec,Mar Y - Apr Y
0,4,3,"Columbia discharge, Beaver",0.27748590419850855,0.20909967798467866,-0.13555626376975555,26,0.16992385038322336,1,0.5962655868054606,rec,Dec Y-1 - Mar Y
13,4,16,PDO,-0.2774134159319644,-0.33517593441475557,-0.2342538309723127,26,0.17004002781082003,1,0.5962655868054606,rec,Jan Y+1 - Apr Y+1
-6,4,-3,Wave energy Hs^2 (buoys),-0.2773213371259022,-0.2585660288464022,0.0022062712590586522,26,0.1701876834359767,1,0.5962655868054606,rec,Jun Y-1 - Sep Y-1
-5,1,-5,Storm hours Hs > 4 m (buoys),0.27177164500252743,0.24988554834613272,-0.23580620134406194,27,0.17027581083669213,1,0.9993129776616922,pre,Jul Y-1 - Jul Y-1
-11,3,-9,"Columbia discharge, The Dalles",-0.2716780732272775,-0.27621089062820603,-0.3011638702479661,27,0.17042879010705664,1,0.9993129776616922,pre,Jan Y-1 - Mar Y-1
19,2,20,"SST anomaly (MUR, 5-beach mean)",0.30267037779797185,0.4722266040074018,0.5013785493019655,22,0.17095212274101276,1,0.5962655868054606,rec,Jul Y+1 - Aug Y+1
-10,1,-10,Storm hours Hs > 4 m (buoys),0.28262693361688584,0.1692780516066766,-0.19319079262461747,25,0.17103447372104538,1,0.5962655868054606,rec,Feb Y-1 - Feb Y-1
26,4,29,Wave energy Hs^2 (buoys),-0.2766217400522517,-0.36736567367432277,-0.3542156581043951,26,0.17131247987450812,1,0.5962655868054606,rec,Feb Y+2 - May Y+2
-10,1,-10,Wave energy Hs^2 (buoys),0.28228939048652363,0.1810040602976875,-0.16782013450663885,25,0.17156813259909875,1,0.5962655868054606,rec,Feb Y-1 - Feb Y-1
15,1,15,PDO,-0.27642469181924534,-0.3493783976585219,-0.28737552110905434,26,0.171630227366638,1,0.5962655868054606,rec,Mar Y+1 - Mar Y+1
2,4,5,BEUTI,-0.2762654726911694,-0.07772782252771045,0.43678114969128723,26,0.1718872753701822,1,0.5962655868054606,rec,Feb Y - May Y
-5,1,-5,SST anomaly (buoys),-0.2758549165482347,-0.08675319682487517,0.41709279877198613,26,0.17255133257026148,1,0.5962655868054606,rec,Jul Y-1 - Jul Y-1
10,3,12,SST anomaly (buoys),-0.2816452597937686,-0.14848632957237154,0.3238309990442735,25,0.17258973332767608,1,0.5962655868054606,rec,Oct Y - Dec Y
-1,3,1,SST anomaly (buoys),-0.28152699311683094,-0.16094948181511845,0.29672634295346095,25,0.17277776612308463,1,0.5962655868054606,rec,Nov Y-1 - Jan Y
9,3,11,SST anomaly (buoys),-0.27546926556322365,-0.1531864046577567,0.268221005822605,26,0.17317674007259218,1,0.5962655868054606,rec,Sep Y - Nov Y
21,3,23,CUTI,0.27538985046412817,0.3215933381073786,0.19479142318584095,26,0.17330572357723792,1,0.5962655868054606,rec,Sep Y+1 - Nov Y+1
-5,3,-3,PDO,-0.2752562600816373,-0.2749048189115672,-0.05030080105198762,26,0.1735228484102247,1,0.5962655868054606,rec,Jul Y-1 - Sep Y-1
0,2,1,BEUTI,0.269772937845783,0.274170893814288,0.11242601156241239,27,0.17356450864531947,1,0.9993129776616922,pre,Dec Y-1 - Jan Y
-8,1,-8,PDO,-0.26959476592286746,-0.2751818766147567,-0.17317086013391408,27,0.17385982146436044,1,0.9993129776616922,pre,Apr Y-1 - Apr Y-1
13,3,15,Willamette discharge,-0.2748377282533953,-0.3351201239619393,-0.24210613840719358,26,0.17420432060356544,1,0.5962655868054606,rec,Jan Y+1 - Mar Y+1
8,2,9,PDO,-0.274755538787103,-0.2961087665844244,-0.11542551086250583,26,0.17433836453694207,1,0.5962655868054606,rec,Aug Y - Sep Y
17,3,19,Willamette discharge,-0.27446397863998945,-0.28248203335122607,-0.07490456230698615,26,0.1748144552376229,1,0.5962655868054606,rec,May Y+1 - Jul Y+1
2,2,3,"Wind stress, alongshore (buoys)",-0.28598635128266436,-0.1469649432398695,0.3306805288376269,24,0.17549893107589887,1,0.5962655868054606,rec,Feb Y - Mar Y
-5,4,-2,"SST anomaly (MUR, 5-beach mean)",-0.31534880873937654,0.02227172875993561,0.5543392095846641,20,0.17562976215143145,1,0.5962655868054606,rec,Jul Y-1 - Oct Y-1
-5,3,-3,SST anomaly (buoys),-0.27370429509347965,-0.09622545993584683,0.39292346358881575,26,0.17605921148165057,1,0.5962655868054606,rec,Jul Y-1 - Sep Y-1
1,3,3,PDO,-0.268249222033369,-0.2730826350414434,-0.2958057016955007,27,0.17610138505892967,1,0.9993129776616922,pre,Jan Y - Mar Y
1,1,1,CUTI,0.2682370330948241,0.2700160309231894,0.04243026542467631,27,0.17612178276975518,1,0.9993129776616922,pre,Jan Y - Jan Y
-3,2,-2,Storm hours Hs > 4 m (buoys),-0.2736424915040265,-0.2320738002957514,0.06573605594516589,26,0.17616074913417337,1,0.5962655868054606,rec,Sep Y-1 - Oct Y-1
-5,4,-2,Willamette discharge,-0.26789903724090564,-0.2737326720672525,-0.2044180685860968,27,0.17668806414493796,1,0.9993129776616922,pre,Jul Y-1 - Oct Y-1
11,2,12,SST anomaly (OISST),-0.2674396680322374,-0.2601350226688183,0.09610156643692552,27,0.17745973486078193,1,0.9993129776616922,pre,Nov Y - Dec Y
16,3,18,"Columbia discharge, The Dalles",-0.2673624875880011,-0.26609138711716634,0.013532627632121059,27,0.17758961703463083,1,0.9993129776616922,pre,Apr Y+1 - Jun Y+1
6,2,7,Wave energy Hs^2 (buoys),-0.27246371605738096,-0.37175220550051896,-0.3859745778586032,26,0.17810519478134698,1,0.5962655868054606,rec,Jun Y - Jul Y
23,2,24,"Wind stress, alongshore (buoys)",0.27793697244356497,0.3282329847838685,0.22304986468182125,25,0.17855371315071253,1,0.5962655868054606,rec,Nov Y+1 - Dec Y+1
13,4,16,SST anomaly (OISST),-0.27189822293483945,-0.2546432861667917,-0.0010364500074502153,26,0.17904328761159818,1,0.5962655868054606,rec,Jan Y+1 - Apr Y+1
-11,4,-8,CUTI,-0.27173167305151813,-0.14392255988607341,0.2820344405636762,26,0.17932023033520558,1,0.5962655868054606,rec,Jan Y-1 - Apr Y-1
-8,2,-7,"Wind stress, alongshore (buoys)",0.28344984169684634,0.2938008746026003,0.3084017232553003,24,0.1795289466316498,1,0.9993129776616922,pre,Apr Y-1 - May Y-1
0,3,2,Wave energy Hs^2 (buoys),0.277303878787776,0.20179240409185828,-0.17973948604485757,25,0.17958602193055873,1,0.5962655868054606,rec,Dec Y-1 - Feb Y
7,2,8,PDO,-0.2714233426492423,-0.2980950314655778,-0.13117734998629998,26,0.17983371501899975,1,0.5962655868054606,rec,Jul Y - Aug Y
18,2,19,Willamette discharge,-0.27135763712728084,-0.2754464319784564,-0.06261091794870073,26,0.17994327115170522,1,0.5962655868054606,rec,Jun Y+1 - Jul Y+1
6,1,6,PDO,-0.2713498129618885,-0.28973412410275,-0.10557402546971621,26,0.1799563201071296,1,0.5962655868054606,rec,Jun Y - Jun Y
-9,4,-6,"Columbia discharge, Beaver",-0.2657223934896839,-0.2669744638516179,-0.0314521928071713,27,0.180365347161424,1,0.9993129776616922,pre,Mar Y-1 - Jun Y-1
3,4,6,CUTI,-0.27075443583791386,-0.12573603552520374,0.321884720047965,26,0.1809512065454851,1,0.5962655868054606,rec,Mar Y - Jun Y
13,4,16,"SST anomaly (MUR, 5-beach mean)",-0.3030445517484432,-0.3328068487052477,-0.13327286518236775,21,0.18176344286063104,1,0.5962655868054606,rec,Jan Y+1 - Apr Y+1
-5,4,-2,"Wind stress, alongshore (buoys)",0.270218733724218,0.28045483326205395,0.08068083832051237,26,0.1818496351038934,1,0.5962655868054606,rec,Jul Y-1 - Oct Y-1
7,3,9,PDO,-0.2701799395130011,-0.28746653248555315,-0.10197516109508831,26,0.18191481707709467,1,0.5962655868054606,rec,Jul Y - Sep Y
-4,4,-1,SST anomaly (buoys),-0.2648076777758361,-0.22747808097443528,0.3481935445507649,27,0.18192649884712764,1,0.9993129776616922,pre,Aug Y-1 - Nov Y-1
16,3,18,PDO,-0.27014727796987464,-0.27694393188934135,-0.07039961787474688,26,0.1819697075242922,1,0.5962655868054606,rec,Apr Y+1 - Jun Y+1
-9,2,-8,"Columbia discharge, The Dalles",0.2695623775037222,0.22387248521267494,-0.07753953018271771,26,0.18295462842931237,1,0.5962655868054606,rec,Mar Y-1 - Apr Y-1
1,3,3,"SST anomaly (MUR, 5-beach mean)",-0.31033103989685773,-0.33048970867989946,-0.1076123482471999,20,0.18297862148316288,1,0.5962655868054606,rec,Jan Y - Mar Y
23,2,24,SST anomaly (buoys),-0.269459439285289,-0.1676772030847744,0.22056445880653885,26,0.18312834915276258,1,0.5962655868054606,rec,Nov Y+1 - Dec Y+1
8,4,11,"Wind stress, alongshore (buoys)",0.2639372158822699,0.26986459571988597,0.2054923194316138,27,0.18342083347031246,1,0.9993129776616922,pre,Aug Y - Nov Y
17,2,18,Willamette discharge,-0.26894775663428494,-0.27606382317665934,-0.07110994454510476,26,0.18399357301614627,1,0.5962655868054606,rec,May Y+1 - Jun Y+1
6,1,6,"Columbia discharge, Beaver",0.2689462004405643,0.24730126135571484,-0.011850265256745573,26,0.18399620875648087,1,0.5962655868054606,rec,Jun Y - Jun Y
8,1,8,"Columbia discharge, Beaver",0.268934777102903,0.20546781987339238,-0.12447140246072065,26,0.18401555737467654,1,0.5962655868054606,rec,Aug Y - Aug Y
3,2,4,SST anomaly (OISST),-0.268904151553713,-0.21780326273191425,0.09206620153328923,26,0.18406743726625474,1,0.5962655868054606,rec,Mar Y - Apr Y
1,1,1,BEUTI,0.2634656641839012,0.26616741888728573,0.06287169424917474,27,0.18423390660026473,1,0.9993129776616922,pre,Jan Y - Jan Y
5,3,7,"SST anomaly (MUR, 5-beach mean)",0.3094140901018811,0.3665049088039872,0.31191871685286054,20,0.18434370723814344,1,0.9993129776616922,pre,May Y - Jul Y
-4,3,-2,SST anomaly (buoys),-0.26319144860958205,-0.22274620490361813,0.3684101441609722,27,0.18470787252307516,1,0.9993129776616922,pre,Aug Y-1 - Oct Y-1
23,3,25,"Wind stress, alongshore (buoys)",0.27413399016673573,0.32030660671510863,0.2063185424556908,25,0.18481700845450105,1,0.5962655868054606,rec,Nov Y+1 - Jan Y+2
23,3,25,"Columbia discharge, Beaver",-0.26817614744732976,-0.2945086155017236,-0.12938430371675425,26,0.18530366605924825,1,0.5962655868054606,rec,Nov Y+1 - Jan Y+2
15,3,17,PDO,-0.26808568593546567,-0.30379534442141937,-0.15888635654758515,26,0.18545767975574834,1,0.5962655868054606,rec,Mar Y+1 - May Y+1
18,3,20,"Wind stress, alongshore (buoys)",-0.26800459079619104,-0.15476914845183384,0.24849591107259433,26,0.18559582217475581,1,0.5962655868054606,rec,Jun Y+1 - Aug Y+1
14,2,15,CUTI,0.26258963342007524,0.2424531765334594,0.6161563032148664,27,0.18575104231437706,1,0.9993129776616922,pre,Feb Y+1 - Mar Y+1
13,1,13,"Columbia discharge, The Dalles",-0.26257612619700743,-0.26820528274122674,-0.26697609824476654,27,0.18577450215949531,1,0.9993129776616922,pre,Jan Y+1 - Jan Y+1
-4,3,-2,Willamette discharge,-0.26253869269798685,-0.2685141870115895,-0.22302337182042453,27,0.18583952878864057,1,0.9993129776616922,pre,Aug Y-1 - Oct Y-1
20,3,22,"SST anomaly (MUR, 5-beach mean)",0.29288510902745163,0.5024295834593026,0.6315717191166567,22,0.18590396310782928,1,0.5962655868054606,rec,Aug Y+1 - Oct Y+1
-8,1,-8,"Columbia discharge, Beaver",0.2677557968406475,0.2842287887126367,0.09898746896573914,26,0.1860200772410346,1,0.5962655868054606,rec,Apr Y-1 - Apr Y-1
15,4,18,"Columbia discharge, The Dalles",-0.26163856801761876,-0.2615903423279557,-0.006928108769471435,27,0.18740791419671807,1,0.9993129776616922,pre,Mar Y+1 - Jun Y+1
-10,4,-7,"Columbia discharge, Beaver",-0.2615536507252977,-0.2649217753112251,-0.07944906258639092,27,0.1875563467183663,1,0.9993129776616922,pre,Feb Y-1 - May Y-1
6,2,7,PDO,-0.26677798049890933,-0.28023065921233276,-0.08964383743914349,26,0.18769399283024332,1,0.5962655868054606,rec,Jun Y - Jul Y
28,3,30,Storm hours Hs > 4 m (buoys),-0.2667681422177973,-0.27732621801458185,-0.08094384045192751,26,0.1877108875839489,1,0.5962655868054606,rec,Apr Y+2 - Jun Y+2
-10,2,-9,SST anomaly (OISST),0.2666961999948957,0.24838668745025902,-0.0028907701254018976,26,0.1878344620353902,1,0.5962655868054606,rec,Feb Y-1 - Mar Y-1
14,4,17,SST anomaly (OISST),-0.2665812094474826,-0.22320884769267318,0.07186411965424049,26,0.18803209681453603,1,0.5962655868054606,rec,Feb Y+1 - May Y+1
16,2,17,"Columbia discharge, Beaver",-0.261267957703975,-0.25353452167275453,0.10165014354498655,27,0.18805632615514725,1,0.9993129776616922,pre,Apr Y+1 - May Y+1
13,1,13,BEUTI,-0.2611240626123381,-0.2485396598504758,0.15435573563343147,27,0.1883085000902679,1,0.9993129776616922,pre,Jan Y+1 - Jan Y+1
20,2,21,SST anomaly (buoys),0.26632736228609233,0.3890802753874154,0.48271958368683865,26,0.1884688933008852,1,0.5962655868054606,rec,Aug Y+1 - Sep Y+1
20,1,20,CUTI,-0.2662898604298845,-0.05204133586392522,0.47271113937848247,26,0.18853348231486297,1,0.5962655868054606,rec,Aug Y+1 - Aug Y+1
-4,3,-2,"Columbia discharge, Beaver",-0.2608091329452098,-0.26318845096423144,-0.37660849982938266,27,0.18886122603756486,1,0.9993129776616922,pre,Aug Y-1 - Oct Y-1
23,4,26,"Columbia discharge, The Dalles",-0.2659445583296899,-0.31767859937794496,-0.21048187356661532,26,0.18912891011234978,1,0.5962655868054606,rec,Nov Y+1 - Feb Y+2
10,1,10,SST anomaly (buoys),-0.26584231248206897,-0.13161985871034523,0.2983741501395321,26,0.1893054681849524,1,0.5962655868054606,rec,Oct Y - Oct Y
-4,1,-4,"Columbia discharge, Beaver",-0.260470532804705,-0.2663106405350011,-0.181850976609919,27,0.18945674665186157,1,0.9993129776616922,pre,Aug Y-1 - Aug Y-1
3,3,5,BEUTI,-0.26541529656807655,-0.15288670556802067,0.24738719118240293,26,0.1900440676989421,1,0.5962655868054606,rec,Mar Y - May Y
9,2,10,"SST anomaly (MUR, 5-beach mean)",0.29020371569212045,0.28785922980899126,0.5638769636132932,22,0.1901519989960595,1,0.9993129776616922,pre,Sep Y - Oct Y
-5,4,-2,"Columbia discharge, The Dalles",-0.2599993705631472,-0.2649958401704917,-0.3051993173289373,27,0.19028757266826418,1,0.9993129776616922,pre,Jul Y-1 - Oct Y-1
2,3,4,"SST anomaly (MUR, 5-beach mean)",-0.30516229082910723,-0.32265393856868635,-0.10041368017245626,20,0.19076340209385936,1,0.5962655868054606,rec,Feb Y - Apr Y
13,2,14,PDO,-0.2648249219529076,-0.32250430044903233,-0.23009639307193333,26,0.19106849274229606,1,0.5962655868054606,rec,Jan Y+1 - Feb Y+1
10,4,13,SST anomaly (buoys),-0.27035034031797794,-0.1470950443859496,0.30229108863270615,25,0.19119735039348748,1,0.5962655868054606,rec,Oct Y - Jan Y+1
13,3,15,SST anomaly (OISST),-0.270267754636912,-0.21475665879826408,0.12254349114040494,25,0.19133827840713588,1,0.5962655868054606,rec,Jan Y+1 - Mar Y+1
-9,3,-7,"Columbia discharge, Beaver",-0.2593955804761416,-0.2598576581186349,-0.016065339011650533,27,0.19135594459485827,1,0.9993129776616922,pre,Mar Y-1 - May Y-1
-9,2,-8,"Columbia discharge, Beaver",-0.25939457831758916,-0.2606585402473997,-0.0314117193232903,27,0.1913577212921698,1,0.9993129776616922,pre,Mar Y-1 - Apr Y-1
10,2,11,"Wind stress, alongshore (buoys)",0.25932327643102304,0.265319748678579,0.19815619811735657,27,0.19148415953478876,1,0.9993129776616922,pre,Oct Y - Nov Y
24,3,26,"Columbia discharge, The Dalles",-0.26457247330453376,-0.3198951265256417,-0.22207732941904731,26,0.19150770315040724,1,0.5962655868054606,rec,Dec Y+1 - Feb Y+2
24,3,26,"Columbia discharge, Beaver",-0.26449080123708757,-0.28381988736546254,-0.1069911101530228,26,0.19164994496508458,1,0.5962655868054606,rec,Dec Y+1 - Feb Y+2
3,2,4,CUTI,-0.2644803162296941,-0.17855415197741376,0.18249815963636928,26,0.1916682111431275,1,0.5962655868054606,rec,Mar Y - Apr Y
-2,2,-1,PDO,-0.2643850596819971,-0.28228560513409207,-0.10261440152063367,26,0.1918342147113129,1,0.5962655868054606,rec,Oct Y-1 - Nov Y-1
8,2,9,"Columbia discharge, Beaver",0.26437613757685774,0.14787069004359296,-0.2571206038701911,26,0.19184976832840347,1,0.5962655868054606,rec,Aug Y - Sep Y
-10,3,-8,"Columbia discharge, Beaver",-0.25887807897170956,-0.2632980396404188,-0.11020066708589127,27,0.19227492379839056,1,0.9993129776616922,pre,Feb Y-1 - Apr Y-1
-2,4,1,"Wind stress, alongshore (buoys)",-0.26965606709656054,-0.21486580906652594,0.12302584955813393,25,0.19238431009734439,1,0.5962655868054606,rec,Oct Y-1 - Jan Y
25,2,26,"Columbia discharge, Beaver",-0.26404229413891755,-0.26409966478623553,-0.04933176631588035,26,0.1924323706493594,1,0.5962655868054606,rec,Jan Y+2 - Feb Y+2
0,4,3,SST anomaly (OISST),-0.2638967016315126,-0.23945834111252562,0.020564574451784536,26,0.19268683010013532,1,0.5962655868054606,rec,Dec Y-1 - Mar Y
-9,4,-6,"Columbia discharge, The Dalles",0.2638850408995831,0.21428733233936606,-0.08899128562602064,26,0.1927072201593263,1,0.5962655868054606,rec,Mar Y-1 - Jun Y-1
26,1,26,CUTI,0.2636833477874802,0.4157060985039064,0.6371577582244634,26,0.19306013732686272,1,0.5962655868054606,rec,Feb Y+2 - Feb Y+2
-5,1,-5,"Columbia discharge, The Dalles",-0.25809697290799144,-0.2630764539216121,-0.13058319181969116,27,0.19366777028567853,1,0.9993129776616922,pre,Jul Y-1 - Jul Y-1
20,1,20,SST anomaly (buoys),0.2632987740256586,0.3513430055165976,0.3376187805886851,26,0.19373428482162672,1,0.5962655868054606,rec,Aug Y+1 - Aug Y+1
15,2,16,PDO,-0.26318998645794706,-0.31712705747878167,-0.21703152588728492,26,0.19392527960698372,1,0.5962655868054606,rec,Mar Y+1 - Apr Y+1
-8,1,-8,Willamette discharge,0.26313624971937954,0.2791073963067613,0.0964950174345331,26,0.19401967115584778,1,0.5962655868054606,rec,Apr Y-1 - Apr Y-1
5,2,6,Storm hours Hs > 4 m (buoys),-0.2631175137078857,-0.3125608970171816,-0.2021015988039866,26,0.19405258941316295,1,0.5962655868054606,rec,May Y - Jun Y
19,4,22,"SST anomaly (MUR, 5-beach mean)",0.2877189894682955,0.4968947413479557,0.6242350440701739,22,0.19414690077319594,1,0.5962655868054606,rec,Jul Y+1 - Oct Y+1
-1,1,-1,"SST anomaly (MUR, 5-beach mean)",-0.3028053658860988,-0.08443380066067953,0.3648085032125429,20,0.19438605170601192,1,0.5962655868054606,rec,Nov Y-1 - Nov Y-1
8,2,9,"SST anomaly (MUR, 5-beach mean)",0.2873541354831884,0.2862324926956841,0.5571638631738021,22,0.19473825420577967,1,0.9993129776616922,pre,Aug Y - Sep Y
19,1,19,Willamette discharge,-0.2626839606020448,-0.2759446140659747,-0.088220731266016,26,0.19481539270455145,1,0.5962655868054606,rec,Jul Y+1 - Jul Y+1
-11,4,-8,SST anomaly (OISST),0.2624081435558429,0.26419654877510546,0.05408591916676926,26,0.19530174130591743,1,0.5962655868054606,rec,Jan Y-1 - Apr Y-1
-1,2,0,Storm hours Hs > 4 m (buoys),0.26234148560708886,0.1799968588893753,-0.1739445641568936,26,0.19541940424013066,1,0.5962655868054606,rec,Nov Y-1 - Dec Y-1
23,2,24,Wave energy Hs^2 (buoys),-0.2620219149860578,-0.3691589025222694,-0.4118908506757416,26,0.19598417769462403,1,0.5962655868054606,rec,Nov Y+1 - Dec Y+1
18,4,21,Willamette discharge,-0.2620017985376998,-0.2887777590127946,-0.12936814833662483,26,0.19601976666383966,1,0.5962655868054606,rec,Jun Y+1 - Sep Y+1
-8,3,-6,"Columbia discharge, The Dalles",0.26192416575506106,0.2215914697448722,-0.06451265684607056,26,0.196157152073692,1,0.5962655868054606,rec,Apr Y-1 - Jun Y-1
3,2,4,SST anomaly (buoys),-0.27336285397569343,-0.19977623963367555,0.1679689969269645,24,0.19618668743148993,1,0.5962655868054606,rec,Mar Y - Apr Y
-7,4,-4,"Columbia discharge, Beaver",-0.25665853543810624,-0.2589737255578452,-0.053404578692767955,27,0.19625090810786242,1,0.9993129776616922,pre,May Y-1 - Aug Y-1
18,1,18,Willamette discharge,-0.26166154716697254,-0.26305203946521555,-0.05277433336684469,26,0.19662239304109408,1,0.5962655868054606,rec,Jun Y+1 - Jun Y+1
18,3,20,"SST anomaly (MUR, 5-beach mean)",0.2933864811507422,0.47351194312268824,0.47431248228838296,21,0.19678413072497677,1,0.5962655868054606,rec,Jun Y+1 - Aug Y+1
21,1,21,BEUTI,-0.2614218876862553,0.03289088152292594,0.6293464727687874,26,0.19704762032358752,1,0.5962655868054606,rec,Sep Y+1 - Sep Y+1
-10,2,-9,"Columbia discharge, The Dalles",0.2614213105534376,0.15983685042515602,-0.22180545949831665,26,0.19704864508882397,1,0.5962655868054606,rec,Feb Y-1 - Mar Y-1
19,2,20,Willamette discharge,-0.26128535139486586,-0.30132685578559254,-0.17104916528032316,26,0.1972901578497886,1,0.5962655868054606,rec,Jul Y+1 - Aug Y+1
-11,2,-10,"Columbia discharge, The Dalles",0.26127818007360265,0.12012429121604044,-0.3155160091358535,26,0.19730290234287734,1,0.5962655868054606,rec,Jan Y-1 - Feb Y-1
-2,4,1,Storm hours Hs > 4 m (buoys),0.2612109567121211,0.20560981552684107,-0.10535814691331447,26,0.19742239556428792,1,0.5962655868054606,rec,Oct Y-1 - Jan Y
13,3,15,"SST anomaly (MUR, 5-beach mean)",-0.29289716147580747,-0.32695356653719976,-0.141370383500547,21,0.197566685205575,1,0.5962655868054606,rec,Jan Y+1 - Mar Y+1
16,1,16,"Columbia discharge, Beaver",-0.2558421967640428,-0.25295804268696137,0.03864171349635897,27,0.19772737224377895,1,0.9993129776616922,pre,Apr Y+1 - Apr Y+1
5,3,7,Storm hours Hs > 4 m (buoys),-0.2609236593430466,-0.3113746488546952,-0.2048141039687476,26,0.19793364092969473,1,0.5962655868054606,rec,May Y - Jul Y
1,4,4,SST anomaly (buoys),-0.27204001520184784,-0.20081587683643815,0.16182780450597678,24,0.19844673614269215,1,0.5962655868054606,rec,Jan Y - Apr Y
13,4,16,"Columbia discharge, The Dalles",-0.25544179004323775,-0.26021767547131397,-0.12169696559965393,27,0.19845434505988388,1,0.9993129776616922,pre,Jan Y+1 - Apr Y+1
-9,1,-9,"Wind stress, alongshore (buoys)",-0.27184976915204623,-0.18403951427694762,0.14256390948167055,24,0.19877321801632905,1,0.5962655868054606,rec,Mar Y-1 - Mar Y-1
16,4,19,PDO,-0.2602636160858667,-0.2657433865588942,-0.06453510134743098,26,0.1991116179171881,1,0.5962655868054606,rec,Apr Y+1 - Jul Y+1
2,3,4,SST anomaly (buoys),-0.2715630188051244,-0.20287465508051253,0.1550277690951336,24,0.1992660006774961,1,0.5962655868054606,rec,Feb Y - Apr Y
1,4,4,SST anomaly (OISST),-0.2601506023347118,-0.22610513872145355,0.047741546512201166,26,0.19931379282210263,1,0.5962655868054606,rec,Jan Y - Apr Y
7,4,10,PDO,-0.26014027249392013,-0.2729360549901996,-0.08630086420888068,26,0.19933227929339292,1,0.5962655868054606,rec,Jul Y - Oct Y
20,4,23,BEUTI,-0.2599493756169945,0.15257722136289376,0.821874231820584,26,0.19967412284847447,1,0.5962655868054606,rec,Aug Y+1 - Nov Y+1
0,1,0,SST anomaly (buoys),-0.2651178514421707,-0.20562931119246897,0.13720053195407092,25,0.20026754802176583,1,0.5962655868054606,rec,Dec Y-1 - Dec Y-1
20,1,20,SST anomaly (OISST),0.25941623190143637,0.3291966375849829,0.26994280650494806,26,0.20063095741351328,1,0.5962655868054606,rec,Aug Y+1 - Aug Y+1
17,3,19,PDO,-0.25934713968208734,-0.25556966851058827,-0.037271065588097674,26,0.20075518620443988,1,0.5962655868054606,rec,May Y+1 - Jul Y+1
-11,3,-9,"Columbia discharge, The Dalles",0.2592553471807734,0.13874046394515951,-0.26783786824945605,26,0.2009203116563708,1,0.5962655868054606,rec,Jan Y-1 - Mar Y-1
26,2,27,SST anomaly (OISST),-0.25910679925049696,-0.1644416094124687,0.20531068189870524,26,0.20118773081560123,1,0.5962655868054606,rec,Feb Y+2 - Mar Y+2
2,3,4,BEUTI,-0.258857850379913,-0.08627675644092592,0.386750296694379,26,0.2016364384523571,1,0.5962655868054606,rec,Feb Y - Apr Y
-6,4,-3,"Columbia discharge, Beaver",-0.2534747304292026,-0.25834106640053645,-0.12437917249288968,27,0.20205234068859823,1,0.9993129776616922,pre,Jun Y-1 - Sep Y-1
22,1,22,"Columbia discharge, The Dalles",-0.25862678661738636,-0.36835213785514065,-0.42046148480130674,26,0.20205352038814492,1,0.5962655868054606,rec,Oct Y+1 - Oct Y+1
19,3,21,SST anomaly (OISST),0.26405861637395667,0.3809320646833387,0.5223035249023386,25,0.20213872291407164,1,0.5962655868054606,rec,Jul Y+1 - Sep Y+1
23,2,24,"Columbia discharge, Beaver",-0.2583948585267146,-0.28100583747715885,-0.11571732961820617,26,0.20247275384432606,1,0.5962655868054606,rec,Nov Y+1 - Dec Y+1
-11,2,-10,Storm hours Hs > 4 m (buoys),0.2637392735069239,0.2516280631742638,0.02873763200281238,25,0.20270517726873388,1,0.5962655868054606,rec,Jan Y-1 - Feb Y-1
8,3,10,Wave energy Hs^2 (buoys),-0.25819401345423176,-0.2669213737745448,-0.07375060504859554,26,0.2028362804665951,1,0.5962655868054606,rec,Aug Y - Oct Y
11,4,14,BEUTI,0.2581627582087594,0.3813785109858989,0.478146078726797,26,0.20289289197643104,1,0.5962655868054606,rec,Nov Y - Feb Y+1
14,4,17,"Columbia discharge, The Dalles",-0.2529859568095007,-0.25294144193292323,-0.0067293519462802475,27,0.20295324377154672,1,0.9993129776616922,pre,Feb Y+1 - May Y+1
2,2,3,PDO,-0.2529313265235122,-0.25820844048339264,-0.30816454766462237,27,0.2030541081101917,1,0.9993129776616922,pre,Feb Y - Mar Y
-8,3,-6,Willamette discharge,0.2580301348374123,0.1850969221997838,-0.1509155243571427,26,0.2031332277450496,1,0.5962655868054606,rec,Apr Y-1 - Jun Y-1
-1,2,0,"Wind stress, alongshore (buoys)",-0.2634054673912805,-0.2531824394688026,0.11805833608268726,25,0.2032984388541234,1,0.9993129776616922,pre,Nov Y-1 - Dec Y-1
14,4,17,SST anomaly (buoys),-0.2692205566482614,-0.20892411165017463,0.14496076891122361,24,0.20332263002799766,1,0.5962655868054606,rec,Feb Y+1 - May Y+1
-8,4,-5,Willamette discharge,0.2578293332317949,0.1835115565416389,-0.1544916942841559,26,0.20349748299408416,1,0.5962655868054606,rec,Apr Y-1 - Jul Y-1
-10,3,-8,Wave energy Hs^2 (buoys),0.25782617728747276,0.22091037208549683,-0.26720579138663614,26,0.2035032114441019,1,0.9993129776616922,pre,Feb Y-1 - Apr Y-1
24,1,24,Willamette discharge,-0.2577910970589577,-0.3182311803616305,-0.2372817657153385,26,0.20356689402508513,1,0.5962655868054606,rec,Dec Y+1 - Dec Y+1
5,1,5,"SST anomaly (MUR, 5-beach mean)",0.2889462061176015,0.32424731453141103,0.2198338908023366,21,0.20396195833537129,1,0.9993129776616922,pre,May Y - May Y
8,3,10,PDO,-0.25751197618165234,-0.2715612095765798,-0.08952693717532068,26,0.20407407734217853,1,0.5962655868054606,rec,Aug Y - Oct Y
-6,3,-4,"Columbia discharge, Beaver",-0.25226820606516814,-0.2557673703179979,-0.08170678202210212,27,0.20428116494261922,1,0.9993129776616922,pre,Jun Y-1 - Aug Y-1
16,1,16,SST anomaly (buoys),-0.2685067594102882,-0.202836258494702,0.16054221124483053,24,0.20456980153104243,1,0.5962655868054606,rec,Apr Y+1 - Apr Y+1
30,1,30,"Columbia discharge, The Dalles",-0.2572377243834351,-0.25480513128303234,-0.040771525637932585,26,0.2045732505085332,1,0.5962655868054606,rec,Jun Y+2 - Jun Y+2
1,3,3,SST anomaly (OISST),-0.26252175166251,-0.19771692006511715,0.15267515200746,25,0.2048747253529993,1,0.5962655868054606,rec,Jan Y - Mar Y
6,1,6,BEUTI,-0.25696991730198454,-0.047968934354044625,0.46522134879327476,26,0.20506149476046748,1,0.5962655868054606,rec,Jun Y - Jun Y
1,3,3,"Columbia discharge, The Dalles",0.25689603182322945,0.18035990278237646,-0.160325215188289,26,0.20519633620002733,1,0.5962655868054606,rec,Jan Y - Mar Y
5,4,8,PDO,-0.25668235234471537,-0.2775803341879586,-0.11010424714191837,26,0.205586641909121,1,0.5965081072706436,rec,May Y - Aug Y
-5,2,-4,"Columbia discharge, The Dalles",-0.25137887714458174,-0.25740623842647886,-0.1835853276764336,27,0.20593473692573105,1,0.9993129776616922,pre,Jul Y-1 - Aug Y-1
10,1,10,"SST anomaly (MUR, 5-beach mean)",0.28054937611084957,0.2869107511115549,0.4815862191503901,22,0.20599121814039678,1,0.9993129776616922,pre,Oct Y - Oct Y
23,4,26,SST anomaly (OISST),-0.25622543871777054,-0.13590328887683972,0.2680925354862479,26,0.2064229307323434,1,0.5980419930606193,rec,Nov Y+1 - Feb Y+2
-10,1,-10,Storm hours Hs > 4 m (buoys),0.25606643919768274,0.22574750286910855,-0.22752158788725535,26,0.20671448883320095,1,0.9993129776616922,pre,Feb Y-1 - Feb Y-1
26,1,26,Willamette discharge,-0.25603994878056935,-0.28146674293580787,-0.12385981914213216,26,0.20676309159608433,1,0.5981360864029582,rec,Feb Y+2 - Feb Y+2
5,3,7,"Wind stress, alongshore (buoys)",-0.2606762588097287,-0.1819985284366497,0.5251245211465045,25,0.2081932168096657,1,0.9993129776616922,pre,May Y - Jul Y
-7,3,-5,"SST anomaly (MUR, 5-beach mean)",-0.2939838626684136,-0.17914992728215676,0.31191871685286054,20,0.20835282876648217,1,0.9993129776616922,pre,May Y-1 - Jul Y-1
-8,2,-7,CUTI,0.2551598407064521,0.3779622336528097,0.47392434964047636,26,0.2083822669538057,1,0.5998660442363568,rec,Apr Y-1 - May Y-1
26,1,26,SST anomaly (OISST),-0.2551146350040372,-0.15412025649362582,0.2217211543435178,26,0.20846566551632256,1,0.5998660442363568,rec,Feb Y+2 - Feb Y+2
-9,4,-6,"Wind stress, alongshore (buoys)",0.2604611514049106,0.27197346819875323,0.2925225426828975,25,0.2085823657901252,1,0.9993129776616922,pre,Mar Y-1 - Jun Y-1
-7,2,-6,Wave energy Hs^2 (buoys),0.2549564693026363,0.17408860100015267,-0.17168979965635203,26,0.20875763854663254,1,0.5998660442363568,rec,May Y-1 - Jun Y-1
16,1,16,"SST anomaly (MUR, 5-beach mean)",-0.28599670905230334,-0.2987625876590717,-0.0884210718980935,21,0.2088253923449802,1,0.5998660442363568,rec,Apr Y+1 - Apr Y+1
1,2,2,SST anomaly (buoys),-0.26027291427397325,-0.19552096275963185,0.15292122205086361,25,0.20892330721554062,1,0.5998660442363568,rec,Jan Y - Feb Y
-4,2,-3,"Columbia discharge, Beaver",-0.24970448662951752,-0.25511554823241067,-0.3094221199801722,27,0.20907271988892243,1,0.9993129776616922,pre,Aug Y-1 - Sep Y-1
-7,3,-5,"Columbia discharge, Beaver",-0.24967858781720279,-0.25113984026142666,-0.03492101738569276,27,0.20912151079390018,1,0.9993129776616922,pre,May Y-1 - Jul Y-1
2,3,4,PDO,-0.25471034165564116,-0.3002987918027117,-0.18723527788465774,26,0.20921254011947013,1,0.5998660442363568,rec,Feb Y - Apr Y
-5,3,-3,"Columbia discharge, The Dalles",-0.24911676312182154,-0.25542499203091146,-0.2439617907857412,27,0.21018184077470986,1,0.9993129776616922,pre,Jul Y-1 - Sep Y-1
21,2,22,BEUTI,-0.2535717292383567,-0.013326183250258446,0.5301347411923605,26,0.2113257042335528,1,0.6037023574773893,rec,Sep Y+1 - Oct Y+1
11,1,11,"SST anomaly (MUR, 5-beach mean)",-0.2773479712345142,-0.2492172574585377,0.22970587175981189,22,0.21143303805950706,1,0.9993129776616922,pre,Nov Y - Nov Y
3,2,4,"SST anomaly (MUR, 5-beach mean)",-0.2919850789987645,-0.3113955982181981,-0.1018527704492555,20,0.21160738532137793,1,0.6037023574773893,rec,Mar Y - Apr Y
9,4,12,SST anomaly (buoys),-0.2534142196596241,-0.17084634385782888,0.17628900381163098,26,0.2116191608462088,1,0.6037023574773893,rec,Sep Y - Dec Y
2,1,2,"SST anomaly (MUR, 5-beach mean)",-0.2918718816418257,-0.30395530433070694,-0.08535774805071789,20,0.2117926994853804,1,0.6037023574773893,rec,Feb Y - Feb Y
5,4,8,"Wind stress, alongshore (buoys)",-0.25279330959678403,-0.06566923442949384,0.4202937827855814,26,0.2127786647184164,1,0.6056247792278205,rec,May Y - Aug Y
-11,3,-9,"Columbia discharge, Beaver",-0.24771243699760748,-0.2540912225553285,-0.22706813100055195,27,0.2128481719299209,1,0.9993129776616922,pre,Jan Y-1 - Mar Y-1
-3,2,-2,Willamette discharge,-0.24707135621729598,-0.25331348874042475,-0.19613540444271288,27,0.21407294858265227,1,0.9993129776616922,pre,Sep Y-1 - Oct Y-1
-5,1,-5,PDO,-0.24679856750245574,-0.2518772746294159,-0.12994407147218942,27,0.21459555169787792,1,0.9993129776616922,pre,Jul Y-1 - Jul Y-1
17,1,17,PDO,-0.251807233260732,-0.24713968172489498,-0.03327020433670106,26,0.21462889782613842,1,0.6093881490606533,rec,May Y+1 - May Y+1
12,2,13,"Columbia discharge, The Dalles",-0.24671094648247147,-0.25094390897505026,-0.35603827195668525,27,0.21476359725923733,1,0.9993129776616922,pre,Dec Y - Jan Y+1
16,2,17,PDO,-0.25170471412429335,-0.26467283722861845,-0.08509151070447521,26,0.21482188136621094,1,0.6093881490606533,rec,Apr Y+1 - May Y+1
15,4,18,SST anomaly (buoys),-0.26247753847566413,-0.19035795400283292,0.17994064921401665,24,0.2153107657640348,1,0.6093881490606533,rec,Mar Y+1 - Jun Y+1
9,1,9,PDO,-0.2514219524593522,-0.248678783266928,-0.03876444287277684,26,0.21535476255384198,1,0.6093881490606533,rec,Sep Y - Sep Y
29,2,30,"SST anomaly (MUR, 5-beach mean)",0.2817139242552571,0.2943847026388999,0.08722661098835098,21,0.21602363609573044,1,0.609823214493958,rec,May Y+2 - Jun Y+2
23,4,26,"Wind stress, alongshore (buoys)",0.25100830886438397,0.3549521146648267,0.39268214619122466,26,0.21613590266786886,1,0.609823214493958,rec,Nov Y+1 - Feb Y+2
-9,1,-9,Wave energy Hs^2 (buoys),0.2559870563916224,0.09830657195672722,-0.2905894578439792,25,0.21678806365219477,1,0.6099199136912529,rec,Mar Y-1 - Mar Y-1
29,2,30,Willamette discharge,-0.25064314393837284,-0.25098508808227665,-0.047584009497794635,26,0.21682707831723547,1,0.6099199136912529,rec,May Y+2 - Jun Y+2
18,2,19,PDO,-0.2503022553193906,-0.24723927181081592,-0.03762548299972498,26,0.21747364598453225,1,0.6099199136912529,rec,Jun Y+1 - Jul Y+1
8,4,11,"Columbia discharge, Beaver",-0.24529395691254247,-0.251108277651802,-0.30044126502238655,27,0.21749356047895546,1,0.9993129776616922,pre,Aug Y - Nov Y
1,4,4,"SST anomaly (MUR, 5-beach mean)",-0.28830273797762596,-0.2986914265348425,-0.08080975681280592,20,0.2176907034836254,1,0.6099199136912529,rec,Jan Y - Apr Y
-1,2,0,PDO,-0.2501626036652158,-0.27855270705103774,-0.1316993916368516,26,0.21773889922928474,1,0.6099199136912529,rec,Nov Y-1 - Dec Y-1
6,3,8,"Wind stress, alongshore (buoys)",-0.24932730594943517,-0.10508340773195987,0.3257576498708117,26,0.2193300010177846,1,0.6127288586862271,rec,Jun Y - Aug Y
16,1,16,Wave energy Hs^2 (buoys),-0.2492686877752196,-0.24999864667715624,0.06299637949191551,26,0.21944195129602947,1,0.9993129776616922,pre,Apr Y+1 - Apr Y+1
18,1,18,SST anomaly (buoys),-0.24428988258201914,-0.24170294603386724,0.03464898732193911,27,0.21944211813427844,1,0.9993129776616922,pre,Jun Y+1 - Jun Y+1
-5,2,-4,PDO,-0.2491118512607845,-0.25603457166163585,-0.0665964238045524,26,0.21974166983655652,1,0.6127288586862271,rec,Jul Y-1 - Aug Y-1
14,2,15,Wave energy Hs^2 (buoys),-0.2542063377039676,-0.3469254281370233,-0.39011737515017303,25,0.22011343394735422,1,0.6127288586862271,rec,Feb Y+1 - Mar Y+1
14,4,17,"SST anomaly (MUR, 5-beach mean)",-0.2792110830790588,-0.2868187146226791,-0.07477569255855993,21,0.2203052892673323,1,0.6127288586862271,rec,Feb Y+1 - May Y+1
-8,2,-7,"Columbia discharge, Beaver",0.2487301298534291,0.2561555440421282,0.06800623812891042,26,0.22047229749770908,1,0.6127288586862271,rec,Apr Y-1 - May Y-1
3,2,4,BEUTI,-0.24857158486877157,-0.17894509675699352,0.1442484253530843,26,0.22077623659070328,1,0.6127288586862271,rec,Mar Y - Apr Y
-11,2,-10,SST anomaly (buoys),0.2535189224104199,0.3123279503882456,0.20369327002208326,25,0.22140621805586697,1,0.6127288586862271,rec,Jan Y-1 - Feb Y-1
-6,2,-5,"Columbia discharge, Beaver",-0.24319076966255299,-0.24583302684976446,-0.05978673962642221,27,0.2215885560992792,1,0.9993129776616922,pre,Jun Y-1 - Jul Y-1
16,1,16,SST anomaly (OISST),-0.2479972505632746,-0.199689593715615,0.08845392680424712,26,0.22187961888948088,1,0.6127288586862271,rec,Apr Y+1 - Apr Y+1
27,1,27,SST anomaly (OISST),-0.24799586974211826,-0.16563735942331212,0.17684784006659698,26,0.22188227609955583,1,0.6127288586862271,rec,Mar Y+2 - Mar Y+2
28,1,28,Willamette discharge,-0.24765218738495273,-0.1920821278096731,0.10778113456407838,26,0.22254431138999256,1,0.6127288586862271,rec,Apr Y+2 - Apr Y+2
21,4,24,BEUTI,0.24752970808372465,0.3743935209430316,0.4858557692027808,26,0.22278056273258343,1,0.6127288586862271,rec,Sep Y+1 - Dec Y+1
1,1,1,SST anomaly (buoys),-0.25274184173144665,-0.18178076308052174,0.17165127444489442,25,0.22287373156619353,1,0.6127288586862271,rec,Jan Y - Jan Y
13,1,13,Storm hours Hs > 4 m (buoys),0.24247447516393664,0.23926800591964217,-0.04383382755041437,27,0.22299496678286235,1,0.9993129776616922,pre,Jan Y+1 - Jan Y+1
11,4,14,"Wind stress, alongshore (buoys)",0.25266469697781613,0.3439230153390508,0.38260530190130776,25,0.22301977258236527,1,0.6127288586862271,rec,Nov Y - Feb Y+1
11,4,14,SST anomaly (buoys),-0.25259364424987557,-0.19203772971547847,0.1398518021355307,25,0.22315433742276172,1,0.6127288586862271,rec,Nov Y - Feb Y+1
-7,1,-7,"Columbia discharge, The Dalles",0.24694613554496653,0.2475844538360798,0.047738041754137095,26,0.22390852718479193,1,0.61393254844462,rec,May Y-1 - May Y-1
0,4,3,BEUTI,-0.24665251834377994,-0.09268423074717683,0.34873040689812135,26,0.22447749072559608,1,0.61462569291628,rec,Dec Y-1 - Mar Y
-10,4,-7,PDO,-0.24160879461010082,-0.248145133014466,-0.24794844105872868,27,0.22470267372141708,1,0.9993129776616922,pre,Feb Y-1 - May Y-1
0,3,2,PDO,-0.2413012643009319,-0.24785105482677708,-0.2468742992699821,27,0.22531143631213107,1,0.9993129776616922,pre,Dec Y-1 - Feb Y
-11,2,-10,Wave energy Hs^2 (buoys),0.2514561077376413,0.2335954548064547,0.012434020109460216,25,0.22531606790482334,1,0.6160540590815423,rec,Jan Y-1 - Feb Y-1
-3,2,-2,"SST anomaly (MUR, 5-beach mean)",-0.28322808240865305,0.026315827828775094,0.522458525954272,20,0.22626062872218905,1,0.6177677840392353,rec,Sep Y-1 - Oct Y-1
-2,1,-2,Willamette discharge,-0.2405120381266155,-0.2448697019906474,-0.10389310385692019,27,0.22687878011313256,1,0.9993129776616922,pre,Oct Y-1 - Oct Y-1
22,4,25,Storm hours Hs > 4 m (buoys),-0.24523898874835226,-0.32980272915893827,-0.3170768591344382,26,0.22723011670365253,1,0.6195446660194959,rec,Oct Y+1 - Jan Y+2
25,1,25,BEUTI,0.2450018404911181,0.2877097509839286,0.1754674561538501,26,0.22769412143647177,1,0.6199402970203097,rec,Jan Y+2 - Jan Y+2
-10,2,-9,BEUTI,0.23976762723596542,0.2435035596218733,0.38228907268093026,27,0.22836379541450044,1,0.9993129776616922,pre,Feb Y-1 - Mar Y-1
5,3,7,"Wind stress, alongshore (buoys)",-0.25451636900740693,-0.03443093669086396,0.466622945624986,24,0.23006283641053854,1,0.6227829829723034,rec,May Y - Jul Y
-8,4,-5,"Columbia discharge, Beaver",-0.23887194531749198,-0.2395727306915622,-0.019779467248661153,27,0.23015917163806313,1,0.9993129776616922,pre,Apr Y-1 - Jul Y-1
-10,1,-10,SST anomaly (buoys),0.24888023363404627,0.30847330396903605,0.20440041951045398,25,0.23026258453187057,1,0.6227829829723034,rec,Feb Y-1 - Feb Y-1
3,3,5,Storm hours Hs > 4 m (buoys),0.24887007917807727,0.11386726930920095,-0.34083848541455214,25,0.2302822257599157,1,0.6227829829723034,rec,Mar Y - May Y
-2,1,-2,Storm hours Hs > 4 m (buoys),-0.2436581167998148,-0.2272945779068534,0.0016141304769763764,26,0.23033518347942736,1,0.6227829829723034,rec,Oct Y-1 - Oct Y-1
10,2,11,SST anomaly (buoys),-0.23875361700740802,-0.21438311103201874,0.26472075195162603,27,0.2303970606247352,1,0.9993129776616922,pre,Oct Y - Nov Y
2,1,2,SST anomaly (buoys),-0.2487273343679314,-0.19521091470883067,0.12288182895098596,25,0.23055844711817783,1,0.6227829829723034,rec,Feb Y - Feb Y
-2,4,1,Wave energy Hs^2 (buoys),0.24349338139523488,0.17907034720152457,-0.1317452598110239,26,0.23066036406381607,1,0.6227829829723034,rec,Oct Y-1 - Jan Y
23,3,25,SST anomaly (OISST),-0.24320645060181265,-0.12177451895235115,0.2738300003256297,26,0.2312274818261621,1,0.6234368001535547,rec,Nov Y+1 - Jan Y+2
-9,2,-8,"Columbia discharge, The Dalles",-0.23833766230776493,-0.24384987063960448,-0.1435390168770048,27,0.2312346035956777,1,0.9993129776616922,pre,Mar Y-1 - Apr Y-1
-11,4,-8,"Columbia discharge, The Dalles",-0.2382385612955882,-0.2448928301109555,-0.244401104260594,27,0.2314344468056112,1,0.9993129776616922,pre,Jan Y-1 - Apr Y-1
-7,1,-7,SST anomaly (buoys),-0.2430465561784279,-0.15108347405536146,0.20196939351284163,26,0.2315439144603223,1,0.6234368001535547,rec,May Y-1 - May Y-1
-5,2,-4,BEUTI,0.23805314462685442,0.15876897225396464,0.8938157892247377,27,0.23180865987632182,1,0.9993129776616922,pre,Jul Y-1 - Aug Y-1
14,3,16,"Columbia discharge, The Dalles",-0.23798545889305672,-0.24160635964583382,-0.08298828192768704,27,0.23194536549326822,1,0.9993129776616922,pre,Feb Y+1 - Apr Y+1
13,1,13,"Columbia discharge, Beaver",-0.23793013145725436,-0.24279751418627107,-0.1193854087880049,27,0.23205715080782433,1,0.9993129776616922,pre,Jan Y+1 - Jan Y+1
11,4,14,CUTI,0.24261164587738793,0.3869958004325381,0.5634893342620759,26,0.2324060616315492,1,0.6248926470425058,rec,Nov Y - Feb Y+1
-9,2,-8,"Wind stress, alongshore (buoys)",0.24762639783991702,0.2576939335839161,0.18856822698745482,25,0.232696218807135,1,0.9993129776616922,pre,Mar Y-1 - Apr Y-1
7,1,7,PDO,-0.24244832376297978,-0.25069033809808017,-0.06917552541906469,26,0.23273037409955713,1,0.6249003415048882,rec,Jul Y - Jul Y
-5,4,-2,CUTI,0.23757905565929371,0.2405794164911437,0.4033802188906215,27,0.23276731186343758,1,0.9993129776616922,pre,Jul Y-1 - Oct Y-1
6,2,7,BEUTI,-0.23750386054296363,-0.10511350628022402,0.7734575966988139,27,0.23291960551881644,1,0.9993129776616922,pre,Jun Y - Jul Y
15,3,17,"Columbia discharge, Beaver",-0.23722556871016234,-0.23207985519813337,0.07095566292173047,27,0.23348381048583255,1,0.9993129776616922,pre,Mar Y+1 - May Y+1
-10,3,-8,"Columbia discharge, The Dalles",-0.23701215600472153,-0.2435782180415077,-0.2077559780440579,27,0.23391709589905846,1,0.9993129776616922,pre,Feb Y-1 - Apr Y-1
-4,3,-2,"Columbia discharge, The Dalles",-0.23700899301913012,-0.23790734516294182,-0.44445413346411367,27,0.23392352163239677,1,0.9993129776616922,pre,Aug Y-1 - Oct Y-1
12,1,12,SST anomaly (buoys),-0.24159536304781257,-0.24220136735904124,0.08117633628281995,26,0.23442899849841903,1,0.9993129776616922,pre,Dec Y - Dec Y
7,1,7,"SST anomaly (MUR, 5-beach mean)",0.2640055395844873,0.27674005751390024,0.36370541176431853,22,0.23514003028493344,1,0.9993129776616922,pre,Jul Y - Jul Y
16,3,18,"Columbia discharge, Beaver",-0.23640055652853612,-0.23213623840943956,0.05905585131256687,27,0.23516176861088633,1,0.9993129776616922,pre,Apr Y+1 - Jun Y+1
-7,4,-4,SST anomaly (buoys),-0.24109508395499246,-0.07276812775781455,0.3827106179256951,26,0.23542909056037165,1,0.6312746924818793,rec,May Y-1 - Aug Y-1
15,1,15,Willamette discharge,-0.24083410341706132,-0.2588468354588961,-0.09799692085350092,26,0.23595192826030079,1,0.6318051632755162,rec,Mar Y+1 - Mar Y+1
-4,1,-4,Willamette discharge,-0.23587423543350877,-0.24244888664673928,-0.27547861054383066,27,0.23623640616916353,1,0.9993129776616922,pre,Aug Y-1 - Aug Y-1
-3,2,-2,SST anomaly (OISST),-0.23577348771653475,-0.2070397238872151,0.29977024632099697,27,0.23644248294706716,1,0.9993129776616922,pre,Sep Y-1 - Oct Y-1
-7,3,-5,SST anomaly (buoys),-0.24055527910012217,-0.08584306657821075,0.35214581612953444,26,0.23651136206394496,1,0.6320704434569971,rec,May Y-1 - Jul Y-1
10,4,13,Storm hours Hs > 4 m (buoys),-0.24046072378561104,-0.3152359704798529,-0.2806701757463503,26,0.2367012771793693,1,0.6320704434569971,rec,Oct Y - Jan Y+1
-2,1,-2,"Columbia discharge, The Dalles",-0.23560514590303633,-0.22900128309755496,-0.5453182752435024,27,0.2367870877563,1,0.9993129776616922,pre,Oct Y-1 - Oct Y-1
-6,4,-3,Storm hours Hs > 4 m (buoys),-0.24029538021884825,-0.1655907119583042,0.15890456229267533,26,0.23703361345143198,1,0.6320896358704853,rec,Jun Y-1 - Sep Y-1
-6,3,-4,BEUTI,0.23527389121878947,0.17455512984261953,0.8462615493157664,27,0.23746615639918978,1,0.9993129776616922,pre,Jun Y-1 - Aug Y-1
-6,4,-3,PDO,-0.23991282528092647,-0.2509890196028148,-0.07706474308704442,26,0.2378037213861133,1,0.6325208474001841,rec,Jun Y-1 - Sep Y-1
5,2,6,BEUTI,-0.23972268405766436,-0.0288956727294225,0.4753467883142506,26,0.23818710247122782,1,0.6325208474001841,rec,May Y - Jun Y
-11,1,-11,"Columbia discharge, Beaver",0.23956967699313256,0.09585839997141438,-0.32714233376304924,26,0.23849590641399565,1,0.6325208474001841,rec,Jan Y-1 - Jan Y-1
18,4,21,"SST anomaly (MUR, 5-beach mean)",0.26213196512985937,0.46713450840975573,0.5840707422282186,22,0.23860249607066897,1,0.6325208474001841,rec,Jun Y+1 - Sep Y+1
13,2,14,Willamette discharge,-0.23935825868560726,-0.3105793026182798,-0.2680373379166465,26,0.2389230327894241,1,0.6325208474001841,rec,Jan Y+1 - Feb Y+1
-9,1,-9,SST anomaly (buoys),-0.24428214134292475,-0.24132998524393276,0.026118744791202627,25,0.23927027230165882,1,0.9993129776616922,pre,Mar Y-1 - Mar Y-1
8,3,10,"Columbia discharge, Beaver",0.23908391555064457,0.09660085788645004,-0.3244248929093091,26,0.23947803800794032,1,0.6325208474001841,rec,Aug Y - Oct Y
0,4,3,PDO,-0.23416998834202818,-0.2408168135920712,-0.27507614515685025,27,0.2397384590930656,1,0.9993129776616922,pre,Dec Y-1 - Mar Y
-9,1,-9,CUTI,0.23398057493809254,0.2384759236685546,0.10660248339138302,27,0.2401297934595034,1,0.9993129776616922,pre,Mar Y-1 - Mar Y-1
20,4,23,"Columbia discharge, Beaver",-0.23872372390153582,-0.2824999236011861,-0.17728289706295777,26,0.24020800835101075,1,0.6325208474001841,rec,Aug Y+1 - Nov Y+1
11,3,13,Wave energy Hs^2 (buoys),-0.23853793817487096,-0.31800206831078265,-0.2963255378687359,26,0.24058509775762507,1,0.6325208474001841,rec,Nov Y - Jan Y+1
-8,2,-7,Willamette discharge,0.2382601728389576,0.17443295251434285,-0.13118755800636156,26,0.24114960574044614,1,0.6325208474001841,rec,Apr Y-1 - May Y-1
12,4,15,SST anomaly (buoys),-0.24301706906413795,-0.214295777341454,0.048709013491761946,25,0.24178865437316166,1,0.6325208474001841,rec,Dec Y - Mar Y+1
-1,2,0,SST anomaly (buoys),-0.24301511723850022,-0.11945680992771258,0.31360631537811917,25,0.24179255326843244,1,0.6325208474001841,rec,Nov Y-1 - Dec Y-1
-7,4,-4,"Wind stress, alongshore (buoys)",0.2331494801578021,0.2372985954355134,0.3849003415262072,27,0.24185185455652666,1,0.9993129776616922,pre,May Y-1 - Aug Y-1
-11,1,-11,Willamette discharge,0.2378894214313385,0.06186629672330724,-0.4008270664328524,26,0.24190444999463329,1,0.6325208474001841,rec,Jan Y-1 - Jan Y-1
6,4,9,CUTI,-0.2375952789123571,-0.027238611528548534,0.4751499761690834,26,0.2425044252907004,1,0.6325208474001841,rec,Jun Y - Sep Y
17,1,17,Willamette discharge,-0.23758515080691614,-0.24888570996304282,-0.07726368405592501,26,0.24252510145219083,1,0.6325208474001841,rec,May Y+1 - May Y+1
14,2,15,Storm hours Hs > 4 m (buoys),-0.24260966865494613,-0.3273771863920776,-0.3490147205950088,25,0.24260335736145372,1,0.6325208474001841,rec,Feb Y+1 - Mar Y+1
16,2,17,"Wind stress, alongshore (buoys)",0.2536811100092827,0.2712048357303566,0.10046916169813011,23,0.24280881564140638,1,0.6325208474001841,rec,Apr Y+1 - May Y+1
16,1,16,PDO,-0.23737361361304646,-0.26751711875029205,-0.1342285196020208,26,0.24295721215395233,1,0.6325208474001841,rec,Apr Y+1 - Apr Y+1
-4,3,-2,"SST anomaly (MUR, 5-beach mean)",-0.27363640292970165,0.05442458347020932,0.5553674371105322,20,0.24305199228803373,1,0.6325208474001841,rec,Aug Y-1 - Oct Y-1
6,2,7,"SST anomaly (MUR, 5-beach mean)",0.26638480257023583,0.2898027105592403,0.3347995711543699,21,0.24312136105633503,1,0.9993129776616922,pre,Jun Y - Jul Y
-11,4,-8,"Columbia discharge, Beaver",-0.23228689190292556,-0.23829072987044794,-0.16211805673526192,27,0.24364777470724736,1,0.9993129776616922,pre,Jan Y-1 - Apr Y-1
26,1,26,BEUTI,0.23698550627411266,0.39640231322008485,0.6368041852196703,26,0.24375132201863228,1,0.6334927406473545,rec,Feb Y+2 - Feb Y+2
3,4,6,Storm hours Hs > 4 m (buoys),0.2418641852837497,0.10469733908103149,-0.34811667877932373,25,0.24409880267373724,1,0.6335488283013955,rec,Mar Y - Jun Y
1,4,4,PDO,-0.23196099103383427,-0.2386425947210005,-0.2813141348807769,27,0.2443285868993127,1,0.9993129776616922,pre,Jan Y - Apr Y
-5,2,-4,PDO,-0.23185846021686207,-0.2378455644663585,-0.16099064595729495,27,0.24454303436598737,1,0.9993129776616922,pre,Jul Y-1 - Aug Y-1
-5,3,-3,SST anomaly (buoys),-0.23182455623607068,-0.1826752269681486,0.4367938190561353,27,0.24461397322102532,1,0.9993129776616922,pre,Jul Y-1 - Sep Y-1
-10,3,-8,SST anomaly (OISST),0.23634589065574074,0.23919683277419485,0.05215173547222879,26,0.24506376428114812,1,0.6352052770167359,rec,Feb Y-1 - Apr Y-1
-9,4,-6,"Columbia discharge, The Dalles",-0.23143941101550053,-0.23615978431856346,-0.11287228190364205,27,0.24542078184257365,1,0.9993129776616922,pre,Mar Y-1 - Jun Y-1
2,4,5,PDO,-0.2353919530955121,-0.27213545795064586,-0.15427099801867253,26,0.24702977610571375,1,0.6391788918712584,rec,Feb Y - May Y
-6,4,-3,SST anomaly (buoys),-0.23528328631779066,-0.06413535811948293,0.39080019330858384,26,0.24725438615596004,1,0.6391788918712584,rec,Jun Y-1 - Sep Y-1
-6,4,-3,"Columbia discharge, The Dalles",-0.23040195082744194,-0.23696444915405002,-0.19366948852990115,27,0.24760277618864338,1,0.9993129776616922,pre,Jun Y-1 - Sep Y-1
19,2,20,BEUTI,0.23494433074808943,0.41673099136620423,0.8567822184534309,26,0.24795585380457696,1,0.639220457416966,rec,Jul Y+1 - Aug Y+1
15,3,17,SST anomaly (OISST),-0.23491019994126258,-0.17761372416470253,0.11470317924199253,26,0.24802655956386155,1,0.639220457416966,rec,Mar Y+1 - May Y+1
-5,3,-3,PDO,-0.22998345243728435,-0.2354965994053467,-0.13963946100642205,27,0.2484865610161495,1,0.9993129776616922,pre,Jul Y-1 - Sep Y-1
1,1,1,Storm hours Hs > 4 m (buoys),0.23464597065878273,0.2452187386753646,0.0745180678989218,26,0.24857438661193987,1,0.639220457416966,rec,Jan Y - Jan Y
-9,4,-6,"Wind stress, alongshore (buoys)",-0.24498416818913338,-0.056068621822181024,0.3578497959765642,24,0.24858573343993118,1,0.639220457416966,rec,Mar Y-1 - Jun Y-1
17,1,17,"Columbia discharge, The Dalles",-0.22983126971214224,-0.21851603137972553,0.14532570053156757,27,0.24880845319460196,1,0.9993129776616922,pre,May Y+1 - May Y+1
-1,1,-1,"Wind stress, alongshore (buoys)",-0.2297642163617462,-0.22379585181039482,0.08219207859227022,27,0.24895036916262536,1,0.9993129776616922,pre,Nov Y-1 - Nov Y-1
-5,4,-2,PDO,-0.22953539231656206,-0.23490481365537197,-0.13407278418055574,27,0.24943506671349353,1,0.9993129776616922,pre,Jul Y-1 - Oct Y-1
-6,3,-4,"Columbia discharge, The Dalles",-0.22951491728467777,-0.23548338678377995,-0.1584980576649578,27,0.2494784672915409,1,0.9993129776616922,pre,Jun Y-1 - Aug Y-1
-11,1,-11,SST anomaly (buoys),0.23906691565921787,0.2935816479580794,0.18831312819336635,25,0.24976390371569537,1,0.6413707444541153,rec,Jan Y-1 - Jan Y-1
16,2,17,Wave energy Hs^2 (buoys),-0.2340101116363786,-0.2347688916113799,0.0412135378603464,26,0.24989595811788745,1,0.9993129776616922,pre,Apr Y+1 - May Y+1
8,4,11,"SST anomaly (MUR, 5-beach mean)",0.2561015023538061,0.2492801546424701,0.6584451148251447,22,0.24997152138589696,1,0.9993129776616922,pre,Aug Y - Nov Y
13,4,16,Wave energy Hs^2 (buoys),-0.23889708390380315,-0.3080050716907192,-0.2835160853510158,25,0.25011058707430595,1,0.6413707444541153,rec,Jan Y+1 - Apr Y+1
0,4,3,"Columbia discharge, The Dalles",0.2336984896008879,0.14291855997100586,-0.2009743118279483,26,0.2505453083110816,1,0.6413707444541153,rec,Dec Y-1 - Mar Y
1,4,4,CUTI,-0.2336043699359883,-0.07106870669869403,0.37194141538712316,26,0.2507416490664237,1,0.6413707444541153,rec,Jan Y - Apr Y
17,1,17,"Columbia discharge, Beaver",-0.22883584740174212,-0.21681569971180797,0.1530480121474994,27,0.2509206863276635,1,0.9993129776616922,pre,May Y+1 - May Y+1
-5,4,-2,Wave energy Hs^2 (buoys),-0.2334016068318254,-0.21225634357104364,0.0169059314651606,26,0.25116496967659857,1,0.6416093312106539,rec,Jul Y-1 - Oct Y-1
-9,1,-9,Willamette discharge,-0.22858894534046903,-0.23374031080928598,-0.1260561946253767,27,0.2514464115279965,1,0.9993129776616922,pre,Mar Y-1 - Mar Y-1
-2,3,0,SST anomaly (OISST),-0.2328650387486611,-0.11988443481466107,0.25592668120160555,26,0.25228744511629386,1,0.6430064421363456,rec,Oct Y-1 - Dec Y-1
5,3,7,PDO,-0.2328240083543796,-0.2439985701977708,-0.07593631964090347,26,0.25237341324590107,1,0.6430064421363456,rec,May Y - Jul Y
11,3,13,"Columbia discharge, The Dalles",-0.22810848185289406,-0.23401080266215016,-0.3399374683330716,27,0.25247152141119555,1,0.9993129776616922,pre,Nov Y - Jan Y+1
27,1,27,Wave energy Hs^2 (buoys),-0.23261302789214303,-0.36472434463992587,-0.49675988489229134,26,0.2528157676292907,1,0.6432903825541114,rec,Mar Y+2 - Mar Y+2
-4,3,-2,CUTI,0.22791717907310208,0.23489907732042026,0.2547273454525932,27,0.2528804419349079,1,0.9993129776616922,pre,Aug Y-1 - Oct Y-1
15,4,18,"Columbia discharge, Beaver",-0.2277944066406079,-0.224473414705891,0.04607271946389236,27,0.2531431029517106,1,0.9993129776616922,pre,Mar Y+1 - Jun Y+1
1,1,1,"Wind stress, alongshore (buoys)",-0.23708602449079244,-0.2074017605443222,0.05421949959779881,25,0.25382706156488355,1,0.6438820805959641,rec,Jan Y - Jan Y
21,1,21,SST anomaly (OISST),0.2320340906635413,0.35836146869059765,0.47158216755470267,26,0.25403219781797326,1,0.6438820805959641,rec,Sep Y+1 - Sep Y+1
9,1,9,"Columbia discharge, Beaver",0.23202945537405206,0.04803325464431978,-0.4203293963447756,26,0.2540419525808151,1,0.6438820805959641,rec,Sep Y - Sep Y
0,2,1,CUTI,0.22724683359559691,0.23332860715908163,0.16224942912378668,27,0.25431675891992506,1,0.9993129776616922,pre,Dec Y-1 - Jan Y
22,4,25,Wave energy Hs^2 (buoys),-0.23144509788168496,-0.3290335958785281,-0.35855086672073216,26,0.25527366134980406,1,0.6449491438166846,rec,Oct Y+1 - Jan Y+2
-3,1,-3,SST anomaly (buoys),-0.23144048263110667,-0.11976469387193261,0.2530852910407925,26,0.2552834048102964,1,0.6449491438166846,rec,Sep Y-1 - Sep Y-1
9,2,10,"Columbia discharge, The Dalles",0.23135768133551965,0.016236904738210056,-0.4875586438259723,26,0.25545825140887196,1,0.6449491438166846,rec,Sep Y - Oct Y
-3,2,-2,"Columbia discharge, Beaver",-0.22663588747065555,-0.2276094444565383,-0.4624651862438076,27,0.25563043421164033,1,0.9993129776616922,pre,Sep Y-1 - Oct Y-1
17,4,20,Wave energy Hs^2 (buoys),-0.2311168831151411,-0.325448643371414,-0.3464567968679147,26,0.25596717331520374,1,0.6453958299931986,rec,May Y+1 - Aug Y+1
-5,4,-2,BEUTI,0.22577552089323252,0.15004455663561178,0.9018604022707986,27,0.25748791228117124,1,0.9993129776616922,pre,Jul Y-1 - Oct Y-1
12,1,12,Wave energy Hs^2 (buoys),-0.23022022069704082,-0.2941464259873525,-0.24047872637933246,26,0.25786804398744767,1,0.6493464734606196,rec,Dec Y - Dec Y
-7,2,-6,Wave energy Hs^2 (buoys),0.22555161454196604,0.21792659934443,-0.10333183407989822,27,0.25797274938731307,1,0.9993129776616922,pre,May Y-1 - Jun Y-1
9,2,10,PDO,-0.22999805248882732,-0.22719454865448863,-0.034536721342975814,26,0.2583404396615689,1,0.6496944562769599,rec,Sep Y - Oct Y
-1,4,2,"Wind stress, alongshore (buoys)",-0.22973472220651606,-0.21263642801029883,0.29297612410797097,26,0.2589010847428162,1,0.9993129776616922,pre,Nov Y-1 - Feb Y
-10,4,-7,SST anomaly (buoys),-0.23399064430733593,-0.21885012028101153,0.14687611864157282,25,0.26026170748290606,1,0.9993129776616922,pre,Feb Y-1 - May Y-1
-3,3,-1,SST anomaly (OISST),-0.22436163060890596,-0.19908320653531458,0.2766259846898003,27,0.26055945332870384,1,0.9993129776616922,pre,Sep Y-1 - Nov Y-1
-3,2,-2,"Columbia discharge, The Dalles",-0.22431201678848986,-0.22026657124912713,-0.5369711517116801,27,0.2606676647090084,1,0.9993129776616922,pre,Sep Y-1 - Oct Y-1
10,2,11,CUTI,0.2241671927549311,0.22990981752715614,0.35617054331654274,27,0.26098370339637356,1,0.9993129776616922,pre,Oct Y - Nov Y
5,2,6,"Wind stress, alongshore (buoys)",-0.23359039811619203,-0.1863004215241148,0.3845964094332487,25,0.261101353162113,1,0.9993129776616922,pre,May Y - Jun Y
-3,2,-2,SST anomaly (OISST),-0.22869752160822662,-0.09562850985084811,0.305097730706985,26,0.26111701182259867,1,0.6558287738800153,rec,Sep Y-1 - Oct Y-1
-10,4,-7,"Columbia discharge, The Dalles",-0.2239784646183047,-0.22983650587579685,-0.15040552589860884,27,0.26139592375585896,1,0.9993129776616922,pre,Feb Y-1 - May Y-1
-6,2,-5,"Columbia discharge, The Dalles",-0.22363065742553592,-0.22893251521250094,-0.12951620270469844,27,0.26215671080570674,1,0.9993129776616922,pre,Jun Y-1 - Jul Y-1
-7,2,-6,"Columbia discharge, Beaver",-0.2235704409759217,-0.22462098912814654,-0.02579395721326558,27,0.26228857278017464,1,0.9993129776616922,pre,May Y-1 - Jun Y-1
-2,2,-1,SST anomaly (OISST),-0.228091669321952,-0.08844595675679279,0.3207492933841615,26,0.26241704546609346,1,0.6577844292325251,rec,Oct Y-1 - Nov Y-1
-9,3,-7,"Wind stress, alongshore (buoys)",-0.24361507296638307,-0.05652786913390404,0.35417661210781304,23,0.26264404675258435,1,0.6577844292325251,rec,Mar Y-1 - May Y-1
-3,4,0,SST anomaly (buoys),-0.22304916875795872,-0.2050892240639993,0.21328061893772915,27,0.263431851396105,1,0.9993129776616922,pre,Sep Y-1 - Dec Y-1
1,2,2,"Columbia discharge, Beaver",0.2275708472077949,0.16481272751164436,-0.1304290424713328,26,0.2635379598476384,1,0.6577844292325251,rec,Jan Y - Feb Y
-10,2,-9,CUTI,-0.22740399993115334,-0.05653177969908823,0.3926462860956362,26,0.26389770165878274,1,0.6577844292325251,rec,Feb Y-1 - Mar Y-1
-4,2,-3,Willamette discharge,-0.22269181652884473,-0.22754420775119968,-0.38831700979285616,27,0.26421747446266375,1,0.9993129776616922,pre,Aug Y-1 - Sep Y-1
-10,2,-9,Willamette discharge,-0.2226901996593524,-0.22966417284561083,-0.2930884215283162,27,0.2642210325201324,1,0.9993129776616922,pre,Feb Y-1 - Mar Y-1
-8,4,-5,"Columbia discharge, The Dalles",0.2272468253055891,0.18142649038577993,-0.0855927056444834,26,0.2642368779089644,1,0.6577844292325251,rec,Apr Y-1 - Jul Y-1
-4,3,-2,Wave energy Hs^2 (buoys),-0.2272338517382793,-0.20284165811201224,0.027071122632115478,26,0.26426488688397465,1,0.6577844292325251,rec,Aug Y-1 - Oct Y-1
17,3,19,BEUTI,0.22709605942933264,0.3980691976347778,0.689909181003261,26,0.26456248853317377,1,0.6577844292325251,rec,May Y+1 - Jul Y+1
15,3,17,SST anomaly (buoys),-0.23710785000174486,-0.16796061112722488,0.1760443539308925,24,0.2646025841871577,1,0.6577844292325251,rec,Mar Y+1 - May Y+1
-7,1,-7,SST anomaly (OISST),-0.22214887912525264,-0.2119542648437657,0.13388243914065465,27,0.26541399681069894,1,0.9993129776616922,pre,May Y-1 - May Y-1
-4,1,-4,"Columbia discharge, The Dalles",-0.2221444540656163,-0.22924897944506198,-0.27968915696462093,27,0.2654237630962778,1,0.9993129776616922,pre,Aug Y-1 - Aug Y-1
-2,4,1,SST anomaly (OISST),-0.22643377735509504,-0.13414162239181257,0.2063025676244863,26,0.26599589044286626,1,0.6603296201617882,rec,Oct Y-1 - Jan Y
-5,2,-4,SST anomaly (buoys),-0.22629090335952617,-0.055094948285003074,0.39372461984262636,26,0.266305772740145,1,0.6603296201617882,rec,Jul Y-1 - Aug Y-1
9,4,12,"Columbia discharge, The Dalles",0.22599173735796052,0.04914425536122405,-0.406478428336067,26,0.26695539272356766,1,0.6608708712358026,rec,Sep Y - Dec Y
-9,3,-7,"Columbia discharge, The Dalles",-0.22144354355923837,-0.2256106133773941,-0.09491238676817909,27,0.26697363334767094,1,0.9993129776616922,pre,Mar Y-1 - May Y-1
-7,4,-4,"Columbia discharge, The Dalles",-0.22140651595411084,-0.22626105008773506,-0.11447382473052889,27,0.2670556717724932,1,0.9993129776616922,pre,May Y-1 - Aug Y-1
20,1,20,Storm hours Hs > 4 m (buoys),0.22587738842052552,0.19559753692439638,-0.04359701630826422,26,0.26720396337003127,1,0.6608708712358026,rec,Aug Y+1 - Aug Y+1
-8,4,-5,"Wind stress, alongshore (buoys)",0.22564547432281076,0.2254861060493008,0.35950029222911395,26,0.26770855324647597,1,0.9993129776616922,pre,Apr Y-1 - Jul Y-1
22,2,23,BEUTI,-0.224907463027253,0.0276935503418181,0.5672911671880415,26,0.2693183659732421,1,0.665254006927551,rec,Oct Y+1 - Nov Y+1
-3,3,-1,BEUTI,-0.22032357338423736,-0.13890686571776048,0.6089233743528047,27,0.26946223762235433,1,0.9993129776616922,pre,Sep Y-1 - Nov Y-1
0,4,3,Willamette discharge,0.224307633526191,0.07085534339087324,-0.35391453581693294,26,0.2706313348434815,1,0.6659194250738696,rec,Dec Y-1 - Mar Y
-8,3,-6,"Columbia discharge, Beaver",0.22428832636348228,0.20210777140205755,-0.021448862662368607,26,0.27067366444236285,1,0.6659194250738696,rec,Apr Y-1 - Jun Y-1
3,1,3,Storm hours Hs > 4 m (buoys),0.22898299486663698,0.05667280132155191,-0.4372932974618041,25,0.2708926306611428,1,0.6659194250738696,rec,Mar Y - Mar Y
2,4,5,SST anomaly (OISST),-0.2240241068288767,-0.17991967505260692,0.08156822996342512,26,0.2712533739320318,1,0.6659194250738696,rec,Feb Y - May Y
24,4,27,SST anomaly (OISST),-0.22400264070025666,-0.1245535175980818,0.22469371213945072,26,0.2713005065115765,1,0.6659194250738696,rec,Dec Y+1 - Mar Y+2
-6,4,-3,BEUTI,0.21939049587184595,0.1629238675928317,0.8569626521919083,27,0.2715469302983175,1,0.9993129776616922,pre,Jun Y-1 - Sep Y-1
-2,3,0,SST anomaly (buoys),-0.2238568458991768,-0.1992630540642693,0.3684917460323288,26,0.27162076299831817,1,0.9993129776616922,pre,Oct Y-1 - Dec Y-1
15,4,18,SST anomaly (OISST),-0.22372782246676776,-0.166160415675055,0.1175153047786615,26,0.2719043810668019,1,0.666119255338455,rec,Mar Y+1 - Jun Y+1
-11,2,-10,SST anomaly (OISST),0.23354162270963022,0.2872053428048912,0.19105469884300255,24,0.27206722671745537,1,0.666119255338455,rec,Jan Y-1 - Feb Y-1
20,3,22,SST anomaly (OISST),0.22304716852752154,0.363898185150009,0.5269457028786866,26,0.2734037276614989,1,0.6672073379266877,rec,Aug Y+1 - Oct Y+1
8,4,11,PDO,-0.2229531212357558,-0.2472997682718099,-0.11334239596272068,26,0.27361131042590514,1,0.6672073379266877,rec,Aug Y - Nov Y
13,2,14,SST anomaly (buoys),-0.22758199041828223,-0.18341102532182263,0.09706365151366328,25,0.27391584454284074,1,0.6672073379266877,rec,Jan Y+1 - Feb Y+1
4,4,7,CUTI,-0.22267746939863184,-0.02106726711852393,0.4620116253998548,26,0.2742203144475201,1,0.6672073379266877,rec,Apr Y - Jul Y
7,1,7,Willamette discharge,0.22231186817917667,0.18288007685850674,-0.06924950419873559,26,0.2750293816005634,1,0.6672073379266877,rec,Jul Y - Jul Y
12,4,15,PDO,-0.22207762681751575,-0.2866321606205093,-0.24007290040713722,26,0.2755485530516537,1,0.6672073379266877,rec,Dec Y - Mar Y+1
-11,1,-11,SST anomaly (OISST),0.23186828125913772,0.2848751240603343,0.18876950222850034,24,0.2756155068057305,1,0.6672073379266877,rec,Jan Y-1 - Jan Y-1
3,4,6,Wave energy Hs^2 (buoys),0.22677656076837552,0.10053326164394434,-0.32462940610102425,25,0.275663571566665,1,0.6672073379266877,rec,Mar Y - Jun Y
28,3,30,BEUTI,0.22195274642653537,0.32490226889726476,0.37380266616386526,26,0.27582559292899234,1,0.6672073379266877,rec,Apr Y+2 - Jun Y+2
-9,4,-6,Willamette discharge,0.22189949797928726,0.14927941916130993,-0.1571652170322092,26,0.2759437755622721,1,0.6672073379266877,rec,Mar Y-1 - Jun Y-1
-4,2,-3,"Columbia discharge, The Dalles",-0.21714162488833333,-0.22299055588331543,-0.37018105055607403,27,0.2766138699170719,1,0.9993129776616922,pre,Aug Y-1 - Sep Y-1
18,3,20,Storm hours Hs > 4 m (buoys),0.2215183323841916,0.17642394496128688,-0.08469174817134685,26,0.2767906998152263,1,0.668207537533415,rec,Jun Y+1 - Aug Y+1
25,3,27,SST anomaly (OISST),-0.22135201954167122,-0.12274985772954818,0.22317075601005956,26,0.27716075465435497,1,0.668207537533415,rec,Jan Y+2 - Mar Y+2
3,2,4,Wave energy Hs^2 (buoys),0.22592445561097285,0.09857060536151542,-0.3276924275318111,25,0.27752029022832836,1,0.668207537533415,rec,Mar Y - Apr Y
-7,1,-7,"Columbia discharge, Beaver",-0.21672119254308075,-0.2153946092845462,0.01591214976987911,27,0.2775678126617671,1,0.9993129776616922,pre,May Y-1 - May Y-1
12,4,15,Willamette discharge,-0.21671272111577877,-0.2237604186276382,-0.2081448163947373,27,0.2775870555451827,1,0.9993129776616922,pre,Dec Y - Mar Y+1
-6,3,-4,SST anomaly (OISST),-0.22110580660594775,-0.18011406796281676,0.30094962304645173,26,0.2777091702839896,1,0.9993129776616922,pre,Jun Y-1 - Aug Y-1
9,3,11,"Columbia discharge, The Dalles",0.22109540638284025,0.04636640699503744,-0.40332435213491685,26,0.2777323509912548,1,0.668207537533415,rec,Sep Y - Nov Y
12,3,14,Willamette discharge,-0.21648036937628426,-0.22375845186382168,-0.23126468166806338,27,0.27811517590526613,1,0.9993129776616922,pre,Dec Y - Feb Y+1
1,2,2,BEUTI,-0.22090593805930375,-0.053511602034563586,0.38682917754327323,26,0.27815486639431575,1,0.6683968606558094,rec,Jan Y - Feb Y
-9,3,-7,"Columbia discharge, Beaver",0.22062794200435107,0.21223775038360704,0.016766497575582177,26,0.27877553980871755,1,0.6690612955409221,rec,Mar Y-1 - May Y-1
0,1,0,"Wind stress, alongshore (buoys)",-0.2252547515843528,-0.21509795392803588,0.12106790503643139,25,0.2789851239733836,1,0.9993129776616922,pre,Dec Y-1 - Dec Y-1
-9,2,-8,PDO,-0.2158326445360312,-0.22319813279508335,-0.24314259011825629,27,0.27959079859843805,1,0.9993129776616922,pre,Mar Y-1 - Apr Y-1
13,1,13,PDO,-0.22021808910132448,-0.2742881384904704,-0.2053733352791089,26,0.2796922129036925,1,0.6692621125130049,rec,Jan Y+1 - Jan Y+1
19,2,20,Storm hours Hs > 4 m (buoys),0.22020746973750754,0.18586380566327562,-0.05577159968232106,26,0.2797159895225845,1,0.6692621125130049,rec,Jul Y+1 - Aug Y+1
-7,3,-5,"Columbia discharge, The Dalles",-0.21546743863176904,-0.21944390044034892,-0.08900272746940326,27,0.2804249948048504,1,0.9993129776616922,pre,May Y-1 - Jul Y-1
17,4,20,PDO,-0.21988517458189757,-0.2263139539569596,-0.059418628854004465,26,0.28043821582473727,1,0.6692621125130049,rec,May Y+1 - Aug Y+1
15,2,16,"Columbia discharge, Beaver",-0.2154313990465076,-0.21382856813203663,0.020383902174929826,27,0.2805074016346545,1,0.9993129776616922,pre,Mar Y+1 - Apr Y+1
25,1,25,Willamette discharge,-0.21971911068726488,-0.2494063774316034,-0.12887533204364407,26,0.2808108081490286,1,0.6692621125130049,rec,Jan Y+2 - Jan Y+2
-4,3,-2,PDO,-0.2152105869574809,-0.2206422518797559,-0.130995415300607,27,0.2810126396383975,1,0.9993129776616922,pre,Aug Y-1 - Oct Y-1
3,3,5,Wave energy Hs^2 (buoys),0.2243156007487348,0.1132823696893132,-0.285819062828832,25,0.28104756301459116,1,0.6692621125130049,rec,Mar Y - May Y
6,3,8,CUTI,-0.21958747205280296,0.027902344670495967,0.559422726483379,26,0.2811063849891249,1,0.6692621125130049,rec,Jun Y - Aug Y
5,2,6,"SST anomaly (MUR, 5-beach mean)",0.2532964567674459,0.28746077704616085,0.16570025180931874,20,0.28124229037419896,1,0.9993129776616922,pre,May Y - Jun Y
-7,2,-6,"Columbia discharge, The Dalles",0.2195150389714673,0.1744758178884919,-0.0849107869730074,26,0.2812691079851466,1,0.6692621125130049,rec,May Y-1 - Jun Y-1
-5,3,-3,BEUTI,0.2150802278819904,0.14560946856934134,0.9014038674242828,27,0.2813111849578128,1,0.9993129776616922,pre,Jul Y-1 - Sep Y-1
-8,3,-6,"Columbia discharge, Beaver",-0.2149740770672148,-0.21516142382445538,-0.00966219946967992,27,0.28155443824353704,1,0.9993129776616922,pre,Apr Y-1 - Jun Y-1
3,4,6,PDO,-0.21934646692199197,-0.24706805783488434,-0.12280228351581585,26,0.2816480415168381,1,0.6693444898639771,rec,Mar Y - Jun Y
-7,4,-4,Storm hours Hs > 4 m (buoys),0.21490983266625976,0.20449645312797154,-0.13725741918464043,27,0.28170172458980824,1,0.9993129776616922,pre,May Y-1 - Aug Y-1
-2,1,-2,Wave energy Hs^2 (buoys),-0.2147138618370737,-0.21667363605078307,-0.04326962824564069,27,0.28215130917338116,1,0.9993129776616922,pre,Oct Y-1 - Oct Y-1
-11,4,-8,"Columbia discharge, Beaver",0.21910637860750673,0.15391948766590774,-0.13840138615370506,26,0.28218829592681316,1,0.6694241680933765,rec,Jan Y-1 - Apr Y-1
13,4,16,Willamette discharge,-0.21902557230638997,-0.2602256857061474,-0.164276141270278,26,0.2823702766649016,1,0.6694241680933765,rec,Jan Y+1 - Apr Y+1
-5,3,-3,Willamette discharge,-0.21446154518644603,-0.22191798117030523,-0.26330919380972456,27,0.28273083102513,1,0.9993129776616922,pre,Jul Y-1 - Sep Y-1
-2,3,0,SST anomaly (OISST),-0.21425074963476626,-0.1973116631168911,0.20556790292248195,27,0.2832155670875671,1,0.9993129776616922,pre,Oct Y-1 - Dec Y-1
20,1,20,Willamette discharge,-0.2185013471418643,-0.2972564480552774,-0.28656436398643054,26,0.2835526718608379,1,0.6714085189981349,rec,Aug Y+1 - Aug Y+1
8,1,8,SST anomaly (buoys),0.21406205661915895,0.221302680366854,0.3073485114673483,27,0.28364992502912645,1,0.9993129776616922,pre,Aug Y - Aug Y
7,1,7,Wave energy Hs^2 (buoys),-0.21400675096055416,-0.22073204784951225,-0.18358790285223187,27,0.2837773149138321,1,0.9993129776616922,pre,Jul Y - Jul Y
9,4,12,SST anomaly (buoys),-0.2139132510532124,-0.19379556859278138,0.23543547592262337,27,0.2839927632926524,1,0.9993129776616922,pre,Sep Y - Dec Y
9,2,10,SST anomaly (buoys),-0.2180213161696913,-0.07920523734766662,0.3215067565152958,26,0.2846381346623221,1,0.6728191771370664,rec,Sep Y - Oct Y
14,1,14,CUTI,0.213565193846519,0.19675303261543595,0.6747881641241046,27,0.28479569181498676,1,0.9993129776616922,pre,Feb Y+1 - Feb Y+1
-6,2,-5,CUTI,-0.21788204117059762,0.010825864926628051,0.5214941208144613,26,0.28495355984501913,1,0.6728191771370664,rec,Jun Y-1 - Jul Y-1
28,2,29,Storm hours Hs > 4 m (buoys),-0.21777914860152336,-0.23173340574822646,-0.08115371158982547,26,0.28518672940377715,1,0.6728191771370664,rec,Apr Y+2 - May Y+2
15,1,15,CUTI,0.21239205490654586,0.21926260577756654,0.3395494260352816,27,0.28751259395577505,1,0.9993129776616922,pre,Mar Y+1 - Mar Y+1
1,3,3,CUTI,-0.2167445194838092,-0.04444261000037409,0.3992618846746352,26,0.28753805869100824,1,0.6775442255700849,rec,Jan Y - Mar Y
-2,1,-2,"Columbia discharge, Beaver",-0.21234211919437485,-0.21703718140567643,-0.41663570710023073,27,0.28762860422931175,1,0.9993129776616922,pre,Oct Y-1 - Oct Y-1
-3,1,-3,PDO,-0.2122427632221881,-0.21626464358578187,-0.0896916333597637,27,0.28785951541531146,1,0.9993129776616922,pre,Sep Y-1 - Sep Y-1
-5,1,-5,"SST anomaly (MUR, 5-beach mean)",-0.24990846945011624,-0.05744680637418266,0.3328692886867285,20,0.2879454442897054,1,0.6776827405559169,rec,Jul Y-1 - Jul Y-1
-4,4,-1,"Columbia discharge, The Dalles",-0.21193404037390934,-0.21705702929502793,-0.40611579909923223,27,0.2885777604335208,1,0.9993129776616922,pre,Aug Y-1 - Nov Y-1
-4,2,-3,PDO,-0.21190617150885943,-0.2176204189650708,-0.13940985293530384,27,0.28864265320147625,1,0.9993129776616922,pre,Aug Y-1 - Sep Y-1
9,3,11,"Wind stress, alongshore (buoys)",0.21177807128952136,0.21798641123047127,0.15791801300888633,27,0.28894105380467877,1,0.9993129776616922,pre,Sep Y - Nov Y
4,4,7,"SST anomaly (MUR, 5-beach mean)",0.24273697625647453,0.28388875606476827,0.24987039681102044,21,0.289050345069873,1,0.9993129776616922,pre,Apr Y - Jul Y
22,2,23,"Columbia discharge, The Dalles",-0.2160450806403458,-0.2811426491574531,-0.24003040616396146,26,0.2891345381592792,1,0.6789572860032169,rec,Oct Y+1 - Nov Y+1
11,3,13,SST anomaly (buoys),-0.22065183221148613,-0.1510531375647523,0.17100948055343204,25,0.28918551070507387,1,0.6789572860032169,rec,Nov Y - Jan Y+1
1,2,2,"SST anomaly (MUR, 5-beach mean)",-0.2490794392082249,-0.24916591996934215,-0.049920360275363874,20,0.28960054615959274,1,0.6791115340582007,rec,Jan Y - Feb Y
5,1,5,Storm hours Hs > 4 m (buoys),-0.21560038770431855,-0.26944707412023045,-0.2034034781651103,26,0.2901524563997666,1,0.6795859942664413,rec,May Y - May Y
12,4,15,Wave energy Hs^2 (buoys),-0.22003911653916955,-0.3091367976794719,-0.3564226515390596,25,0.29056077556430193,1,0.6797234027641431,rec,Dec Y - Mar Y+1
1,1,1,Willamette discharge,-0.21080873055948676,-0.21778590006061094,-0.33897743358455384,27,0.29120538644587074,1,0.9993129776616922,pre,Jan Y - Jan Y
-4,4,-1,"Columbia discharge, Beaver",-0.2106516785281246,-0.21798623630496752,-0.3147075673318767,27,0.2915733033369322,1,0.9993129776616922,pre,Aug Y-1 - Nov Y-1
16,3,18,Wave energy Hs^2 (buoys),-0.21484582111701248,-0.21541371853912866,0.009870381005256218,26,0.2918848443073231,1,0.9993129776616922,pre,Apr Y+1 - Jun Y+1
-3,2,-2,PDO,-0.21030392105020648,-0.21463308354958685,-0.09734848633534572,27,0.2923890179956889,1,0.9993129776616922,pre,Sep Y-1 - Oct Y-1
19,2,20,SST anomaly (OISST),0.21909375463105518,0.32958433552450433,0.4491783559326066,25,0.2926907170956888,1,0.6838831178293497,rec,Jul Y+1 - Aug Y+1
15,3,17,BEUTI,0.21421642314525152,0.3003159950650236,0.31022975834773403,26,0.29333482543737766,1,0.6844597564647309,rec,Mar Y+1 - May Y+1
1,2,2,SST anomaly (OISST),-0.218673064820652,-0.16158149845439357,0.13835986016647928,25,0.2936416856438197,1,0.6844597564647309,rec,Jan Y - Feb Y
10,4,13,"Columbia discharge, The Dalles",-0.20964804712865553,-0.21452903570427265,-0.41831024064586564,27,0.29393137404163466,1,0.9993129776616922,pre,Oct Y - Jan Y+1
-1,1,-1,CUTI,-0.2137309106261215,-0.10866379534356774,0.24093588721512513,26,0.29445641381352267,1,0.6852058180415096,rec,Nov Y-1 - Nov Y-1
-8,2,-7,SST anomaly (buoys),-0.22310874865503583,-0.07923736600298503,0.2729815603885593,24,0.2946666995281389,1,0.6852058180415096,rec,Apr Y-1 - May Y-1
-7,3,-5,Storm hours Hs > 4 m (buoys),0.20928220093849229,0.19793611015011228,-0.14849801554852302,27,0.29479391996741233,1,0.9993129776616922,pre,May Y-1 - Jul Y-1
5,2,6,PDO,-0.21337599331141394,-0.2256499013501077,-0.07530624981145986,26,0.2952780122375889,1,0.6858069961647227,rec,May Y - Jun Y
-8,4,-5,"Columbia discharge, The Dalles",-0.2088793799089721,-0.21314656892614367,-0.09548577076392574,27,0.29574547963474285,1,0.9993129776616922,pre,Apr Y-1 - Jul Y-1
-9,4,-6,"Columbia discharge, Beaver",0.21304416129658646,0.18497555990994496,-0.03982255211045212,26,0.2960474688668643,1,0.6867736031947306,rec,Mar Y-1 - Jun Y-1
-3,1,-3,"Columbia discharge, Beaver",-0.2087169466182095,-0.2118585644528008,-0.4602709000281189,27,0.2961297312649978,1,0.9993129776616922,pre,Sep Y-1 - Sep Y-1
-7,1,-7,Storm hours Hs > 4 m (buoys),0.20850172973415979,0.19648674129699148,-0.15600218052560094,27,0.2966393302851204,1,0.9993129776616922,pre,May Y-1 - May Y-1
12,1,12,Wave energy Hs^2 (buoys),-0.2084618096410895,-0.21603468900546205,-0.23924928865599315,27,0.29673391514254394,1,0.9993129776616922,pre,Dec Y - Dec Y
12,3,14,"Columbia discharge, Beaver",-0.2084367727740963,-0.21387865827118396,-0.12907933717269207,27,0.2967932460175907,1,0.9993129776616922,pre,Dec Y - Feb Y+1
8,4,11,SST anomaly (buoys),-0.21267710163664943,-0.08372081777611085,0.2994409595930168,26,0.2969000733479718,1,0.6869610562535524,rec,Aug Y - Nov Y
-5,4,-2,SST anomaly (OISST),-0.20838217773722625,-0.1816278144181921,0.29428651963577424,27,0.2969226479001977,1,0.9993129776616922,pre,Jul Y-1 - Oct Y-1
11,4,14,Wave energy Hs^2 (buoys),-0.21260025169378,-0.2900557361386538,-0.2800868554088859,26,0.29707877438140007,1,0.6869610562535524,rec,Nov Y - Feb Y+1
21,2,22,"Wind stress, alongshore (buoys)",0.2125531220641632,0.10960585946581783,-0.2359450410550868,26,0.2971883993360276,1,0.6869610562535524,rec,Sep Y+1 - Oct Y+1
16,4,19,BEUTI,0.21221802094687756,0.36565053438515793,0.5733326247651583,26,0.29796858436226503,1,0.6874701263895162,rec,Apr Y+1 - Jul Y+1
11,2,12,SST anomaly (buoys),-0.216705104143268,-0.15409287992167592,0.15204617230547546,25,0.29811590357323153,1,0.6874701263895162,rec,Nov Y - Dec Y
14,1,14,"Wind stress, alongshore (buoys)",0.21667467748281258,0.18799668359694202,0.3397837500152092,25,0.298185411172017,1,0.9993129776616922,pre,Feb Y+1 - Feb Y+1
-9,2,-8,"Columbia discharge, Beaver",0.2117174154149701,0.2010843169509641,0.008742049402902116,26,0.299136480968384,1,0.6886618238568087,rec,Mar Y-1 - Apr Y-1
-7,4,-4,"SST anomaly (MUR, 5-beach mean)",-0.24425836431667164,0.008414314088875871,0.44126677164857214,20,0.2993411734357013,1,0.6886618238568087,rec,May Y-1 - Aug Y-1
1,1,1,BEUTI,-0.21135715750221795,-0.1726868573552966,0.06917633192098224,26,0.2999787173685706,1,0.6893127973575666,rec,Jan Y - Jan Y
-3,1,-3,CUTI,0.2070917385925713,0.20386407949083868,-0.045541639382710775,27,0.2999915704780091,1,0.9993129776616922,pre,Sep Y-1 - Sep Y-1
0,2,1,Storm hours Hs > 4 m (buoys),0.21110967468351033,0.1623378780483203,-0.09648132082190629,26,0.3005581566852227,1,0.6893818391013897,rec,Dec Y-1 - Jan Y
-7,4,-4,CUTI,0.20678141137762562,0.2024861581128058,0.5748237897336377,27,0.3007325400753929,1,0.9993129776616922,pre,May Y-1 - Aug Y-1
-9,1,-9,"Columbia discharge, The Dalles",0.21099984190122675,0.1410436379666926,-0.15241072157078303,26,0.30081553510491604,1,0.6893818391013897,rec,Mar Y-1 - Mar Y-1
2,4,5,SST anomaly (buoys),-0.22013451243302976,-0.1470580518067702,0.17656410951546425,24,0.3013174075323962,1,0.6893818391013897,rec,Feb Y - May Y
-7,2,-6,Storm hours Hs > 4 m (buoys),0.2065134110253342,0.1954107248824223,-0.14616345979602077,27,0.30137336570064777,1,0.9993129776616922,pre,May Y-1 - Jun Y-1
9,3,11,BEUTI,-0.21073903802052657,0.07564344875417657,0.6408119597790927,26,0.3014272444630562,1,0.6893818391013897,rec,Sep Y - Nov Y
-3,4,0,SST anomaly (OISST),-0.21057645245966236,-0.0940370860781259,0.26989753584824794,26,0.30180897698738196,1,0.6894437735175917,rec,Sep Y-1 - Dec Y-1
13,1,13,SST anomaly (OISST),0.21047046082185814,0.2025231635438751,0.2345444407857498,26,0.30205799544168116,1,0.9993129776616922,pre,Jan Y+1 - Jan Y+1
-7,4,-4,PDO,-0.21041596106712673,-0.22948835247740978,-0.09486731598132485,26,0.30218608783431916,1,0.6894950173121085,rec,May Y-1 - Aug Y-1
2,3,4,PDO,-0.20601816414469595,-0.21379134040941444,-0.2805367802321291,27,0.30255981255775005,1,0.9993129776616922,pre,Feb Y - Apr Y
-2,4,1,BEUTI,0.2059490029224259,0.213318700173082,0.2129818023706881,27,0.30272573152266696,1,0.9993129776616922,pre,Oct Y-1 - Jan Y
4,3,6,CUTI,-0.20983437251706302,-0.07162287001216969,0.3222968382232201,26,0.30355511854678363,1,0.6912536547060043,rec,Apr Y - Jun Y
-8,4,-5,"SST anomaly (MUR, 5-beach mean)",-0.24216747630410188,-0.15465963308893926,0.24839662567582893,20,0.3036269738289056,1,0.9993129776616922,pre,Apr Y-1 - Jul Y-1
-8,4,-5,SST anomaly (OISST),-0.2055650969974631,-0.19125408470972996,0.1810001849780209,27,0.30364776064699095,1,0.9993129776616922,pre,Apr Y-1 - Jul Y-1
0,3,2,SST anomaly (OISST),-0.21428342293344507,-0.14324673852044023,0.17897806037105204,25,0.30367964013791,1,0.6912536547060043,rec,Dec Y-1 - Feb Y
12,4,15,"Columbia discharge, Beaver",-0.20554375194984886,-0.20955627079459702,-0.08849929018233825,27,0.30369907650353634,1,0.9993129776616922,pre,Dec Y - Mar Y+1
12,4,15,SST anomaly (OISST),-0.20961493507941034,-0.2092552605861387,-0.037739110254439365,26,0.3040726639159136,1,0.6912536547060043,rec,Dec Y - Mar Y+1
4,4,7,PDO,-0.2094850822245569,-0.22238389002911066,-0.07637448487466536,26,0.3043791812902982,1,0.6912536547060043,rec,Apr Y - Jul Y
10,3,12,SST anomaly (buoys),-0.20944475892361583,-0.19789546033202357,0.3846809049607846,26,0.3044744034034889,1,0.9993129776616922,pre,Oct Y - Dec Y
10,3,12,"Wind stress, alongshore (buoys)",0.2135031885625282,0.20189895836938776,0.16667291112811752,25,0.30548582019826354,1,0.9993129776616922,pre,Oct Y - Dec Y
-2,4,1,SST anomaly (buoys),-0.20893302080293336,-0.1873017209633478,0.35017858744281516,26,0.30568446328252663,1,0.9993129776616922,pre,Oct Y-1 - Jan Y
-11,1,-11,"Columbia discharge, The Dalles",0.20888580957981373,0.05724595158668216,-0.3541960319566128,26,0.30579624945150385,1,0.6931534357962928,rec,Jan Y-1 - Jan Y-1
20,2,21,CUTI,-0.208829829520772,-0.13567386810318655,0.16114526934044293,26,0.30592883123107983,1,0.6931534357962928,rec,Aug Y+1 - Sep Y+1
6,4,9,BEUTI,-0.20456645792167066,-0.05753327947672628,0.8510389347621253,27,0.3060543899034571,1,0.9993129776616922,pre,Jun Y - Sep Y
13,1,13,"SST anomaly (MUR, 5-beach mean)",0.22864326220322223,0.23278225642405612,0.06027525329265794,22,0.30608525527213504,1,0.9993129776616922,pre,Jan Y+1 - Jan Y+1
24,2,25,"Columbia discharge, Beaver",-0.2080699260688172,-0.2505692920472697,-0.16567545451355606,26,0.3077320946373964,1,0.6964274644646085,rec,Dec Y+1 - Jan Y+2
11,1,11,"SST anomaly (MUR, 5-beach mean)",-0.23337132992000367,-0.12727286108921884,0.1834119286026652,21,0.3086289557050836,1,0.6967545031106605,rec,Nov Y - Nov Y
6,3,8,BEUTI,-0.2034532173103963,-0.0615819072023702,0.838827066592613,27,0.30875114328517916,1,0.9993129776616922,pre,Jun Y - Aug Y
-5,4,-2,BEUTI,0.20755397305794665,0.4037078803870362,0.8894426977211507,26,0.3089602036783179,1,0.6967545031106605,rec,Jul Y-1 - Oct Y-1
-3,2,-2,CUTI,0.20741431866728244,0.18651646510442552,-0.02093119678388303,26,0.3092931398942936,1,0.6967545031106605,rec,Sep Y-1 - Oct Y-1
29,1,29,"SST anomaly (MUR, 5-beach mean)",0.22683734140983927,0.281053237222284,0.1695505555360924,22,0.3100257989072803,1,0.6967545031106605,rec,May Y+2 - May Y+2
26,1,26,PDO,-0.20704440847661426,-0.25217564623036226,-0.17363067375392788,26,0.3101760778476339,1,0.6967545031106605,rec,Feb Y+2 - Feb Y+2
14,2,15,BEUTI,0.20280484924674771,0.20136485482383207,0.5478835376458245,27,0.31032854497425844,1,0.9993129776616922,pre,Feb Y+1 - Mar Y+1
-5,2,-4,Willamette discharge,-0.2027423909064788,-0.20862471302017388,-0.14153548257769033,27,0.3104807617790727,1,0.9993129776616922,pre,Jul Y-1 - Aug Y-1
-1,2,0,Wave energy Hs^2 (buoys),0.2068237907371086,0.1303585898561248,-0.17010410598703235,26,0.3107034105381986,1,0.6967545031106605,rec,Nov Y-1 - Dec Y-1
-6,3,-4,PDO,-0.20677434838140524,-0.22687980512675704,-0.09719730484426094,26,0.31082166628099417,1,0.6967545031106605,rec,Jun Y-1 - Aug Y-1
-10,4,-7,"Columbia discharge, Beaver",0.20624772341255307,0.1770952798292449,-0.04404448181481296,26,0.31208296689750437,1,0.6967545031106605,rec,Feb Y-1 - May Y-1
-4,1,-4,PDO,-0.20184723211905878,-0.20881795937436295,-0.1844758496966626,27,0.31266742702346956,1,0.9993129776616922,pre,Aug Y-1 - Aug Y-1
-2,3,0,"SST anomaly (MUR, 5-beach mean)",-0.23142615049232676,-0.17410870962012348,0.23990276969028484,21,0.31279384478803957,1,0.9993129776616922,pre,Oct Y-1 - Dec Y-1
22,3,24,SST anomaly (buoys),-0.20594333791912176,-0.0415418617224433,0.3846809049607846,26,0.3128134270655829,1,0.6967545031106605,rec,Oct Y+1 - Dec Y+1
25,1,25,"Columbia discharge, The Dalles",-0.2057758249477566,-0.2772148885268697,-0.2577372616127538,26,0.313215871529136,1,0.6967545031106605,rec,Jan Y+2 - Jan Y+2
3,3,5,CUTI,-0.20576614123800943,-0.06816365254585362,0.3219576473370992,26,0.31323914607477066,1,0.6967545031106605,rec,Mar Y - May Y
5,3,7,CUTI,-0.2055413434567632,0.026296855955990614,0.5333713658376913,26,0.3137797411458656,1,0.6967545031106605,rec,May Y - Jul Y
9,4,12,"Wind stress, alongshore (buoys)",0.20138983573644328,0.2091860263063469,0.239955986134125,27,0.3137884054079245,1,0.9993129776616922,pre,Sep Y - Dec Y
28,3,30,"SST anomaly (MUR, 5-beach mean)",0.23094942150274714,0.2555227488803938,0.09929931950157106,21,0.31381974592008866,1,0.6967545031106605,rec,Apr Y+2 - Jun Y+2
-6,1,-6,"Columbia discharge, Beaver",-0.20126319502337425,-0.20399285244130405,-0.0585170427089294,27,0.31409921213458347,1,0.9993129776616922,pre,Jun Y-1 - Jun Y-1
-4,4,-1,BEUTI,-0.20120581847139155,-0.0674404758109283,0.8189490708825887,27,0.31424009050111495,1,0.9993129776616922,pre,Aug Y-1 - Nov Y-1
22,3,24,SST anomaly (OISST),-0.20525933632263332,-0.026928824627269563,0.4166878881937652,26,0.31445872540927144,1,0.6967545031106605,rec,Oct Y+1 - Dec Y+1
11,1,11,CUTI,0.20089458374652783,0.20734464747196096,0.39380429432796343,27,0.31500495378974763,1,0.9993129776616922,pre,Nov Y - Nov Y
25,1,25,CUTI,0.20489985705585856,0.2347966187011003,0.12624555611629135,26,0.3153255477232756,1,0.6967545031106605,rec,Jan Y+2 - Jan Y+2
7,2,8,Willamette discharge,0.20486019925464205,0.13230652701069778,-0.16037585031392226,26,0.31542126555804795,1,0.6967545031106605,rec,Jul Y - Aug Y
21,2,22,"Columbia discharge, Beaver",-0.20448582724846073,-0.30321577007853256,-0.3504480076346061,26,0.3163257276161592,1,0.6967545031106605,rec,Sep Y+1 - Oct Y+1
22,1,22,Wave energy Hs^2 (buoys),-0.20436906445931216,-0.2085688195614493,-0.04993233722894242,26,0.31660814559509454,1,0.6967545031106605,rec,Oct Y+1 - Oct Y+1
21,2,22,CUTI,0.20435120407940716,0.15428239149231804,-0.1012102839189385,26,0.3166513587282237,1,0.6967545031106605,rec,Sep Y+1 - Oct Y+1
4,3,6,BEUTI,-0.20429410047334265,-0.05093913015636636,0.359559849811511,26,0.3167895450208082,1,0.6967545031106605,rec,Apr Y - Jun Y
20,3,22,BEUTI,-0.2042726391449994,0.15772049658913093,0.7817375117511648,26,0.31684148933892,1,0.6967545031106605,rec,Aug Y+1 - Oct Y+1
12,1,12,"Columbia discharge, Beaver",-0.2042332633128301,-0.2441674767937428,-0.15680887489282958,26,0.3169368069497226,1,0.6967545031106605,rec,Dec Y - Dec Y
0,2,1,PDO,-0.20002379199037182,-0.20769331004740482,-0.2242513550198621,27,0.31715102915861193,1,0.9993129776616922,pre,Dec Y-1 - Jan Y
-1,4,2,"Columbia discharge, Beaver",0.20403258053696136,0.12585116652245223,-0.1750969810312831,26,0.31742287587895096,1,0.6967545031106605,rec,Nov Y-1 - Feb Y
-9,2,-8,Willamette discharge,0.203873311802554,0.18081277116864303,-0.02760084419379267,26,0.31780896218710036,1,0.6967545031106605,rec,Mar Y-1 - Apr Y-1
22,4,25,"Columbia discharge, The Dalles",-0.20385947959762132,-0.2967435005596478,-0.32967795851754883,26,0.31784250667952263,1,0.6967545031106605,rec,Oct Y+1 - Jan Y+2
3,2,4,PDO,-0.20378353923172318,-0.24501078874943702,-0.16069966266467461,26,0.3180267084103724,1,0.6967545031106605,rec,Mar Y - Apr Y
23,1,23,CUTI,0.2036916032365488,0.3075786501400428,0.3684648589187717,26,0.3182497968734745,1,0.6967545031106605,rec,Nov Y+1 - Nov Y+1
-4,2,-3,SST anomaly (buoys),-0.2036898664069205,-0.07991536967091092,0.28923381567304984,26,0.3182540123226558,1,0.6967545031106605,rec,Aug Y-1 - Sep Y-1
15,3,17,"SST anomaly (MUR, 5-beach mean)",-0.2288141012902377,-0.23199203864978574,-0.05377808245906374,21,0.31843977176454374,1,0.6967545031106605,rec,Mar Y+1 - May Y+1
-7,1,-7,SST anomaly (OISST),-0.20350323300760356,-0.11762664049776742,0.194936828780383,26,0.31870718862219305,1,0.6967545031106605,rec,May Y-1 - May Y-1
24,3,26,SST anomaly (OISST),-0.2033245110252634,-0.10330755094582718,0.23072079620482094,26,0.31914152513208555,1,0.6967545031106605,rec,Dec Y+1 - Feb Y+2
17,2,18,"Columbia discharge, The Dalles",-0.19918255380102207,-0.19648629566884027,0.037900333572466575,27,0.31923279225250784,1,0.9993129776616922,pre,May Y+1 - Jun Y+1
-11,2,-10,SST anomaly (buoys),0.2032853324306358,0.21499057830300186,0.14877860080311936,26,0.3192367867692974,1,0.9993129776616922,pre,Jan Y-1 - Feb Y-1
-11,1,-11,PDO,0.2031872722362351,0.1224866223199864,-0.18175215755201704,26,0.31947529367051625,1,0.6967545031106605,rec,Jan Y-1 - Jan Y-1
23,3,25,SST anomaly (buoys),-0.20309319040032797,-0.09615140349285185,0.24804262384877102,26,0.3197042267359615,1,0.6967545031106605,rec,Nov Y+1 - Jan Y+2
1,1,1,CUTI,-0.20264657912643816,-0.17601854397970174,0.037723027146363684,26,0.3207923530560457,1,0.6971433366358053,rec,Jan Y - Jan Y
11,3,13,Storm hours Hs > 4 m (buoys),-0.20263396324402594,-0.2774147151630346,-0.26778152424769297,26,0.32082312331558727,1,0.6971433366358053,rec,Nov Y - Jan Y+1
18,1,18,PDO,-0.19842201262207768,-0.20527627088929043,-0.17627667039986258,27,0.3211220643789291,1,0.9993129776616922,pre,Jun Y+1 - Jun Y+1
13,2,14,SST anomaly (OISST),-0.2068611142115383,-0.15051505572360155,0.13591049015934406,25,0.3211299777992752,1,0.6971433366358053,rec,Jan Y+1 - Feb Y+1
-2,2,-1,"Columbia discharge, Beaver",0.20243153545962306,0.11044415522335348,-0.21069714670788786,26,0.3213170934288485,1,0.6971433366358053,rec,Oct Y-1 - Nov Y-1
-1,3,1,BEUTI,0.19810948119498695,0.2050493475810469,0.17982229332973534,27,0.3219004112388931,1,0.9993129776616922,pre,Nov Y-1 - Jan Y
7,1,7,BEUTI,-0.19799055635136306,-0.0765469734618405,0.7851715352194337,27,0.3221968920098879,1,0.9993129776616922,pre,Jul Y - Jul Y
-6,2,-5,Wave energy Hs^2 (buoys),-0.1979716615312368,-0.20590211992765275,-0.32320690726918955,27,0.32224401236627254,1,0.9993129776616922,pre,Jun Y-1 - Jul Y-1
23,4,26,SST anomaly (buoys),-0.20176412260499127,-0.10415485026037748,0.2250287338203564,26,0.32294902401600556,1,0.6991930185280028,rec,Nov Y+1 - Feb Y+2
27,1,27,SST anomaly (buoys),-0.20608838096629783,-0.17240460155989723,0.06340422044508955,25,0.32298113715954035,1,0.6991930185280028,rec,Mar Y+2 - Mar Y+2
-8,3,-6,"Wind stress, alongshore (buoys)",0.21057886415310767,0.22467718955787208,0.3069166818713018,24,0.32330785645663596,1,0.9993129776616922,pre,Apr Y-1 - Jun Y-1
13,4,16,Storm hours Hs > 4 m (buoys),-0.2058118353561903,-0.26700394195160465,-0.2426348897694678,25,0.32364520357763604,1,0.6992329944847324,rec,Jan Y+1 - Apr Y+1
-7,1,-7,"Columbia discharge, Beaver",0.2014499477592239,0.198672949428683,0.029252467314107824,26,0.32371897892811685,1,0.6992329944847324,rec,May Y-1 - May Y-1
-6,2,-5,"SST anomaly (MUR, 5-beach mean)",-0.2262813773368895,-0.14347858955766632,0.3347995711543699,21,0.32397235436074423,1,0.9993129776616922,pre,Jun Y-1 - Jul Y-1
-11,1,-11,SST anomaly (OISST),0.20561210256461487,0.20767426778410422,0.14509055602897214,25,0.32412533589628356,1,0.9993129776616922,pre,Jan Y-1 - Jan Y-1
7,2,8,SST anomaly (buoys),0.19716092352679077,0.20255746847115674,0.4369963523608096,27,0.3242698243192961,1,0.9993129776616922,pre,Jul Y - Aug Y
18,3,20,Wave energy Hs^2 (buoys),-0.20070407997587966,-0.2866830584778913,-0.30471080240742776,26,0.32555137095734754,1,0.7023804765892567,rec,Jun Y+1 - Aug Y+1
15,4,18,Willamette discharge,-0.20056296504989304,-0.18579390844608967,0.004992649592128285,26,0.3258987602281428,1,0.7023804765892567,rec,Mar Y+1 - Jun Y+1
19,3,21,Willamette discharge,-0.20029372681002391,-0.2663027679247301,-0.23827716143114527,26,0.32656218207675003,1,0.702700575011179,rec,Jul Y+1 - Sep Y+1
0,1,0,BEUTI,0.19615711709519632,0.20194454566362402,0.13597068464554796,27,0.32678881811525673,1,0.9993129776616922,pre,Dec Y-1 - Dec Y-1
22,2,23,SST anomaly (buoys),-0.2001844347241579,0.007340607904559338,0.48346450643560224,26,0.32683171955613677,1,0.702700575011179,rec,Oct Y+1 - Nov Y+1
-9,2,-8,SST anomaly (buoys),-0.20445816200642278,-0.19463044417836156,0.10079316940415826,25,0.32690772902639664,1,0.9993129776616922,pre,Mar Y-1 - Apr Y-1
27,2,28,Storm hours Hs > 4 m (buoys),-0.20006286394118566,-0.2958189614122898,-0.33811055469547635,26,0.32713169772896966,1,0.702700575011179,rec,Mar Y+2 - Apr Y+2
-2,3,0,Storm hours Hs > 4 m (buoys),0.199778751906989,0.11785825315624257,-0.18559181957676085,26,0.3278334016035107,1,0.703405673184033,rec,Oct Y-1 - Dec Y-1
-2,4,1,SST anomaly (OISST),-0.19570141962991505,-0.182400733328243,0.1721088624422116,27,0.3279362898183079,1,0.9993129776616922,pre,Oct Y-1 - Jan Y
18,2,19,BEUTI,0.1993584265459667,0.38958199945779404,0.7546314211726235,26,0.32887320195627145,1,0.703405673184033,rec,Jun Y+1 - Jul Y+1
8,1,8,"Wind stress, alongshore (buoys)",0.19516603403477573,0.20227351811259867,0.18497537735542216,27,0.32928755070984583,1,0.9993129776616922,pre,Aug Y - Aug Y
13,1,13,"Wind stress, alongshore (buoys)",0.20346613736516095,0.2284477960205698,0.11527434131704785,25,0.3293112397177125,1,0.703405673184033,rec,Jan Y+1 - Jan Y+1
19,1,19,PDO,-0.19904725895187306,-0.2003855721784449,-0.04063967163710212,26,0.3296442551424782,1,0.703405673184033,rec,Jul Y+1 - Jul Y+1
13,4,16,"Columbia discharge, Beaver",-0.1950117901517084,-0.1958837524287605,-0.021392735469581252,27,0.32967747445780915,1,0.9993129776616922,pre,Jan Y+1 - Apr Y+1
-1,4,2,BEUTI,-0.1990233453345097,-0.02818188332110727,0.40171036115094605,26,0.32970355684458097,1,0.703405673184033,rec,Nov Y-1 - Feb Y
-11,4,-8,BEUTI,0.19499933260216232,0.2032204690479229,0.2746849609177902,27,0.32970897900008045,1,0.9993129776616922,pre,Jan Y-1 - Apr Y-1
10,4,13,"Wind stress, alongshore (buoys)",0.20302332076295238,0.2695268915345362,0.26141070390866306,25,0.330387549630214,1,0.703405673184033,rec,Oct Y - Jan Y+1
-11,2,-10,PDO,0.19856987640971702,0.10987957903991363,-0.20315889035752668,26,0.3308293062595823,1,0.703405673184033,rec,Jan Y-1 - Feb Y-1
28,2,29,CUTI,0.19849281244575367,0.3146496675019364,0.41051783469406233,26,0.3310208507907134,1,0.703405673184033,rec,Apr Y+2 - May Y+2
-9,3,-7,Willamette discharge,0.19848506736816876,0.1336759538600702,-0.1414097136188035,26,0.33104010509859116,1,0.703405673184033,rec,Mar Y-1 - May Y-1
-7,3,-5,"SST anomaly (MUR, 5-beach mean)",-0.23565133793066062,-0.03183524578653094,0.35942304928666063,19,0.331440298424855,1,0.703405673184033,rec,May Y-1 - Jul Y-1
12,3,14,SST anomaly (buoys),-0.20231367594117508,-0.1678943405432257,0.07243414281027419,25,0.3321168358725016,1,0.703405673184033,rec,Dec Y - Feb Y+1
-1,1,-1,"Columbia discharge, Beaver",0.19804381738790183,0.1655977390880337,-0.054594576967590396,26,0.33213817443566673,1,0.703405673184033,rec,Nov Y-1 - Nov Y-1
26,2,27,SST anomaly (buoys),-0.20228825585951848,-0.15546805261244012,0.10132255096096081,25,0.3321788814120422,1,0.703405673184033,rec,Feb Y+2 - Mar Y+2
7,3,9,Willamette discharge,0.19782760278755662,0.08572202069261833,-0.2620863632271083,26,0.3326770366288935,1,0.703405673184033,rec,Jul Y - Sep Y
-7,2,-6,SST anomaly (OISST),-0.19381633166812504,-0.1861274838106676,0.10697863867636111,27,0.3327090660284423,1,0.9993129776616922,pre,May Y-1 - Jun Y-1
-1,1,-1,PDO,-0.1977432299832819,-0.23504243222384613,-0.14719681625963926,26,0.3328874585027317,1,0.703405673184033,rec,Nov Y-1 - Nov Y-1
-7,1,-7,"SST anomaly (MUR, 5-beach mean)",-0.22810754077485362,-0.1727372712326092,0.16011064682082465,20,0.3334059193816834,1,0.9993129776616922,pre,May Y-1 - May Y-1
-5,2,-4,SST anomaly (OISST),-0.19749289703737682,-0.15513184520249126,0.31660508142000776,26,0.3335122503920658,1,0.9993129776616922,pre,Jul Y-1 - Aug Y-1
-7,1,-7,"Wind stress, alongshore (buoys)",0.20626911929797342,0.3352355047425409,0.4673711395096486,24,0.33353578836067166,1,0.7040103936733395,rec,May Y-1 - May Y-1
17,2,18,"Columbia discharge, Beaver",-0.19336054613736717,-0.18904623516232896,0.061886908476157444,27,0.33386933668165586,1,0.9993129776616922,pre,May Y+1 - Jun Y+1
14,4,17,"Columbia discharge, Beaver",-0.19316341836192036,-0.18939143463517938,0.05410553347292451,27,0.334371912818599,1,0.9993129776616922,pre,Feb Y+1 - May Y+1
-1,1,-1,SST anomaly (buoys),-0.19710316852611437,-0.10286556147456379,0.21755911036439193,26,0.3344863599692002,1,0.7044319969656931,rec,Nov Y-1 - Nov Y-1
-2,2,-1,Storm hours Hs > 4 m (buoys),0.1970990219802076,0.16250232002873113,-0.060661596315930724,26,0.334496733299237,1,0.7044319969656931,rec,Oct Y-1 - Nov Y-1
-7,2,-6,"SST anomaly (MUR, 5-beach mean)",-0.22733162062560616,-0.170040492850998,0.16570025180931874,20,0.33509775503607253,1,0.9993129776616922,pre,May Y-1 - Jun Y-1
-2,4,1,CUTI,0.19284148524257277,0.2011747043844553,0.2934827188875749,27,0.3351936629233583,1,0.9993129776616922,pre,Oct Y-1 - Jan Y
-1,4,2,SST anomaly (OISST),-0.1967452388199537,-0.15807706111446243,0.07183903114961603,26,0.33538249998324343,1,0.7044319969656931,rec,Nov Y-1 - Feb Y
-7,4,-4,SST anomaly (OISST),-0.19256382301914926,-0.17677846227794602,0.19889773613930234,27,0.3359033889582288,1,0.9993129776616922,pre,May Y-1 - Aug Y-1
-9,1,-9,SST anomaly (OISST),0.19648970940242153,0.1820059122584021,-0.004932878513046363,26,0.3360231471760946,1,0.7044319969656931,rec,Mar Y-1 - Mar Y-1
14,4,17,BEUTI,0.19250824106845738,0.1940025512055006,0.5286671143582047,27,0.3360455696651572,1,0.9993129776616922,pre,Feb Y+1 - May Y+1
15,1,15,BEUTI,0.19630984312156102,0.2794246751265421,0.2934354010451465,26,0.33647453821521356,1,0.7044319969656931,rec,Mar Y+1 - Mar Y+1
2,3,4,CUTI,-0.19629918866170612,-0.004133405243053266,0.45098391215368683,26,0.33650128801263934,1,0.7044319969656931,rec,Feb Y - Apr Y
15,3,17,CUTI,0.19625393208096417,0.3022142659671148,0.3723867049302341,26,0.3366149264698671,1,0.7044319969656931,rec,Mar Y+1 - May Y+1
-6,2,-5,Willamette discharge,0.19624616709395182,0.1312538300787449,-0.1423280142113346,26,0.3366344265335025,1,0.7044319969656931,rec,Jun Y-1 - Jul Y-1
-6,2,-5,"Wind stress, alongshore (buoys)",0.19219929904941713,0.20052931448048422,0.27375738999789373,27,0.336836517227888,1,0.9993129776616922,pre,Jun Y-1 - Jul Y-1
22,1,22,Storm hours Hs > 4 m (buoys),-0.19605872267292157,-0.15643270034715825,0.07457020761170816,26,0.33710535842971046,1,0.7046589427821044,rec,Oct Y+1 - Oct Y+1
18,3,20,PDO,-0.19583809926686194,-0.20626498229946624,-0.06642347432380431,26,0.33766015610955946,1,0.7050605193093272,rec,Jun Y+1 - Aug Y+1
-8,2,-7,"Columbia discharge, Beaver",-0.19147528572621636,-0.18984280091682224,0.021593746564344683,27,0.3386945194113681,1,0.9993129776616922,pre,Apr Y-1 - May Y-1
11,1,11,SST anomaly (OISST),-0.1951185853455095,-0.15065391773093634,0.08785424408342092,26,0.3394733164965398,1,0.7066593999181474,rec,Nov Y - Nov Y
-11,1,-11,Storm hours Hs > 4 m (buoys),0.19510435825568231,0.25166962903968243,0.20653550861106815,26,0.33950922727682664,1,0.7066593999181474,rec,Jan Y-1 - Jan Y-1
16,3,18,SST anomaly (buoys),-0.20367879270332684,-0.10938904615539512,0.2537222328247844,24,0.33977546500538114,1,0.7066593999181474,rec,Apr Y+1 - Jun Y+1
-11,2,-10,"SST anomaly (MUR, 5-beach mean)",0.22514608753875906,0.2066073994691787,-0.049920360275363874,20,0.3398902370734582,1,0.9993129776616922,pre,Jan Y-1 - Feb Y-1
-3,2,-2,Wave energy Hs^2 (buoys),-0.19091611544353146,-0.19276245418559032,-0.039777111516929115,27,0.3401337085376207,1,0.9993129776616922,pre,Sep Y-1 - Oct Y-1
17,4,20,"SST anomaly (MUR, 5-beach mean)",0.21324563263315865,0.40610888069952467,0.5109437782006816,22,0.34066700466995137,1,0.7066593999181474,rec,May Y+1 - Aug Y+1
25,2,26,SST anomaly (OISST),-0.19447447463920078,-0.09385908191727303,0.23422994979645947,26,0.34110140895371865,1,0.7066593999181474,rec,Jan Y+2 - Feb Y+2
22,4,25,SST anomaly (OISST),-0.19445461411576367,-0.02868468113861839,0.39150615283334955,26,0.34115168382161365,1,0.7066593999181474,rec,Oct Y+1 - Jan Y+2
5,2,6,"Wind stress, alongshore (buoys)",-0.2027938615470137,-0.06330837656231811,0.3092772840815085,24,0.3419229589821742,1,0.7066593999181474,rec,May Y - Jun Y
-6,3,-4,CUTI,-0.19412802985864377,0.054171363971586554,0.5730668309909691,26,0.34197903486972325,1,0.7066593999181474,rec,Jun Y-1 - Aug Y-1
12,3,14,PDO,-0.19407736140123422,-0.25300229489919995,-0.21374634844218288,26,0.34210750316771654,1,0.7066593999181474,rec,Dec Y - Feb Y+1
17,4,20,BEUTI,0.19398595605885155,0.38993334284546816,0.7813583676588184,26,0.3423393316219363,1,0.7066593999181474,rec,May Y+1 - Aug Y+1
11,4,14,Storm hours Hs > 4 m (buoys),-0.19395240002520484,-0.2694339889053686,-0.26726035720322866,26,0.34242446230601586,1,0.7066593999181474,rec,Nov Y - Feb Y+1
13,1,13,BEUTI,0.19341591194612315,0.2115446588835454,0.08859406520978173,26,0.3437872367867245,1,0.7087193937575741,rec,Jan Y+1 - Jan Y+1
7,2,8,SST anomaly (OISST),0.19320973337795913,0.192666075537562,0.2673235119054917,26,0.34431182759209134,1,0.9993129776616922,pre,Jul Y - Aug Y
27,4,30,Storm hours Hs > 4 m (buoys),-0.19289139857520035,-0.296397284000639,-0.3621415326641243,26,0.34512272160985047,1,0.7107188250101157,rec,Mar Y+2 - Jun Y+2
0,2,1,Wave energy Hs^2 (buoys),0.1926241426950887,0.13872145521225743,-0.11365689664526923,26,0.34580438152362536,1,0.7111473505411694,rec,Dec Y-1 - Jan Y
-2,1,-2,PDO,-0.1885183438447877,-0.19291831206934817,-0.09561349165038176,27,0.3463466840226953,1,0.9993129776616922,pre,Oct Y-1 - Oct Y-1
-10,3,-8,"Columbia discharge, Beaver",0.19218197751344845,0.15475608147359077,-0.069289000798357675,26,0.34693392466386364,1,0.7111473505411694,rec,Feb Y-1 - Apr Y-1
21,1,21,SST anomaly (buoys),0.19217368997830778,0.3310572072846273,0.49340340991763487,26,0.3469551167331154,1,0.7111473505411694,rec,Sep Y+1 - Sep Y+1
12,4,15,"Columbia discharge, The Dalles",-0.18827169885864797,-0.19615768900114863,-0.21777463578176573,27,0.34698959984422306,1,0.9993129776616922,pre,Dec Y - Mar Y+1
8,4,11,BEUTI,-0.19201210842744654,0.19824271444987723,0.8371289241503279,26,0.34736845122394255,1,0.7111473505411694,rec,Aug Y - Nov Y
-6,1,-6,Willamette discharge,0.19199029538537804,0.13036048850746043,-0.13429529625340306,26,0.3474242726353819,1,0.7111473505411694,rec,Jun Y-1 - Jun Y-1
-6,3,-4,Willamette discharge,0.19195066201756322,0.11901074194039697,-0.1639707727781223,26,0.34752571142701183,1,0.7111473505411694,rec,Jun Y-1 - Aug Y-1
-11,1,-11,"Columbia discharge, The Dalles",-0.18797154029718885,-0.19618756451660638,-0.35287588103043005,27,0.3477729673784957,1,0.9993129776616922,pre,Jan Y-1 - Jan Y-1
-3,3,-1,SST anomaly (OISST),-0.19180674848454807,-0.06246264705399113,0.3058529438647421,26,0.347894196116066,1,0.7111528046788983,rec,Sep Y-1 - Nov Y-1
-7,2,-6,"Columbia discharge, The Dalles",-0.18783649503701544,-0.19109961691806934,-0.06902090580938754,27,0.34812575864191087,1,0.9993129776616922,pre,May Y-1 - Jun Y-1
20,3,22,SST anomaly (buoys),0.1915638252632255,0.34622735804949856,0.5577784083695133,26,0.34851671823712194,1,0.7114912859225316,rec,Aug Y+1 - Oct Y+1
4,3,6,"Wind stress, alongshore (buoys)",-0.2046267302365788,-0.10125428762677113,0.25620509781601786,23,0.3489687251585786,1,0.7114912859225316,rec,Apr Y - Jun Y
-11,2,-10,"Columbia discharge, The Dalles",-0.18750535430018705,-0.19589369204929294,-0.33962890848794247,27,0.3489917315142651,1,0.9993129776616922,pre,Jan Y-1 - Feb Y-1
-8,3,-6,Storm hours Hs > 4 m (buoys),0.1913184774024672,0.1860207745925966,-0.04374159525026547,26,0.34914612570648673,1,0.9993129776616922,pre,Apr Y-1 - Jun Y-1
3,2,4,"Wind stress, alongshore (buoys)",-0.19978627874712016,-0.11385830136392193,0.21568241273673425,24,0.3492817152113592,1,0.7114912859225316,rec,Mar Y - Apr Y
-7,4,-4,"SST anomaly (MUR, 5-beach mean)",-0.21500558076250934,-0.10248191201070872,0.438833511150363,21,0.349294782284299,1,0.9993129776616922,pre,May Y-1 - Aug Y-1
-10,1,-10,"Columbia discharge, Beaver",-0.1869595517792255,-0.19522877843285125,-0.24224336227412277,27,0.3504218699977881,1,0.9993129776616922,pre,Feb Y-1 - Feb Y-1
3,3,5,PDO,-0.19074837302496458,-0.2205283814350013,-0.12280991760254933,26,0.35061125931819936,1,0.7114912859225316,rec,Mar Y - May Y
29,2,30,"Wind stress, alongshore (buoys)",-0.1991443564478269,-0.036854650840983966,0.3915292219644832,24,0.35086434313973014,1,0.7114912859225316,rec,May Y+2 - Jun Y+2
30,1,30,Storm hours Hs > 4 m (buoys),-0.19059533345903254,-0.17334734927055184,0.013775313239507403,26,0.3510051818844595,1,0.7114912859225316,rec,Jun Y+2 - Jun Y+2
18,1,18,SST anomaly (OISST),-0.18670387761299098,-0.1868394377471805,-0.007876717979429028,27,0.3510929978061834,1,0.9993129776616922,pre,Jun Y+1 - Jun Y+1
-6,1,-6,SST anomaly (OISST),0.19053941905248167,0.21141927653884895,0.09615918063009585,26,0.35114917055201467,1,0.7114912859225316,rec,Jun Y-1 - Jun Y-1
-3,3,-1,"Columbia discharge, Beaver",0.19041035532412756,0.06337130233080414,-0.30061462557401014,26,0.3514816643128923,1,0.7114912859225316,rec,Sep Y-1 - Nov Y-1
-8,4,-5,"Columbia discharge, Beaver",0.19040142606859056,0.16227531881803742,-0.044086058986906033,26,0.35150467474714353,1,0.7114912859225316,rec,Apr Y-1 - Jul Y-1
-6,1,-6,"Columbia discharge, The Dalles",-0.18653865766247554,-0.19187667808892314,-0.11983017982134272,27,0.35152709559851414,1,0.9993129776616922,pre,Jun Y-1 - Jun Y-1
9,3,11,PDO,-0.19031799595332602,-0.20629019647059335,-0.08160559099430802,26,0.3517197149030622,1,0.7114912859225316,rec,Sep Y - Nov Y
-5,3,-3,Wave energy Hs^2 (buoys),-0.19008109608151955,-0.1425635552767851,0.09702075643132062,26,0.3523307464959312,1,0.7118240222089671,rec,Jul Y-1 - Sep Y-1
6,4,9,"Wind stress, alongshore (buoys)",-0.18997038017114354,-0.11448970206237037,0.17098085148677297,26,0.35261652952018285,1,0.7118240222089671,rec,Jun Y - Sep Y
12,2,13,BEUTI,-0.18571703007446497,-0.1717350618007899,0.1813470301291212,27,0.35369056956418854,1,0.9993129776616922,pre,Dec Y - Jan Y+1
-10,1,-10,"SST anomaly (MUR, 5-beach mean)",0.22489622144731905,0.1848991469194493,-0.042568424937573554,19,0.3546101350634133,1,0.7139791540128025,rec,Feb Y-1 - Feb Y-1
-7,3,-5,Wave energy Hs^2 (buoys),0.1891571511517707,0.10937415996055423,-0.1822953958080884,26,0.3547198634739648,1,0.7139791540128025,rec,May Y-1 - Jul Y-1
0,3,2,"Columbia discharge, Beaver",0.18913165061343049,0.10667724788174728,-0.1891931790209589,26,0.35478593764216426,1,0.7139791540128025,rec,Dec Y-1 - Feb Y
-3,1,-3,"Columbia discharge, The Dalles",-0.18500318468382834,-0.19020412530612252,-0.4764170946754331,27,0.3555766324079006,1,0.9993129776616922,pre,Sep Y-1 - Sep Y-1
3,1,3,PDO,-0.18497068066252847,-0.19361589143095995,-0.3240542244398286,27,0.3556626532921171,1,0.9993129776616922,pre,Mar Y - Mar Y
-8,4,-5,Storm hours Hs > 4 m (buoys),0.18496852201682576,0.1823707399467932,-0.036920139775453914,27,0.3556683665171977,1,0.9993129776616922,pre,Apr Y-1 - Jul Y-1
1,2,2,Willamette discharge,0.18867570030264183,0.05871819787706144,-0.30818015609777016,26,0.35596857260844506,1,0.7156183093596868,rec,Jan Y - Feb Y
-8,3,-6,"Columbia discharge, The Dalles",-0.18473497914239753,-0.18854950195432907,-0.08112238676606977,27,0.3562867985287903,1,0.9993129776616922,pre,Apr Y-1 - Jun Y-1
4,2,5,Storm hours Hs > 4 m (buoys),0.1925733471584455,0.20000552245136857,0.05545079028734847,25,0.35640091628338744,1,0.7157472946848195,rec,Apr Y - May Y
-10,1,-10,"Wind stress, alongshore (buoys)",-0.19248158774194368,-0.16249754186787801,0.27303591717566045,25,0.35663452824580844,1,0.9993129776616922,pre,Feb Y-1 - Feb Y-1
-3,4,0,Storm hours Hs > 4 m (buoys),0.18806018503600475,0.113300467532578,-0.1694963065767103,26,0.3575687686636846,1,0.7173515854305499,rec,Sep Y-1 - Dec Y-1
-11,1,-11,Wave energy Hs^2 (buoys),0.18787574361347686,0.23095495599681293,0.16262864329510388,26,0.3580490971709769,1,0.7173941768978915,rec,Jan Y-1 - Jan Y-1
-5,2,-4,"SST anomaly (MUR, 5-beach mean)",-0.2169012682949287,0.011102818569669137,0.4064087975466158,20,0.358328058522558,1,0.7173941768978915,rec,Jul Y-1 - Aug Y-1
13,2,14,"SST anomaly (MUR, 5-beach mean)",-0.210751854763285,-0.21165577765253282,-0.04479607514906186,21,0.35913885206468266,1,0.7182119340565658,rec,Jan Y+1 - Feb Y+1
10,1,10,"Wind stress, alongshore (buoys)",0.1836289477693455,0.1878201653642795,0.08981985633407881,27,0.35922424964646205,1,0.9993129776616922,pre,Oct Y - Oct Y
-3,3,-1,"Columbia discharge, The Dalles",-0.18359090363063973,-0.1897581312675091,-0.45560962353332524,27,0.3593255424633123,1,0.9993129776616922,pre,Sep Y-1 - Nov Y-1
0,1,0,SST anomaly (OISST),-0.187252653130627,-0.14741254871133422,0.07676850942149056,26,0.35967457783631307,1,0.7182119340565658,rec,Dec Y-1 - Dec Y-1
-7,1,-7,PDO,-0.18715778193630958,-0.2007494010947779,-0.07398347645375393,26,0.3599224519618731,1,0.7182119340565658,rec,May Y-1 - May Y-1
15,3,17,"Wind stress, alongshore (buoys)",0.19519329417020875,0.15860756719797378,0.31105752001632214,24,0.36069825887673845,1,0.9993129776616922,pre,Mar Y+1 - May Y+1
15,4,18,BEUTI,0.18679042086205677,0.3010102160759072,0.3973049904778946,26,0.3608832189331842,1,0.7182119340565658,rec,Mar Y+1 - Jun Y+1
10,1,10,PDO,-0.18671095966461235,-0.18412618120343413,-0.027050710734095134,26,0.36109123331001247,1,0.7182119340565658,rec,Oct Y - Oct Y
-1,1,-1,BEUTI,-0.18659616172092267,-0.05602270916664058,0.31023761591665633,26,0.361391876849827,1,0.7182119340565658,rec,Nov Y-1 - Nov Y-1
-6,3,-4,SST anomaly (buoys),-0.18653473190142478,-0.017497436570173303,0.4016848306240101,26,0.3615528152867694,1,0.7182119340565658,rec,Jun Y-1 - Aug Y-1
11,3,13,BEUTI,-0.18256045587691516,-0.16064684848820407,0.26139284459122747,27,0.3620755202096638,1,0.9993129776616922,pre,Nov Y - Jan Y+1
22,2,23,SST anomaly (OISST),-0.1862000506108312,0.018931643412650787,0.48378198937881967,26,0.3624303767157113,1,0.7182119340565658,rec,Oct Y+1 - Nov Y+1
-7,4,-4,Wave energy Hs^2 (buoys),0.18242281981702588,0.1740901209500738,-0.11621827929139736,27,0.36244376681191515,1,0.9993129776616922,pre,May Y-1 - Aug Y-1
-2,2,-1,"Wind stress, alongshore (buoys)",-0.18619079621189766,-0.16482618759223994,0.02608583847893804,26,0.3624546602220945,1,0.7182119340565658,rec,Oct Y-1 - Nov Y-1
-9,1,-9,BEUTI,-0.18593825805167238,-0.13544976737931852,0.10578111164707095,26,0.36311768738491224,1,0.7182119340565658,rec,Mar Y-1 - Mar Y-1
-8,4,-5,SST anomaly (buoys),-0.18585794529677788,-0.0374883075337524,0.35328706868384285,26,0.36332869355979935,1,0.7182119340565658,rec,Apr Y-1 - Jul Y-1
-10,1,-10,PDO,0.1858464983967221,0.09282279707579091,-0.21696801650020048,26,0.36335877391281235,1,0.7182119340565658,rec,Feb Y-1 - Feb Y-1
17,1,17,Willamette discharge,-0.18206617709507944,-0.1840210012413383,-0.04147061291405549,27,0.3633989915358279,1,0.9993129776616922,pre,May Y+1 - May Y+1
-10,2,-9,CUTI,0.18198213553376266,0.1892071070244518,0.4272556092600448,27,0.36362430177978333,1,0.9993129776616922,pre,Feb Y-1 - Mar Y-1
-5,1,-5,PDO,-0.185668473241215,-0.18364763315314173,-0.028470639814121568,26,0.363826779031987,1,0.7182119340565658,rec,Jul Y-1 - Jul Y-1
4,3,6,PDO,-0.18547146692983058,-0.19964235928864232,-0.07534840691640514,26,0.3643450941569599,1,0.7182119340565658,rec,Apr Y - Jun Y
28,2,29,"SST anomaly (MUR, 5-beach mean)",0.20312823139491842,0.22933088766271523,0.10088795484215228,22,0.364594608514776,1,0.7182119340565658,rec,Apr Y+2 - May Y+2
6,3,8,SST anomaly (OISST),0.18505779525846058,0.18615159398183428,0.20219209467857543,26,0.3654348512258466,1,0.9993129776616922,pre,Jun Y - Aug Y
11,1,11,"Wind stress, alongshore (buoys)",0.18127387779842108,0.1884945944592672,0.1789620656164847,27,0.3655263529079066,1,0.9993129776616922,pre,Nov Y - Nov Y
-11,2,-10,"SST anomaly (MUR, 5-beach mean)",0.21995402299677216,0.19702724664881371,-0.007506745858748628,19,0.3655606133003547,1,0.7182119340565658,rec,Jan Y-1 - Feb Y-1
11,2,12,"Wind stress, alongshore (buoys)",0.18894884422447308,0.17221620200549678,0.22304986468182125,25,0.36569692372494056,1,0.9993129776616922,pre,Nov Y - Dec Y
-9,1,-9,"Wind stress, alongshore (buoys)",0.18889396367836442,0.19888334354050707,0.1609892361284123,25,0.36583875506372754,1,0.9993129776616922,pre,Mar Y-1 - Mar Y-1
4,1,4,BEUTI,0.18114120552972984,0.18185256048606166,0.017974668503772443,27,0.36588329597227165,1,0.9993129776616922,pre,Apr Y - Apr Y
19,4,22,SST anomaly (OISST),0.18484459932549308,0.32604673632955,0.49712494972634524,26,0.36599722732479634,1,0.7182119340565658,rec,Jul Y+1 - Oct Y+1
-5,3,-3,BEUTI,0.18477138943850852,0.3940333424726888,0.8941102482221389,26,0.3661904595656663,1,0.7182119340565658,rec,Jul Y-1 - Sep Y-1
9,2,10,"Columbia discharge, Beaver",0.18465933657151612,0.008317741376036315,-0.4192209539317435,26,0.36648633038042355,1,0.7182119340565658,rec,Sep Y - Oct Y
11,2,12,"Columbia discharge, The Dalles",0.18457145516862455,0.07613876797654393,-0.25614209230465196,26,0.3667184750648571,1,0.7182119340565658,rec,Nov Y - Dec Y
4,1,4,SST anomaly (OISST),-0.18441794841207745,-0.1115025553971393,0.16543055463811057,26,0.3671241793397916,1,0.7182119340565658,rec,Apr Y - Apr Y
12,1,12,"Columbia discharge, The Dalles",0.18435674631977178,0.04478383409593325,-0.3326471918450871,26,0.36728600381480037,1,0.7182119340565658,rec,Dec Y - Dec Y
28,2,29,"Wind stress, alongshore (buoys)",0.19235721840369555,0.24346422209290489,0.19189924452974708,24,0.36785510729313464,1,0.7182119340565658,rec,Apr Y+2 - May Y+2
10,2,11,SST anomaly (OISST),-0.1840946204180438,-0.06727665165935633,0.27712638666628675,26,0.3679795614541913,1,0.7182119340565658,rec,Oct Y - Nov Y
3,3,5,SST anomaly (OISST),-0.1839656470830545,-0.1288998662770303,0.11840437891943435,26,0.368321091291438,1,0.7182119340565658,rec,Mar Y - May Y
3,4,6,SST anomaly (buoys),-0.1921653522036453,-0.1247080851454666,0.16632956487154021,24,0.3683422316123437,1,0.7182119340565658,rec,Mar Y - Jun Y
-9,4,-6,"SST anomaly (MUR, 5-beach mean)",-0.21240924963910857,-0.19966849714910678,0.03227060422647276,20,0.36861044927016073,1,0.9993129776616922,pre,Mar Y-1 - Jun Y-1
12,4,15,"SST anomaly (MUR, 5-beach mean)",-0.20656216278599207,-0.24582091603179898,-0.1334811454976337,21,0.3689894363755464,1,0.7187529702545713,rec,Dec Y - Mar Y+1
11,4,14,"Wind stress, alongshore (buoys)",0.18362461708488,0.16501699176465562,0.39268214619122466,26,0.36922505020237306,1,0.9993129776616922,pre,Nov Y - Feb Y+1
8,2,9,CUTI,-0.17972037940144933,-0.155209495336336,0.28606427576435733,27,0.3697186886035593,1,0.9993129776616922,pre,Aug Y - Sep Y
-3,1,-3,Willamette discharge,-0.17970462339641932,-0.18727193548291035,-0.4225874910888052,27,0.36976135152037226,1,0.9993129776616922,pre,Sep Y-1 - Sep Y-1
4,3,6,Wave energy Hs^2 (buoys),0.18677993066830267,0.2078931024256478,0.09953688134910772,25,0.3713265352846793,1,0.7207491686246837,rec,Apr Y - Jun Y
15,2,16,BEUTI,0.18283149590170303,0.2452670421699177,0.2217802742895036,26,0.3713323412866433,1,0.7207491686246837,rec,Mar Y+1 - Apr Y+1
-7,3,-5,"Columbia discharge, The Dalles",0.18279570024528924,0.13238965958937107,-0.10615093560413638,26,0.3714276132814408,1,0.7207491686246837,rec,May Y-1 - Jul Y-1
23,3,25,Storm hours Hs > 4 m (buoys),-0.18276953715895314,-0.274335066471757,-0.31687011509633894,26,0.3714972566676611,1,0.7207491686246837,rec,Nov Y+1 - Jan Y+2
-5,4,-2,Wave energy Hs^2 (buoys),-0.17901815108524224,-0.18134220104526133,-0.04864988053450972,27,0.371622915819691,1,0.9993129776616922,pre,Jul Y-1 - Oct Y-1
-4,4,-1,Willamette discharge,-0.17896551952017475,-0.18782127677960364,-0.2735553414369339,27,0.3717658660001,1,0.9993129776616922,pre,Aug Y-1 - Nov Y-1
-3,1,-3,Storm hours Hs > 4 m (buoys),-0.17895926416125757,-0.17116976882181933,0.10968981885243512,27,0.3717828580211324,1,0.9993129776616922,pre,Sep Y-1 - Sep Y-1
11,2,12,"Columbia discharge, Beaver",-0.18256577850866307,-0.20948457986238128,-0.1124797767017677,26,0.3720399001502597,1,0.7208701979510914,rec,Nov Y - Dec Y
-6,2,-5,SST anomaly (buoys),-0.18246769567487087,-0.022862009373418292,0.38095039353416055,26,0.3723012750735061,1,0.7208701979510914,rec,Jun Y-1 - Jul Y-1
-3,4,0,"Columbia discharge, The Dalles",-0.1787552625708372,-0.18495181736216465,-0.4702385694599391,27,0.37233725446736854,1,0.9993129776616922,pre,Sep Y-1 - Dec Y-1
-1,4,2,PDO,-0.17859584813321935,-0.1871929551859568,-0.24708374835529676,27,0.3727708149765666,1,0.9993129776616922,pre,Nov Y-1 - Feb Y
3,3,5,SST anomaly (buoys),-0.1903022049762261,-0.11655353271752379,0.18420611590977404,24,0.37309191582077994,1,0.7209884239240737,rec,Mar Y - May Y
17,1,17,BEUTI,0.17835788362561225,0.18690316764728565,0.379068380146805,27,0.3734185544101055,1,0.9993129776616922,pre,May Y+1 - May Y+1
12,2,13,"Columbia discharge, Beaver",-0.18183053706484137,-0.22272235066297114,-0.15450702734189026,26,0.3740017916606029,1,0.7209884239240737,rec,Dec Y - Jan Y+1
3,1,3,Wave energy Hs^2 (buoys),0.1856246231611231,0.0025974236058380873,-0.47916099619436797,25,0.37434559809887935,1,0.7209884239240737,rec,Mar Y - Mar Y
12,4,15,Storm hours Hs > 4 m (buoys),-0.18561073174348688,-0.2711684075925097,-0.3272471465490464,25,0.37438198524390565,1,0.7209884239240737,rec,Dec Y - Mar Y+1
25,2,26,"Wind stress, alongshore (buoys)",0.185569038150889,0.27719570371597674,0.33388520705773234,25,0.3744912095905838,1,0.7209884239240737,rec,Jan Y+2 - Feb Y+2
-11,3,-9,SST anomaly (OISST),0.18971832734220323,0.24992101966264102,0.19724968984805172,24,0.37458760707989425,1,0.7209884239240737,rec,Jan Y-1 - Mar Y-1
7,3,9,CUTI,-0.17779208141636102,-0.12771799005587647,0.47970784609755,27,0.374961291434982,1,0.9993129776616922,pre,Jul Y - Sep Y
25,1,25,"Columbia discharge, Beaver",-0.1813199732755888,-0.20443018435262533,-0.10088079017657978,26,0.37536767809687566,1,0.7211753955006017,rec,Jan Y+2 - Jan Y+2
24,1,24,SST anomaly (OISST),-0.1812979361986811,-0.10284203062054904,0.1804932898108758,26,0.37542669765772063,1,0.7211753955006017,rec,Dec Y+1 - Dec Y+1
26,2,27,PDO,-0.1810330070511325,-0.2397825921371683,-0.2096430944826369,26,0.37613664905248867,1,0.7211860136195726,rec,Feb Y+2 - Mar Y+2
-11,1,-11,BEUTI,-0.1773169815266197,-0.1783126474217216,-0.0230351527698538,27,0.37625956671345684,1,0.9993129776616922,pre,Jan Y-1 - Jan Y-1
21,1,21,"SST anomaly (MUR, 5-beach mean)",0.1982532071175449,0.381592362166486,0.47610275671003566,22,0.3764609502274693,1,0.7211860136195726,rec,Sep Y+1 - Sep Y+1
16,4,19,SST anomaly (buoys),-0.18088069345441762,-0.03610299365724764,0.3461717167578936,26,0.37654516657606285,1,0.7211860136195726,rec,Apr Y+1 - Jul Y+1
13,3,15,"Columbia discharge, The Dalles",-0.17671340276866448,-0.18350397357332018,-0.1606957698357727,27,0.3779126771643857,1,0.9993129776616922,pre,Jan Y+1 - Mar Y+1
25,4,28,Wave energy Hs^2 (buoys),-0.18024925314581225,-0.2648888883319941,-0.2928492963287681,26,0.3782414715327945,1,0.7233347348324025,rec,Jan Y+2 - Apr Y+2
5,2,6,CUTI,-0.18015980666184098,-0.02851308844517963,0.36281527238316114,26,0.37848211665682896,1,0.7233347348324025,rec,May Y - Jun Y
18,1,18,SST anomaly (buoys),-0.17996307801969336,-0.12748834224828756,0.11223528866730728,26,0.3790117019382282,1,0.7233347348324025,rec,Jun Y+1 - Jun Y+1
17,1,17,"SST anomaly (MUR, 5-beach mean)",0.19682567791471148,0.208107574012079,0.1695505555360924,22,0.3799768386711805,1,0.9993129776616922,pre,May Y+1 - May Y+1
20,2,21,Wave energy Hs^2 (buoys),0.17954531286128333,0.2153240624085677,0.13845145856362343,26,0.38013772247330135,1,0.7233347348324025,rec,Aug Y+1 - Sep Y+1
26,3,28,SST anomaly (OISST),-0.1794238883104275,-0.0836248426351545,0.22547027458380442,26,0.38046536383079754,1,0.7233347348324025,rec,Feb Y+2 - Apr Y+2
15,1,15,"Columbia discharge, Beaver",-0.17938906995899173,-0.16133028121385076,0.01808583353246096,26,0.3805593445606964,1,0.7233347348324025,rec,Mar Y+1 - Mar Y+1
-7,2,-6,"Columbia discharge, Beaver",0.17938510190412812,0.13904986515626752,-0.07956388690331732,26,0.38057005587156245,1,0.7233347348324025,rec,May Y-1 - Jun Y-1
15,4,18,"SST anomaly (MUR, 5-beach mean)",-0.20168695031589542,-0.1978413652354887,-0.03208341627656312,21,0.3806437416324834,1,0.7233347348324025,rec,Mar Y+1 - Jun Y+1
-2,2,-1,Wave energy Hs^2 (buoys),0.17908071163356265,0.13711493004826908,-0.08405206170669571,26,0.3813922391237594,1,0.724049328961512,rec,Oct Y-1 - Nov Y-1
-4,4,-1,SST anomaly (OISST),-0.17527590881082622,-0.15241520353925983,0.2727346552890717,27,0.38186662415898764,1,0.9993129776616922,pre,Aug Y-1 - Nov Y-1
-2,4,1,"Columbia discharge, The Dalles",-0.17527207061082478,-0.18269251895625852,-0.44463649446283676,27,0.3818772132155104,1,0.9993129776616922,pre,Oct Y-1 - Jan Y
11,2,12,Wave energy Hs^2 (buoys),-0.17515369547121742,-0.1843071087813045,-0.33715959718429284,27,0.38220387664833344,1,0.9993129776616922,pre,Nov Y - Dec Y
-9,2,-8,SST anomaly (OISST),0.17872989580974238,0.19463578225551725,0.0791002901275807,26,0.3823410859243792,1,0.7251425083287738,rec,Mar Y-1 - Apr Y-1
-8,2,-7,Storm hours Hs > 4 m (buoys),0.17834016300947256,0.17382807252106408,-0.03697197425934056,26,0.3833967773907525,1,0.9993129776616922,pre,Apr Y-1 - May Y-1
11,3,13,SST anomaly (buoys),-0.17810718579541482,-0.17559155899341553,0.24804262384877102,26,0.3840286530167596,1,0.9993129776616922,pre,Nov Y - Jan Y+1
4,2,5,"SST anomaly (MUR, 5-beach mean)",0.200267968455113,0.21693300071610333,0.09440666443438335,21,0.38407441790998165,1,0.9993129776616922,pre,Apr Y - May Y
-10,1,-10,"Columbia discharge, The Dalles",-0.1742767470777286,-0.1835114752122589,-0.30920757212557315,27,0.38462887340524365,1,0.9993129776616922,pre,Feb Y-1 - Feb Y-1
30,1,30,SST anomaly (OISST),0.17784434890530912,0.1850080983687614,0.0534456046776564,26,0.38474222886695275,1,0.7288019589112372,rec,Jun Y+2 - Jun Y+2
23,4,26,Storm hours Hs > 4 m (buoys),-0.17774197224781133,-0.27026104919580424,-0.31816136343910123,26,0.38502037644127607,1,0.7288019589112372,rec,Nov Y+1 - Feb Y+2
-6,4,-3,Willamette discharge,0.177454901028994,0.08549668439623037,-0.21611196759445037,26,0.38580093475446675,1,0.7295690828430772,rec,Jun Y-1 - Sep Y-1
15,1,15,"Columbia discharge, The Dalles",-0.17345256744526877,-0.17708264018596995,-0.07574410782663041,27,0.3869159788547092,1,0.9993129776616922,pre,Mar Y+1 - Mar Y+1
20,4,23,CUTI,0.17670960390648924,0.2765315423331077,0.34241186192949286,26,0.38783164563313133,1,0.7318109691288393,rec,Aug Y+1 - Nov Y+1
18,4,21,Storm hours Hs > 4 m (buoys),0.1765735725567903,0.26291012388870216,0.29716375912252907,26,0.38820294689511003,1,0.7318109691288393,rec,Jun Y+1 - Sep Y+1
-11,1,-11,BEUTI,-0.17654443789406388,-0.1964052164878117,-0.09029316804881495,26,0.38828249708957574,1,0.7318109691288393,rec,Jan Y-1 - Jan Y-1
27,3,29,Storm hours Hs > 4 m (buoys),-0.1763291130449923,-0.28119471530758683,-0.35950667493029853,26,0.3888707148652689,1,0.7318109691288393,rec,Mar Y+2 - May Y+2
2,1,2,SST anomaly (OISST),-0.17269911889782305,-0.17417679374278222,-0.03184672488682557,27,0.3890136004913334,1,0.9993129776616922,pre,Feb Y - Feb Y
19,2,20,Wave energy Hs^2 (buoys),-0.1760847581040177,-0.20734995465439318,-0.1241017240206114,26,0.3895388506660392,1,0.7318109691288393,rec,Jul Y+1 - Aug Y+1
-11,3,-9,"Columbia discharge, Beaver",0.17606648244040782,0.07994915801523604,-0.22704197071216162,26,0.3895888477705981,1,0.7318109691288393,rec,Jan Y-1 - Mar Y-1
-2,4,1,Willamette discharge,-0.17243497184834186,-0.18103518151760692,-0.40546970549476735,27,0.3897505279827913,1,0.9993129776616922,pre,Oct Y-1 - Jan Y
16,1,16,"Wind stress, alongshore (buoys)",0.18382330366534655,0.11039049273288884,-0.19841531435619753,24,0.38988076135423566,1,0.7318109691288393,rec,Apr Y+1 - Apr Y+1
-11,2,-10,"Columbia discharge, Beaver",0.17578462950346155,0.05574598611757222,-0.2872223464202053,26,0.3903603810526085,1,0.7318109691288393,rec,Jan Y-1 - Feb Y-1
16,1,16,Storm hours Hs > 4 m (buoys),-0.17562252423665795,-0.1761560707806104,0.015732444862256702,26,0.3908045150429186,1,0.9993129776616922,pre,Apr Y+1 - Apr Y+1
-2,1,-2,Wave energy Hs^2 (buoys),-0.17560160671900565,-0.1754436088355163,-0.03192606647284162,26,0.3908618455138958,1,0.7318109691288393,rec,Oct Y-1 - Oct Y-1
11,1,11,Willamette discharge,-0.17558443480755656,-0.2043015674275288,-0.1163708912281901,26,0.39090891364727,1,0.7318109691288393,rec,Nov Y - Nov Y
11,3,13,"Columbia discharge, Beaver",-0.1755047524938626,-0.2078405247779268,-0.12718784600357014,26,0.3911273646732839,1,0.7318109691288393,rec,Nov Y - Jan Y+1
2,4,5,"SST anomaly (MUR, 5-beach mean)",-0.20243038347746053,-0.19730846154355342,-0.02919749145983166,20,0.39204354368513505,1,0.7322287397927364,rec,Feb Y - May Y
-3,2,-2,Wave energy Hs^2 (buoys),-0.17514883413812668,-0.16126713510483554,0.00713276129492692,26,0.39210397022851784,1,0.7322287397927364,rec,Sep Y-1 - Oct Y-1
-7,3,-5,"Wind stress, alongshore (buoys)",0.17838121664256992,0.178971514438122,0.42980267723152055,25,0.3935946220223707,1,0.9993129776616922,pre,May Y-1 - Jul Y-1
12,1,12,"Columbia discharge, The Dalles",-0.17096666308451255,-0.17952707673216123,-0.4146438824982972,27,0.39386137143293465,1,0.9993129776616922,pre,Dec Y - Dec Y
-7,4,-4,"Columbia discharge, The Dalles",0.17430689013032186,0.11525720108607576,-0.13087933483698394,26,0.39441968554512397,1,0.7353830154916917,rec,May Y-1 - Aug Y-1
-6,1,-6,CUTI,-0.17425972741214601,-0.05958402786125333,0.27427115208553243,26,0.3945496322828367,1,0.7353830154916917,rec,Jun Y-1 - Jun Y-1
-5,1,-5,Willamette discharge,0.1740233507366902,0.1104344719347954,-0.1429858168408586,26,0.3952012824766037,1,0.7355187215217434,rec,Jul Y-1 - Jul Y-1
17,1,17,BEUTI,0.17394008475497416,0.2821632086974752,0.37002008900382366,26,0.3954309775186693,1,0.7355187215217434,rec,May Y+1 - May Y+1
-10,4,-7,Willamette discharge,-0.17038983358886395,-0.17925281895621553,-0.24694225744223355,27,0.3954830420417029,1,0.9993129776616922,pre,Feb Y-1 - May Y-1
23,3,25,"Columbia discharge, The Dalles",-0.17373180741267022,-0.2557678006130343,-0.2820653459643696,26,0.3960058556728655,1,0.7355187215217434,rec,Nov Y+1 - Jan Y+2
2,1,2,"Columbia discharge, The Dalles",0.17368473271293233,0.10885552963582956,-0.14633470000749657,26,0.3961358546467414,1,0.7355187215217434,rec,Feb Y - Feb Y
9,2,10,Wave energy Hs^2 (buoys),-0.1735374452589115,-0.18886450833884375,-0.07637530563837516,26,0.39654275154317964,1,0.7355500939617103,rec,Sep Y - Oct Y
0,3,2,BEUTI,-0.17334474501052763,-0.020425199945613565,0.36795861408986524,26,0.39707546232387203,1,0.7355500939617103,rec,Dec Y-1 - Feb Y
-3,4,0,SST anomaly (OISST),-0.16971350245193012,-0.15187367817307373,0.2256725633307002,27,0.3973892606078816,1,0.9993129776616922,pre,Sep Y-1 - Dec Y-1
14,1,14,BEUTI,0.16959108414710952,0.1695135382114879,0.6136673131122843,27,0.39773484765685907,1,0.9993129776616922,pre,Feb Y+1 - Feb Y+1
16,3,18,"Wind stress, alongshore (buoys)",0.18492526745756077,0.21960995705926686,0.14918327199769604,23,0.3982593857547929,1,0.7355500939617103,rec,Apr Y+1 - Jun Y+1
-11,4,-8,Willamette discharge,0.1728994805854339,0.040233617608007734,-0.3190962276017007,26,0.39830791895123185,1,0.7355500939617103,rec,Jan Y-1 - Apr Y-1
4,2,5,Wave energy Hs^2 (buoys),0.176629862926077,0.2224975328636083,0.1819923315237286,25,0.3983312105145732,1,0.7355500939617103,rec,Apr Y - May Y
5,3,7,BEUTI,-0.17285795526647152,0.1265064783535304,0.6883302626476574,26,0.3984229675625931,1,0.7355500939617103,rec,May Y - Jul Y
-4,3,-2,SST anomaly (OISST),-0.16912692899871534,-0.14528941813287657,0.28410003194509753,27,0.39904670166359846,1,0.9993129776616922,pre,Aug Y-1 - Oct Y-1
26,3,28,Storm hours Hs > 4 m (buoys),-0.1724526345586767,-0.26375047093253284,-0.31210311040841077,26,0.3995469184168017,1,0.7369252461122034,rec,Feb Y+2 - Apr Y+2
-4,2,-3,Wave energy Hs^2 (buoys),-0.17231397328121364,-0.11633864322615957,0.12306355292715022,26,0.399931834301283,1,0.7369360055750654,rec,Aug Y-1 - Sep Y-1
-3,3,-1,Willamette discharge,-0.1687980697437603,-0.17795290411103934,-0.2642682819371121,27,0.3999776426215155,1,0.9993129776616922,pre,Sep Y-1 - Nov Y-1
14,2,15,Willamette discharge,-0.1719079328480259,-0.21502242967919521,-0.15897450469441424,26,0.40106017906291536,1,0.7383153296385487,rec,Feb Y+1 - Mar Y+1
12,1,12,SST anomaly (OISST),-0.1682427646056098,-0.16584568664649998,0.03442353075549684,27,0.40155238931573967,1,0.9993129776616922,pre,Dec Y - Dec Y
26,3,28,PDO,-0.1715704668718147,-0.22833529895903554,-0.20092316606671967,26,0.4019993222185495,1,0.7393440703811355,rec,Feb Y+2 - Apr Y+2
17,2,18,PDO,-0.16796726797612635,-0.17510601422381777,-0.16790835789834901,27,0.4023349429105847,1,0.9993129776616922,pre,May Y+1 - Jun Y+1
30,1,30,Willamette discharge,-0.1709650234917187,-0.18135912518457226,-0.061491270889761473,26,0.4036873175769412,1,0.7417468292718088,rec,Jun Y+2 - Jun Y+2
-2,4,1,"SST anomaly (MUR, 5-beach mean)",-0.19228502107330894,-0.14661733307912941,0.19844640238371133,21,0.40369605571435574,1,0.9993129776616922,pre,Oct Y-1 - Jan Y
-5,3,-3,"SST anomaly (MUR, 5-beach mean)",-0.19739685894343953,0.07033039280646722,0.4834560736496319,20,0.40416937216452475,1,0.7419313120753882,rec,Jul Y-1 - Sep Y-1
-7,1,-7,Willamette discharge,-0.16728642272920444,-0.17473804059138312,-0.17830678877659567,27,0.4042725743789636,1,0.9993129776616922,pre,May Y-1 - May Y-1
11,4,14,PDO,-0.17058553620387554,-0.22930228643957593,-0.20674775937576226,26,0.40474736165834435,1,0.742291387796058,rec,Nov Y - Feb Y+1
7,3,9,BEUTI,-0.1669042736223399,-0.02736590648446825,0.8810350490186728,27,0.4053624320781113,1,0.9993129776616922,pre,Jul Y - Sep Y
11,4,14,SST anomaly (OISST),-0.1703429726478121,-0.15849682220855438,0.002275115704176373,26,0.4054257439287162,1,0.7424241282956512,rec,Nov Y - Feb Y+1
17,1,17,"Wind stress, alongshore (buoys)",0.17399406488268285,0.16179330471134734,0.42124523812016834,25,0.4055198359885519,1,0.9993129776616922,pre,May Y+1 - May Y+1
13,1,13,Willamette discharge,-0.16682641817559227,-0.174106620511379,-0.17206494482934134,27,0.40558467124646325,1,0.9993129776616922,pre,Jan Y+1 - Jan Y+1
2,1,2,BEUTI,-0.16676072413321005,-0.10352158788786543,0.5698498171760114,27,0.4057722486931554,1,0.9993129776616922,pre,Feb Y - Feb Y
-6,1,-6,"Columbia discharge, The Dalles",0.17016421026794976,0.08795855122163103,-0.1925713206714854,26,0.4059260988935275,1,0.7424241282956512,rec,Jun Y-1 - Jun Y-1
2,4,5,CUTI,-0.17015015398548028,0.04844699204712324,0.5204597660948852,26,0.40596545698471054,1,0.7424241282956512,rec,Feb Y - May Y
25,4,28,SST anomaly (OISST),-0.16983958412506542,-0.07102660820002744,0.23533840077388146,26,0.40683560764856064,1,0.7432870886371297,rec,Jan Y+2 - Apr Y+2
-5,1,-5,Willamette discharge,-0.16630380328341726,-0.1686926135972659,-0.04920748585362528,27,0.40707824821042227,1,0.9993129776616922,pre,Jul Y-1 - Jul Y-1
9,1,9,"SST anomaly (MUR, 5-beach mean)",0.18599825778114423,0.20436948797737728,0.47610275671003566,22,0.4072440994198575,1,0.9993129776616922,pre,Sep Y - Sep Y
-11,3,-9,"Wind stress, alongshore (buoys)",-0.17325737511722236,-0.15174523490180788,0.21109035810473345,25,0.4075418619553963,1,0.9993129776616922,pre,Jan Y-1 - Mar Y-1
26,1,26,SST anomaly (buoys),-0.1695046429409017,-0.10855076935335795,0.13688112440467362,26,0.4077752075839458,1,0.7432870886371297,rec,Feb Y+2 - Feb Y+2
30,1,30,"SST anomaly (MUR, 5-beach mean)",0.18560176550976412,0.18472167445754006,0.03404211554468261,22,0.4082625646711404,1,0.7432870886371297,rec,Jun Y+2 - Jun Y+2
18,4,21,SST anomaly (OISST),0.16925121244496014,0.2865055885695202,0.39922393314223686,26,0.40848695173526717,1,0.7432870886371297,rec,Jun Y+1 - Sep Y+1
5,4,8,BEUTI,-0.16913012758502616,0.1825888019430564,0.7896171930823771,26,0.4088272554549548,1,0.7432870886371297,rec,May Y - Aug Y
3,4,6,SST anomaly (OISST),-0.16908293757958412,-0.1186851898660916,0.10871775808905491,26,0.40895992366318856,1,0.7432870886371297,rec,Mar Y - Jun Y
-8,2,-7,"SST anomaly (MUR, 5-beach mean)",-0.20107281389385087,-0.08517222955440198,0.20119299302103533,19,0.4091247185482211,1,0.7432870886371297,rec,Apr Y-1 - May Y-1
-1,3,1,"Wind stress, alongshore (buoys)",-0.17255926653306922,-0.16621716252400262,0.08150741978762306,25,0.40946315592393234,1,0.9993129776616922,pre,Nov Y-1 - Jan Y
19,1,19,Storm hours Hs > 4 m (buoys),-0.1688633175250089,-0.25568835471960727,-0.29605938236257207,26,0.4095776706308546,1,0.7432870886371297,rec,Jul Y+1 - Jul Y+1
12,3,14,"Columbia discharge, The Dalles",-0.165411617094415,-0.17483111874385107,-0.2757356108467019,27,0.4096351206304234,1,0.9993129776616922,pre,Dec Y - Feb Y+1
-3,3,-1,"Columbia discharge, Beaver",-0.16541155037802555,-0.17514565778523591,-0.34170048009576787,27,0.40963531216410975,1,0.9993129776616922,pre,Sep Y-1 - Nov Y-1
-4,2,-3,Storm hours Hs > 4 m (buoys),-0.16520130509411343,-0.1575166239564646,0.10970997085356894,27,0.4102391460205955,1,0.9993129776616922,pre,Aug Y-1 - Sep Y-1
-8,1,-8,"Wind stress, alongshore (buoys)",0.17223076781488386,0.17922067102007275,0.10457520817471541,25,0.4103689670915929,1,0.9993129776616922,pre,Apr Y-1 - Apr Y-1
20,2,21,BEUTI,-0.16856049400578327,0.1973538160941331,0.8151169814723106,26,0.41043030334408237,1,0.7432870886371297,rec,Aug Y+1 - Sep Y+1
12,2,13,BEUTI,0.16848911163443253,0.2012120069931781,0.12682599565284833,26,0.41063143185139395,1,0.7432870886371297,rec,Dec Y - Jan Y+1
-7,3,-5,Willamette discharge,0.16848494430095118,0.03417941350278139,-0.32434928253770795,26,0.4106431755124883,1,0.7432870886371297,rec,May Y-1 - Jul Y-1
-11,2,-10,CUTI,-0.1650333759101518,-0.13539386458963595,0.33733553780206205,27,0.4107218025409727,1,0.9993129776616922,pre,Jan Y-1 - Feb Y-1
-3,1,-3,"Wind stress, alongshore (buoys)",0.1647762518387012,0.15948349772557388,-0.07736892854127676,27,0.41146143307809024,1,0.9993129776616922,pre,Sep Y-1 - Sep Y-1
4,1,4,Wave energy Hs^2 (buoys),0.17176561932020942,0.21488805370836972,0.17132380644265327,25,0.41165347811119435,1,0.7444158707503418,rec,Apr Y - Apr Y
-2,3,0,"Columbia discharge, The Dalles",-0.1645760633406511,-0.1731642525761326,-0.44307347723846696,27,0.41203779875468316,1,0.9993129776616922,pre,Oct Y-1 - Dec Y-1
15,1,15,BEUTI,0.16456650310609516,0.17432317601063202,0.3162414295390386,27,0.41206533500504694,1,0.9993129776616922,pre,Mar Y+1 - Mar Y+1
11,3,13,"Columbia discharge, The Dalles",0.16795588174604084,0.06581541154765695,-0.24424311755101774,26,0.41213560423861006,1,0.7444158707503418,rec,Nov Y - Jan Y+1
4,1,4,CUTI,-0.16779466991805742,-0.11785306815385163,0.10773316401843479,26,0.41259096308745,1,0.7444158707503418,rec,Apr Y - Apr Y
24,2,25,"Columbia discharge, The Dalles",-0.1676734064063234,-0.261060824367122,-0.317254566405582,26,0.412933667760516,1,0.7444158707503418,rec,Dec Y+1 - Jan Y+2
10,3,12,Wave energy Hs^2 (buoys),-0.16419335181639638,-0.17395904301000084,-0.3575030540545023,27,0.41314091891684956,1,0.9993129776616922,pre,Oct Y - Dec Y
4,4,7,Storm hours Hs > 4 m (buoys),0.16758215295993412,0.1724659036570715,0.04490477228173335,26,0.4131916645633724,1,0.7444158707503418,rec,Apr Y - Jul Y
-4,4,-1,PDO,-0.16410841524901337,-0.17107763384973063,-0.16049411726318846,27,0.41338596079871903,1,0.9993129776616922,pre,Aug Y-1 - Nov Y-1
-2,2,-1,"Columbia discharge, The Dalles",-0.16404962068875734,-0.17341603122909593,-0.4031189320669877,27,0.4135556303187844,1,0.9993129776616922,pre,Oct Y-1 - Nov Y-1
-4,3,-2,BEUTI,0.16733327700906148,0.3787031596120134,0.8105378584325369,26,0.41389575439279036,1,0.7444158707503418,rec,Aug Y-1 - Oct Y-1
-1,3,1,BEUTI,-0.1673150653800779,-0.08683953853606503,0.1886819059231155,26,0.41394730261374457,1,0.7444158707503418,rec,Nov Y-1 - Jan Y
-5,3,-3,Storm hours Hs > 4 m (buoys),-0.16386223775343559,-0.1562790720034565,0.10851610526451001,27,0.4140966386492183,1,0.9993129776616922,pre,Jul Y-1 - Sep Y-1
11,4,14,"Columbia discharge, The Dalles",-0.16349241291083633,-0.17299653828520992,-0.2763493637408282,27,0.4151655419936674,1,0.9993129776616922,pre,Nov Y - Feb Y+1
-1,1,-1,Willamette discharge,0.1668262178758844,0.07338773249793368,-0.22228879051407902,26,0.41533231897907097,1,0.7460249106961762,rec,Nov Y-1 - Nov Y-1
22,4,25,SST anomaly (buoys),-0.16655573575690075,-0.013590079059617696,0.37019788573790635,26,0.41609975608465366,1,0.7460249106961762,rec,Oct Y+1 - Jan Y+2
18,2,19,SST anomaly (buoys),-0.1663214692700166,-0.012255974035485185,0.37291305358361343,26,0.4167650713693428,1,0.7460249106961762,rec,Jun Y+1 - Jul Y+1
-1,1,-1,CUTI,-0.1628988393195956,-0.13899889830304382,0.28718085206930416,27,0.4168843400597889,1,0.9993129776616922,pre,Nov Y-1 - Nov Y-1
-3,3,-1,Storm hours Hs > 4 m (buoys),0.1662591921828626,0.14729999334272167,-0.022992541605871712,26,0.41694203663277674,1,0.7460249106961762,rec,Sep Y-1 - Nov Y-1
-7,3,-5,PDO,-0.16625899644427342,-0.18550139465054685,-0.08640232622352008,26,0.41694259290480884,1,0.7460249106961762,rec,May Y-1 - Jul Y-1
5,1,5,"Columbia discharge, The Dalles",-0.16280256908841573,-0.15756755747432763,0.07668587332909757,27,0.4171634783212034,1,0.9993129776616922,pre,May Y - May Y
-7,4,-4,Willamette discharge,0.1661191460223266,0.03141072589897295,-0.326007482268178,26,0.41734014030595523,1,0.7460249106961762,rec,May Y-1 - Aug Y-1
-9,1,-9,Wave energy Hs^2 (buoys),0.16610593792335804,0.12627111526436674,-0.3114659085464162,26,0.4173776972626704,1,0.9993129776616922,pre,Mar Y-1 - Mar Y-1
-5,1,-5,SST anomaly (OISST),-0.16964836196402674,-0.02040871830494073,0.2966851850561264,25,0.41752834508098746,1,0.7460249106961762,rec,Jul Y-1 - Jul Y-1
25,3,27,SST anomaly (buoys),-0.1691601251362444,-0.11133223769710081,0.13809790859069307,25,0.4188895900463907,1,0.7468904965742174,rec,Jan Y+2 - Mar Y+2
10,4,13,"Columbia discharge, The Dalles",0.165501324646696,0.02498330199759504,-0.34039238080368,26,0.41909889746570517,1,0.7468904965742174,rec,Oct Y - Jan Y+1
5,4,8,CUTI,-0.16547799254409276,0.08131768142573118,0.5842512935545333,26,0.41916539699715594,1,0.7468904965742174,rec,May Y - Aug Y
-4,3,-2,Wave energy Hs^2 (buoys),-0.16202232642775244,-0.16337427311859612,-0.02905362166903327,27,0.41942962606737677,1,0.9993129776616922,pre,Aug Y-1 - Oct Y-1
30,1,30,Wave energy Hs^2 (buoys),-0.1652505376233502,-0.2003683171578785,-0.13329707054527024,26,0.4198139773739994,1,0.7473611465339329,rec,Jun Y+2 - Jun Y+2
14,2,15,"Wind stress, alongshore (buoys)",0.16876655242651137,0.14247678944057607,0.3420851380340002,25,0.4199886745870427,1,0.9993129776616922,pre,Feb Y+1 - Mar Y+1
5,1,5,"Columbia discharge, Beaver",-0.1618033609041985,-0.15480333511437303,0.10099128944449216,27,0.4200668109882061,1,0.9993129776616922,pre,May Y - May Y
-3,1,-3,CUTI,0.16509203007717715,0.1285245360490926,-0.07191366035703478,26,0.4202662826970529,1,0.7474818422351975,rec,Sep Y-1 - Sep Y-1
14,3,16,BEUTI,0.1616598650185741,0.1690677606467449,0.49696102138444637,27,0.42048467024104375,1,0.9993129776616922,pre,Feb Y+1 - Apr Y+1
-8,3,-6,"SST anomaly (MUR, 5-beach mean)",-0.1904892593714865,-0.14621796075770463,0.13003615803631796,20,0.4211386315637623,1,0.9993129776616922,pre,Apr Y-1 - Jun Y-1
-11,1,-11,"SST anomaly (MUR, 5-beach mean)",0.19575107068622224,0.1921908362543738,0.029364328594499178,19,0.4218894573002414,1,0.7491892264776591,rec,Jan Y-1 - Jan Y-1
23,3,25,Wave energy Hs^2 (buoys),-0.16448636877407716,-0.26756370983705685,-0.34836817529728437,26,0.42199701800053324,1,0.7491892264776591,rec,Nov Y+1 - Jan Y+2
17,2,18,"Wind stress, alongshore (buoys)",0.16754686647625844,0.16051621448814127,0.34608655676102207,25,0.423404771658464,1,0.9993129776616922,pre,May Y+1 - Jun Y+1
23,2,24,"SST anomaly (MUR, 5-beach mean)",-0.17963406983228558,-0.11392026795956249,0.09904715498403878,22,0.42375986458741677,1,0.7502211535266167,rec,Nov Y+1 - Dec Y+1
4,3,6,Storm hours Hs > 4 m (buoys),0.16738938137567566,0.17266776991536867,0.04419177102785872,25,0.4238469590085707,1,0.7502211535266167,rec,Apr Y - Jun Y
2,2,3,CUTI,-0.16374041920161744,0.045720427986050013,0.5028440487413266,26,0.4241340037803407,1,0.7502211535266167,rec,Feb Y - Mar Y
4,3,6,"SST anomaly (MUR, 5-beach mean)",0.18907611309660524,0.2171085550978859,0.13003615803631796,20,0.4246565655349196,1,0.9993129776616922,pre,Apr Y - Jun Y
0,3,2,CUTI,0.16021209070876075,0.16910784194140321,0.45011264783435523,27,0.4247133763342308,1,0.9993129776616922,pre,Dec Y-1 - Feb Y
-4,4,-1,Storm hours Hs > 4 m (buoys),0.16350407150620155,0.14495294220560964,-0.022352670696255874,26,0.42481232253125845,1,0.7502211535266167,rec,Aug Y-1 - Nov Y-1
24,2,25,SST anomaly (OISST),-0.163502113385264,-0.06957856484155273,0.22428860546297208,26,0.42481794482196467,1,0.7502211535266167,rec,Dec Y+1 - Jan Y+2
22,1,22,BEUTI,-0.16334665657737008,-0.06528616956704789,0.23492640012497132,26,0.4252644328605014,1,0.7502211535266167,rec,Oct Y+1 - Oct Y+1
26,4,29,Storm hours Hs > 4 m (buoys),-0.16321063995818022,-0.26096804811,-0.33005581298952774,26,0.4256552969327305,1,0.7502211535266167,rec,Feb Y+2 - May Y+2
10,2,11,"SST anomaly (MUR, 5-beach mean)",-0.18359591234002537,0.02008258526145831,0.39087363319896595,21,0.4256656030554826,1,0.7502211535266167,rec,Oct Y - Nov Y
-9,3,-7,"SST anomaly (MUR, 5-beach mean)",-0.1885115738191245,-0.18760424931070124,-0.0045953754428069106,20,0.42606632148767387,1,0.9993129776616922,pre,Mar Y-1 - May Y-1
24,1,24,"Columbia discharge, Beaver",-0.16264830132307026,-0.2121194197160929,-0.1761737568720412,26,0.427273342189471,1,0.7515407895551538,rec,Dec Y+1 - Dec Y+1
10,3,12,"Columbia discharge, The Dalles",0.16259472819418766,0.007968844280747582,-0.3754481147983567,26,0.4274276655924225,1,0.7515407895551538,rec,Oct Y - Dec Y
-7,1,-7,"Columbia discharge, The Dalles",-0.15921155163949013,-0.15895438315683363,-2.4966005678130277e-4,27,0.42764935586029607,1,0.9993129776616922,pre,May Y-1 - May Y-1
-7,2,-6,Willamette discharge,0.16245616041774766,0.020930956931077892,-0.343749534808118,26,0.4278269665047334,1,0.7515407895551538,rec,May Y-1 - Jun Y-1
2,1,2,"Wind stress, alongshore (buoys)",-0.16597352821719114,-0.14660702066238743,0.2943368666327624,25,0.4278336980850853,1,0.9993129776616922,pre,Feb Y - Feb Y
4,4,7,BEUTI,-0.1591379422268711,-0.09141159240774487,0.6035972205912086,27,0.4278657922069743,1,0.9993129776616922,pre,Apr Y - Jul Y
23,1,23,PDO,-0.16237569158695772,-0.1787562107052753,-0.07725008820073963,26,0.4280589410675798,1,0.7515407895551538,rec,Nov Y+1 - Nov Y+1
0,2,1,SST anomaly (OISST),-0.16579164203594737,-0.09080694838591843,0.1996321816807854,25,0.4283473224419292,1,0.7515407895551538,rec,Dec Y-1 - Jan Y
7,2,8,BEUTI,-0.1589054668160282,-0.028089317970787675,0.8679715969968099,27,0.42854974068504903,1,0.9993129776616922,pre,Jul Y - Aug Y
-2,2,-1,Willamette discharge,-0.1588515445204041,-0.16788586300174124,-0.23610868116950942,27,0.42870846665839024,1,0.9993129776616922,pre,Oct Y-1 - Nov Y-1
14,3,16,"Columbia discharge, Beaver",-0.15875392409127087,-0.15804360405385282,0.007447809775009157,27,0.42899590431883583,1,0.9993129776616922,pre,Feb Y+1 - Apr Y+1
-7,2,-6,"Wind stress, alongshore (buoys)",0.1652798342297247,0.17026366741098276,0.2853359751670599,25,0.42979439983606826,1,0.9993129776616922,pre,May Y-1 - Jun Y-1
-2,2,-1,Willamette discharge,0.16111622854035199,0.0741230388626555,-0.20694595633094953,26,0.43169862192193587,1,0.7567377105646919,rec,Oct Y-1 - Nov Y-1
9,4,12,Wave energy Hs^2 (buoys),-0.15778799001775684,-0.16797405067557467,-0.3629329616101803,27,0.4318457023975554,1,0.9993129776616922,pre,Sep Y - Dec Y
12,2,13,CUTI,0.16088027856984571,0.21397954983102194,0.18685991191268497,26,0.4323823473766527,1,0.7572534083785702,rec,Dec Y - Jan Y+1
-1,4,2,Willamette discharge,0.16053814127995783,0.007412776447888882,-0.3724903836754504,26,0.4333748193308664,1,0.7583084147427581,rec,Nov Y-1 - Feb Y
19,4,22,Wave energy Hs^2 (buoys),-0.16037882645270382,-0.1580948769535031,-0.02301300311109001,26,0.43383738022840335,1,0.7584351323417411,rec,Jul Y+1 - Oct Y+1
6,4,9,CUTI,-0.15669006446932843,-0.1061091351735436,0.5010494333470118,27,0.43509737664530845,1,0.9993129776616922,pre,Jun Y - Sep Y
2,4,5,PDO,-0.15656419251034093,-0.16598777063077066,-0.25301164985783353,27,0.4354710109832567,1,0.9993129776616922,pre,Feb Y - May Y
10,2,11,BEUTI,0.15624286517300395,0.1637953034984661,0.5145065582472044,27,0.4364256161967257,1,0.9993129776616922,pre,Oct Y - Nov Y
14,3,16,CUTI,0.1562342546485527,0.16126496507005983,0.5734543583351992,27,0.4364512120608274,1,0.9993129776616922,pre,Feb Y+1 - Apr Y+1
16,2,17,SST anomaly (buoys),-0.16628492973086845,-0.0669542708413461,0.2764830675525527,24,0.4374133036302882,1,0.7636097639630876,rec,Apr Y+1 - May Y+1
-2,4,1,BEUTI,-0.15900982882908316,-0.07721927588822015,0.1938833105491903,26,0.4378231712672648,1,0.7636097639630876,rec,Oct Y-1 - Jan Y
-8,2,-7,"Columbia discharge, The Dalles",-0.15577293279978346,-0.1579549997142805,-0.04456087157796285,27,0.437823735424715,1,0.9993129776616922,pre,Apr Y-1 - May Y-1
-5,1,-5,"SST anomaly (MUR, 5-beach mean)",-0.17886586594925535,-0.09734551120736258,0.34160613606765866,21,0.43788880771581595,1,0.9993129776616922,pre,Jul Y-1 - Jul Y-1
5,4,8,"Wind stress, alongshore (buoys)",-0.15564123168746552,-0.10881132927933468,0.47623846837512196,27,0.43821599929321897,1,0.9993129776616922,pre,May Y - Aug Y
0,3,2,"Wind stress, alongshore (buoys)",-0.1699233500587637,-0.127026638734378,0.06912713508068702,23,0.43825632525101477,1,0.7636097639630876,rec,Dec Y-1 - Feb Y
1,1,1,"SST anomaly (MUR, 5-beach mean)",-0.18349739697304307,-0.17064380398118723,-0.008851239015930589,20,0.43869651992632674,1,0.7636097639630876,rec,Jan Y - Jan Y
9,4,12,PDO,-0.15868856351764174,-0.18516202290897263,-0.10616132018839715,26,0.438761371577556,1,0.7636097639630876,rec,Sep Y - Dec Y
-10,1,-10,Willamette discharge,-0.15515008111519643,-0.16549959851471943,-0.3348400475008631,27,0.43968053294207554,1,0.9993129776616922,pre,Feb Y-1 - Feb Y-1
7,3,9,SST anomaly (buoys),0.15514656667984042,0.16479770923684015,0.4389830145937548,27,0.4396910219253467,1,0.9993129776616922,pre,Jul Y - Sep Y
13,3,15,Storm hours Hs > 4 m (buoys),-0.16169192371581023,-0.2329975400937912,-0.2659294366611208,25,0.44001285396964396,1,0.7651028516252127,rec,Jan Y+1 - Mar Y+1
18,3,20,SST anomaly (OISST),0.16121078022841465,0.28510581743756824,0.46780068670414243,25,0.4413929742930732,1,0.7664905455455084,rec,Jun Y+1 - Aug Y+1
-5,1,-5,"Wind stress, alongshore (buoys)",0.15456849362905214,0.16490569189708507,0.3244808446853563,27,0.4414181391052462,1,0.9993129776616922,pre,Jul Y-1 - Jul Y-1
5,1,5,CUTI,-0.15435873419719617,-0.10695836077588172,0.4813435908065169,27,0.44204574079025183,1,0.9993129776616922,pre,May Y - May Y
-4,4,-1,Willamette discharge,0.15747231042781115,0.05659057880468171,-0.2435212897838059,26,0.44232300599335683,1,0.7664905455455084,rec,Aug Y-1 - Nov Y-1
4,4,7,BEUTI,-0.15741017266270296,0.08020934404502501,0.5684610178953757,26,0.4425053827006692,1,0.7664905455455084,rec,Apr Y - Jul Y
26,3,28,SST anomaly (buoys),-0.16073696371597795,-0.10233544904345007,0.1412759659945687,25,0.44275433527232066,1,0.7664905455455084,rec,Feb Y+2 - Apr Y+2
15,4,18,CUTI,0.15730462892541044,0.2690576101329116,0.37458580418754317,26,0.44281524982159703,1,0.7664905455455084,rec,Mar Y+1 - Jun Y+1
24,1,24,SST anomaly (buoys),-0.15702639186673703,-0.11761638480629438,0.08117633628281995,26,0.443632685567941,1,0.7664905455455084,rec,Dec Y+1 - Dec Y+1
17,2,18,BEUTI,0.15357118697434352,0.16208594844347793,0.4960959387803693,27,0.4444063599676079,1,0.9993129776616922,pre,May Y+1 - Jun Y+1
-9,1,-9,"SST anomaly (MUR, 5-beach mean)",-0.181184839508166,-0.2345274656082051,-0.1897465423592125,20,0.44458711073888335,1,0.9993129776616922,pre,Mar Y-1 - Mar Y-1
19,3,21,SST anomaly (buoys),0.1566562812523084,0.31017644469409056,0.5233317393837918,26,0.44472128664260824,1,0.7664905455455084,rec,Jul Y+1 - Sep Y+1
-3,3,-1,Willamette discharge,0.15646255627814865,0.059047952228739375,-0.23487622528613353,26,0.4452916551784587,1,0.7664905455455084,rec,Sep Y-1 - Nov Y-1
-3,3,-1,Wave energy Hs^2 (buoys),0.15641555590787956,0.12573139960079882,-0.057338040993949284,26,0.4454300933095856,1,0.7664905455455084,rec,Sep Y-1 - Nov Y-1
-10,3,-8,PDO,-0.1531421951867645,-0.16289942591463136,-0.26549012695173924,27,0.44569506817933147,1,0.9993129776616922,pre,Feb Y-1 - Apr Y-1
4,1,4,SST anomaly (buoys),-0.16313366135234447,-0.06642329100596453,0.25304735541738294,24,0.4462696253361488,1,0.7664905455455084,rec,Apr Y - Apr Y
13,1,13,SST anomaly (buoys),0.15612655072333767,0.15053071359065337,0.21420945864099328,26,0.44628185348971905,1,0.9993129776616922,pre,Jan Y+1 - Jan Y+1
-2,1,-2,CUTI,0.1560362232926075,0.15328864819779603,0.020886887291344313,26,0.44654824566502604,1,0.7664905455455084,rec,Oct Y-1 - Oct Y-1
4,1,4,"Wind stress, alongshore (buoys)",-0.1630329118769507,-0.16449647462548958,-0.032056523240419035,24,0.44655432783764537,1,0.7664905455455084,rec,Apr Y - Apr Y
22,3,24,"Columbia discharge, The Dalles",-0.15601565215320348,-0.25290672100616474,-0.3244247044217567,26,0.44660892557040066,1,0.7664905455455084,rec,Oct Y+1 - Dec Y+1
16,2,17,BEUTI,0.15592301205849787,0.22134086894245147,0.22368680906341148,26,0.4468822459466957,1,0.7664905455455084,rec,Apr Y+1 - May Y+1
26,2,27,Wave energy Hs^2 (buoys),-0.15584597332183026,-0.2720948039242167,-0.3892224394872175,26,0.44710960471920924,1,0.7664905455455084,rec,Feb Y+2 - Mar Y+2
7,1,7,SST anomaly (OISST),0.15583074316098774,0.15726820466456295,0.22719351874623062,26,0.44715455966386597,1,0.9993129776616922,pre,Jul Y - Jul Y
5,4,8,"SST anomaly (MUR, 5-beach mean)",0.17526740998395657,0.33872106194281726,0.438833511150363,21,0.44731047544971414,1,0.7664905455455084,rec,May Y - Aug Y
11,4,14,"Columbia discharge, The Dalles",0.15569436500905234,0.07816336347357822,-0.18345248490028723,26,0.4475572149671291,1,0.7664905455455084,rec,Nov Y - Feb Y+1
-2,4,1,PDO,-0.152521790904937,-0.16087216878028388,-0.20024746209722752,27,0.44756231616611797,1,0.9993129776616922,pre,Oct Y-1 - Jan Y
-11,3,-9,BEUTI,-0.15557558959838225,-0.06524513914978468,0.2168204752461731,26,0.4479080554216551,1,0.7664905455455084,rec,Jan Y-1 - Mar Y-1
-1,1,-1,SST anomaly (buoys),-0.1522877096566795,-0.14193752908966015,0.14519069180433136,27,0.4482679197199536,1,0.9993129776616922,pre,Nov Y-1 - Nov Y-1
12,2,13,"Columbia discharge, The Dalles",0.15543169319798986,0.04647846016032647,-0.2645780158845917,26,0.4483332944433134,1,0.7665434691273537,rec,Dec Y - Jan Y+1
-2,4,1,"Columbia discharge, Beaver",0.1551474455331529,0.04317553321050933,-0.2722990647808878,26,0.449173926173005,1,0.7673058984888592,rec,Oct Y-1 - Jan Y
-6,4,-3,Storm hours Hs > 4 m (buoys),-0.1519435125283294,-0.14473394624155925,0.10472602671413127,27,0.44930652744889177,1,0.9993129776616922,pre,Jun Y-1 - Sep Y-1
16,3,18,"Wind stress, alongshore (buoys)",0.16190572355027044,0.137576127240504,0.23201433432583676,24,0.4497461333679511,1,0.9993129776616922,pre,Apr Y+1 - Jun Y+1
15,3,17,Willamette discharge,-0.15493893696444944,-0.13795183446037032,0.019533625378198673,26,0.4497910993783687,1,0.767404945354404,rec,Mar Y+1 - May Y+1
29,1,29,Storm hours Hs > 4 m (buoys),0.15486116379323994,0.04514588970977245,-0.26665397978491445,26,0.45002141857202704,1,0.767404945354404,rec,May Y+2 - May Y+2
-6,4,-3,"Wind stress, alongshore (buoys)",0.15161283929431751,0.15840916558939974,0.15020694893659414,27,0.45030553231263704,1,0.9993129776616922,pre,Jun Y-1 - Sep Y-1
11,1,11,"Columbia discharge, The Dalles",0.15471064556426034,0.12218012026284131,-0.06273831216981104,26,0.4504673442081444,1,0.7674921272047613,rec,Nov Y - Nov Y
13,2,14,"SST anomaly (MUR, 5-beach mean)",0.16953625988796298,0.17235722147649254,0.03983596684335437,22,0.4506907005443005,1,0.9993129776616922,pre,Jan Y+1 - Feb Y+1
1,1,1,"Columbia discharge, Beaver",-0.15138729417338576,-0.16095033038948744,-0.2510407790954693,27,0.4509876089469078,1,0.9993129776616922,pre,Jan Y - Jan Y
6,1,6,BEUTI,-0.15124881160257908,-0.10020415171461984,0.50925254514184,27,0.45140666931907136,1,0.9993129776616922,pre,Jun Y - Jun Y
10,4,13,BEUTI,-0.1511453415252174,-0.1276051669649959,0.28867024474921565,27,0.45171991371704523,1,0.9993129776616922,pre,Oct Y - Jan Y+1
4,1,4,"SST anomaly (MUR, 5-beach mean)",-0.1781629151543666,-0.1549172153378591,0.014301588370618887,20,0.4523463242530621,1,0.7700186115130935,rec,Apr Y - Apr Y
-2,4,1,"Columbia discharge, Beaver",-0.1507980537647551,-0.1613650417673637,-0.3275154706408188,27,0.45277213254409787,1,0.9993129776616922,pre,Oct Y-1 - Jan Y
15,4,18,BEUTI,0.15076599433713558,0.16111995634628987,0.4198949462342196,27,0.4528693322367855,1,0.9993129776616922,pre,Mar Y+1 - Jun Y+1
9,3,11,SST anomaly (buoys),-0.15072311242722897,-0.12457081342817283,0.3135091628348583,27,0.45299936146607944,1,0.9993129776616922,pre,Sep Y - Nov Y
2,2,3,SST anomaly (OISST),-0.15040303738804478,-0.1521526765742251,-0.03602319927427003,27,0.45397053780575203,1,0.9993129776616922,pre,Feb Y - Mar Y
-11,3,-9,SST anomaly (buoys),0.16034320078592484,0.21216896138649546,0.16112549986096864,24,0.4541904691512405,1,0.7724814278477792,rec,Jan Y-1 - Mar Y-1
8,4,11,"Wind stress, alongshore (buoys)",0.15315577984194953,0.2065320842313604,0.18578698020681397,26,0.45508747207023703,1,0.772864377008902,rec,Aug Y - Nov Y
24,4,27,SST anomaly (buoys),-0.15311440375253518,-0.090123094380741,0.14554157875789175,26,0.45521075703456415,1,0.772864377008902,rec,Dec Y+1 - Mar Y+2
-6,2,-5,CUTI,0.14975614255159278,0.15930774088795596,0.47460506896754007,27,0.4559367149784427,1,0.9993129776616922,pre,Jun Y-1 - Jul Y-1
6,3,8,SST anomaly (buoys),0.14972055584187266,0.16043492594068162,0.38322750050625926,27,0.45604500778663815,1,0.9993129776616922,pre,Jun Y - Aug Y
3,4,6,"SST anomaly (MUR, 5-beach mean)",0.1717912409173221,0.16379115379496065,-0.03208341627656312,21,0.4565114915379479,1,0.9993129776616922,pre,Mar Y - Jun Y
-1,3,1,CUTI,-0.15253496989454932,-0.04387272942703248,0.26456093430451305,26,0.45693909648619424,1,0.7747150353007558,rec,Nov Y-1 - Jan Y
3,2,4,"Wind stress, alongshore (buoys)",0.1558048984538332,0.16017284205173626,0.16060781055727646,25,0.45705726161414806,1,0.9993129776616922,pre,Mar Y - Apr Y
-4,4,-1,"Columbia discharge, Beaver",0.15247277848415489,0.0290496224706599,-0.30182683774140623,26,0.4571248062611989,1,0.7747150353007558,rec,Aug Y-1 - Nov Y-1
-1,3,1,Willamette discharge,-0.14926620341334032,-0.15991379627676208,-0.402606625727543,27,0.4574288260974274,1,0.9993129776616922,pre,Nov Y-1 - Jan Y
-2,2,-1,BEUTI,-0.1523484014794077,-0.0075950481123701384,0.3546993177245881,26,0.45749632743069324,1,0.7747150353007558,rec,Oct Y-1 - Nov Y-1
-7,1,-7,Storm hours Hs > 4 m (buoys),0.1521896156015583,0.08747731829913223,-0.15030972704046244,26,0.45797086031680734,1,0.774843648786661,rec,May Y-1 - May Y-1
-9,1,-9,PDO,-0.1490154426348048,-0.15941577628846115,-0.2988350136934559,27,0.45819351306373945,1,0.9993129776616922,pre,Mar Y-1 - Mar Y-1
13,2,14,SST anomaly (OISST),0.15195300284338434,0.14552796481387761,0.23422994979645947,26,0.4586784587169861,1,0.9993129776616922,pre,Jan Y+1 - Feb Y+1
-3,1,-3,"Columbia discharge, The Dalles",0.151664675081665,-0.056988967373650876,-0.5062923336516756,26,0.4595414872878001,1,0.7763173325654238,rec,Sep Y-1 - Sep Y-1
20,4,23,"SST anomaly (MUR, 5-beach mean)",0.16625114607536387,0.4234641524043569,0.6584451148251447,22,0.4596405605878615,1,0.7763173325654238,rec,Aug Y+1 - Nov Y+1
14,4,17,"Wind stress, alongshore (buoys)",0.15476241418361952,0.12474839340324412,0.3831712678799864,25,0.4601111220522318,1,0.9993129776616922,pre,Feb Y+1 - May Y+1
-7,3,-5,SST anomaly (OISST),-0.1546907056403514,-0.007795929312061444,0.2959282026920748,25,0.4603215763214068,1,0.776792660042374,rec,May Y-1 - Jul Y-1
15,3,17,BEUTI,0.14825096420164344,0.1590261645645571,0.33778385723131377,27,0.46052891289787334,1,0.9993129776616922,pre,Mar Y+1 - May Y+1
-10,3,-8,CUTI,-0.15126431603962895,0.023595108352173766,0.42768931365747426,26,0.4607412599630434,1,0.7768265475872995,rec,Feb Y-1 - Apr Y-1
14,4,17,Willamette discharge,-0.15099565576479082,-0.1656326327086735,-0.06993937418073333,26,0.46154728342424967,1,0.7775111949538487,rec,Feb Y+1 - May Y+1
-5,1,-5,Wave energy Hs^2 (buoys),-0.14737878295727141,-0.1538330480585182,-0.13943193239095394,27,0.4632009441074689,1,0.9993129776616922,pre,Jul Y-1 - Jul Y-1
-11,3,-9,PDO,0.1503891035731174,0.05796073960121366,-0.22342719599024294,26,0.4633697434858327,1,0.7788882290637779,rec,Jan Y-1 - Mar Y-1
-9,3,-7,SST anomaly (buoys),-0.15712460096538022,-0.05000322476899284,0.21111512923471473,24,0.46341732793936274,1,0.7788882290637779,rec,Mar Y-1 - May Y-1
5,1,5,BEUTI,-0.15025262350131624,-0.0042413771246367854,0.3584296974660135,26,0.4637803310477274,1,0.7788882290637779,rec,May Y - May Y
13,2,14,"Columbia discharge, The Dalles",-0.14713672051983043,-0.15565911822327985,-0.2021582352966713,27,0.46394396606345323,1,0.9993129776616922,pre,Jan Y+1 - Feb Y+1
17,1,17,"Wind stress, alongshore (buoys)",0.15685289706284403,0.2639179128374455,0.3707678960167538,24,0.46420064729804067,1,0.7788882290637779,rec,May Y+1 - May Y+1
-10,3,-8,Willamette discharge,-0.14700812775355138,-0.1562445092716544,-0.2295568052388118,27,0.4643389407432733,1,0.9993129776616922,pre,Feb Y-1 - Apr Y-1
18,1,18,Storm hours Hs > 4 m (buoys),0.15005737958344442,0.11514476628340525,-0.07014491021144745,26,0.4643680336856577,1,0.7788882290637779,rec,Jun Y+1 - Jun Y+1
-3,4,0,"Columbia discharge, Beaver",0.14986352796515776,0.01941448138290974,-0.3200986023795081,26,0.46495192889260895,1,0.7789130151699737,rec,Sep Y-1 - Dec Y-1
10,1,10,"Wind stress, alongshore (buoys)",0.14978646248512925,0.17193296589771523,0.09160942791115774,26,0.4651841618376231,1,0.7789130151699737,rec,Oct Y - Oct Y
-8,4,-5,"SST anomaly (MUR, 5-beach mean)",-0.17736761621277444,-0.006921255725458579,0.31259610427448437,19,0.4675744103979085,1,0.7819453241787917,rec,Apr Y-1 - Jul Y-1
25,4,28,PDO,-0.14886895758742985,-0.20759426872778883,-0.20109589014230989,26,0.4679536473277822,1,0.7819453241787917,rec,Jan Y+2 - Apr Y+2
16,2,17,SST anomaly (OISST),-0.14878687475340344,-0.06555586451319187,0.19986209745012176,26,0.4682018299095234,1,0.7819453241787917,rec,Apr Y+1 - May Y+1
-3,4,0,CUTI,0.14574872617987286,0.1560111982259047,0.27868591463428033,27,0.4682164790222797,1,0.9993129776616922,pre,Sep Y-1 - Dec Y-1
0,2,1,"Columbia discharge, The Dalles",-0.14574683198518573,-0.15675218099959895,-0.3903376024058494,27,0.46822232365208594,1,0.9993129776616922,pre,Dec Y-1 - Jan Y
3,2,4,PDO,-0.14558495769857438,-0.1557109561399273,-0.27022072790919255,27,0.4687219346821111,1,0.9993129776616922,pre,Mar Y - Apr Y
7,3,9,Wave energy Hs^2 (buoys),-0.1454204369254016,-0.14687484652817914,-0.030294669965121115,27,0.4692299974315769,1,0.9993129776616922,pre,Jul Y - Sep Y
6,1,6,PDO,-0.14541995138608171,-0.15419533391987642,-0.20986958812579248,27,0.4692314972666012,1,0.9993129776616922,pre,Jun Y - Jun Y
0,2,1,Willamette discharge,-0.14541000534662382,-0.15635766489891612,-0.40802622930041726,27,0.46926222121330374,1,0.9993129776616922,pre,Dec Y-1 - Jan Y
15,1,15,"Columbia discharge, Beaver",-0.14537697832042482,-0.1452096101252751,-0.0013852789547120726,27,0.4693642512815748,1,0.9993129776616922,pre,Mar Y+1 - Mar Y+1
16,3,18,PDO,-0.14535553948938296,-0.153397164820836,-0.18468670930263714,27,0.4694304882136314,1,0.9993129776616922,pre,Apr Y+1 - Jun Y+1
16,3,18,SST anomaly (OISST),-0.1482013983615636,-0.07183973973747068,0.18196580564846324,26,0.4699740313111481,1,0.7826819622446505,rec,Apr Y+1 - Jun Y+1
-11,1,-11,PDO,0.14515246203235999,0.1229304364677857,-0.2782664063592277,27,0.47005815228278913,1,0.9993129776616922,pre,Jan Y-1 - Jan Y-1
9,1,9,"Wind stress, alongshore (buoys)",-0.14512226768951558,-0.15104348049582325,-0.12512553638222873,27,0.470151512949857,1,0.9993129776616922,pre,Sep Y - Sep Y
-8,3,-6,SST anomaly (buoys),-0.15472559017746915,-0.02497156179135533,0.2610693298501909,24,0.47035726871251815,1,0.7826819622446505,rec,Apr Y-1 - Jun Y-1
26,4,29,SST anomaly (buoys),-0.15125578874259227,-0.07143533535581204,0.20228648836170476,25,0.47046116555900097,1,0.7826819622446505,rec,Feb Y+2 - May Y+2
-5,2,-4,Willamette discharge,0.14799305914860622,0.06811248197273033,-0.1912595163116831,26,0.4706054970519583,1,0.7826819622446505,rec,Jul Y-1 - Aug Y-1
27,2,28,PDO,-0.1478907364590777,-0.20814810490960411,-0.205551484749359,26,0.47091579244406845,1,0.7826819622446505,rec,Mar Y+2 - Apr Y+2
5,1,5,PDO,-0.14772265407952498,-0.1532984243031509,-0.04314122952346335,26,0.47142573452997627,1,0.7826819622446505,rec,May Y - May Y
27,1,27,PDO,-0.14771096692632996,-0.2170615605547036,-0.2336523538345519,26,0.4714612025660935,1,0.7826819622446505,rec,Mar Y+2 - Mar Y+2
7,4,10,SST anomaly (buoys),-0.14754321290575595,0.016785103684427125,0.4038281703239037,26,0.4719704522264956,1,0.7828444313831728,rec,Jul Y - Oct Y
-8,3,-6,SST anomaly (OISST),-0.1445231559684356,-0.13658112719127263,0.11529291658538518,27,0.4720059476794737,1,0.9993129776616922,pre,Apr Y-1 - Jun Y-1
18,2,19,Storm hours Hs > 4 m (buoys),0.1474134839198748,0.11069019478598102,-0.07560346116926159,26,0.4723644639981799,1,0.7828444313831728,rec,Jun Y+1 - Jul Y+1
-3,3,-1,"Wind stress, alongshore (buoys)",-0.14711193832101244,-0.14388520961312268,-0.01787289287459918,26,0.4732809704359152,1,0.7833258105723632,rec,Sep Y-1 - Nov Y-1
8,2,9,Willamette discharge,0.14705280130974743,-0.004407579700039057,-0.3727751383639773,26,0.47346081657537387,1,0.7833258105723632,rec,Aug Y - Sep Y
-8,1,-8,"Columbia discharge, Beaver",-0.1439122111107,-0.14218658757974198,0.02459748379096995,27,0.47390089780222333,1,0.9993129776616922,pre,Apr Y-1 - Apr Y-1
10,4,13,"Wind stress, alongshore (buoys)",0.14675984997817634,0.13783353319172859,0.2864586226342398,26,0.4743522520480732,1,0.9993129776616922,pre,Oct Y - Jan Y+1
10,4,13,PDO,-0.14674027462044084,-0.18858599139672635,-0.149359559551186,26,0.4744118495709697,1,0.7842318329642561,rec,Oct Y - Jan Y+1
21,1,21,"Wind stress, alongshore (buoys)",-0.14642531103959952,-0.2759644204241,-0.4301788469914246,26,0.4753712907840063,1,0.7850922464163849,rec,Sep Y+1 - Sep Y+1
-7,2,-6,SST anomaly (buoys),-0.14630434078222943,-0.060599049298781855,0.2068726790876866,26,0.475740054670011,1,0.7850922464163849,rec,May Y-1 - Jun Y-1
-3,3,-1,PDO,-0.1431731269411616,-0.14986856433534487,-0.14452369251783395,27,0.47619852867139434,1,0.9993129776616922,pre,Sep Y-1 - Nov Y-1
-9,4,-6,SST anomaly (OISST),-0.14315631684324312,-0.13760543000301145,0.08251799148868871,27,0.4762508536763187,1,0.9993129776616922,pre,Mar Y-1 - Jun Y-1
3,1,3,"Wind stress, alongshore (buoys)",-0.15248521283202823,-0.04663489157675979,0.28044320386500476,24,0.4768861638570192,1,0.7855058244554848,rec,Mar Y - Mar Y
-3,4,0,"Columbia discharge, Beaver",-0.14294011699023,-0.15416028354708844,-0.36227097246038636,27,0.47692408519301865,1,0.9993129776616922,pre,Sep Y-1 - Dec Y-1
-6,2,-5,PDO,-0.1458627264832729,-0.16728242380074554,-0.08869387591634838,26,0.4770875102040282,1,0.7855058244554848,rec,Jun Y-1 - Jul Y-1
-7,2,-6,PDO,-0.1458249483580252,-0.17524710996169185,-0.11219672928923585,26,0.4772028696923496,1,0.7855058244554848,rec,May Y-1 - Jun Y-1
11,2,12,"Columbia discharge, The Dalles",-0.14277486626387403,-0.15393000154271558,-0.34523673468317506,27,0.4774389941527869,1,0.9993129776616922,pre,Nov Y - Dec Y
-8,2,-7,"SST anomaly (MUR, 5-beach mean)",-0.16845584480119535,-0.13207169917211878,0.1075185570116932,20,0.4777364120743025,1,0.9993129776616922,pre,Apr Y-1 - May Y-1
18,1,18,CUTI,0.14263812913314255,0.15270700041619079,0.2612598518336296,27,0.4778652725931213,1,0.9993129776616922,pre,Jun Y+1 - Jun Y+1
0,3,2,"Columbia discharge, The Dalles",-0.14251038808450453,-0.15357529643847231,-0.330626951002056,27,0.4782636821163818,1,0.9993129776616922,pre,Dec Y-1 - Feb Y
8,1,8,SST anomaly (OISST),0.14524323388525767,0.16347181711762246,0.07925839039077592,26,0.4789809985138995,1,0.7855502051671863,rec,Aug Y - Aug Y
-3,3,-1,"SST anomaly (MUR, 5-beach mean)",-0.16319674335631273,-0.03833981624597093,0.5009195544898661,21,0.4796731464914228,1,0.9993129776616922,pre,Sep Y-1 - Nov Y-1
-4,2,-3,Storm hours Hs > 4 m (buoys),-0.14494309083872925,-0.07528855047274086,0.164916257731085,26,0.47989976910535914,1,0.7855502051671863,rec,Aug Y-1 - Sep Y-1
10,2,11,PDO,-0.14484394526476171,-0.16960577747562147,-0.09827817248537317,26,0.48020346202218844,1,0.7855502051671863,rec,Oct Y - Nov Y
26,4,29,PDO,-0.14483462399511574,-0.20328623830140274,-0.19922060247653436,26,0.48023201905496626,1,0.7855502051671863,rec,Feb Y+2 - May Y+2
13,1,13,SST anomaly (buoys),-0.1478576927146516,-0.09245078129793345,0.1438083255691297,25,0.4806040952574082,1,0.7855502051671863,rec,Jan Y+1 - Jan Y+1
6,4,9,Willamette discharge,0.1444911952667689,0.10231908104512792,-0.09105313993823562,26,0.4812847654276553,1,0.7855502051671863,rec,Jun Y - Sep Y
-2,3,0,"Columbia discharge, Beaver",0.14444007911973408,0.0368918504897317,-0.2637437347759633,26,0.48144155730689553,1,0.7855502051671863,rec,Oct Y-1 - Dec Y-1
12,3,14,"Columbia discharge, The Dalles",0.14436353069917876,0.06646286573901798,-0.18683476747594485,26,0.48167640789537325,1,0.7855502051671863,rec,Dec Y - Feb Y+1
25,3,27,PDO,-0.14436324881626159,-0.20419369240858667,-0.2033242028451646,26,0.48167727282007233,1,0.7855502051671863,rec,Jan Y+2 - Mar Y+2
21,2,22,SST anomaly (OISST),0.14424455328075164,0.3101029859762868,0.5600758817580838,26,0.4820415464261404,1,0.7855502051671863,rec,Sep Y+1 - Oct Y+1
-8,1,-8,SST anomaly (OISST),0.1441924643271458,0.19072412473257291,0.16286203215374956,26,0.482201450363554,1,0.7855502051671863,rec,Apr Y-1 - Apr Y-1
-2,1,-2,"Columbia discharge, Beaver",0.14416009870685056,-0.0018836147530259567,-0.3604143071924756,26,0.48230082072580427,1,0.7855502051671863,rec,Oct Y-1 - Oct Y-1
-4,2,-3,BEUTI,0.1441007716336179,0.3698926339150282,0.8351791701051665,26,0.48248299638354963,1,0.7855502051671863,rec,Aug Y-1 - Sep Y-1
-7,3,-5,"Columbia discharge, Beaver",0.14373085572891872,0.10000087544888472,-0.09544347846698062,26,0.48361968624004315,1,0.785906544837958,rec,May Y-1 - Jul Y-1
13,3,15,Wave energy Hs^2 (buoys),-0.1468509073370029,-0.23111841566403848,-0.3077264422913465,25,0.4836304243845859,1,0.785906544837958,rec,Jan Y+1 - Mar Y+1
8,1,8,Willamette discharge,-0.14073693294625123,-0.15203028217472775,-0.34669981547803286,27,0.4838124398464648,1,0.9993129776616922,pre,Aug Y - Aug Y
-3,4,0,PDO,-0.14066790331082887,-0.147964064107493,-0.16003312570151607,27,0.48402907917537363,1,0.9993129776616922,pre,Sep Y-1 - Dec Y-1
22,2,23,"SST anomaly (MUR, 5-beach mean)",-0.15734632631578818,0.0871925439519299,0.4518166105317288,22,0.4843550448205778,1,0.785906544837958,rec,Oct Y+1 - Nov Y+1
10,3,12,SST anomaly (OISST),-0.14054738427771257,-0.12223389524451442,0.23953266934008635,27,0.48440742870738895,1,0.9993129776616922,pre,Oct Y - Dec Y
-5,3,-3,SST anomaly (OISST),-0.1433649400542145,-0.10689794062802495,0.2966308768251778,26,0.4847454205560918,1,0.9993129776616922,pre,Jul Y-1 - Sep Y-1
7,3,9,SST anomaly (OISST),0.14331286160749207,0.1443671259543119,0.27978112324059373,26,0.4849057470880459,1,0.9993129776616922,pre,Jul Y - Sep Y
-1,4,2,"Columbia discharge, The Dalles",-0.14038849493912287,-0.1515209303594846,-0.3249764602896153,27,0.4849064652920234,1,0.9993129776616922,pre,Nov Y-1 - Feb Y
-3,4,0,"Wind stress, alongshore (buoys)",-0.14330586037438525,-0.10164513120793364,0.089879422479668,26,0.48492730284181607,1,0.785906544837958,rec,Sep Y-1 - Dec Y-1
12,2,13,"Wind stress, alongshore (buoys)",0.14968423033053582,0.17480598543858586,0.11504241484089847,24,0.4851131930567345,1,0.785906544837958,rec,Dec Y - Jan Y+1
-5,3,-3,Storm hours Hs > 4 m (buoys),-0.1432408456105232,-0.07413101564371516,0.16382031330197516,26,0.48512749681355427,1,0.785906544837958,rec,Jul Y-1 - Sep Y-1
28,3,30,CUTI,0.14299053837405484,0.2699189921019193,0.41938386390204035,26,0.4858986357234161,1,0.7865003728945219,rec,Apr Y+2 - Jun Y+2
18,4,21,PDO,-0.14247729676728796,-0.14936626406400083,-0.04592311688119131,26,0.4874817535243142,1,0.786895815036712,rec,Jun Y+1 - Sep Y+1
8,1,8,SST anomaly (OISST),0.13948080020381914,0.14598055157005108,0.13827413704783073,27,0.4877623394401276,1,0.9993129776616922,pre,Aug Y - Aug Y
23,4,26,Wave energy Hs^2 (buoys),-0.14237624676087704,-0.24263908262911663,-0.3302615471010842,26,0.48779375373211453,1,0.786895815036712,rec,Nov Y+1 - Feb Y+2
27,4,30,"SST anomaly (MUR, 5-beach mean)",0.15611819087918694,0.13431170924393573,-0.012765254932641523,22,0.4878149134074722,1,0.786895815036712,rec,Mar Y+2 - Jun Y+2
25,4,28,SST anomaly (buoys),-0.14528570685012707,-0.08087791908094606,0.1609840983656142,25,0.4883543979410251,1,0.786895815036712,rec,Jan Y+2 - Apr Y+2
8,1,8,Willamette discharge,0.14214247073242772,0.024847627843703864,-0.2891562103309199,26,0.48851594277696864,1,0.786895815036712,rec,Aug Y - Aug Y
-4,3,-2,CUTI,0.14206442333453512,0.20141977146390155,0.2012765017424532,26,0.4887571695632259,1,0.786895815036712,rec,Aug Y-1 - Oct Y-1
12,1,12,Storm hours Hs > 4 m (buoys),-0.1419635652606898,-0.22406939042777838,-0.2719491794809771,26,0.48906898792554954,1,0.786895815036712,rec,Dec Y - Dec Y
23,1,23,"Columbia discharge, The Dalles",-0.14181163125256524,-0.13573970941226587,-0.008821516358904134,26,0.48953890471304373,1,0.786895815036712,rec,Nov Y+1 - Nov Y+1
28,1,28,PDO,-0.14173177756136263,-0.1909702015698166,-0.17044786889399338,26,0.4897859754086531,1,0.786895815036712,rec,Apr Y+2 - Apr Y+2
-11,2,-10,"Columbia discharge, Beaver",-0.13871783293588938,-0.14938807597350257,-0.28533720244223254,27,0.4901694300766911,1,0.9993129776616922,pre,Jan Y-1 - Feb Y-1
23,4,26,PDO,-0.14151250419992878,-0.18296794835148106,-0.14701470273977632,26,0.4904647393146555,1,0.7872116418097352,rec,Nov Y+1 - Feb Y+2
-1,3,1,"Columbia discharge, The Dalles",-0.1384119318097475,-0.14997218971333418,-0.3683263362748444,27,0.4911362006722164,1,0.9993129776616922,pre,Nov Y-1 - Jan Y
19,2,20,PDO,-0.14128651964723082,-0.15907618733058246,-0.07720185976406915,26,0.49116477274109605,1,0.7872116418097352,rec,Jul Y+1 - Aug Y+1
9,2,10,BEUTI,0.1383718907294491,0.14774012463870131,0.5419885240804473,27,0.49126281769648794,1,0.9993129776616922,pre,Sep Y - Oct Y
-6,1,-6,"Columbia discharge, Beaver",0.1412101657354716,0.07030060523902872,-0.16901906618864648,26,0.49140140808255617,1,0.7872116418097352,rec,Jun Y-1 - Jun Y-1
12,4,15,"Columbia discharge, Beaver",-0.1410167004775726,-0.15276665228474387,-0.059647779236283734,26,0.4920012502276203,1,0.7872116418097352,rec,Dec Y - Mar Y+1
11,4,14,"SST anomaly (MUR, 5-beach mean)",-0.15870518666500166,-0.14575575166266924,-0.002783806740112926,21,0.4920072761310845,1,0.7872116418097352,rec,Nov Y - Feb Y+1
-3,2,-2,"Columbia discharge, Beaver",0.14050602349201244,-0.03285076816626912,-0.4280765424736177,26,0.4935863767134133,1,0.7890887469826279,rec,Sep Y-1 - Oct Y-1
13,3,15,"Columbia discharge, Beaver",-0.1374829489130258,-0.14006313205683893,-0.05129166167024753,27,0.49407804164096547,1,0.9993129776616922,pre,Jan Y+1 - Mar Y+1
0,3,2,BEUTI,0.13726031245837939,0.1489485944749631,0.385421126080544,27,0.49478438361757826,1,0.9993129776616922,pre,Dec Y-1 - Feb Y
18,3,20,BEUTI,0.14000940810478948,0.36621771317596263,0.8253071948171409,26,0.4951303065921757,1,0.7898303469048159,rec,Jun Y+1 - Aug Y+1
10,4,13,"Columbia discharge, Beaver",-0.13999847537006654,-0.19786312832444283,-0.19619671260337168,26,0.4951643225612786,1,0.7898303469048159,rec,Oct Y - Jan Y+1
2,1,2,BEUTI,-0.13996479192560826,0.07520147301584844,0.5265579234745216,26,0.4952691321383593,1,0.7898303469048159,rec,Feb Y - Feb Y
8,2,9,SST anomaly (buoys),0.13693589888844718,0.14848246333410708,0.3481673785665646,27,0.4958145322354316,1,0.9993129776616922,pre,Aug Y - Sep Y
16,2,17,Storm hours Hs > 4 m (buoys),-0.1394698216657986,-0.13844127619335092,-0.08115371158982547,26,0.4968105619507345,1,0.9993129776616922,pre,Apr Y+1 - May Y+1
12,1,12,Storm hours Hs > 4 m (buoys),-0.13647786883446636,-0.14665632917737165,-0.256035689909844,27,0.49727079595699597,1,0.9993129776616922,pre,Dec Y - Dec Y
-8,2,-7,SST anomaly (OISST),-0.13647250948714645,-0.12759455175312673,0.12864420330976067,27,0.4972878481461034,1,0.9993129776616922,pre,Apr Y-1 - May Y-1
0,3,2,Willamette discharge,0.13898109807188505,-0.011882356173226489,-0.3739321937070895,26,0.4983348827729672,1,0.7920232488774954,rec,Dec Y-1 - Feb Y
1,1,1,SST anomaly (OISST),-0.14192851024835595,-0.08720773791015032,0.14509055602897214,25,0.498564567919042,1,0.7920232488774954,rec,Jan Y - Jan Y
20,2,21,Storm hours Hs > 4 m (buoys),0.13841510810964563,0.23494236386745967,0.31670800087046025,26,0.5001031005295039,1,0.7920232488774954,rec,Aug Y+1 - Sep Y+1
8,3,10,SST anomaly (buoys),-0.13840274085392018,-0.0028360572501480064,0.3361952095290394,26,0.5001417720054473,1,0.7920232488774954,rec,Aug Y - Oct Y
13,1,13,"Wind stress, alongshore (buoys)",-0.13830389053991374,-0.1387767014149479,0.1369474737253486,26,0.5004509228353229,1,0.9993129776616922,pre,Jan Y+1 - Jan Y+1
23,1,23,BEUTI,-0.13806454760208794,0.06668479747442708,0.503331141294535,26,0.501199851950451,1,0.7920232488774954,rec,Nov Y+1 - Nov Y+1
1,1,1,"Columbia discharge, The Dalles",-0.1352342799965018,-0.1467285462215273,-0.33139116118894285,27,0.5012354257373909,1,0.9993129776616922,pre,Jan Y - Jan Y
27,2,28,SST anomaly (buoys),-0.14099042959092967,-0.08417925797076341,0.14054710393043376,25,0.5014363300841895,1,0.7920232488774954,rec,Mar Y+2 - Apr Y+2
-2,2,-1,"Columbia discharge, Beaver",-0.1350085295714249,-0.1454349391564215,-0.2649549677235329,27,0.5019568116459885,1,0.9993129776616922,pre,Oct Y-1 - Nov Y-1
26,1,26,"Wind stress, alongshore (buoys)",0.1407924994631375,0.23914131041772738,0.3397837500152092,25,0.5020432992066746,1,0.7920232488774954,rec,Feb Y+2 - Feb Y+2
17,1,17,PDO,-0.13491096932409807,-0.14204600699755948,-0.15341619799752979,27,0.5022687250847986,1,0.9993129776616922,pre,May Y+1 - May Y+1
19,3,21,Storm hours Hs > 4 m (buoys),0.13767020875476793,0.23392422436554536,0.31555978532596274,26,0.5024349902496132,1,0.7920232488774954,rec,Jul Y+1 - Sep Y+1
-6,1,-6,BEUTI,0.1347431983583429,0.1460522848481176,0.4789753301338394,27,0.5028053366927132,1,0.9993129776616922,pre,Jun Y-1 - Jun Y-1
-6,1,-6,"SST anomaly (MUR, 5-beach mean)",0.15901321375478228,0.21408321339712305,0.1521738533666747,20,0.5030998983396096,1,0.7920232488774954,rec,Jun Y-1 - Jun Y-1
19,3,21,CUTI,-0.13741368593098835,0.02367419180432961,0.3994990142426107,26,0.5032392725368986,1,0.7920232488774954,rec,Jul Y+1 - Sep Y+1
24,4,27,PDO,-0.1373541645783661,-0.1930914229004151,-0.1890619882565044,26,0.5034259822197753,1,0.7920232488774954,rec,Dec Y+1 - Mar Y+2
10,1,10,SST anomaly (OISST),-0.13724018935728066,0.014390254788062044,0.37638958360983515,26,0.5037836011595546,1,0.7920232488774954,rec,Oct Y - Oct Y
24,3,26,"Wind stress, alongshore (buoys)",0.1433644660129693,0.18395080687693127,0.1643466286417731,24,0.5039346854881912,1,0.7920232488774954,rec,Dec Y+1 - Feb Y+2
9,3,11,"SST anomaly (MUR, 5-beach mean)",-0.15434671097807723,0.10129912973440264,0.5009195544898661,21,0.5041234752214413,1,0.7920232488774954,rec,Sep Y - Nov Y
-1,3,1,"Columbia discharge, Beaver",0.13711827684287492,0.0466798873600297,-0.22129844508593982,26,0.5041662637238086,1,0.7920232488774954,rec,Nov Y-1 - Jan Y
12,2,13,PDO,-0.13707851466214963,-0.19363518919381018,-0.19148196197439998,26,0.5042911014465312,1,0.7920232488774954,rec,Dec Y - Jan Y+1
-8,1,-8,SST anomaly (buoys),-0.13992214010295934,-0.12340289498975301,0.17282692675982528,25,0.5047166256685779,1,0.9993129776616922,pre,Apr Y-1 - Apr Y-1
12,3,14,SST anomaly (OISST),-0.13948477315191457,-0.08624993121840753,0.13895831233734224,25,0.5060626448344908,1,0.7920232488774954,rec,Dec Y - Feb Y+1
23,2,24,PDO,-0.1364888067814383,-0.1649746938971004,-0.10750175671036362,26,0.5061443435439645,1,0.7920232488774954,rec,Nov Y+1 - Dec Y+1
14,3,16,"Wind stress, alongshore (buoys)",0.1394341640123061,0.1183758773555429,0.3051416861495192,25,0.506218510712656,1,0.9993129776616922,pre,Feb Y+1 - Apr Y+1
2,3,4,SST anomaly (OISST),-0.13366696290030974,-0.1330326107442476,0.0069010557294968125,27,0.5062544019924331,1,0.9993129776616922,pre,Feb Y - Apr Y
26,1,26,"SST anomaly (MUR, 5-beach mean)",-0.149463652599434,-0.12625651102011642,0.01713632406422618,22,0.506773579501206,1,0.7920232488774954,rec,Feb Y+2 - Feb Y+2
-2,3,0,Wave energy Hs^2 (buoys),0.13626562693137512,0.06250752138696393,-0.17761109487421112,26,0.5068465919377034,1,0.7920232488774954,rec,Oct Y-1 - Dec Y-1
-6,3,-4,"SST anomaly (MUR, 5-beach mean)",-0.1531560271643926,-0.037383113426393846,0.47431248228838296,21,0.5074584152439989,1,0.9993129776616922,pre,Jun Y-1 - Aug Y-1
-7,3,-5,Wave energy Hs^2 (buoys),0.13328154591358823,0.1220691140714696,-0.159081509031311,27,0.5074924004205483,1,0.9993129776616922,pre,May Y-1 - Jul Y-1
21,1,21,Wave energy Hs^2 (buoys),0.13597578375132724,0.1683303787611442,0.11878539907015126,26,0.5077593151382713,1,0.7920232488774954,rec,Sep Y+1 - Sep Y+1
1,2,2,"Columbia discharge, The Dalles",-0.13318428067574756,-0.14399886457035588,-0.2803994967485368,27,0.5078050617910681,1,0.9993129776616922,pre,Jan Y - Feb Y
10,2,11,"Wind stress, alongshore (buoys)",0.13590172919088736,0.18654053605637141,0.17328769915501024,26,0.5079926441643896,1,0.7920232488774954,rec,Oct Y - Nov Y
3,3,5,"SST anomaly (MUR, 5-beach mean)",0.15287342530071862,0.1404880720885864,-0.05377808245906374,21,0.5082515028469945,1,0.9993129776616922,pre,Mar Y - May Y
1,2,2,CUTI,-0.13564274310569063,0.03772583443433357,0.42992205236479814,26,0.5088090640752305,1,0.7920232488774954,rec,Jan Y - Feb Y
6,2,7,SST anomaly (OISST),0.1356415878375668,0.13756154691826705,0.11704030274832192,26,0.5088127073487702,1,0.9993129776616922,pre,Jun Y - Jul Y
6,2,7,BEUTI,-0.13554325972916428,0.18514703386011722,0.7567668826754497,26,0.5091228434562248,1,0.7920232488774954,rec,Jun Y - Jul Y
7,4,10,Willamette discharge,0.1353361004957152,0.0705739182028831,-0.15384601173502618,26,0.5097765463452307,1,0.7920232488774954,rec,Jul Y - Oct Y
-5,2,-4,CUTI,-0.13531421780102407,0.10526025058013723,0.5866058950426268,26,0.5098456224469612,1,0.7920232488774954,rec,Jul Y-1 - Aug Y-1
25,1,25,Storm hours Hs > 4 m (buoys),0.13524090556971338,0.12572416365439817,-0.0021217931371889224,26,0.5100770772162435,1,0.7920232488774954,rec,Jan Y+2 - Jan Y+2
6,3,8,Willamette discharge,0.13518820260641723,0.11431728436566913,-0.03398657581615244,26,0.5102434980400573,1,0.7920232488774954,rec,Jun Y - Aug Y
21,2,22,Storm hours Hs > 4 m (buoys),-0.13518314562231667,-0.04042691312485117,0.2329973878859942,26,0.5102594679410065,1,0.7920232488774954,rec,Sep Y+1 - Oct Y+1
0,2,1,BEUTI,-0.1351215839909656,-0.07872255955200896,0.131429856024377,26,0.5104538985210497,1,0.7920232488774954,rec,Dec Y-1 - Jan Y
5,2,6,"SST anomaly (MUR, 5-beach mean)",0.15620562047402942,0.21761111337286865,0.16570025180931874,20,0.510764413026545,1,0.7920232488774954,rec,May Y - Jun Y
4,1,4,"Wind stress, alongshore (buoys)",0.13793801429773478,0.1288987508074072,-0.17096408576703676,25,0.5108369675026723,1,0.9993129776616922,pre,Apr Y - Apr Y
-9,3,-7,SST anomaly (OISST),-0.13221025356131672,-0.12676369165119306,0.08181976834754362,27,0.5109413184734988,1,0.9993129776616922,pre,Mar Y-1 - May Y-1
18,1,18,"Columbia discharge, The Dalles",-0.13212727817153444,-0.13544124725892404,-0.06544878121683531,27,0.5112089280852212,1,0.9993129776616922,pre,Jun Y+1 - Jun Y+1
25,2,26,PDO,-0.13487458961930815,-0.18673628390318706,-0.176729641095986,26,0.5112343471134132,1,0.7920232488774954,rec,Jan Y+2 - Feb Y+2
0,2,1,"Wind stress, alongshore (buoys)",-0.14092638748546135,-0.1065110418353177,0.05841635082607398,24,0.5112902329392608,1,0.7920232488774954,rec,Dec Y-1 - Jan Y
14,2,15,"Columbia discharge, The Dalles",-0.1320668050761295,-0.13741450834302552,-0.10883896970762834,27,0.5114040072797724,1,0.9993129776616922,pre,Feb Y+1 - Mar Y+1
-9,1,-9,"Columbia discharge, Beaver",0.13468342317871812,0.09673823486829487,-0.08131957475191146,26,0.5118387916909937,1,0.7920232488774954,rec,Mar Y-1 - Mar Y-1
-7,4,-4,"Columbia discharge, Beaver",0.1346071344164768,0.08390125267904014,-0.1161382283495345,26,0.5120801046867424,1,0.7920232488774954,rec,May Y-1 - Aug Y-1
12,2,13,SST anomaly (buoys),-0.13749707696843533,-0.10260713846260339,0.08466215621986792,25,0.5122020023637639,1,0.7920232488774954,rec,Dec Y - Jan Y+1
16,4,19,Willamette discharge,-0.1343785079248916,-0.10155605093534359,0.06728417684122151,26,0.5128036176520923,1,0.7920232488774954,rec,Apr Y+1 - Jul Y+1
12,3,14,Wave energy Hs^2 (buoys),-0.137215392516323,-0.2047682103214704,-0.24541594617505963,25,0.5130749571148508,1,0.7920232488774954,rec,Dec Y - Feb Y+1
9,1,9,CUTI,-0.13410101387418003,-0.1435698551194384,-0.05175256422696119,26,0.5136824464677674,1,0.7920232488774954,rec,Sep Y - Sep Y
-9,2,-8,CUTI,-0.13409632074734257,-0.04798504558337528,0.21066394177511033,26,0.5136973159932392,1,0.7920232488774954,rec,Mar Y-1 - Apr Y-1
0,1,0,"Columbia discharge, The Dalles",-0.13128829251847812,-0.14348274982055775,-0.4140780333900241,27,0.5139186520059513,1,0.9993129776616922,pre,Dec Y-1 - Dec Y-1
4,2,5,PDO,-0.13397730793407883,-0.14515805350880503,-0.056657562340057484,26,0.5140744617411888,1,0.7920232488774954,rec,Apr Y - May Y
1,2,2,"Columbia discharge, The Dalles",0.13389807824235186,0.05109051426286147,-0.2020273355795264,26,0.5143256114477989,1,0.7920232488774954,rec,Jan Y - Feb Y
9,2,10,Storm hours Hs > 4 m (buoys),0.1311568472717403,0.1349519138179174,0.07515655192639972,27,0.5143438233236397,1,0.9993129776616922,pre,Sep Y - Oct Y
-8,1,-8,"Columbia discharge, The Dalles",-0.1311568301422441,-0.1354835269838874,-0.08627901475138346,27,0.5143438787416988,1,0.9993129776616922,pre,Apr Y-1 - Apr Y-1
9,1,9,Wave energy Hs^2 (buoys),-0.13388538899641364,-0.16043373976873024,-0.10128374064546392,26,0.5143658405558534,1,0.7920232488774954,rec,Sep Y - Sep Y
3,3,5,"Wind stress, alongshore (buoys)",-0.14317823718530154,-0.00944011432778965,0.3513413167122592,23,0.5145706601503481,1,0.7920232488774954,rec,Mar Y - May Y
18,1,18,"Columbia discharge, Beaver",-0.13108389252545768,-0.13239260562393626,-0.027060540594898718,27,0.5145798759728146,1,0.9993129776616922,pre,Jun Y+1 - Jun Y+1
1,2,2,CUTI,0.13083962079107406,0.14282023988142692,0.46221978153023335,27,0.5153706270119925,1,0.9993129776616922,pre,Jan Y - Feb Y
-1,3,1,PDO,-0.13061456550799508,-0.14033368436192659,-0.23019871179834403,27,0.516099694634069,1,0.9993129776616922,pre,Nov Y-1 - Jan Y
-1,2,0,Storm hours Hs > 4 m (buoys),0.13056371030326666,0.11511314535246996,-0.21065974058833173,27,0.5162645098082232,1,0.9993129776616922,pre,Nov Y-1 - Dec Y-1
10,1,10,SST anomaly (OISST),0.13047162401206577,0.14273635536358673,0.40048024447244973,27,0.5165630147916868,1,0.9993129776616922,pre,Oct Y - Oct Y
19,2,20,CUTI,-0.13317753177665148,0.10318764920965032,0.5782816373748871,26,0.5166124044223656,1,0.7933739394214318,rec,Jul Y+1 - Aug Y+1
11,3,13,"Wind stress, alongshore (buoys)",0.13913264140286874,0.17901873834058937,0.17092646627991437,24,0.5167349404195711,1,0.7933739394214318,rec,Nov Y - Jan Y+1
0,2,1,"Columbia discharge, Beaver",-0.13041532087903177,-0.14176666007219785,-0.3029198407320387,27,0.5167455671902134,1,0.9993129776616922,pre,Dec Y-1 - Jan Y
9,3,11,SST anomaly (OISST),-0.1330686213947731,-0.019635987701413653,0.2817135881219135,26,0.516958480957918,1,0.7933739394214318,rec,Sep Y - Nov Y
8,4,11,"Columbia discharge, Beaver",0.13303018358630614,0.031996944711507685,-0.249803453995591,26,0.5170806487895854,1,0.7933739394214318,rec,Aug Y - Nov Y
12,2,13,CUTI,-0.13022823819594584,-0.11037726795492984,0.25971387642091537,27,0.5173523730857204,1,0.9993129776616922,pre,Dec Y - Jan Y+1
-1,4,2,CUTI,-0.13278304640934419,0.048387547791372824,0.4497959677108239,26,0.5178664650219855,1,0.7939530031567349,rec,Nov Y-1 - Feb Y
18,1,18,Storm hours Hs > 4 m (buoys),0.1300266763331029,0.13202195194434935,0.039718940286567715,27,0.5180065296376939,1,0.9993129776616922,pre,Jun Y+1 - Jun Y+1
1,4,4,SST anomaly (OISST),-0.12996876890062276,-0.12865233963384962,0.01836789402243211,27,0.5181945388365103,1,0.9993129776616922,pre,Jan Y - Apr Y
26,4,29,SST anomaly (OISST),-0.13258156746312916,-0.018789404950972977,0.28276201793413364,26,0.5185075303622896,1,0.7943094082145713,rec,Feb Y+2 - May Y+2
7,4,10,SST anomaly (OISST),0.129586931491654,0.14077933619813449,0.2919149254099006,27,0.5194350863057651,1,0.9993129776616922,pre,Jul Y - Oct Y
21,2,22,"SST anomaly (MUR, 5-beach mean)",0.14483840064837894,0.3738479077771431,0.5638769636132932,22,0.5201578279741288,1,0.7956276413457383,rec,Sep Y+1 - Oct Y+1
20,3,22,"Columbia discharge, Beaver",-0.13205442952850016,-0.20752258451944605,-0.24817379224486888,26,0.5201865906123628,1,0.7956276413457383,rec,Aug Y+1 - Oct Y+1
15,3,17,Willamette discharge,-0.12918182532309708,-0.1275077956580761,0.024240015879778247,27,0.5207528021086205,1,0.9993129776616922,pre,Mar Y+1 - May Y+1
-3,1,-3,Storm hours Hs > 4 m (buoys),-0.13181651406378708,-0.06470135061877355,0.1608560309391597,26,0.5209452663967309,1,0.7961616335497208,rec,Sep Y-1 - Sep Y-1
-9,3,-7,Wave energy Hs^2 (buoys),0.13138563600935596,0.10880427812107231,-0.19636847483447448,26,0.5223206262015487,1,0.9993129776616922,pre,Mar Y-1 - May Y-1
23,4,26,"SST anomaly (MUR, 5-beach mean)",-0.14381870191022095,-0.093024779486523,0.07600435499309269,22,0.5231310015300259,1,0.7982186411176421,rec,Nov Y+1 - Feb Y+2
24,3,26,SST anomaly (buoys),-0.1310718467009696,-0.0627109498517847,0.16433692962109078,26,0.5233233373316819,1,0.7982186411176421,rec,Dec Y+1 - Feb Y+2
15,1,15,Willamette discharge,-0.12834153462229925,-0.13126053897748377,-0.057342527959533575,27,0.5234912138118275,1,0.9993129776616922,pre,Mar Y+1 - Mar Y+1
18,1,18,"Columbia discharge, Beaver",-0.1310093896700792,-0.11081030837014254,0.03287351772944088,26,0.5235230285107992,1,0.7982186411176421,rec,Jun Y+1 - Jun Y+1
10,1,10,Wave energy Hs^2 (buoys),-0.13077242179558124,-0.13532295232022015,-0.03701782498338238,26,0.5242810082758496,1,0.7987478684077206,rec,Oct Y - Oct Y
16,2,17,CUTI,-0.12805242722700647,-0.09378444914369106,0.40014637028110395,27,0.5244349821999299,1,0.9993129776616922,pre,Apr Y+1 - May Y+1
0,4,3,CUTI,0.1279612135897952,0.14040379242234102,0.4412835680857894,27,0.524732911629681,1,0.9993129776616922,pre,Dec Y-1 - Mar Y
-6,4,-3,CUTI,0.12787516959258408,0.140215279142749,0.45977843171522004,27,0.5250140300989838,1,0.9993129776616922,pre,Jun Y-1 - Sep Y-1
13,3,15,CUTI,0.1278589622044613,0.1387377175748407,0.5493750384481417,27,0.5250669901305036,1,0.9993129776616922,pre,Jan Y+1 - Mar Y+1
0,1,0,Storm hours Hs > 4 m (buoys),0.12765336911256428,0.11040654533159479,-0.23203234036000694,27,0.5257390185577326,1,0.9993129776616922,pre,Dec Y-1 - Dec Y-1
5,3,7,Wave energy Hs^2 (buoys),-0.12756217455065208,-0.13920592218833025,-0.311821825916971,27,0.5260372411034929,1,0.9993129776616922,pre,May Y - Jul Y
6,2,7,"Wind stress, alongshore (buoys)",-0.12750208811581798,-0.09637021024770306,0.37249450884182356,27,0.526233778840101,1,0.9993129776616922,pre,Jun Y - Jul Y
6,1,6,Storm hours Hs > 4 m (buoys),-0.1301287962835279,-0.1339263765139729,-0.034744737831298604,26,0.5263424001033863,1,0.8000458700101735,rec,Jun Y - Jun Y
-8,4,-5,PDO,-0.13011576229349808,-0.15223079460365505,-0.08757770760496633,26,0.5263841851183759,1,0.8000458700101735,rec,Apr Y-1 - Jul Y-1
-11,4,-8,"Wind stress, alongshore (buoys)",-0.13292755137331624,-0.10957849421025098,0.23683378144781506,25,0.5264518414787689,1,0.9993129776616922,pre,Jan Y-1 - Apr Y-1
9,1,9,Willamette discharge,0.13007684333857922,-0.02603424336526012,-0.38982880467474756,26,0.5265089628813651,1,0.8000458700101735,rec,Sep Y - Sep Y
13,3,15,Wave energy Hs^2 (buoys),0.13001927770345992,0.1274164975716427,-0.3038466660750194,26,0.5266935495414204,1,0.9993129776616922,pre,Jan Y+1 - Mar Y+1
-3,4,0,Wave energy Hs^2 (buoys),0.12989865392051125,0.06125557475203207,-0.16533341683961883,26,0.5270804351018772,1,0.8000458700101735,rec,Sep Y-1 - Dec Y-1
-8,1,-8,Willamette discharge,0.1272319811938211,0.13095721435321747,0.07336642372161586,27,0.5271177108429284,1,0.9993129776616922,pre,Apr Y-1 - Apr Y-1
10,3,12,"Columbia discharge, Beaver",-0.12986427690162636,-0.19197105791420005,-0.20652880835057172,26,0.5271907198986792,1,0.8000458700101735,rec,Oct Y - Dec Y
27,2,28,SST anomaly (OISST),-0.1297097192548107,-0.041474541713629,0.21723121228983658,26,0.5276866918554164,1,0.8001738915498671,rec,Mar Y+2 - Apr Y+2
-9,3,-7,Willamette discharge,-0.1268832696649437,-0.13167802021667202,-0.09577976878903025,27,0.5282599290231754,1,0.9993129776616922,pre,Mar Y-1 - May Y-1
26,2,27,Storm hours Hs > 4 m (buoys),-0.1293686916796595,-0.23345309105069928,-0.3376373828015658,26,0.5287818285407271,1,0.801209567173167,rec,Feb Y+2 - Mar Y+2
-3,1,-3,"SST anomaly (MUR, 5-beach mean)",0.14550409209541204,0.21683727667079605,0.42397245601716815,21,0.5291411466087479,1,0.9993129776616922,pre,Sep Y-1 - Sep Y-1
10,3,12,SST anomaly (OISST),-0.1290645126268498,-0.05371203681983064,0.18337290169658016,26,0.5297595467662357,1,0.8018503832054223,rec,Oct Y - Dec Y
16,1,16,CUTI,-0.12641817578506373,-0.11291739579616093,0.1886689590168993,27,0.5297852013358841,1,0.9993129776616922,pre,Apr Y+1 - Apr Y+1
19,1,19,"SST anomaly (MUR, 5-beach mean)",0.14146317946968454,0.2902404585036934,0.36370541176431853,22,0.5300297028904155,1,0.8018503832054223,rec,Jul Y+1 - Jul Y+1
10,4,13,SST anomaly (OISST),-0.12883704868231494,-0.06582028572633813,0.15048711132663403,26,0.530491242267676,1,0.8019245528525366,rec,Oct Y - Jan Y+1
6,4,9,Wave energy Hs^2 (buoys),-0.12619389727632868,-0.1341456013724637,-0.17198733109954842,27,0.530521471176991,1,0.9993129776616922,pre,Jun Y - Sep Y
-5,3,-3,"Wind stress, alongshore (buoys)",0.12613614496649178,0.13275222432228806,0.13743209291006664,27,0.5307111415134473,1,0.9993129776616922,pre,Jul Y-1 - Sep Y-1
5,3,7,CUTI,-0.12601785355010375,-0.06773425261395041,0.5858793137597234,27,0.5310997354024123,1,0.9993129776616922,pre,May Y - Jul Y
11,2,12,Storm hours Hs > 4 m (buoys),-0.12595620152982825,-0.13793346770227027,-0.3275211610665135,27,0.5313023194033941,1,0.9993129776616922,pre,Nov Y - Dec Y
-6,2,-5,"Columbia discharge, The Dalles",0.1283527098899805,0.05317491049649633,-0.18306147852240595,26,0.5320508389178336,1,0.8028797230091861,rec,Jun Y-1 - Jul Y-1
-1,1,-1,SST anomaly (OISST),-0.12565208414001308,-0.11647318339101782,0.13409799662438313,27,0.5323021645670472,1,0.9993129776616922,pre,Nov Y-1 - Nov Y-1
-1,2,0,SST anomaly (OISST),-0.12798409157388224,-0.06504162512032527,0.15046043866246944,26,0.5332392641664081,1,0.8028797230091861,rec,Nov Y-1 - Dec Y-1
-10,2,-9,"Columbia discharge, Beaver",0.12792159088214256,0.0629741400023665,-0.1558528751562619,26,0.5334408908303847,1,0.8028797230091861,rec,Feb Y-1 - Mar Y-1
-4,2,-3,"Wind stress, alongshore (buoys)",0.12790614843017767,0.1145381971162245,-0.014304914330435204,26,0.5334907135958247,1,0.8028797230091861,rec,Aug Y-1 - Sep Y-1
-6,4,-3,"Columbia discharge, The Dalles",0.1278888076805732,0.03094721241721774,-0.24042227748946793,26,0.5335466635586854,1,0.8028797230091861,rec,Jun Y-1 - Sep Y-1
3,3,5,"SST anomaly (MUR, 5-beach mean)",-0.14795663093279254,-0.13640251382103194,-0.0045953754428069106,20,0.5336011327818253,1,0.8028797230091861,rec,Mar Y - May Y
24,3,26,PDO,-0.12758894832554277,-0.17616724816743365,-0.16514508677825013,26,0.5345145990595473,1,0.8034644257812429,rec,Dec Y+1 - Feb Y+2
4,4,7,SST anomaly (buoys),-0.12749552332730493,-0.00846787621463356,0.29751798209193686,26,0.5348163410292841,1,0.8034644257812429,rec,Apr Y - Jul Y
-3,4,0,"SST anomaly (MUR, 5-beach mean)",-0.14335141898127352,-0.051786957599236,0.389677175459671,21,0.5353179713033575,1,0.9993129776616922,pre,Sep Y-1 - Dec Y-1
-10,4,-7,SST anomaly (OISST),0.12712210203071153,0.154268521603278,0.10165567951987033,26,0.536023211189383,1,0.8046556930904715,rec,Feb Y-1 - May Y-1
-2,1,-2,BEUTI,0.1266907628696443,0.14162889345785476,0.06609703841914279,26,0.5374188628533181,1,0.8053921879522488,rec,Oct Y-1 - Oct Y-1
6,3,8,"SST anomaly (MUR, 5-beach mean)",0.1425289735265384,0.3253600824450625,0.47431248228838296,21,0.5376866515428568,1,0.8053921879522488,rec,Jun Y - Aug Y
6,3,8,BEUTI,-0.1265864248142582,0.23394677548500067,0.8412927123628954,26,0.5377567180874583,1,0.8053921879522488,rec,Jun Y - Aug Y
5,4,8,SST anomaly (OISST),0.12386554582133544,0.13058686050483956,0.1393739627725728,27,0.5381937468492666,1,0.9993129776616922,pre,May Y - Aug Y
8,3,10,Willamette discharge,-0.12367166422906593,-0.13255762089884973,-0.19733919728386534,27,0.5388349644685737,1,0.9993129776616922,pre,Aug Y - Oct Y
10,2,11,Willamette discharge,-0.1260691318486985,-0.15345619923153067,-0.10214476833403562,26,0.5394332280446823,1,0.8069430092338667,rec,Oct Y - Nov Y
6,2,7,Willamette discharge,0.12601081489345026,0.11858522884239069,0.00209374428584268,26,0.5396223827181208,1,0.8069430092338667,rec,Jun Y - Jul Y
5,3,7,SST anomaly (OISST),0.12590748255078377,0.1282231268150759,0.19056002067716638,26,0.5399576239125758,1,0.9993129776616922,pre,May Y - Jul Y
17,2,18,Wave energy Hs^2 (buoys),-0.12571247864763047,-0.22837681507045277,-0.3316903788688366,26,0.5405905408284741,1,0.8073079427583081,rec,May Y+1 - Jun Y+1
21,2,22,Wave energy Hs^2 (buoys),-0.1256796929102681,-0.11457750187265102,0.008337605114711846,26,0.5406969863535582,1,0.8073079427583081,rec,Sep Y+1 - Oct Y+1
7,4,10,Willamette discharge,-0.12293590741120863,-0.13198594706949202,-0.20178085127639842,27,0.5412715714558378,1,0.9993129776616922,pre,Jul Y - Oct Y
5,1,5,"SST anomaly (MUR, 5-beach mean)",0.14505917742780589,0.205133095349993,0.16011064682082465,20,0.5417327091526918,1,0.8076011587286717,rec,May Y - May Y
22,2,23,PDO,-0.12535336299489444,-0.11761516644153569,-0.0010901829433599935,26,0.5417570165929513,1,0.8076011587286717,rec,Oct Y+1 - Nov Y+1
6,2,7,Storm hours Hs > 4 m (buoys),-0.12515997498273854,-0.1309739597113084,-0.039580621563775294,26,0.5423856641308797,1,0.8076011587286717,rec,Jun Y - Jul Y
19,3,21,BEUTI,0.12510787026346082,0.3660434555354453,0.8716895111908267,26,0.5425550994339738,1,0.8076011587286717,rec,Jul Y+1 - Sep Y+1
-11,2,-10,SST anomaly (OISST),0.12779382399423211,0.13061443991402308,0.13835986016647928,25,0.5426830562807878,1,0.9993129776616922,pre,Jan Y-1 - Feb Y-1
-5,2,-4,Storm hours Hs > 4 m (buoys),0.12243537868815378,0.1213433522233065,-0.014888459644398383,27,0.5429321192186913,1,0.9993129776616922,pre,Jul Y-1 - Aug Y-1
6,2,7,Wave energy Hs^2 (buoys),-0.12205119196972625,-0.13510784126449604,-0.4422483882925029,27,0.5442083055989662,1,0.9993129776616922,pre,Jun Y - Jul Y
-4,1,-4,CUTI,-0.12180469623699851,-0.08011224322566307,0.468118190470325,27,0.5450278482518566,1,0.9993129776616922,pre,Aug Y-1 - Aug Y-1
10,1,10,CUTI,0.12178493813039308,0.12691062331462163,0.10223337920236578,27,0.5450935643831513,1,0.9993129776616922,pre,Oct Y - Oct Y
2,1,2,"Columbia discharge, The Dalles",-0.12164800605856503,-0.13125003132106408,-0.21796703602601877,27,0.5455491065197767,1,0.9993129776616922,pre,Feb Y - Feb Y
11,1,11,CUTI,-0.12391020513467757,0.022280802721969514,0.3672554878861532,26,0.5464564851271418,1,0.8115895435610335,rec,Nov Y - Nov Y
11,3,13,PDO,-0.12388450860513259,-0.18039014717799998,-0.18806237613401017,26,0.546540333686617,1,0.8115895435610335,rec,Nov Y - Jan Y+1
10,3,12,CUTI,0.12131257430714737,0.13433427475698623,0.39635292586203236,27,0.5466657606952241,1,0.9993129776616922,pre,Oct Y - Dec Y
12,2,13,Wave energy Hs^2 (buoys),-0.1237304203064721,-0.19195287009638762,-0.2235504148665818,26,0.5470432535822785,1,0.8115895435610335,rec,Dec Y - Jan Y+1
-4,1,-4,Wave energy Hs^2 (buoys),0.12119582943001742,0.12380703993729769,0.05094356620652278,27,0.5470546540948036,1,0.9993129776616922,pre,Aug Y-1 - Aug Y-1
19,4,22,Storm hours Hs > 4 m (buoys),-0.12353368006429145,-0.030097274790139465,0.23230334153008092,26,0.547685694110889,1,0.8115895435610335,rec,Jul Y+1 - Oct Y+1
-6,1,-6,"SST anomaly (MUR, 5-beach mean)",-0.13902910799790957,-0.11283236014268945,0.11860777064193481,21,0.5478201203341534,1,0.9993129776616922,pre,Jun Y-1 - Jun Y-1
6,4,9,SST anomaly (buoys),0.12081706361311807,0.13384200007318098,0.3907216109279764,27,0.5483172597014683,1,0.9993129776616922,pre,Jun Y - Sep Y
27,3,29,SST anomaly (buoys),-0.12600283006474858,-0.0433990411493397,0.21537615074882369,25,0.5483997964545886,1,0.8115895435610335,rec,Mar Y+2 - May Y+2
10,1,10,"Columbia discharge, Beaver",0.12329798093222166,-0.025030073080975025,-0.3727962944782886,26,0.5484558113507378,1,0.8115895435610335,rec,Oct Y - Oct Y
8,3,10,"Wind stress, alongshore (buoys)",0.12059196926890071,0.12374534425107492,0.06140989134374291,27,0.5490682450044517,1,0.9993129776616922,pre,Aug Y - Oct Y
20,3,22,Storm hours Hs > 4 m (buoys),-0.12309593583671262,-0.029479811451937333,0.23287787965730886,26,0.5491163664047082,1,0.8115895435610335,rec,Aug Y+1 - Oct Y+1
4,2,5,BEUTI,-0.1229268875034688,-0.038640235931874364,0.20837683039336916,26,0.5496693257485821,1,0.8115895435610335,rec,Apr Y - May Y
29,2,30,SST anomaly (OISST),0.12286516956534048,0.19609663234258096,0.23864109143010753,26,0.5498712699333411,1,0.8115895435610335,rec,May Y+2 - Jun Y+2
17,1,17,SST anomaly (buoys),0.12020645303931944,0.1309287011090718,0.2550826147521792,27,0.5503555532519314,1,0.9993129776616922,pre,May Y+1 - May Y+1
-6,3,-4,"Columbia discharge, The Dalles",0.12270990319629731,0.03947093910041971,-0.20565725435815516,26,0.5503794605258194,1,0.8115895435610335,rec,Jun Y-1 - Aug Y-1
3,1,3,SST anomaly (OISST),-0.1200854755868284,-0.12203390915587713,-0.038385241955847776,27,0.5507598060831325,1,0.9993129776616922,pre,Mar Y - Mar Y
-1,3,1,"Columbia discharge, Beaver",-0.11997716659388119,-0.13111439944058348,-0.27088771594976263,27,0.5511218428559552,1,0.9993129776616922,pre,Nov Y-1 - Jan Y
-9,3,-7,"SST anomaly (MUR, 5-beach mean)",-0.14591254320145866,-0.09916487767754723,0.07146725340195828,19,0.5511459408307091,1,0.8115895435610335,rec,Mar Y-1 - May Y-1
9,3,11,"Wind stress, alongshore (buoys)",0.1224146556473016,0.16463472547362207,0.14503641109477508,26,0.5513464095156145,1,0.8115895435610335,rec,Sep Y - Nov Y
16,3,18,BEUTI,0.12240605563231852,0.24044085600494516,0.3799312685603282,26,0.551374586661386,1,0.8115895435610335,rec,Apr Y+1 - Jun Y+1
-3,1,-3,"Wind stress, alongshore (buoys)",0.12238026658784537,0.07464897162882317,-0.1104061838324549,26,0.5514590860285494,1,0.8115895435610335,rec,Sep Y-1 - Sep Y-1
-5,1,-5,CUTI,-0.12236875571156196,0.06750681905680574,0.4749770789882636,26,0.5514968040350439,1,0.8115895435610335,rec,Jul Y-1 - Jul Y-1
-1,1,-1,"SST anomaly (MUR, 5-beach mean)",-0.13751629550235758,-0.09682675311810861,0.1834119286026652,21,0.5522269589295297,1,0.9993129776616922,pre,Nov Y-1 - Nov Y-1
7,2,8,"Wind stress, alongshore (buoys)",0.11960368349963006,0.13263008365492043,0.3794290975616127,27,0.5523710999475042,1,0.9993129776616922,pre,Jul Y - Aug Y
-4,3,-2,SST anomaly (OISST),-0.12206322234499364,-0.01563914797987982,0.2665114495795242,26,0.5524983871724717,1,0.8124484604109569,rec,Aug Y-1 - Oct Y-1
1,4,4,CUTI,0.11953354510904031,0.13282974549080825,0.42226830913666724,27,0.552605850016245,1,0.9993129776616922,pre,Jan Y - Apr Y
0,1,0,PDO,-0.1194154882502634,-0.12816149820519515,-0.1907123869149753,27,0.5530010847659055,1,0.9993129776616922,pre,Dec Y-1 - Dec Y-1
0,4,3,"Wind stress, alongshore (buoys)",-0.12444535029690201,-0.10387001548464087,0.33208896750510275,25,0.5533936167648694,1,0.9993129776616922,pre,Dec Y-1 - Mar Y
27,1,27,Storm hours Hs > 4 m (buoys),-0.1217425880061085,-0.2473077533061947,-0.40427841188697916,26,0.5535503709265506,1,0.8131604177460444,rec,Mar Y+2 - Mar Y+2
22,3,24,PDO,-0.1216412431983095,-0.1306363323591462,-0.048030840299973815,26,0.5538830685958969,1,0.8131604177460444,rec,Oct Y+1 - Dec Y+1
-5,4,-2,SST anomaly (OISST),-0.1215333315880903,-0.01151101176157366,0.2759644028137443,26,0.5542374246468666,1,0.8131604177460444,rec,Jul Y-1 - Oct Y-1
0,1,0,Wave energy Hs^2 (buoys),0.1190058731213014,0.10402715483840101,-0.20835582269163436,27,0.5543734158514502,1,0.9993129776616922,pre,Dec Y-1 - Dec Y-1
-1,3,1,SST anomaly (OISST),-0.12389275199620867,-0.02367349728957601,0.28101569436108575,25,0.5551704203171187,1,0.813915005351794,rec,Nov Y-1 - Jan Y
11,2,12,"SST anomaly (MUR, 5-beach mean)",-0.1328626220688754,-0.1232308256760557,0.09904715498403878,22,0.5555744522177075,1,0.9993129776616922,pre,Nov Y - Dec Y
-5,1,-5,BEUTI,0.12111000397644955,0.35192205030151996,0.8032005120880139,26,0.5556285333831693,1,0.813972772341282,rec,Jul Y-1 - Jul Y-1
-11,4,-8,CUTI,0.11841248147427814,0.13077018058708734,0.3248066694284184,27,0.5563642210157007,1,0.9993129776616922,pre,Jan Y-1 - Apr Y-1
-5,4,-2,"SST anomaly (MUR, 5-beach mean)",-0.13577562330157134,0.005437125285280546,0.5710050166966225,21,0.5573172378607552,1,0.9993129776616922,pre,Jul Y-1 - Oct Y-1
5,3,7,Wave energy Hs^2 (buoys),-0.12057369961416037,-0.19312016231005755,-0.23589948839859035,26,0.5573931855979425,1,0.8155982324383516,rec,May Y - Jul Y
10,1,10,Willamette discharge,-0.1180496314088256,-0.12007098314996649,-0.039648176913793666,27,0.5575831781942682,1,0.9993129776616922,pre,Oct Y - Oct Y
-4,4,-1,"Wind stress, alongshore (buoys)",-0.12033247021961306,-0.10576660883673797,0.0190503389910419,26,0.5581877568503166,1,0.8155982324383516,rec,Aug Y-1 - Nov Y-1
17,2,18,Storm hours Hs > 4 m (buoys),0.11784857616694765,0.10250882541154954,-0.21299268463437182,27,0.5582591272394206,1,0.9993129776616922,pre,May Y+1 - Jun Y+1
-11,4,-8,SST anomaly (buoys),0.12571525228229558,0.1929780135551772,0.19050868922871506,24,0.5583266666736408,1,0.8155982324383516,rec,Jan Y-1 - Apr Y-1
7,4,10,Storm hours Hs > 4 m (buoys),0.11782702484880056,0.12165362075240933,0.07457439177492721,27,0.5583316050937611,1,0.9993129776616922,pre,Jul Y - Oct Y
25,1,25,SST anomaly (OISST),-0.12026312038770214,-0.026268167426698394,0.2345444407857498,26,0.5584162795141183,1,0.8155982324383516,rec,Jan Y+2 - Jan Y+2
8,3,10,Storm hours Hs > 4 m (buoys),0.11775786989921108,0.12161249182017356,0.07513343711333437,27,0.5585642046498964,1,0.9993129776616922,pre,Aug Y - Oct Y
7,1,7,SST anomaly (buoys),0.11751001949056797,0.13102654115909057,0.4315081747336338,27,0.5593982011397449,1,0.9993129776616922,pre,Jul Y - Jul Y
27,3,29,PDO,-0.11990344061104355,-0.1803466924027824,-0.1989443862733009,26,0.5596021842402531,1,0.8167167013236126,rec,Mar Y+2 - May Y+2
8,3,10,SST anomaly (OISST),0.11733548633248855,0.12947869134004825,0.31047408113617975,27,0.5599858311186675,1,0.9993129776616922,pre,Aug Y - Oct Y
23,3,25,"SST anomaly (MUR, 5-beach mean)",-0.13125546648348455,-0.0714715880001829,0.09733128074270321,22,0.560408592944607,1,0.8172638513147604,rec,Nov Y+1 - Jan Y+2
-2,3,0,"Columbia discharge, Beaver",-0.11720755525712849,-0.12939476727964877,-0.3123425718144563,27,0.560416736377173,1,0.9993129776616922,pre,Oct Y-1 - Dec Y-1
-6,1,-6,Wave energy Hs^2 (buoys),-0.11713778692881156,-0.12891005200495306,-0.292678664440149,27,0.5606517978323213,1,0.9993129776616922,pre,Jun Y-1 - Jun Y-1
-8,1,-8,Storm hours Hs > 4 m (buoys),0.11949306588591589,0.12082352511369386,0.018444997834495557,26,0.560956630729462,1,0.9993129776616922,pre,Apr Y-1 - Apr Y-1
13,1,13,CUTI,-0.11690759420627135,-0.10420142678372604,0.18110443065289208,27,0.5614276742351134,1,0.9993129776616922,pre,Jan Y+1 - Jan Y+1
10,3,12,"Columbia discharge, The Dalles",-0.11683272487932175,-0.1304297046618681,-0.43769892824427886,27,0.5616801301481789,1,0.9993129776616922,pre,Oct Y - Dec Y
19,4,22,SST anomaly (buoys),0.11924586256271799,0.29349066276773056,0.5699954532488168,26,0.5617732441822048,1,0.8172638513147604,rec,Jul Y+1 - Oct Y+1
1,1,1,"Columbia discharge, Beaver",0.11923426850757296,0.038971307769904595,-0.19854813120736747,26,0.5618115572770968,1,0.8172638513147604,rec,Jan Y - Jan Y
16,2,17,PDO,-0.11676728471600707,-0.12527606800536958,-0.18270437046620247,27,0.5619008335359557,1,0.9993129776616922,pre,Apr Y+1 - May Y+1
-9,4,-6,SST anomaly (buoys),-0.12457760452204134,-0.015676407060837456,0.22316550672950958,24,0.5619214238558208,1,0.8172638513147604,rec,Mar Y-1 - Jun Y-1
-1,2,0,"Columbia discharge, Beaver",0.1191533166519802,0.04219301729278785,-0.18978717152142874,26,0.5620790993867463,1,0.8172638513147604,rec,Nov Y-1 - Dec Y-1
9,3,11,"SST anomaly (MUR, 5-beach mean)",0.13065923437648044,0.15649216391729331,0.5605944558027666,22,0.5622067589006596,1,0.9993129776616922,pre,Sep Y - Nov Y
20,1,20,Wave energy Hs^2 (buoys),0.11902502578934265,0.13249067279358506,0.06037819013836444,26,0.5625032126659038,1,0.8172692417208647,rec,Aug Y+1 - Aug Y+1
7,3,9,CUTI,-0.11887969968341396,0.07895732886123794,0.4956070091022016,26,0.5629838168994652,1,0.8173566393223004,rec,Jul Y - Sep Y
9,1,9,SST anomaly (buoys),-0.11863779311948244,-0.010680457212311303,0.27136990792316795,26,0.5637842307944285,1,0.8178109275103368,rec,Sep Y - Sep Y
16,3,18,Storm hours Hs > 4 m (buoys),-0.11857192890883911,-0.11757083295554739,-0.08094384045192751,26,0.5640022493528472,1,0.9993129776616922,pre,Apr Y+1 - Jun Y+1
-11,3,-9,Willamette discharge,0.11852883463367204,-0.027774637123767824,-0.369297689602578,26,0.5641449172157607,1,0.8178109275103368,rec,Jan Y-1 - Mar Y-1
-6,1,-6,SST anomaly (OISST),-0.11603393067267533,-0.11279361787164836,0.04964655309470784,27,0.5643768284180746,1,0.9993129776616922,pre,Jun Y-1 - Jun Y-1
-6,1,-6,CUTI,0.11597146507184963,0.1260780674091894,0.22923015349650733,27,0.5645879561655347,1,0.9993129776616922,pre,Jun Y-1 - Jun Y-1
16,3,18,Willamette discharge,-0.11828069897967326,-0.08181738853557509,0.08030610946399909,26,0.5649667111118732,1,0.8178109275103368,rec,Apr Y+1 - Jun Y+1
-11,3,-9,Willamette discharge,-0.11569983618313148,-0.12909132946905594,-0.3857674983135247,27,0.5655064502958347,1,0.9993129776616922,pre,Jan Y-1 - Mar Y-1
-8,1,-8,"Wind stress, alongshore (buoys)",-0.12326604814274576,-0.045544602580576486,0.15355359218532044,24,0.5660785585862902,1,0.8178109275103368,rec,Apr Y-1 - Apr Y-1
-11,3,-9,"SST anomaly (MUR, 5-beach mean)",0.14043402240661118,0.09645228160685493,-0.0667199316359652,19,0.5663506025254048,1,0.8178109275103368,rec,Jan Y-1 - Mar Y-1
26,2,27,"SST anomaly (MUR, 5-beach mean)",-0.1292701530104651,-0.15650293213760763,-0.08621957766789312,22,0.5664060077511961,1,0.8178109275103368,rec,Feb Y+2 - Mar Y+2
9,4,12,"Wind stress, alongshore (buoys)",0.11772430486943505,0.18819493731689194,0.2287751479894393,26,0.566811373688137,1,0.8178109275103368,rec,Sep Y - Dec Y
-4,1,-4,SST anomaly (OISST),0.11771757600683791,0.14459573536815856,0.09896412779065694,26,0.5668336990084066,1,0.8178109275103368,rec,Aug Y-1 - Aug Y-1
13,3,15,"SST anomaly (MUR, 5-beach mean)",0.12910107407538654,0.12491547324043356,-0.04253887781971225,22,0.5669180862194259,1,0.9993129776616922,pre,Jan Y+1 - Mar Y+1
15,4,18,Willamette discharge,-0.11509032534568425,-0.11465331767347507,0.004102707004152813,27,0.567569916964818,1,0.9993129776616922,pre,Mar Y+1 - Jun Y+1
6,2,7,SST anomaly (buoys),-0.11744686364184471,0.014450877288096974,0.3332192124057439,26,0.5677322075992953,1,0.8178109275103368,rec,Jun Y - Jul Y
-8,1,-8,Wave energy Hs^2 (buoys),-0.11744115713716487,-0.10887281600935154,0.07792189058042008,26,0.5677511546532217,1,0.9993129776616922,pre,Apr Y-1 - Apr Y-1
7,1,7,BEUTI,0.11739182470626992,0.34644475580618284,0.7869963160175424,26,0.567914962739678,1,0.8178109275103368,rec,Jul Y - Jul Y
0,4,3,"Columbia discharge, The Dalles",-0.11495388390347618,-0.12655055864348932,-0.28124068529051927,27,0.5680322952456611,1,0.9993129776616922,pre,Dec Y-1 - Mar Y
10,3,12,PDO,-0.11733615446041917,-0.1532119194821857,-0.1252132512439892,26,0.5680998409244554,1,0.8178109275103368,rec,Oct Y - Dec Y
4,3,6,BEUTI,-0.11466783717526917,-0.08026985694825317,0.4117636433962868,27,0.5690022105604904,1,0.9993129776616922,pre,Apr Y - Jun Y
3,4,6,PDO,-0.11461504502863666,-0.12492203204949998,-0.2344341887311573,27,0.5691812970887788,1,0.9993129776616922,pre,Mar Y - Jun Y
-4,4,-1,Wave energy Hs^2 (buoys),0.11693341008315582,0.0938588685162494,-0.04346404041333794,26,0.5694381373527377,1,0.8178109275103368,rec,Aug Y-1 - Nov Y-1
-6,4,-3,SST anomaly (OISST),-0.11452824815464147,-0.09919783916604041,0.21386082624837466,27,0.5694757925740934,1,0.9993129776616922,pre,Jun Y-1 - Sep Y-1
8,3,10,"Wind stress, alongshore (buoys)",0.11689183928237,0.13378756378614914,0.06985383901810789,26,0.5695763548782493,1,0.8178109275103368,rec,Aug Y - Oct Y
13,2,14,"Columbia discharge, The Dalles",0.11688883284145692,0.06606950634222464,-0.11988042565405581,26,0.5695863514856505,1,0.8178109275103368,rec,Jan Y+1 - Feb Y+1
0,4,3,CUTI,-0.11678587897886523,0.04086678071667841,0.39827399653069195,26,0.5699287269077069,1,0.8178109275103368,rec,Dec Y-1 - Mar Y
-3,3,-1,CUTI,0.11435752437980509,0.12449253521404031,0.22868344714967193,27,0.5700552450013037,1,0.9993129776616922,pre,Sep Y-1 - Nov Y-1
14,1,14,Storm hours Hs > 4 m (buoys),-0.11926880569672361,-0.17684673454930983,-0.20659572412017432,25,0.5701390427160649,1,0.8178109275103368,rec,Feb Y+1 - Feb Y+1
9,2,10,"Columbia discharge, Beaver",-0.1143267267540531,-0.12820294558254064,-0.46146446983083916,27,0.5701598031023776,1,0.9993129776616922,pre,Sep Y - Oct Y
-10,2,-9,PDO,0.11653131217172254,0.022541919301844453,-0.23542133063909726,26,0.5707756887638267,1,0.8178109275103368,rec,Feb Y-1 - Mar Y-1
16,1,16,Willamette discharge,0.1162874350654537,0.1829071837798151,0.21669000715615966,26,0.5715876109714976,1,0.8178109275103368,rec,Apr Y+1 - Apr Y+1
9,1,9,"Columbia discharge, Beaver",-0.11386409379171321,-0.12779054936651968,-0.46426290921937347,27,0.5717314759754057,1,0.9993129776616922,pre,Sep Y - Sep Y
-4,4,-1,"SST anomaly (MUR, 5-beach mean)",-0.13087328472400758,0.01838436809904847,0.6011511533254376,21,0.5717648052913166,1,0.9993129776616922,pre,Aug Y-1 - Nov Y-1
23,3,25,PDO,-0.11621680333586384,-0.15514646079158603,-0.13395913462500267,26,0.5718228559853505,1,0.8178109275103368,rec,Nov Y+1 - Jan Y+2
-11,4,-8,BEUTI,-0.11621319923882868,-0.023732128346356334,0.23153081436533726,26,0.5718348608936914,1,0.8178109275103368,rec,Jan Y-1 - Apr Y-1
-8,3,-6,"Wind stress, alongshore (buoys)",-0.1242647393450536,0.08430772290810103,0.43745165676701087,23,0.5721311015504413,1,0.8178109275103368,rec,Apr Y-1 - Jun Y-1
1,2,2,Willamette discharge,-0.1137255119104851,-0.12680149902047258,-0.350661738406404,27,0.5722026471790521,1,0.9993129776616922,pre,Jan Y - Feb Y
15,1,15,Wave energy Hs^2 (buoys),0.11597206528977921,0.1062216916556462,-0.49675988489229134,26,0.5726383100073253,1,0.9993129776616922,pre,Mar Y+1 - Mar Y+1
4,1,4,CUTI,0.1133988719117846,0.11867992443275273,0.10431688672944814,27,0.5733138906329994,1,0.9993129776616922,pre,Apr Y - Apr Y
-11,4,-8,PDO,0.11569464232739482,0.03732214433244608,-0.19430369444932044,26,0.5735632926943894,1,0.8182897776221542,rec,Jan Y-1 - Apr Y-1
-3,1,-3,"Columbia discharge, Beaver",0.11567481985205816,-0.06556073599502961,-0.45684347111837614,26,0.5736294100871941,1,0.8182897776221542,rec,Sep Y-1 - Sep Y-1
10,2,11,"Columbia discharge, The Dalles",0.1156449962292143,-0.02370233028658196,-0.35268564360487026,26,0.5737288924377553,1,0.8182897776221542,rec,Oct Y - Nov Y
12,2,13,"SST anomaly (MUR, 5-beach mean)",0.12663208119399638,0.1279102368855326,0.019311785792243682,22,0.5744189781050633,1,0.9993129776616922,pre,Dec Y - Jan Y+1
5,1,5,Storm hours Hs > 4 m (buoys),-0.11284121232486358,-0.12288644259647406,-0.2245678743125601,27,0.5752132889528339,1,0.9993129776616922,pre,May Y - May Y
8,1,8,"Wind stress, alongshore (buoys)",0.11506596450007898,0.16207234712493407,0.1575850724046918,26,0.5756618771437763,1,0.8196182692281739,rec,Aug Y - Aug Y
-8,4,-5,BEUTI,0.11497258840389085,0.3154043846317828,0.6634328457628064,26,0.5759738643975876,1,0.8196182692281739,rec,Apr Y-1 - Jul Y-1
27,4,30,PDO,-0.11495694299561313,-0.17622706428617257,-0.20018987348393266,26,0.5760261459812526,1,0.8196182692281739,rec,Mar Y+2 - Jun Y+2
17,3,19,SST anomaly (buoys),-0.11472247320808718,0.040221105963828996,0.3922394678578605,26,0.5768099145374891,1,0.8196182692281739,rec,May Y+1 - Jul Y+1
-6,4,-3,"SST anomaly (MUR, 5-beach mean)",-0.13271257476380313,0.1347015790579358,0.5075909327347186,20,0.5770014338507784,1,0.8196182692281739,rec,Jun Y-1 - Sep Y-1
9,3,11,CUTI,-0.11460881085787546,-0.0022572822244645062,0.2838250310893735,26,0.577190026015108,1,0.8196182692281739,rec,Sep Y - Nov Y
4,2,5,"Columbia discharge, The Dalles",-0.11224472213789986,-0.11187234809540501,0.003086572885935512,27,0.5772480290532245,1,0.9993129776616922,pre,Apr Y - May Y
13,3,15,Willamette discharge,-0.11192864909927157,-0.11997602881209016,-0.16838474642243778,27,0.5783275016145155,1,0.9993129776616922,pre,Jan Y+1 - Mar Y+1
6,2,7,PDO,-0.11168789037971442,-0.12046728508164353,-0.1874255117230294,27,0.5791503531325246,1,0.9993129776616922,pre,Jun Y - Jul Y
-6,1,-6,"Wind stress, alongshore (buoys)",0.11159486362509083,0.11618553363155616,0.0895271398529177,27,0.5794684328234745,1,0.9993129776616922,pre,Jun Y-1 - Jun Y-1
20,2,21,Willamette discharge,-0.11391818944107789,-0.21797830857865833,-0.33171238146331045,26,0.5795019837860191,1,0.8223006251678986,rec,Aug Y+1 - Sep Y+1
-4,1,-4,Storm hours Hs > 4 m (buoys),0.11142148969751788,0.11091717843738824,-0.005351647438932145,27,0.5800614430379927,1,0.9993129776616922,pre,Aug Y-1 - Aug Y-1
-9,4,-6,Wave energy Hs^2 (buoys),0.1137206782894705,0.0887525370368756,-0.2190668990309307,26,0.5801639286846485,1,0.9993129776616922,pre,Mar Y-1 - Jun Y-1
13,2,14,Wave energy Hs^2 (buoys),0.113716945224685,0.11433241603121011,-0.1435485357720969,26,0.5801764429848204,1,0.9993129776616922,pre,Jan Y+1 - Feb Y+1
9,2,10,Willamette discharge,-0.11125573578955601,-0.11865320622424766,-0.15202178450460033,27,0.5806286391666077,1,0.9993129776616922,pre,Sep Y - Oct Y
-4,4,-1,SST anomaly (OISST),-0.11349384949306458,-0.003815102643980011,0.27718466213993087,26,0.5809245385244658,1,0.8237179452163103,rec,Aug Y-1 - Nov Y-1
16,2,17,"Wind stress, alongshore (buoys)",0.11849993116028153,0.09971577340722328,0.19189924452974708,24,0.5812996618772084,1,0.9993129776616922,pre,Apr Y+1 - May Y+1
-10,2,-9,SST anomaly (buoys),0.11843649045220771,0.16565289090634408,0.1392323391393175,24,0.5815034609412163,1,0.8239378484473211,rec,Feb Y-1 - Mar Y-1
9,1,9,Storm hours Hs > 4 m (buoys),0.1108572997449023,0.1212841414919132,0.2347149423496816,27,0.5819930504871413,1,0.9993129776616922,pre,Sep Y - Sep Y
13,2,14,SST anomaly (buoys),0.11308551714030445,0.10947568022606063,0.18217209401044038,26,0.5822948718976344,1,0.9993129776616922,pre,Jan Y+1 - Feb Y+1
-3,3,-1,Storm hours Hs > 4 m (buoys),-0.1106130432385739,-0.11389372825153941,-0.06318582733627405,27,0.5828301811645891,1,0.9993129776616922,pre,Sep Y-1 - Nov Y-1
7,4,10,SST anomaly (buoys),0.11054125052269652,0.12483301575316501,0.45166651371879624,27,0.5830763337201859,1,0.9993129776616922,pre,Jul Y - Oct Y
-6,4,-3,BEUTI,0.11280323894335641,0.35793946136422283,0.8574084830303486,26,0.5832430017885715,1,0.8254290195188849,rec,Jun Y-1 - Sep Y-1
22,3,24,"SST anomaly (MUR, 5-beach mean)",-0.12369266635647903,0.039894231245093004,0.30844276578200264,22,0.5834050786105699,1,0.8254290195188849,rec,Oct Y+1 - Dec Y+1
0,3,2,"Columbia discharge, The Dalles",0.11245038981349235,0.012365644478721717,-0.2524132648610674,26,0.584429115043599,1,0.8262765088325501,rec,Dec Y-1 - Feb Y
13,1,13,"Columbia discharge, The Dalles",0.11224648527167073,0.040620559500938014,-0.17702579746185476,26,0.5851150249187558,1,0.8266450642747538,rec,Jan Y+1 - Jan Y+1
-1,2,0,Wave energy Hs^2 (buoys),0.10976740488948238,0.0943170220344225,-0.21674425320296128,27,0.5857324677637135,1,0.9993129776616922,pre,Nov Y-1 - Dec Y-1
-6,3,-4,"SST anomaly (MUR, 5-beach mean)",-0.1296902923466401,0.10366165078186325,0.4449876611168661,20,0.5857826140791708,1,0.8269872198764764,rec,Jun Y-1 - Aug Y-1
0,4,3,BEUTI,0.10969667085035922,0.12367041215907128,0.39479312759053586,27,0.5859755167017549,1,0.9993129776616922,pre,Dec Y-1 - Mar Y
6,4,9,SST anomaly (OISST),0.10967944910021676,0.11736348885373198,0.15846900195114583,27,0.5860346989332279,1,0.9993129776616922,pre,Jun Y - Sep Y
15,4,18,PDO,-0.10957879117124865,-0.11981168835706818,-0.22756395754224207,27,0.5863806601257726,1,0.9993129776616922,pre,Mar Y+1 - Jun Y+1
10,4,13,SST anomaly (buoys),-0.1117979437219124,-0.10807000691694242,0.37019788573790635,26,0.5866250943412876,1,0.9993129776616922,pre,Oct Y - Jan Y+1
-5,3,-3,"Wind stress, alongshore (buoys)",0.1115439266460559,0.1444700887368677,0.11535220434867521,26,0.5874810225366229,1,0.8287464449224055,rec,Jul Y-1 - Sep Y-1
11,4,14,SST anomaly (buoys),-0.11152381469440385,-0.1113256409844813,0.2250287338203564,26,0.5875488142564416,1,0.9993129776616922,pre,Nov Y - Feb Y+1
12,3,14,"SST anomaly (MUR, 5-beach mean)",0.12218334232486656,0.12348704992755605,0.019449560898063913,22,0.5880425923496458,1,0.9993129776616922,pre,Dec Y - Feb Y+1
11,3,13,BEUTI,0.11133648549626007,0.174933288680978,0.20627493082411796,26,0.5881804108334421,1,0.8287464449224055,rec,Nov Y - Jan Y+1
21,1,21,Storm hours Hs > 4 m (buoys),0.11129875395224828,0.21228375208820788,0.3210790466887868,26,0.5883076615189915,1,0.8287464449224055,rec,Sep Y+1 - Sep Y+1
-5,3,-3,SST anomaly (OISST),-0.11355224972900965,0.0195214704150219,0.2776687546869872,25,0.5888886344519562,1,0.8289641603002192,rec,Jul Y-1 - Sep Y-1
11,4,14,SST anomaly (OISST),-0.10880587298862932,-0.10271829895145125,0.0929970368754014,27,0.5890401348937029,1,0.9993129776616922,pre,Nov Y - Feb Y+1
0,3,2,"Wind stress, alongshore (buoys)",-0.11606959439848408,-0.10839871640804288,0.07922750477306646,24,0.5891290488524472,1,0.9993129776616922,pre,Dec Y-1 - Feb Y
-1,4,2,Willamette discharge,-0.10861910198891825,-0.12284317998219905,-0.4097769717041767,27,0.5896835636391882,1,0.9993129776616922,pre,Nov Y-1 - Feb Y
-1,2,0,"Columbia discharge, The Dalles",-0.10827225444240893,-0.12136195949725943,-0.3327913520448243,27,0.5908792642243117,1,0.9993129776616922,pre,Nov Y-1 - Dec Y-1
-5,4,-2,Willamette discharge,0.11041488209347963,0.02823302446280675,-0.20561873823948562,26,0.5912919432546657,1,0.8311775978041609,rec,Jul Y-1 - Oct Y-1
-9,2,-8,"SST anomaly (MUR, 5-beach mean)",-0.12767177307503225,-0.15701850794909242,-0.1018527704492555,20,0.5916787390565108,1,0.9993129776616922,pre,Mar Y-1 - Apr Y-1
-5,3,-3,Willamette discharge,0.11029804408677485,-0.004131933622585135,-0.29037879633745434,26,0.5916869187971185,1,0.8311775978041609,rec,Jul Y-1 - Sep Y-1
1,2,2,"Wind stress, alongshore (buoys)",-0.11269296291460479,-0.09847700042477871,0.2564447237102743,25,0.5917297701513439,1,0.9993129776616922,pre,Jan Y - Feb Y
-2,3,0,PDO,-0.1079882422132041,-0.11646418639440596,-0.1776508201028458,27,0.5918591289090447,1,0.9993129776616922,pre,Oct Y-1 - Dec Y-1
2,4,5,"Columbia discharge, The Dalles",-0.10797021486120255,-0.11205451938227265,-0.07883479178984197,27,0.5919213483286621,1,0.9993129776616922,pre,Feb Y - May Y
5,2,6,CUTI,-0.10794840506729947,-0.07064508125055065,0.44385979462571173,27,0.5919966261971796,1,0.9993129776616922,pre,May Y - Jun Y
-3,2,-2,"SST anomaly (MUR, 5-beach mean)",-0.12404051273076577,-0.002967574941299459,0.5073128677691849,21,0.5921694555274757,1,0.9993129776616922,pre,Sep Y-1 - Oct Y-1
14,1,14,Wave energy Hs^2 (buoys),-0.1125023344941493,-0.16834338969823653,-0.1991274673940713,25,0.5923608568045509,1,0.8311775978041609,rec,Feb Y+1 - Feb Y+1
14,4,17,CUTI,0.10778881008252643,0.1206189677388496,0.6206280397014249,27,0.5925476037507256,1,0.9993129776616922,pre,Feb Y+1 - May Y+1
1,2,2,SST anomaly (OISST),-0.10999820213010252,-0.1054848572954135,0.14194954602416646,26,0.5927010650999194,1,0.9993129776616922,pre,Jan Y - Feb Y
22,4,25,PDO,-0.10997954002050296,-0.13169699051061512,-0.08243840259026021,26,0.5927642100322423,1,0.8311775978041609,rec,Oct Y+1 - Jan Y+2
9,3,11,Willamette discharge,-0.10991673305355056,-0.15002958374193776,-0.13608113949431674,26,0.5929767442739651,1,0.8311775978041609,rec,Sep Y - Nov Y
-1,4,2,"Columbia discharge, The Dalles",0.10979723466624446,0.012970895247541013,-0.24451255742219616,26,0.593381208407612,1,0.8311775978041609,rec,Nov Y-1 - Feb Y
4,1,4,PDO,-0.10977574286961558,-0.12667326029504586,-0.06848317510699968,26,0.5934539638642877,1,0.8311775978041609,rec,Apr Y - Apr Y
8,3,10,"Columbia discharge, Beaver",-0.10749255072245498,-0.12132321802660394,-0.3713616103018661,27,0.5935709790624131,1,0.9993129776616922,pre,Aug Y - Oct Y
7,1,7,"Wind stress, alongshore (buoys)",-0.10942056731815988,0.031158772207123722,0.3577983299849141,26,0.5946568808613372,1,0.8320734079816161,rec,Jul Y - Jul Y
-4,4,-1,Storm hours Hs > 4 m (buoys),-0.10711110458450725,-0.11041208034948467,-0.06332777559571937,27,0.594889733912783,1,0.9993129776616922,pre,Aug Y-1 - Nov Y-1
-5,2,-4,BEUTI,0.10933418279524271,0.3631144338615926,0.8986969157009265,26,0.5949496075588716,1,0.8320734079816161,rec,Jul Y-1 - Aug Y-1
14,1,14,"Columbia discharge, The Dalles",0.10920382076206823,0.07893993651828374,-0.0648635289970527,26,0.5953914750839813,1,0.8320927588520918,rec,Feb Y+1 - Feb Y+1
12,2,13,"Wind stress, alongshore (buoys)",-0.11155957917235994,-0.11878030427666102,0.1348771676094421,25,0.5954861299756373,1,0.9993129776616922,pre,Dec Y - Jan Y+1
5,3,7,"SST anomaly (MUR, 5-beach mean)",0.1262144178512048,0.25533380880904927,0.31191871685286054,20,0.5959511083487594,1,0.832276547866371,rec,May Y - Jul Y
3,2,4,SST anomaly (OISST),-0.10662068042014196,-0.10477305019611045,0.027815572944789584,27,0.5965870955383139,1,0.9993129776616922,pre,Mar Y - Apr Y
-7,2,-6,"SST anomaly (MUR, 5-beach mean)",-0.1296925504457849,-0.004512967374474894,0.23529346206249072,19,0.5966793290767168,1,0.8324598438035531,rec,May Y-1 - Jun Y-1
12,4,15,"Wind stress, alongshore (buoys)",0.11109391172838692,0.08553740797446821,0.3693126001589541,25,0.5970324215299871,1,0.9993129776616922,pre,Dec Y - Mar Y+1
-8,3,-6,CUTI,0.10862065858589691,0.2523925115903048,0.4576432231262547,26,0.5973698406363215,1,0.8324598438035531,rec,Apr Y-1 - Jun Y-1
10,2,11,SST anomaly (OISST),-0.10619693230301938,-0.08150058738107967,0.32267140107186093,27,0.5980553549616985,1,0.9993129776616922,pre,Oct Y - Nov Y
-6,2,-5,"Wind stress, alongshore (buoys)",-0.10832351847249287,0.03433139926128509,0.3634289328439764,26,0.5983789566907343,1,0.8324598438035531,rec,Jun Y-1 - Jul Y-1
29,1,29,CUTI,-0.10824202435196938,0.08306174859125193,0.4845719725998315,26,0.5986558449232364,1,0.8324598438035531,rec,May Y+2 - May Y+2
8,1,8,"SST anomaly (MUR, 5-beach mean)",0.12172646047663697,0.2990637769781751,0.4494764431807118,21,0.5991487065013127,1,0.8324598438035531,rec,Aug Y - Aug Y
15,1,15,"Columbia discharge, The Dalles",-0.10780809636243087,-0.10881991798789722,-0.022659484196970392,26,0.6001310937870734,1,0.8324598438035531,rec,Mar Y+1 - Mar Y+1
-3,4,0,Willamette discharge,-0.10548285173784243,-0.11923924225662887,-0.3584488548753036,27,0.6005330740736012,1,0.9993129776616922,pre,Sep Y-1 - Dec Y-1
8,1,8,SST anomaly (buoys),0.10768948033945866,0.17834921790589606,0.22662709800820213,26,0.6005346268954718,1,0.8324598438035531,rec,Aug Y - Aug Y
-1,1,-1,Willamette discharge,-0.10541491653153563,-0.11652092191434174,-0.25087431561079027,27,0.6007690225565994,1,0.9993129776616922,pre,Nov Y-1 - Nov Y-1
9,4,12,SST anomaly (OISST),-0.10761273944076706,-0.020721151027259438,0.21877650453828823,26,0.6007957614778381,1,0.8324598438035531,rec,Sep Y - Dec Y
12,3,14,Storm hours Hs > 4 m (buoys),-0.10981915177611298,-0.1800337622538118,-0.24685357847291517,25,0.6012740688335847,1,0.8324598438035531,rec,Dec Y - Feb Y+1
-1,4,2,SST anomaly (OISST),-0.10514398752324103,-0.10278862275720475,0.03608714162691023,27,0.6017103876671505,1,0.9993129776616922,pre,Nov Y-1 - Feb Y
0,1,0,CUTI,0.10732312509887967,0.16977034053317525,0.2018022886653375,26,0.60178169583284,1,0.8324598438035531,rec,Dec Y-1 - Dec Y-1
13,4,16,Willamette discharge,-0.10510101837316169,-0.11094886727760983,-0.11515555403268606,27,0.6018597448624803,1,0.9993129776616922,pre,Jan Y+1 - Apr Y+1
0,1,0,Storm hours Hs > 4 m (buoys),0.10727558122481921,0.02439189958826246,-0.2081976082518176,26,0.6019436147185151,1,0.8324598438035531,rec,Dec Y-1 - Dec Y-1
5,4,8,Willamette discharge,0.10724567394461627,0.07646703912196702,-0.06665286360965622,26,0.6020454785518844,1,0.8324598438035531,rec,May Y - Aug Y
8,4,11,CUTI,-0.1072431137745728,0.056608376263781436,0.4172134606159316,26,0.6020541987978876,1,0.8324598438035531,rec,Aug Y - Nov Y
26,1,26,Storm hours Hs > 4 m (buoys),-0.10723629093392086,-0.17499681003337325,-0.2177539478602626,26,0.6020774384710883,1,0.8324598438035531,rec,Feb Y+2 - Feb Y+2
10,3,12,Storm hours Hs > 4 m (buoys),-0.10491105328794108,-0.11879401941088866,-0.3633542875284473,27,0.6025202356343365,1,0.9993129776616922,pre,Oct Y - Dec Y
13,2,14,"Wind stress, alongshore (buoys)",0.10925483062474299,0.087024948942447,0.33388520705773234,25,0.6031558392118034,1,0.9993129776616922,pre,Jan Y+1 - Feb Y+1
14,1,14,Storm hours Hs > 4 m (buoys),-0.1067596107343792,-0.1020816727442522,-0.2177539478602626,26,0.6037020223021708,1,0.9993129776616922,pre,Feb Y+1 - Feb Y+1
1,3,3,"Columbia discharge, The Dalles",-0.10456897838415716,-0.11534326971701094,-0.23961670335581395,27,0.6037103698024324,1,0.9993129776616922,pre,Jan Y - Mar Y
11,1,11,"Columbia discharge, Beaver",-0.10674696670915093,-0.10623887842877049,-0.01814687418231706,26,0.6037451397611824,1,0.833591528752435,rec,Nov Y - Nov Y
21,2,22,SST anomaly (buoys),0.10670372646799584,0.2821541534043522,0.5640429359931114,26,0.6038926033289854,1,0.833591528752435,rec,Sep Y+1 - Oct Y+1
-8,2,-7,BEUTI,0.10661878164132418,0.2156211487272494,0.3445379413615473,26,0.6041823374548256,1,0.833591528752435,rec,Apr Y-1 - May Y-1
0,1,0,CUTI,0.1043496006298846,0.1134868297173822,0.19306443570455126,27,0.6044741420478399,1,0.9993129776616922,pre,Dec Y-1 - Dec Y-1
15,2,16,BEUTI,0.10423272406272013,0.11542458345636102,0.25234462298781873,27,0.6048812184817178,1,0.9993129776616922,pre,Mar Y+1 - Apr Y+1
17,2,18,Willamette discharge,-0.10414588881500016,-0.10736355599260822,-0.06151056610854272,27,0.6051837368744137,1,0.9993129776616922,pre,May Y+1 - Jun Y+1
3,1,3,"Wind stress, alongshore (buoys)",0.10858677039284446,0.11565587374529346,0.3012145092619622,25,0.6053867239626494,1,0.9993129776616922,pre,Mar Y - Mar Y
21,4,24,SST anomaly (buoys),-0.10623030006928422,0.09134098301469759,0.5007358297460917,26,0.6055081338258161,1,0.8348282355726145,rec,Sep Y+1 - Dec Y+1
-9,4,-6,Willamette discharge,-0.10400887656176001,-0.1079504648151229,-0.07562211945079035,27,0.605661192304622,1,0.9993129776616922,pre,Mar Y-1 - Jun Y-1
4,2,5,"Wind stress, alongshore (buoys)",-0.11353652684439688,-0.02627874817478356,0.23376561067672744,23,0.6059870030637613,1,0.8348963387356144,rec,Apr Y - May Y
-4,1,-4,"Wind stress, alongshore (buoys)",-0.10364921203670796,-0.09415282903226911,0.1416991995273423,27,0.6069152908942883,1,0.9993129776616922,pre,Aug Y-1 - Aug Y-1
9,4,12,CUTI,-0.10578609154920451,0.02143880108022434,0.32474321709464044,26,0.6070256055900226,1,0.8351191372016938,rec,Sep Y - Dec Y
10,4,13,BEUTI,0.10572253892529675,0.18044850205592863,0.23839944721873388,26,0.6072428392046275,1,0.8351191372016938,rec,Oct Y - Jan Y+1
1,3,3,SST anomaly (OISST),-0.10562694106857085,-0.10151169161594999,0.13279852512112508,26,0.6075696700066875,1,0.9993129776616922,pre,Jan Y - Mar Y
-4,2,-3,"Columbia discharge, The Dalles",0.10555684078366165,-0.046027503678166284,-0.386990018510525,26,0.6078093761526118,1,0.8351191372016938,rec,Aug Y-1 - Sep Y-1
7,4,10,"Wind stress, alongshore (buoys)",0.10333144446098766,0.11029885693423139,0.13962414967279707,27,0.6080242057272008,1,0.9993129776616922,pre,Jul Y - Oct Y
6,1,6,"SST anomaly (MUR, 5-beach mean)",0.11878908431309475,0.16019453732189715,0.11860777064193481,21,0.6080568354143663,1,0.8351191372016938,rec,Jun Y - Jun Y
-10,2,-9,BEUTI,-0.10541437510955486,0.028042544608556774,0.34087663414844005,26,0.6082966554925918,1,0.8351191372016938,rec,Feb Y-1 - Mar Y-1
-7,4,-4,Willamette discharge,-0.10280402450724994,-0.10784198900076494,-0.09767126976718085,27,0.6098666135610338,1,0.9993129776616922,pre,May Y-1 - Aug Y-1
12,3,14,"SST anomaly (MUR, 5-beach mean)",-0.11816362788003171,-0.1346124971642766,-0.061145209895887,21,0.6099606236090642,1,0.8365160704224701,rec,Dec Y - Feb Y+1
16,4,19,SST anomaly (OISST),-0.10470402316904209,-0.007293179705516217,0.24730729572145443,26,0.6107287188176681,1,0.8365160704224701,rec,Apr Y+1 - Jul Y+1
14,3,16,Willamette discharge,-0.10466459240994211,-0.1177916746952512,-0.056664823188336606,26,0.6108638378166993,1,0.8365160704224701,rec,Feb Y+1 - Apr Y+1
24,1,24,PDO,-0.10446010914010573,-0.14337235822837704,-0.13138353733856337,26,0.6115647479035303,1,0.8365160704224701,rec,Dec Y+1 - Dec Y+1
17,4,20,"Wind stress, alongshore (buoys)",-0.10444440804821689,0.04323750202944743,0.3774873894526304,26,0.6116185805262834,1,0.8365160704224701,rec,May Y+1 - Aug Y+1
-9,1,-9,Willamette discharge,0.10436349935360377,0.056796815576610114,-0.11343535024621595,26,0.6118960144756957,1,0.8365160704224701,rec,Mar Y-1 - Mar Y-1
13,2,14,"Columbia discharge, Beaver",-0.10219941236338638,-0.10652624625019314,-0.08312016354496493,27,0.6119815308243085,1,0.9993129776616922,pre,Jan Y+1 - Feb Y+1
0,4,3,SST anomaly (OISST),-0.10191541833031498,-0.10229630506335972,-0.009580378554008258,27,0.6129759844705549,1,0.9993129776616922,pre,Dec Y-1 - Mar Y
-8,2,-7,PDO,-0.10383494586266646,-0.1249341615781988,-0.07944636466020583,26,0.6137096922809532,1,0.837891247728798,rec,Apr Y-1 - May Y-1
23,2,24,"Columbia discharge, The Dalles",-0.10368603591922773,-0.1836598190265949,-0.25375751054257306,26,0.614221061996135,1,0.837891247728798,rec,Nov Y+1 - Dec Y+1
11,2,12,CUTI,-0.10360918850989677,0.04487714159787865,0.37981437500360643,26,0.6144850314065,1,0.837891247728798,rec,Nov Y - Dec Y
6,4,9,BEUTI,-0.1035681586717561,0.2515487005079381,0.8530211926814875,26,0.6146259872743137,1,0.837891247728798,rec,Jun Y - Sep Y
16,3,18,SST anomaly (buoys),-0.10572374878842103,-0.1146728551953612,0.22955442944929685,25,0.6149861219619434,1,0.9993129776616922,pre,Apr Y+1 - Jun Y+1
-4,3,-2,"Columbia discharge, Beaver",0.1032035887413478,-0.044270141055566065,-0.377380880824911,26,0.6158790328070761,1,0.8390111000539284,rec,Aug Y-1 - Oct Y-1
1,3,3,CUTI,0.1009556354721793,0.11632199814910663,0.4553975033531789,27,0.6163417719664495,1,0.9993129776616922,pre,Jan Y - Mar Y
28,2,29,PDO,-0.1027184889029296,-0.15674450256543013,-0.17556307377971211,26,0.6175479715612128,1,0.8401554903511936,rec,Apr Y+2 - May Y+2
7,1,7,SST anomaly (buoys),-0.10247416778616615,0.05833774256541441,0.4113713983493765,26,0.6183892355482139,1,0.8401554903511936,rec,Jul Y - Jul Y
4,1,4,PDO,-0.10024700831404708,-0.10982900445971151,-0.2025049835276004,27,0.6188316728910259,1,0.9993129776616922,pre,Apr Y - Apr Y
10,1,10,"Columbia discharge, Beaver",-0.10022586345890534,-0.11521905429911068,-0.4111990321702716,27,0.6189060328061093,1,0.9993129776616922,pre,Oct Y - Oct Y
1,4,4,BEUTI,0.10020865752424765,0.11482982500507301,0.38614225220278964,27,0.6189665434580915,1,0.9993129776616922,pre,Jan Y - Apr Y
-8,3,-6,PDO,-0.102280738536891,-0.13236279543391685,-0.1051574167463641,26,0.6190555972766372,1,0.8401554903511936,rec,Apr Y-1 - Jun Y-1
7,2,8,Willamette discharge,-0.10015830132181132,-0.11059401181533378,-0.22585565094517068,27,0.619143652480863,1,0.9993129776616922,pre,Jul Y - Aug Y
5,4,8,CUTI,-0.09995068018834685,-0.04070622519084179,0.6299260902988151,27,0.6198741009168254,1,0.9993129776616922,pre,May Y - Aug Y
-10,1,-10,CUTI,-0.10189043117904152,0.10255303492793053,0.5194833168871772,26,0.620401094173662,1,0.8401554903511936,rec,Feb Y-1 - Feb Y-1
13,3,15,"Columbia discharge, Beaver",-0.1018399458041319,-0.10250142040103494,-0.020561779269795688,26,0.6205752181550548,1,0.8401554903511936,rec,Jan Y+1 - Mar Y+1
17,2,18,"SST anomaly (MUR, 5-beach mean)",0.11465379196700261,0.1183118743116908,0.08722661098835098,21,0.6206887359622952,1,0.9993129776616922,pre,May Y+1 - Jun Y+1
18,4,21,CUTI,-0.10174087590024242,0.06522918300128412,0.4271126437793115,26,0.6209169679453819,1,0.8401554903511936,rec,Jun Y+1 - Sep Y+1
3,2,4,BEUTI,0.0996228059022002,0.10993751227955365,0.22203747237387841,27,0.621028338662294,1,0.9993129776616922,pre,Mar Y - Apr Y
11,2,12,SST anomaly (OISST),-0.10164168334593102,-0.08500755470566224,0.028261412790305727,26,0.6212592175542769,1,0.8401554903511936,rec,Nov Y - Dec Y
15,2,16,SST anomaly (OISST),-0.0994702166961608,-0.09374024082878271,0.08853048306093696,27,0.6215658075347363,1,0.9993129776616922,pre,Mar Y+1 - Apr Y+1
0,2,1,"Columbia discharge, Beaver",0.10148501886192705,0.0017089844386568446,-0.2543499377312158,26,0.6217999220106232,1,0.8401554903511936,rec,Dec Y-1 - Jan Y
11,4,14,"Columbia discharge, Beaver",-0.10143881465437157,-0.12598194947792551,-0.0889269502820236,26,0.6219594255538979,1,0.8401554903511936,rec,Nov Y - Feb Y+1
5,3,7,Willamette discharge,0.10131733743176125,0.07759629941044573,-0.0481290954294793,26,0.6223788615955308,1,0.8401554903511936,rec,May Y - Jul Y
10,3,12,"Wind stress, alongshore (buoys)",0.1058291831168814,0.14022201234123088,0.14310181441156708,24,0.6226034733989789,1,0.8401554903511936,rec,Oct Y - Dec Y
3,3,5,PDO,-0.09913582485138286,-0.10985457382760196,-0.23312523758596207,27,0.6227443069843049,1,0.9993129776616922,pre,Mar Y - May Y
15,4,18,SST anomaly (OISST),-0.09903299000090379,-0.09019772831534553,0.13328679853090733,27,0.623106911176728,1,0.9993129776616922,pre,Mar Y+1 - Jun Y+1
-11,2,-10,BEUTI,-0.1009626786024731,-0.00680826190552138,0.23961833383512104,26,0.6236040823488798,1,0.8401554903511936,rec,Jan Y-1 - Feb Y-1
4,2,5,"Columbia discharge, Beaver",-0.0986637170236691,-0.0940957340250854,0.07106911824250771,27,0.6244097048654539,1,0.9993129776616922,pre,Apr Y - May Y
-5,3,-3,CUTI,0.0986116248156027,0.1143249803836365,0.46737076780396725,27,0.6245935748230922,1,0.9993129776616922,pre,Jul Y-1 - Sep Y-1
-11,2,-10,Willamette discharge,0.10060496828295293,-0.05764197597354842,-0.4055946254654635,26,0.6248408330479033,1,0.8401554903511936,rec,Jan Y-1 - Feb Y-1
28,1,28,"SST anomaly (MUR, 5-beach mean)",0.11026612522027356,0.09202177865904189,-0.015027967606894312,22,0.625196819194042,1,0.8401554903511936,rec,Apr Y+2 - Apr Y+2
28,3,30,PDO,-0.10043549985552473,-0.15698035237770666,-0.18249877080429702,26,0.625427100263424,1,0.8401554903511936,rec,Apr Y+2 - Jun Y+2
-9,1,-9,SST anomaly (OISST),-0.0983176530471741,-0.09944897456848543,-0.022677095940856488,27,0.6256316184600039,1,0.9993129776616922,pre,Mar Y-1 - Mar Y-1
18,1,18,Wave energy Hs^2 (buoys),-0.10036535555958742,-0.22547163170572887,-0.39294630073645775,26,0.6256698257304829,1,0.8401554903511936,rec,Jun Y+1 - Jun Y+1
-4,1,-4,"Wind stress, alongshore (buoys)",0.1003558067565126,0.14102446629713558,0.13565036362096078,26,0.6257028710936187,1,0.8401554903511936,rec,Aug Y-1 - Aug Y-1
15,2,16,"Columbia discharge, Beaver",-0.10033202986404825,-0.07036657389989141,0.06567962893211933,26,0.6257851583958416,1,0.8401554903511936,rec,Mar Y+1 - Apr Y+1
13,3,15,Storm hours Hs > 4 m (buoys),0.10030651672132992,0.09988679611434254,-0.2589463416356154,26,0.6258734593821186,1,0.9993129776616922,pre,Jan Y+1 - Mar Y+1
-4,1,-4,"SST anomaly (MUR, 5-beach mean)",-0.11608394870851302,0.08166779605704184,0.3811329312357077,20,0.6259967686826622,1,0.8401554903511936,rec,Aug Y-1 - Aug Y-1
-2,3,0,CUTI,0.0981978451041828,0.11148528025432335,0.3169100875433539,27,0.6260548722719295,1,0.9993129776616922,pre,Oct Y-1 - Dec Y-1
1,1,1,SST anomaly (buoys),-0.10024288668261432,-0.0940331784823638,0.18591445620692762,26,0.6260937048237685,1,0.9993129776616922,pre,Jan Y - Jan Y
24,2,25,SST anomaly (buoys),-0.10017308683803992,-0.03235942843473223,0.16933205096388745,26,0.626335341994253,1,0.8401554903511936,rec,Dec Y+1 - Jan Y+2
-2,3,0,Willamette discharge,-0.0980817243696553,-0.11199354095619463,-0.34244975723066096,27,0.6264652104040183,1,0.9993129776616922,pre,Oct Y-1 - Dec Y-1
17,2,18,BEUTI,0.1000547708384655,0.25564205848532356,0.4917997188667778,26,0.6267450209770566,1,0.8401554903511936,rec,May Y+1 - Jun Y+1
20,2,21,"Columbia discharge, The Dalles",0.0999701823505374,0.012117250492217164,-0.22311885042814222,26,0.6270379817318457,1,0.8401554903511936,rec,Aug Y+1 - Sep Y+1
3,3,5,"Columbia discharge, The Dalles",-0.0978768301483322,-0.10000339567014041,-0.04065686081582484,27,0.6271895138408858,1,0.9993129776616922,pre,Mar Y - May Y
-10,1,-10,BEUTI,0.09779271012395561,0.11373318895772226,0.49436148554750203,27,0.6274869768240503,1,0.9993129776616922,pre,Feb Y-1 - Feb Y-1
8,3,10,Storm hours Hs > 4 m (buoys),-0.099806049519691,-0.07725139883331758,0.04515340542893416,26,0.6276065905586999,1,0.8401554903511936,rec,Aug Y - Oct Y
17,4,20,CUTI,-0.09980206772715638,0.1328168746575818,0.5881709497936352,26,0.6276203873396833,1,0.8401554903511936,rec,May Y+1 - Aug Y+1
7,2,8,SST anomaly (OISST),0.10187440788745324,0.1754128733036224,0.25869990424378747,25,0.6279898707526045,1,0.8401554903511936,rec,Jul Y - Aug Y
20,3,22,Wave energy Hs^2 (buoys),-0.09966951184169666,-0.08630349124409721,0.01945164663042005,26,0.6280797586658242,1,0.8401554903511936,rec,Aug Y+1 - Oct Y+1
13,1,13,"Columbia discharge, Beaver",-0.09942536454268103,-0.12826069957472183,-0.10095849906275782,26,0.6289262020052856,1,0.8401554903511936,rec,Jan Y+1 - Jan Y+1
-2,2,-1,PDO,-0.09733074226661231,-0.10538850374194962,-0.16309334175542795,27,0.6291215872208076,1,0.9993129776616922,pre,Oct Y-1 - Nov Y-1
-10,4,-7,"SST anomaly (MUR, 5-beach mean)",-0.11503081409807361,-0.12261349747906873,-0.02919749145983166,20,0.6291541262424318,1,0.9993129776616922,pre,Feb Y-1 - May Y-1
5,3,7,SST anomaly (buoys),-0.09932904738283692,0.01444817774239883,0.2916867182443298,26,0.629260253209558,1,0.8401554903511936,rec,May Y - Jul Y
15,1,15,SST anomaly (OISST),-0.09720997206132716,-0.09532002062612398,0.02882976145266154,27,0.6295491979627827,1,0.9993129776616922,pre,Mar Y+1 - Mar Y+1
9,4,12,SST anomaly (OISST),-0.09720591531790533,-0.07805439527030854,0.2654693196525417,27,0.6295635636877777,1,0.9993129776616922,pre,Sep Y - Dec Y
7,4,10,Storm hours Hs > 4 m (buoys),-0.09922234063604023,-0.07690571466754054,0.044596250396752433,26,0.629630420933732,1,0.8401554903511936,rec,Jul Y - Oct Y
16,1,16,CUTI,0.09920677116289636,0.12817713011280002,0.10130606660221458,26,0.6296844390132146,1,0.8401554903511936,rec,Apr Y+1 - Apr Y+1
13,3,15,"Wind stress, alongshore (buoys)",0.10128283164995441,0.07896978145808548,0.3397957828745118,25,0.6299980341189408,1,0.9993129776616922,pre,Jan Y+1 - Mar Y+1
25,1,25,Wave energy Hs^2 (buoys),0.09891336841106259,0.08743621620940337,-0.014279627816842489,26,0.6307027423349961,1,0.8409369897799948,rec,Jan Y+2 - Jan Y+2
13,3,15,SST anomaly (OISST),0.09876887021374559,0.09408601660545725,0.22317075601005956,26,0.6312044889775437,1,0.9993129776616922,pre,Jan Y+1 - Mar Y+1
-10,3,-8,SST anomaly (buoys),-0.10075464994086952,-0.09037108304760355,0.11606052994090263,25,0.6317931575373853,1,0.9993129776616922,pre,Feb Y-1 - Apr Y-1
-4,2,-3,"SST anomaly (MUR, 5-beach mean)",-0.11409480185911944,0.1293130527073878,0.4698037924900869,20,0.631965556488779,1,0.8420432089199358,rec,Aug Y-1 - Sep Y-1
8,2,9,"Columbia discharge, Beaver",-0.09646681038423617,-0.10951339612716689,-0.3045439705422163,27,0.6321830700539798,1,0.9993129776616922,pre,Aug Y - Sep Y
15,2,16,Willamette discharge,-0.09834594605529083,-0.07403258300175732,0.05032637714014814,26,0.6326739384794251,1,0.8424096824684948,rec,Mar Y+1 - Apr Y+1
0,3,2,Willamette discharge,-0.09629216045602372,-0.11162987359228442,-0.4105655781256852,27,0.6328026922689658,1,0.9993129776616922,pre,Dec Y-1 - Feb Y
8,2,9,Willamette discharge,-0.09625137524631716,-0.1118388447529995,-0.4281264910129173,27,0.632947424711577,1,0.9993129776616922,pre,Aug Y - Sep Y
-10,1,-10,"Columbia discharge, Beaver",0.0980394083551302,0.014835994862506864,-0.21116064244096966,26,0.6337398527168274,1,0.842987137004217,rec,Feb Y-1 - Feb Y-1
2,4,5,BEUTI,-0.09595973568656031,-0.05323213197989457,0.504637874681415,27,0.6339827356133003,1,0.9993129776616922,pre,Feb Y - May Y
-6,2,-5,"Columbia discharge, Beaver",0.09794026379420286,0.03410641048883158,-0.1590315189842855,26,0.6340847575190649,1,0.842987137004217,rec,Jun Y-1 - Jul Y-1
9,3,11,BEUTI,0.09574135595355007,0.11070003141918532,0.6453490485309984,27,0.6347584171388669,1,0.9993129776616922,pre,Sep Y - Nov Y
17,2,18,SST anomaly (buoys),-0.09760555166154043,0.00374290550320623,0.2594849822297661,26,0.6352497056913413,1,0.842987137004217,rec,May Y+1 - Jun Y+1
-7,1,-7,Willamette discharge,0.09755566135405042,-0.07960246167461202,-0.454270062246725,26,0.6354234187869041,1,0.842987137004217,rec,May Y-1 - May Y-1
29,2,30,Wave energy Hs^2 (buoys),-0.09752982830053009,-0.1325048272187239,-0.11841874521627879,26,0.6355133742937908,1,0.842987137004217,rec,May Y+2 - Jun Y+2
14,1,14,Wave energy Hs^2 (buoys),-0.09747295654291736,-0.09340049633128614,-0.20513607557848273,26,0.6357114300922909,1,0.9993129776616922,pre,Feb Y+1 - Feb Y+1
-7,4,-4,"Wind stress, alongshore (buoys)",0.09731725649854307,0.249812943577785,0.4799401541175403,26,0.6362537799731939,1,0.842987137004217,rec,May Y-1 - Aug Y-1
-2,3,0,"Wind stress, alongshore (buoys)",-0.10164949846212419,-0.09094682976670067,0.0067591482414216,24,0.6364826873920897,1,0.842987137004217,rec,Oct Y-1 - Dec Y-1
25,2,26,SST anomaly (buoys),-0.097189815664023,-0.024854164303908223,0.18217209401044038,26,0.6366978304338107,1,0.842987137004217,rec,Jan Y+2 - Feb Y+2
15,4,18,"Columbia discharge, Beaver",-0.09710014710749273,-0.04873601307571054,0.11703310272271007,26,0.6370103416971167,1,0.842987137004217,rec,Mar Y+1 - Jun Y+1
9,3,11,CUTI,0.09500348722222479,0.1074633917316549,0.28206851927062326,27,0.6373820973320692,1,0.9993129776616922,pre,Sep Y - Nov Y
18,1,18,SST anomaly (OISST),-0.09693473975811395,-0.06211975371484769,0.0797516156110285,26,0.6375869749940001,1,0.8431762444818613,rec,Jun Y+1 - Jun Y+1
16,2,17,Willamette discharge,-0.09483190802374686,-0.08872909939780106,0.09447576509091477,27,0.6379928040663341,1,0.9993129776616922,pre,Apr Y+1 - May Y+1
21,1,21,"Columbia discharge, The Dalles",0.09664479321490112,-0.023629789042396137,-0.30940747982391503,26,0.638598264794594,1,0.8432340836233634,rec,Sep Y+1 - Sep Y+1
16,3,18,"SST anomaly (MUR, 5-beach mean)",-0.1118893347349035,-0.03635508151562207,0.13003615803631796,20,0.6386091574528158,1,0.8432340836233634,rec,Apr Y+1 - Jun Y+1
-10,1,-10,SST anomaly (buoys),0.09645478674016844,0.10856349074657289,0.13462629099389664,26,0.6392613202428981,1,0.9993129776616922,pre,Feb Y-1 - Feb Y-1
29,1,29,"Wind stress, alongshore (buoys)",-0.10078829650629527,0.07569213548326877,0.46227964047198766,24,0.6393574275743237,1,0.8432340836233634,rec,May Y+2 - May Y+2
19,2,20,SST anomaly (buoys),0.09635236523889036,0.23788387577973133,0.44368782121421735,26,0.6396188470721562,1,0.8432340836233634,rec,Jul Y+1 - Aug Y+1
2,1,2,"SST anomaly (MUR, 5-beach mean)",-0.10846127697656475,-0.1293208917477039,-0.11024653717043992,21,0.6397975239173666,1,0.9993129776616922,pre,Feb Y - Feb Y
8,4,11,Willamette discharge,-0.09616157097516068,-0.14248388344965535,-0.1513215146350105,26,0.6402850691253872,1,0.8432340836233634,rec,Aug Y - Nov Y
9,2,10,"Wind stress, alongshore (buoys)",0.09615303428733196,0.09993846750316797,0.028387585282858688,26,0.6403148841774924,1,0.8432340836233634,rec,Sep Y - Oct Y
16,4,19,"Wind stress, alongshore (buoys)",0.0981523359048776,0.16018596804253535,0.2027644144962767,25,0.6406670481027303,1,0.8432340836233634,rec,Apr Y+1 - Jul Y+1
-7,3,-5,BEUTI,0.09558041691902854,0.32483045470983707,0.7503820034531485,26,0.6423160340755246,1,0.8443198174174045,rec,May Y-1 - Jul Y-1
-11,4,-8,"SST anomaly (MUR, 5-beach mean)",0.11392721538256516,0.09105206803931216,-0.027251745393808,19,0.6423606018314512,1,0.8443198174174045,rec,Jan Y-1 - Apr Y-1
16,1,16,SST anomaly (OISST),-0.09353544212324456,-0.08384169818263165,0.14609629580099717,27,0.642614784549417,1,0.9993129776616922,pre,Apr Y+1 - Apr Y+1
16,3,18,BEUTI,0.09352736909953302,0.10890446219236173,0.39836692331586404,27,0.642643606326952,1,0.9993129776616922,pre,Apr Y+1 - Jun Y+1
-4,2,-3,"SST anomaly (MUR, 5-beach mean)",0.10740899470424041,0.19335226461231755,0.49659093989180175,21,0.6430670032837031,1,0.9993129776616922,pre,Aug Y-1 - Sep Y-1
-10,4,-7,Willamette discharge,0.09525112200234939,1.622936639101568e-4,-0.24349849660444417,26,0.6434679375593129,1,0.8452038314968271,rec,Feb Y-1 - May Y-1
-7,4,-4,BEUTI,0.09501183426112514,0.34378369146287174,0.8312706387497978,26,0.6443054913145295,1,0.8457325287747776,rec,May Y-1 - Aug Y-1
-6,4,-3,"Columbia discharge, Beaver",0.09482117682753095,0.01120155539742857,-0.21301565178443196,26,0.64497313222794,1,0.8460376309386742,rec,Jun Y-1 - Sep Y-1
15,1,15,Storm hours Hs > 4 m (buoys),0.09480019100865429,0.09125199106885921,-0.40427841188697916,26,0.6450466363875702,1,0.9993129776616922,pre,Mar Y+1 - Mar Y+1
5,4,8,SST anomaly (buoys),0.09283591518356335,0.10756857864058705,0.3635868540109308,27,0.64511405956888,1,0.9993129776616922,pre,May Y - Aug Y
20,1,20,"Columbia discharge, The Dalles",0.0945556452721941,0.030804072793443434,-0.1595129357998426,26,0.6459034124908242,1,0.8466866041012557,rec,Aug Y+1 - Aug Y+1
4,2,5,CUTI,-0.09430444538090497,0.031750409250566526,0.3251491023428708,26,0.6467839597046978,1,0.847269553683243,rec,Apr Y - May Y
0,3,2,"Columbia discharge, Beaver",-0.09231552126501519,-0.10402428095595004,-0.2556060439689916,27,0.6469757724994658,1,0.9993129776616922,pre,Dec Y-1 - Feb Y
16,2,17,"SST anomaly (MUR, 5-beach mean)",-0.1060197162705732,-0.054093296509911674,0.09440666443438335,21,0.647393277281081,1,0.8474966538952333,rec,Apr Y+1 - May Y+1
8,4,11,CUTI,0.09215518663964718,0.10812486450567237,0.4268848007560188,27,0.6475497895278917,1,0.9993129776616922,pre,Aug Y - Nov Y
6,1,6,"Wind stress, alongshore (buoys)",-0.09210061119745025,-0.07850360578068258,0.1987279864928513,27,0.6477452210058301,1,0.9993129776616922,pre,Jun Y - Jun Y
-11,3,-9,BEUTI,0.09206351900547163,0.1044468528354596,0.27573705403973986,27,0.6478780589914253,1,0.9993129776616922,pre,Jan Y-1 - Mar Y-1
-5,2,-4,SST anomaly (OISST),-0.09600653184503917,0.035443536437099625,0.2790358009184798,25,0.6480205377568351,1,0.8477469215338408,rec,Jul Y-1 - Aug Y-1
2,4,5,SST anomaly (OISST),-0.09194543355414676,-0.08799401625119545,0.06195347538326617,27,0.6483010275803335,1,0.9993129776616922,pre,Feb Y - May Y
1,2,2,SST anomaly (buoys),-0.09384399340874262,-0.08919772018141622,0.14966996848295958,26,0.648399213582779,1,0.9993129776616922,pre,Jan Y - Feb Y
-4,1,-4,SST anomaly (buoys),-0.09382102446818344,-2.503432289743097e-4,0.2398144185063437,26,0.6484798286830512,1,0.8477772609010434,rec,Aug Y-1 - Aug Y-1
9,4,12,"SST anomaly (MUR, 5-beach mean)",0.10283324425713351,0.13095612577047613,0.46082198983732964,22,0.6488311266215818,1,0.9993129776616922,pre,Sep Y - Dec Y
12,4,15,"SST anomaly (MUR, 5-beach mean)",0.10281839684841175,0.09891857798457712,-0.040509231683679925,22,0.6488786746511805,1,0.9993129776616922,pre,Dec Y - Mar Y+1
5,2,6,"Columbia discharge, Beaver",-0.09174459758625646,-0.09159910216292423,-1.9001125789139565e-4,27,0.6490206436851526,1,0.9993129776616922,pre,May Y - Jun Y
30,1,30,BEUTI,-0.09354456212172563,0.08784081530086468,0.46652626429199423,26,0.6494504430263144,1,0.848475578792443,rec,Jun Y+2 - Jun Y+2
17,1,17,Wave energy Hs^2 (buoys),-0.09152435722143966,-0.09674786775594948,-0.09995097239233712,27,0.6498101413746341,1,0.9993129776616922,pre,May Y+1 - May Y+1
6,1,6,Willamette discharge,0.09326099084351214,0.09487795880554553,0.02169088976250555,26,0.6504465946094313,1,0.8492062994766517,rec,Jun Y - Jun Y
-5,1,-5,CUTI,0.091235995146424,0.10762283439062181,0.4503989201059425,27,0.6508443936413686,1,0.9993129776616922,pre,Jul Y-1 - Jul Y-1
-1,3,1,Storm hours Hs > 4 m (buoys),0.09116284298122294,0.08205972336590438,-0.1382448916768235,27,0.6511068649062549,1,0.9993129776616922,pre,Nov Y-1 - Jan Y
21,4,24,"Columbia discharge, The Dalles",-0.09293484274588502,-0.20305047894747438,-0.3428095607244073,26,0.651593036455159,1,0.8494653391658813,rec,Sep Y+1 - Dec Y+1
19,4,22,PDO,-0.09289233317439559,-0.09319104812354653,-0.01788238033903773,26,0.6517425185479837,1,0.8494653391658813,rec,Jul Y+1 - Oct Y+1
7,3,9,Willamette discharge,-0.09089672764692976,-0.1048357819363092,-0.3264658437732969,27,0.6520620337257226,1,0.9993129776616922,pre,Jul Y - Sep Y
-1,4,2,"Columbia discharge, Beaver",-0.09084175591193887,-0.10206367582611736,-0.24031071915016805,27,0.6522594108286486,1,0.9993129776616922,pre,Nov Y-1 - Feb Y
18,1,18,"Columbia discharge, The Dalles",-0.09268705159277664,-0.08561947010322693,0.0029933842811911094,26,0.6524645619168319,1,0.8494653391658813,rec,Jun Y+1 - Jun Y+1
-6,4,-3,CUTI,-0.09248581082133746,0.09414119828869602,0.4800667766318995,26,0.6531726884016539,1,0.8494653391658813,rec,Jun Y-1 - Sep Y-1
-9,2,-8,BEUTI,-0.09241020258700207,-0.034809140471098954,0.1432198806565013,26,0.6534388144525033,1,0.8494653391658813,rec,Mar Y-1 - Apr Y-1
8,2,9,SST anomaly (OISST),0.0904792627363835,0.1005745681432131,0.20998944116454904,27,0.6535615215994576,1,0.9993129776616922,pre,Aug Y - Sep Y
-7,1,-7,BEUTI,0.0922442197616916,0.23794166271725642,0.4549532034466845,26,0.6540231858954427,1,0.8494653391658813,rec,May Y-1 - May Y-1
-8,1,-8,CUTI,0.09218612908431746,0.18013509429286248,0.2745658195561913,26,0.6542277511641743,1,0.8494653391658813,rec,Apr Y-1 - Apr Y-1
21,3,23,"Columbia discharge, The Dalles",-0.09216854454562215,-0.1872508084873866,-0.29627676119368934,26,0.6542896795923563,1,0.8494653391658813,rec,Sep Y+1 - Nov Y+1
11,3,13,SST anomaly (OISST),-0.09408907108220725,-0.024041627901212153,0.1973361474184449,25,0.6546187566703614,1,0.8494653391658813,rec,Nov Y - Jan Y+1
-7,3,-5,Willamette discharge,-0.09007011092835729,-0.09437293238252567,-0.0814210931611561,27,0.6550324247837256,1,0.9993129776616922,pre,May Y-1 - Jul Y-1
18,2,19,"Columbia discharge, Beaver",-0.09185443916969593,-0.08047216843633376,0.015301759206876686,26,0.6553962564714417,1,0.8494653391658813,rec,Jun Y+1 - Jul Y+1
18,3,20,CUTI,-0.09183872066148525,0.12697687605836439,0.5595404695361845,26,0.6554516505909578,1,0.8494653391658813,rec,Jun Y+1 - Aug Y+1
16,1,16,PDO,-0.08971365155415975,-0.09959167704321835,-0.2040168333711921,27,0.6563149235103595,1,0.9993129776616922,pre,Apr Y+1 - Apr Y+1
25,1,25,"Wind stress, alongshore (buoys)",0.09151041739591698,0.13327290797968536,0.1369474737253486,26,0.6566090402317173,1,0.8497564538802593,rec,Jan Y+2 - Jan Y+2
19,3,21,PDO,-0.09147611862265148,-0.10239161831856387,-0.047838964829103284,26,0.6567300005714851,1,0.8497564538802593,rec,Jul Y+1 - Sep Y+1
7,4,10,"Wind stress, alongshore (buoys)",0.09132115378678814,0.13847244137521905,0.15267963687486774,26,0.6572766148128825,1,0.8497564538802593,rec,Jul Y - Oct Y
8,3,10,Willamette discharge,0.09127916699779143,0.02773443333521086,-0.15963454305530358,26,0.6574247462118878,1,0.8497564538802593,rec,Aug Y - Oct Y
-10,1,-10,"SST anomaly (MUR, 5-beach mean)",0.10563615002303062,0.07748343081530361,-0.08535774805071789,20,0.6575891011216497,1,0.9993129776616922,pre,Feb Y-1 - Feb Y-1
1,2,2,"Columbia discharge, Beaver",-0.08908750087062492,-0.0990342877044544,-0.20538724962671348,27,0.6585700410096073,1,0.9993129776616922,pre,Jan Y - Feb Y
12,3,14,"Columbia discharge, Beaver",-0.0909264610178818,-0.11982811354475635,-0.0994390139725942,26,0.6586696066075735,1,0.8503789254847031,rec,Dec Y - Feb Y+1
9,4,12,Storm hours Hs > 4 m (buoys),-0.08893557725884747,-0.10339297552903459,-0.3416026922425564,27,0.6591176431752721,1,0.9993129776616922,pre,Sep Y - Dec Y
-9,2,-8,Willamette discharge,-0.08891231354323037,-0.09145750501655128,-0.04792608161782219,27,0.6592015113965202,1,0.9993129776616922,pre,Mar Y-1 - Apr Y-1
16,1,16,BEUTI,0.09069838641835444,0.09116531670797673,0.017955251839962508,26,0.6594750578251625,1,0.8503789254847031,rec,Apr Y+1 - Apr Y+1
6,2,7,"SST anomaly (MUR, 5-beach mean)",0.10209099316737545,0.23660766641420675,0.3347995711543699,21,0.6596864710057485,1,0.8503789254847031,rec,Jun Y - Jul Y
-6,3,-4,"Columbia discharge, Beaver",0.09046331286966819,0.020036646931209864,-0.17847197582387836,26,0.6603056128706182,1,0.8503789254847031,rec,Jun Y-1 - Aug Y-1
12,1,12,CUTI,-0.08843590504337383,-0.07291995751744854,0.2245046343264974,27,0.6609198990291719,1,0.9993129776616922,pre,Dec Y - Dec Y
4,3,6,SST anomaly (buoys),-0.09430392055118324,-0.028069294512311892,0.1821765415650079,24,0.6611621907966352,1,0.8503789254847031,rec,Apr Y - Jun Y
6,4,9,Storm hours Hs > 4 m (buoys),-0.09020471041837877,-0.06459682185233385,0.05543439406017543,26,0.6612197521832983,1,0.8503789254847031,rec,Jun Y - Sep Y
-6,1,-6,PDO,-0.09018335362322047,-0.13568042468570435,-0.1475808217793229,26,0.6612952679380125,1,0.8503789254847031,rec,Jun Y-1 - Jun Y-1
21,4,24,PDO,-0.09015208667812694,-0.09608037515889012,-0.03337038687785459,26,0.6614058309325468,1,0.8503789254847031,rec,Sep Y+1 - Dec Y+1
14,1,14,"SST anomaly (MUR, 5-beach mean)",0.09875227013729447,0.0999329768430029,0.01713632406422618,22,0.6619493835152686,1,0.9993129776616922,pre,Feb Y+1 - Feb Y+1
-2,4,1,Willamette discharge,0.08990185785860796,-0.05698653527311092,-0.3804602664413168,26,0.6622909135269639,1,0.8504066950244084,rec,Oct Y-1 - Jan Y
27,1,27,"SST anomaly (MUR, 5-beach mean)",-0.0986428880630768,-0.169192573831938,-0.17331316137005712,22,0.6623023334706555,1,0.8504066950244084,rec,Mar Y+2 - Mar Y+2
16,3,18,SST anomaly (OISST),-0.08800722383531455,-0.07718310445875272,0.16271890162604696,27,0.662467571533778,1,0.9993129776616922,pre,Apr Y+1 - Jun Y+1
0,2,1,"Wind stress, alongshore (buoys)",-0.09177350200857992,-0.08737676382239869,0.06083114105514165,25,0.6626205601078854,1,0.9993129776616922,pre,Dec Y-1 - Jan Y
10,4,13,"SST anomaly (MUR, 5-beach mean)",0.09834609132040752,0.117501741053072,0.26451378647594825,22,0.6632603746012331,1,0.9993129776616922,pre,Oct Y - Jan Y+1
13,1,13,Wave energy Hs^2 (buoys),0.08957160253635262,0.05954760554352302,-0.06784127656539245,26,0.6634597333409326,1,0.8511223203337734,rec,Jan Y+1 - Jan Y+1
8,3,10,SST anomaly (buoys),0.08767482394087239,0.10339305357395348,0.3910375882621736,27,0.6636685708388237,1,0.9993129776616922,pre,Aug Y - Oct Y
-6,3,-4,"Wind stress, alongshore (buoys)",0.08761669304667571,0.10044161048422222,0.2836931496649927,27,0.6638786879339118,1,0.9993129776616922,pre,Jun Y-1 - Aug Y-1
12,1,12,BEUTI,0.08937121273421779,0.13003857412679648,0.1332928535822823,26,0.6641693149747199,1,0.8511223203337734,rec,Dec Y - Dec Y
13,2,14,Storm hours Hs > 4 m (buoys),0.08923292422063785,0.09003851303788729,-0.14780605994424703,26,0.664659159945042,1,0.9993129776616922,pre,Jan Y+1 - Feb Y+1
-3,1,-3,SST anomaly (OISST),-0.08920317078384032,-0.009047291318921468,0.20500696620049474,26,0.6647645699709517,1,0.8511223203337734,rec,Sep Y-1 - Sep Y-1
15,2,16,Willamette discharge,-0.08720056547931464,-0.0844443556976881,0.04325102967450512,27,0.6653835258750216,1,0.9993129776616922,pre,Mar Y+1 - Apr Y+1
-3,4,0,Willamette discharge,0.08879259555102138,-0.039280166190135114,-0.3320810706493861,26,0.6662197824729221,1,0.8511223203337734,rec,Sep Y-1 - Dec Y-1
4,2,5,SST anomaly (OISST),-0.08878218448349164,-0.025346659587476807,0.15985916523262517,26,0.6662566980099063,1,0.8511223203337734,rec,Apr Y - May Y
-9,4,-6,SST anomaly (OISST),0.08871507714893388,0.13150881292366773,0.13935701408548523,26,0.6664946651814287,1,0.8511223203337734,rec,Mar Y-1 - Jun Y-1
12,1,12,SST anomaly (buoys),-0.09062037133489219,-0.08508352396780666,0.00236117211022919,25,0.6666188900705433,1,0.8511223203337734,rec,Dec Y - Dec Y
-1,3,1,CUTI,0.08685848386384845,0.09988200766396571,0.2888080201721941,27,0.6666215406023308,1,0.9993129776616922,pre,Nov Y-1 - Jan Y
18,4,21,SST anomaly (buoys),0.08864699429616515,0.2570558607116357,0.5268834837361575,26,0.6667361237123286,1,0.8511223203337734,rec,Jun Y+1 - Sep Y+1
22,4,25,"SST anomaly (MUR, 5-beach mean)",-0.09704876522558326,0.040786077662961225,0.26451378647594825,22,0.6674540121897339,1,0.8511223203337734,rec,Oct Y+1 - Jan Y+2
-2,3,0,Willamette discharge,0.08841016895840238,-0.03363375989428693,-0.3164368617925787,26,0.6675762857256463,1,0.8511223203337734,rec,Oct Y-1 - Dec Y-1
10,1,10,Storm hours Hs > 4 m (buoys),0.08657122593196381,0.0840505195743697,-0.039478129772011455,27,0.6676618038329845,1,0.9993129776616922,pre,Oct Y - Oct Y
17,3,19,"SST anomaly (MUR, 5-beach mean)",0.10219648868137039,0.2402675867665942,0.31191871685286054,20,0.6681169117194747,1,0.8511223203337734,rec,May Y+1 - Jul Y+1
30,1,30,PDO,-0.08822853969968744,-0.14672991134660868,-0.18537341476991467,26,0.6682208984175069,1,0.8511223203337734,rec,Jun Y+2 - Jun Y+2
1,4,4,"Columbia discharge, The Dalles",-0.08622713369824245,-0.09573662606869497,-0.1930875641204884,27,0.6689086735261597,1,0.9993129776616922,pre,Jan Y - Apr Y
-9,2,-8,Wave energy Hs^2 (buoys),0.08795590405781545,0.06146249223133769,-0.23785486586877977,26,0.6691889278849823,1,0.9993129776616922,pre,Mar Y-1 - Apr Y-1
4,3,6,PDO,-0.08612791342440855,-0.09562932928026548,-0.19284390685892744,27,0.6692683724512433,1,0.9993129776616922,pre,Apr Y - Jun Y
28,3,30,SST anomaly (OISST),0.08790281942627332,0.17156194807039052,0.2603160507130927,26,0.669377471919526,1,0.8511223203337734,rec,Apr Y+2 - Jun Y+2
-8,3,-6,BEUTI,0.08789173760962611,0.24435693811414716,0.48731582574299,26,0.669416834368324,1,0.8511223203337734,rec,Apr Y-1 - Jun Y-1
-4,1,-4,Storm hours Hs > 4 m (buoys),-0.08786330395033763,-0.07490383460969233,0.020465463406477254,26,0.669517834193804,1,0.8511223203337734,rec,Aug Y-1 - Aug Y-1
11,1,11,PDO,-0.08776564053610929,-0.1391684476523344,-0.16435838024030375,26,0.669864789151581,1,0.8511223203337734,rec,Nov Y - Nov Y
4,4,7,PDO,-0.08574422084559265,-0.09506757317551755,-0.1883941986099995,27,0.6706600261378837,1,0.9993129776616922,pre,Apr Y - Jul Y
2,2,3,"Columbia discharge, The Dalles",-0.08572183968074877,-0.09499093078006401,-0.18709319644763758,27,0.6707412354599647,1,0.9993129776616922,pre,Feb Y - Mar Y
7,1,7,CUTI,-0.08741357031983736,0.09875655865673208,0.4812052682374944,26,0.6711160859409273,1,0.852012421755083,rec,Jul Y - Jul Y
6,1,6,"SST anomaly (MUR, 5-beach mean)",0.09840522829189181,0.11141587919375327,0.11860777064193481,21,0.671296759948105,1,0.9993129776616922,pre,Jun Y - Jun Y
-10,3,-8,Willamette discharge,0.08732194072015961,0.015684563941225714,-0.18243120849659022,26,0.6714418879263309,1,0.852012421755083,rec,Feb Y-1 - Apr Y-1
19,1,19,SST anomaly (buoys),-0.08709347949691452,0.07398856414404449,0.41786429112171253,26,0.6722544656666571,1,0.85248707192171,rec,Jul Y+1 - Jul Y+1
-10,2,-9,PDO,-0.085200424527894,-0.09866243721969234,-0.30015022732165947,27,0.6726341933045148,1,0.9993129776616922,pre,Feb Y-1 - Mar Y-1
-2,2,-1,Wave energy Hs^2 (buoys),-0.08487075802534372,-0.0916579138071304,-0.13124545608830773,27,0.6738320288178579,1,0.9993129776616922,pre,Oct Y-1 - Nov Y-1
-3,2,-2,"Columbia discharge, The Dalles",0.08664848184341008,-0.12785581325383932,-0.5518405468229755,26,0.6738382362118729,1,0.8534075335836379,rec,Sep Y-1 - Oct Y-1
24,2,25,PDO,-0.08647427691939052,-0.135158015549879,-0.15609147245646526,26,0.6744586100589933,1,0.8534075335836379,rec,Dec Y+1 - Jan Y+2
9,2,10,SST anomaly (OISST),-0.08641097918972364,0.03941255810384381,0.32693271718836736,26,0.6746840755515139,1,0.8534075335836379,rec,Sep Y - Oct Y
-10,1,-10,SST anomaly (OISST),0.0846268899660928,0.08162081240096598,-0.04737526013710565,27,0.674718617613735,1,0.9993129776616922,pre,Feb Y-1 - Feb Y-1
25,3,27,"SST anomaly (MUR, 5-beach mean)",-0.094567252159105,-0.10503062188152953,-0.04253887781971225,22,0.6755022279611174,1,0.8534075335836379,rec,Jan Y+2 - Mar Y+2
-7,2,-6,CUTI,0.08615086990573961,0.2319804226810293,0.4521216529495184,26,0.675610867414564,1,0.8534075335836379,rec,May Y-1 - Jun Y-1
9,2,10,SST anomaly (OISST),0.0843519910498984,0.09924682266217705,0.3472136300572319,27,0.6757185281882518,1,0.9993129776616922,pre,Sep Y - Oct Y
27,3,29,"SST anomaly (MUR, 5-beach mean)",0.09437182067768338,0.08143798810868061,-0.007201425736604035,22,0.6761375352461902,1,0.8534075335836379,rec,Mar Y+2 - May Y+2
21,4,24,SST anomaly (OISST),-0.08587235649458949,0.10789623083232161,0.5009242614764942,26,0.6766037451919822,1,0.8534075335836379,rec,Sep Y+1 - Dec Y+1
4,3,6,SST anomaly (OISST),-0.08578240226523741,-0.032364196831158105,0.13312131138694644,26,0.6769245372843529,1,0.8534075335836379,rec,Apr Y - Jun Y
-4,1,-4,Willamette discharge,0.08578051046508911,-0.010351455795176883,-0.24863452235300668,26,0.6769312843549227,1,0.8534075335836379,rec,Aug Y-1 - Aug Y-1
4,4,7,Storm hours Hs > 4 m (buoys),-0.08396009194643887,-0.08004893637188694,0.06177549534383603,27,0.6771449409060466,1,0.9993129776616922,pre,Apr Y - Jul Y
10,1,10,Storm hours Hs > 4 m (buoys),-0.0854351012712569,-0.0729203084254029,0.01965920301456016,26,0.6781635861495694,1,0.8538097347287757,rec,Oct Y - Oct Y
7,3,9,BEUTI,0.08530880938041821,0.3535974377296531,0.9004718668434246,26,0.6786143538117264,1,0.8538097347287757,rec,Jul Y - Sep Y
27,4,30,SST anomaly (buoys),-0.08716984916806451,-0.015054205864801565,0.19452553662781327,25,0.6786356472451751,1,0.8538097347287757,rec,Mar Y+2 - Jun Y+2
6,3,8,PDO,-0.08353722205856713,-0.09418030368827988,-0.21950938034557232,27,0.6786852991371222,1,0.9993129776616922,pre,Jun Y - Aug Y
20,3,22,"Wind stress, alongshore (buoys)",0.08511413262868424,-0.010592416153293613,-0.2476662368276495,26,0.6793094151152637,1,0.8538097347287757,rec,Aug Y+1 - Oct Y+1
13,2,14,Willamette discharge,-0.08333391027135732,-0.09285451248680082,-0.1919425762479527,27,0.6794263377620213,1,0.9993129776616922,pre,Jan Y+1 - Feb Y+1
14,2,15,"Columbia discharge, Beaver",-0.08507579400370471,-0.07388055250908983,0.016013759278531676,26,0.6794463269678066,1,0.8538097347287757,rec,Feb Y+1 - Mar Y+1
-3,3,-1,"Wind stress, alongshore (buoys)",0.08331682374050091,0.08813588070997268,0.09083954883319456,27,0.6794886286642026,1,0.9993129776616922,pre,Sep Y-1 - Nov Y-1
-4,3,-2,"Columbia discharge, The Dalles",0.0849308827416034,-0.09104886332886857,-0.4566216476978836,26,0.6799639119220902,1,0.8539081684602993,rec,Aug Y-1 - Oct Y-1
2,2,3,BEUTI,-0.08309390822678175,-0.041470089156474446,0.5109152526725363,27,0.680301480715586,1,0.9993129776616922,pre,Feb Y - Mar Y
-1,4,2,BEUTI,0.08300739151873605,0.0998049023521406,0.4237156389867423,27,0.6806170542509611,1,0.9993129776616922,pre,Nov Y-1 - Feb Y
4,1,4,SST anomaly (OISST),-0.08295359257634337,-0.07679116512333672,0.09647943472814581,27,0.6808133147546547,1,0.9993129776616922,pre,Apr Y - Apr Y
11,4,14,CUTI,0.08294868314327783,0.10128277098422289,0.6009716682615235,27,0.6808312255557306,1,0.9993129776616922,pre,Nov Y - Feb Y+1
-10,2,-9,"SST anomaly (MUR, 5-beach mean)",0.10091019555496608,0.04073872257318049,-0.10810457380617594,19,0.6810374323392592,1,0.85470417589898,rec,Feb Y-1 - Mar Y-1
-10,4,-7,"Wind stress, alongshore (buoys)",0.0864783776645373,0.10958865614237785,0.3604491014867872,25,0.6810530713978257,1,0.9993129776616922,pre,Feb Y-1 - May Y-1
1,3,3,Willamette discharge,-0.08287388118582728,-0.09743104126886809,-0.3320690827477241,27,0.6811041421055541,1,0.9993129776616922,pre,Jan Y - Mar Y
6,4,9,"SST anomaly (MUR, 5-beach mean)",0.09516872688897872,0.30547993147657254,0.5200562492678767,21,0.6815517240328666,1,0.8547977751741243,rec,Jun Y - Sep Y
-11,1,-11,Willamette discharge,0.0823467313311558,0.054625062633528225,-0.3715196389201937,27,0.6830285690517711,1,0.9993129776616922,pre,Jan Y-1 - Jan Y-1
4,3,6,Storm hours Hs > 4 m (buoys),-0.08401764611160274,-0.08240226968986387,0.061211367847820615,26,0.6832289932472706,1,0.9993129776616922,pre,Apr Y - Jun Y
9,4,12,"Columbia discharge, The Dalles",-0.08226198757824864,-0.0996945804938168,-0.4546013743227709,27,0.6833381176528696,1,0.9993129776616922,pre,Sep Y - Dec Y
14,4,17,Wave energy Hs^2 (buoys),-0.08392040184616038,-0.07483710611395446,-0.3542156581043951,26,0.6835769974043335,1,0.9993129776616922,pre,Feb Y+1 - May Y+1
17,1,17,CUTI,-0.08206290162261214,-0.045096881235865374,0.4676940687706462,27,0.6840655274218599,1,0.9993129776616922,pre,May Y+1 - May Y+1
13,1,13,SST anomaly (OISST),-0.0855878167045291,-0.030792870905917067,0.15366898000278895,25,0.6841710298655211,1,0.857237659329213,rec,Jan Y+1 - Jan Y+1
8,2,9,CUTI,-0.083648467711217,0.030722356142669424,0.297628412603911,26,0.6845504910331739,1,0.857237659329213,rec,Aug Y - Sep Y
18,3,20,"Columbia discharge, Beaver",-0.08357320703796833,-0.0777855794815109,0.0010480494796537001,26,0.6848200025402613,1,0.857237659329213,rec,Jun Y+1 - Aug Y+1
-8,1,-8,BEUTI,0.08312757211379745,0.12552631934419853,0.1370030901305965,26,0.6864166078182747,1,0.8586833240661043,rec,Apr Y-1 - Apr Y-1
-2,3,0,BEUTI,0.08137778023862233,0.09514513261875537,0.30391176626433225,27,0.6865708876489667,1,0.9993129776616922,pre,Oct Y-1 - Dec Y-1
-1,1,-1,Storm hours Hs > 4 m (buoys),0.08121214104630468,0.07472630942254882,-0.10151181693530781,27,0.6871770857385542,1,0.9993129776616922,pre,Nov Y-1 - Nov Y-1
-2,1,-2,Willamette discharge,0.08263387509446954,0.047233863813719155,-0.0840636160559087,26,0.6881869385136508,1,0.8603443141289627,rec,Oct Y-1 - Oct Y-1
8,2,9,Wave energy Hs^2 (buoys),-0.08079701605675971,-0.07884231411659554,0.030467675307444746,27,0.6886971684679946,1,0.9993129776616922,pre,Aug Y - Sep Y
-1,3,1,Willamette discharge,0.08246562935949849,-0.06276347715086422,-0.3787641216879294,26,0.6887906110263393,1,0.860545596295118,rec,Nov Y-1 - Jan Y
-1,4,2,Storm hours Hs > 4 m (buoys),0.0806551585268876,0.07048626274918932,-0.15508360610495273,27,0.6892168858308145,1,0.9993129776616922,pre,Nov Y-1 - Feb Y
21,3,23,PDO,-0.08223887211463568,-0.0755462994425856,0.003846029486727432,26,0.689604518718989,1,0.861009110076888,rec,Sep Y+1 - Nov Y+1
5,2,6,Willamette discharge,0.08199249081150206,0.06104125226332489,-0.04394547662226973,26,0.6904892448709536,1,0.8613370501624599,rec,May Y - Jun Y
-6,3,-4,Storm hours Hs > 4 m (buoys),0.08024701536871622,0.07922762253059605,-0.014956283253978237,27,0.6907129496415554,1,0.9993129776616922,pre,Jun Y-1 - Aug Y-1
20,4,23,PDO,-0.08189573647654848,-0.08639756327272138,-0.027782458046907977,26,0.6908367865897778,1,0.8613370501624599,rec,Aug Y+1 - Nov Y+1
3,4,6,"SST anomaly (MUR, 5-beach mean)",-0.09472274064205186,-0.0707401252523013,0.03227060422647276,20,0.6911963982785172,1,0.8613370501624599,rec,Mar Y - Jun Y
-1,4,2,"SST anomaly (MUR, 5-beach mean)",-0.09205113648878278,-0.09186892680860465,-0.002783806740112926,21,0.6914813066070115,1,0.9993129776616922,pre,Nov Y-1 - Feb Y
-3,3,-1,Wave energy Hs^2 (buoys),-0.07993055534631381,-0.0863768835666309,-0.12310929155493512,27,0.6918737267959568,1,0.9993129776616922,pre,Sep Y-1 - Nov Y-1
16,1,16,SST anomaly (buoys),-0.08325189957129016,-0.09221274026019965,0.21341814111465457,25,0.6923731415411843,1,0.9993129776616922,pre,Apr Y+1 - Apr Y+1
8,1,8,"Columbia discharge, Beaver",-0.07975820258288509,-0.08835509955097705,-0.16918985438951664,27,0.6925062038214993,1,0.9993129776616922,pre,Aug Y - Aug Y
4,4,7,Wave energy Hs^2 (buoys),0.08141318846804782,0.08467683225249771,0.02417728143676951,26,0.6925710092804147,1,0.8624971441647189,rec,Apr Y - Jul Y
7,3,9,Storm hours Hs > 4 m (buoys),0.07962166179435659,0.09089586004222341,0.23275383534643915,27,0.693007405782549,1,0.9993129776616922,pre,Jul Y - Sep Y
8,2,9,Storm hours Hs > 4 m (buoys),0.07954650539058557,0.09086550402591113,0.23383673660449092,27,0.6932833371594589,1,0.9993129776616922,pre,Aug Y - Sep Y
-10,3,-8,SST anomaly (buoys),0.0843842432315589,0.15330484500623046,0.18367126365421327,24,0.6950371441348542,1,0.8650142177965151,rec,Feb Y-1 - Apr Y-1
-6,1,-6,"Wind stress, alongshore (buoys)",-0.08056625367835273,-0.008694009407052432,0.18454610541014846,26,0.6956184416541029,1,0.8651837815582701,rec,Jun Y-1 - Jun Y-1
16,2,17,BEUTI,0.07880396116845363,0.09072417492233734,0.24875422199412237,27,0.6960115827204041,1,0.9993129776616922,pre,Apr Y+1 - May Y+1
18,1,18,Wave energy Hs^2 (buoys),0.07873835436473499,0.0659782746830135,-0.1913249165832385,27,0.6962528125257815,1,0.9993129776616922,pre,Jun Y+1 - Jun Y+1
2,1,2,SST anomaly (buoys),-0.08037297583750587,-0.07752449493116972,0.10159519364130525,26,0.6963145393739028,1,0.9993129776616922,pre,Feb Y - Feb Y
14,3,16,Wave energy Hs^2 (buoys),-0.08029833829415162,-0.07112448308594736,-0.3618537226455597,26,0.6965834135359472,1,0.9993129776616922,pre,Feb Y+1 - Apr Y+1
-4,2,-3,SST anomaly (buoys),-0.07860383713248616,-0.054387958436952676,0.3348049230770136,27,0.6967475094116995,1,0.9993129776616922,pre,Aug Y-1 - Sep Y-1
6,4,9,SST anomaly (buoys),-0.08019316552862359,0.06107731883807487,0.3692608099604252,26,0.696962348293408,1,0.8663010262675097,rec,Jun Y - Sep Y
5,4,8,"Columbia discharge, Beaver",-0.07851164154088419,-0.08066480151878176,-0.04025049662514716,27,0.6970866353282337,1,0.9993129776616922,pre,May Y - Aug Y
-5,2,-4,"SST anomaly (MUR, 5-beach mean)",-0.09009385849566781,0.01176416043704777,0.45061311007982857,21,0.6977403911442848,1,0.9993129776616922,pre,Jul Y-1 - Aug Y-1
-1,2,0,Willamette discharge,0.07988659309928559,-0.04160329695290961,-0.3175130166984732,26,0.6980673243697301,1,0.8671200502075114,rec,Nov Y-1 - Dec Y-1
14,4,17,"SST anomaly (MUR, 5-beach mean)",0.08744573139814382,0.08716740002968106,-2.396340974969028e-4,22,0.6987874291334809,1,0.9993129776616922,pre,Feb Y+1 - May Y+1
9,1,9,PDO,0.0780152220884645,0.06908295594635867,-0.1379216725511577,27,0.698913605532863,1,0.9993129776616922,pre,Sep Y - Sep Y
16,1,16,"Wind stress, alongshore (buoys)",-0.08135954628558212,-0.075559342518504935,-0.11452198356127147,25,0.6990425861321172,1,0.9993129776616922,pre,Apr Y+1 - Apr Y+1
-10,3,-8,PDO,0.07949344258122655,0.005643585256026225,-0.19015084660129555,26,0.6994852298884907,1,0.8679519983745887,rec,Feb Y-1 - Apr Y-1
5,3,7,PDO,-0.07785939556521719,-0.0868405274426262,-0.17709531083912758,27,0.6994874313900252,1,0.9993129776616922,pre,May Y - Jul Y
15,3,17,PDO,-0.07775547481458474,-0.08922768586283186,-0.2363751460518295,27,0.6998702055848371,1,0.9993129776616922,pre,Mar Y+1 - May Y+1
24,4,27,"SST anomaly (MUR, 5-beach mean)",-0.08706082000266907,-0.09733639033475244,-0.040509231683679925,22,0.7000536761346741,1,0.8679519983745887,rec,Dec Y+1 - Mar Y+2
5,2,6,"Columbia discharge, The Dalles",-0.0776998860216812,-0.08019220379683371,-0.04637559163085931,27,0.7000749867235361,1,0.9993129776616922,pre,May Y - Jun Y
-1,2,0,"SST anomaly (MUR, 5-beach mean)",-0.08925162156145379,-0.07932485090922986,0.04485968072060209,21,0.700439591187028,1,0.9993129776616922,pre,Nov Y-1 - Dec Y-1
-10,1,-10,Willamette discharge,-0.07922195412781469,-0.17031649205887422,-0.2800935348311609,26,0.7004649317621352,1,0.8679519983745887,rec,Feb Y-1 - Feb Y-1
7,2,8,"SST anomaly (MUR, 5-beach mean)",0.0892256169235521,0.2730858350380076,0.45061311007982857,21,0.7005229863424535,1,0.8679519983745887,rec,Jul Y - Aug Y
0,4,3,Willamette discharge,-0.07740566666429978,-0.0939456081090925,-0.3905646311846411,27,0.7011591891831985,1,0.9993129776616922,pre,Dec Y-1 - Mar Y
2,1,2,CUTI,-0.0771535941689794,-0.024004129690420765,0.621830743145128,27,0.7020885344896806,1,0.9993129776616922,pre,Feb Y - Feb Y
-8,4,-5,"Wind stress, alongshore (buoys)",-0.08044430974867353,0.10889802017511788,0.4948890208738358,25,0.7022760907019685,1,0.8690574788260287,rec,Apr Y-1 - Jul Y-1
-7,2,-6,Willamette discharge,-0.07708718617744433,-0.08156559519243728,-0.08354277726031141,27,0.7023334383034205,1,0.9993129776616922,pre,May Y-1 - Jun Y-1
16,2,17,"SST anomaly (MUR, 5-beach mean)",0.08625727130117282,0.09431313452154638,0.10088795484215228,22,0.7026995962866394,1,0.9993129776616922,pre,Apr Y+1 - May Y+1
-4,3,-2,Willamette discharge,0.07860281960285487,0.0014398351944843,-0.1993335293107883,26,0.7027009034912735,1,0.8690574788260287,rec,Aug Y-1 - Oct Y-1
19,4,22,"Wind stress, alongshore (buoys)",0.07848403464070411,0.024687338802300226,-0.1356267958274678,26,0.7031301651928482,1,0.8690574788260287,rec,Jul Y+1 - Oct Y+1
30,1,30,SST anomaly (buoys),0.07841750173509814,0.07556743556752417,0.006307168483342295,26,0.7033706386226934,1,0.8690574788260287,rec,Jun Y+2 - Jun Y+2
-6,2,-5,"SST anomaly (MUR, 5-beach mean)",-0.09072542916847164,0.08603360503505632,0.34745390992748343,20,0.7036504483910335,1,0.8690574788260287,rec,Jun Y-1 - Jul Y-1
-11,4,-8,PDO,-0.07650048241267765,-0.08956783460970906,-0.2772510827573579,27,0.70449838134364,1,0.9993129776616922,pre,Jan Y-1 - Apr Y-1
20,4,23,SST anomaly (OISST),0.0779883631291922,0.250219115236184,0.5321822298671355,26,0.704922363592444,1,0.8694043700023034,rec,Aug Y+1 - Nov Y+1
5,3,7,"Columbia discharge, Beaver",-0.07634715685405476,-0.07748813624462073,-0.022086534480505418,27,0.705064525579485,1,0.9993129776616922,pre,May Y - Jul Y
-5,1,-5,Wave energy Hs^2 (buoys),-0.07792942390725842,-0.0961027804742605,-0.06602621368063094,26,0.7051355722323529,1,0.8694043700023034,rec,Jul Y-1 - Jul Y-1
18,4,21,"Columbia discharge, Beaver",-0.07789143957929515,-0.08482952010317404,-0.033964049668097546,26,0.705272989451457,1,0.8694043700023034,rec,Jun Y+1 - Sep Y+1
-3,4,0,BEUTI,0.07615535667643467,0.09314701683941191,0.4043228605232263,27,0.7057729505944981,1,0.9993129776616922,pre,Sep Y-1 - Dec Y-1
5,2,6,Wave energy Hs^2 (buoys),0.0776428618871368,-0.009398351153666258,-0.22625101995137162,26,0.7061724995591272,1,0.8696219427223957,rec,May Y - Jun Y
19,4,22,"Columbia discharge, Beaver",-0.07759151328873548,-0.1195899613571667,-0.13465586801101845,26,0.7063583589483282,1,0.8696219427223957,rec,Jul Y+1 - Oct Y+1
8,3,10,BEUTI,0.07593088753598,0.09251021848258978,0.7925464921299182,27,0.7066023443392926,1,0.9993129776616922,pre,Aug Y - Oct Y
22,1,22,PDO,-0.07735040930501734,-0.04645210225345995,0.07255320078618432,26,0.7072312685528082,1,0.8696219427223957,rec,Oct Y+1 - Oct Y+1
-10,4,-7,SST anomaly (OISST),-0.07572953740045184,-0.072681909853312,0.04845073680029399,27,0.7073465937056551,1,0.9993129776616922,pre,Feb Y-1 - May Y-1
11,4,14,BEUTI,-0.07564351512517521,-0.0358523847226525,0.5033697455130831,27,0.7076646374403843,1,0.9993129776616922,pre,Nov Y - Feb Y+1
-8,3,-6,"SST anomaly (MUR, 5-beach mean)",-0.09209557260076698,0.019902179919638656,0.21707798397007697,19,0.7076747614887502,1,0.8696219427223957,rec,Apr Y-1 - Jun Y-1
-4,4,-1,"Columbia discharge, The Dalles",0.07722480182404143,-0.07805909127909677,-0.4067116545864469,26,0.7076861694376697,1,0.8696219427223957,rec,Aug Y-1 - Nov Y-1
5,2,6,PDO,-0.07557592484054071,-0.08474218309158345,-0.18034380786824922,27,0.7079145675426857,1,0.9993129776616922,pre,May Y - Jun Y
2,4,5,"SST anomaly (MUR, 5-beach mean)",0.08680829682254779,0.07067214639749793,-0.07477569255855993,21,0.7082895389207902,1,0.9993129776616922,pre,Feb Y - May Y
-3,1,-3,SST anomaly (buoys),-0.07541012333794563,-0.05836863559723261,0.24899689375561443,27,0.7085277804917807,1,0.9993129776616922,pre,Sep Y-1 - Sep Y-1
4,4,7,SST anomaly (OISST),-0.0768069160593197,-0.007186378070408551,0.1792453667337441,26,0.7092002894957701,1,0.8697889633665049,rec,Apr Y - Jul Y
12,3,14,BEUTI,-0.07521948897175762,-0.04019720199575025,0.45601426752500723,27,0.709233056396453,1,0.9993129776616922,pre,Dec Y - Feb Y+1
9,4,12,"SST anomaly (MUR, 5-beach mean)",-0.08651376465766351,0.10088038958759724,0.389677175459671,21,0.7092377597342364,1,0.8697889633665049,rec,Sep Y - Dec Y
10,2,11,CUTI,-0.07674167775931419,0.05165321269470313,0.33667185313825665,26,0.7094367638023549,1,0.8697889633665049,rec,Oct Y - Nov Y
25,4,28,Storm hours Hs > 4 m (buoys),-0.07668976126193648,-0.15713602855232417,-0.24748916605829213,26,0.7096249682649546,1,0.8697889633665049,rec,Jan Y+2 - Apr Y+2
4,3,6,"Columbia discharge, Beaver",-0.07500992423690833,-0.07420517073980369,0.011502689925498874,27,0.7100086375406099,1,0.9993129776616922,pre,Apr Y - Jun Y
13,4,16,"Columbia discharge, Beaver",-0.07649745477912155,-0.0626894773861398,0.02492720131545217,26,0.710322250190393,1,0.8697889633665049,rec,Jan Y+1 - Apr Y+1
13,4,16,"Wind stress, alongshore (buoys)",0.07815317680184775,0.05948297521001019,0.3087106871401649,25,0.7103925697638277,1,0.9993129776616922,pre,Jan Y+1 - Apr Y+1
17,4,20,Storm hours Hs > 4 m (buoys),0.07630306492198757,-0.029171372570450976,-0.27603398768426635,26,0.7110273169347028,1,0.8697889633665049,rec,May Y+1 - Aug Y+1
11,2,12,CUTI,0.07453324283589052,0.0918581587365413,0.41197027545612946,27,0.7117738439209815,1,0.9993129776616922,pre,Nov Y - Dec Y
13,4,16,Wave energy Hs^2 (buoys),0.07608004462130974,0.07605821940605334,-0.2928492963287681,26,0.711836513541797,1,0.9993129776616922,pre,Jan Y+1 - Apr Y+1
0,2,1,Storm hours Hs > 4 m (buoys),0.07447598285742359,0.06640419069269364,-0.12590526635056626,27,0.7119859820321265,1,0.9993129776616922,pre,Dec Y-1 - Jan Y
29,2,30,PDO,-0.07601749421513826,-0.13450988418337617,-0.18244450449967722,26,0.7120635231597743,1,0.8697889633665049,rec,May Y+2 - Jun Y+2
9,2,10,"Wind stress, alongshore (buoys)",0.07442318190727097,0.07484279618454849,0.009416482945868243,27,0.7121816187744989,1,0.9993129776616922,pre,Sep Y - Oct Y
13,2,14,BEUTI,-0.07438730440835685,-0.03511011248724414,0.5000058527847928,27,0.7123145613207262,1,0.9993129776616922,pre,Jan Y+1 - Feb Y+1
4,3,6,"Wind stress, alongshore (buoys)",-0.0793816703693297,-0.0665819829488618,0.24137228102782962,24,0.7123427429540528,1,0.9993129776616922,pre,Apr Y - Jun Y
4,2,5,SST anomaly (buoys),-0.07932891590086265,7.707982191714189e-4,0.2257315556387821,24,0.712525992136378,1,0.8697889633665049,rec,Apr Y - May Y
10,3,12,CUTI,-0.07588201679558616,0.06483840357392952,0.36929816798820964,26,0.712555283329031,1,0.8697889633665049,rec,Oct Y - Dec Y
24,1,24,"Columbia discharge, The Dalles",-0.07587261717154868,-0.18961163186728427,-0.3475365179031924,26,0.7125894065303569,1,0.8697889633665049,rec,Dec Y+1 - Dec Y+1
7,1,7,PDO,-0.07429236629388578,-0.08229382794850525,-0.1544100563441406,27,0.7126663900444352,1,0.9993129776616922,pre,Jul Y - Jul Y
10,4,13,"SST anomaly (MUR, 5-beach mean)",-0.08541983111372163,0.012085504508194357,0.19844640238371133,21,0.712763197992067,1,0.8697889633665049,rec,Oct Y - Jan Y+1
-10,2,-9,SST anomaly (buoys),-0.07746000864829797,-0.07019951056988886,0.08342365656777422,25,0.7128542589835538,1,0.9993129776616922,pre,Feb Y-1 - Mar Y-1
-10,1,-10,CUTI,0.07412681560519757,0.09393063002003445,0.5507797832746755,27,0.7132800373643603,1,0.9993129776616922,pre,Feb Y-1 - Feb Y-1
6,4,9,"Wind stress, alongshore (buoys)",-0.07408479666776953,-0.061157470264194116,0.1949024573821257,27,0.7134358168367068,1,0.9993129776616922,pre,Jun Y - Sep Y
-4,1,-4,CUTI,-0.07562487793774374,0.10498256052775505,0.4724455559852262,26,0.7134889615302991,1,0.8697889633665049,rec,Aug Y-1 - Aug Y-1
12,2,13,Storm hours Hs > 4 m (buoys),-0.07558368310046983,-0.14397110080326703,-0.21144935056951877,26,0.7136385784822918,1,0.8697889633665049,rec,Dec Y - Jan Y+1
-1,3,1,Wave energy Hs^2 (buoys),0.07401853442578545,0.06334786057853775,-0.16351964507296202,27,0.713681497836364,1,0.9993129776616922,pre,Nov Y-1 - Jan Y
16,3,18,Willamette discharge,-0.07395168115146683,-0.07088668215014413,0.04881350833989573,27,0.713929398453534,1,0.9993129776616922,pre,Apr Y+1 - Jun Y+1
17,2,18,SST anomaly (OISST),-0.0738247562579159,-0.06392895408126201,0.1525227011656636,27,0.7144001304056193,1,0.9993129776616922,pre,May Y+1 - Jun Y+1
2,3,4,SST anomaly (buoys),-0.07697722641132207,-0.07286452235603005,0.09226101860616526,25,0.7145704442047434,1,0.9993129776616922,pre,Feb Y - Apr Y
12,1,12,"SST anomaly (MUR, 5-beach mean)",0.08484765584806045,0.043308489299767765,-0.07579024261102688,21,0.7146094098854294,1,0.8700854338779848,rec,Dec Y - Dec Y
25,2,26,"SST anomaly (MUR, 5-beach mean)",-0.08240668315390398,-0.05521172203556138,0.03983596684335437,22,0.7154244915484145,1,0.8700854338779848,rec,Jan Y+2 - Feb Y+2
-5,2,-4,Storm hours Hs > 4 m (buoys),-0.07501494372203805,-0.06609525166796248,0.01144534373480088,26,0.7157052540563211,1,0.8700854338779848,rec,Jul Y-1 - Aug Y-1
1,4,4,SST anomaly (buoys),-0.07656684768641167,-0.07121376389719122,0.117861037854911,25,0.71603031089289,1,0.9993129776616922,pre,Jan Y - Apr Y
-11,4,-8,Willamette discharge,-0.07334777783692058,-0.08870892658529195,-0.3397530117954704,27,0.7161700320802149,1,0.9993129776616922,pre,Jan Y-1 - Apr Y-1
6,1,6,SST anomaly (buoys),-0.0748031571185885,-0.05136043906781503,0.05223579295698934,26,0.7164753400522335,1,0.8700854338779848,rec,Jun Y - Jun Y
9,2,10,Willamette discharge,0.07479843351500848,0.026244599519669627,-0.12193816475626933,26,0.7164925188220195,1,0.8700854338779848,rec,Sep Y - Oct Y
17,2,18,SST anomaly (OISST),-0.07469375838637489,0.008816007552397968,0.2174173764432597,26,0.7168732350720546,1,0.8700854338779848,rec,May Y+1 - Jun Y+1
-5,3,-3,"Columbia discharge, The Dalles",0.07465482749654175,-0.025411402254242627,-0.26200612942006907,26,0.7170148482883393,1,0.8700854338779848,rec,Jul Y-1 - Sep Y-1
13,4,16,"SST anomaly (MUR, 5-beach mean)",0.08191796530296733,0.07840495384816006,-0.03708113653918775,22,0.7170448510551158,1,0.9993129776616922,pre,Jan Y+1 - Apr Y+1
27,3,29,SST anomaly (OISST),-0.07442161895335267,0.034434150504143994,0.2855707805637835,26,0.717863347474196,1,0.8705716453461242,rec,Mar Y+2 - May Y+2
14,2,15,"Columbia discharge, Beaver",-0.07281535427363492,-0.07352756314270825,-0.014453173121274083,27,0.7181473629921222,1,0.9993129776616922,pre,Feb Y+1 - Mar Y+1
-2,4,1,CUTI,-0.07421576386448063,0.019807484916467256,0.24589269425005916,26,0.7186125954355345,1,0.8709369610515455,rec,Oct Y-1 - Jan Y
2,2,3,SST anomaly (buoys),-0.0755849783411779,-0.07315785091469823,0.05581229364794775,25,0.7195271032250892,1,0.9993129776616922,pre,Feb Y - Mar Y
10,3,12,"SST anomaly (MUR, 5-beach mean)",-0.08307371090239081,0.03333491705579075,0.23990276969028484,21,0.7203430355062669,1,0.8713562132957998,rec,Oct Y - Dec Y
18,2,19,"Wind stress, alongshore (buoys)",-0.07368899314677924,0.04271347728867421,0.30587191084609466,26,0.7205310274221626,1,0.8713562132957998,rec,Jun Y+1 - Jul Y+1
-1,2,0,CUTI,-0.07363507308028987,0.03927425963393076,0.29659495954034565,26,0.7207274906017879,1,0.8713562132957998,rec,Nov Y-1 - Dec Y-1
12,3,14,SST anomaly (OISST),0.07358315408145726,0.06927050120038862,0.23072079620482094,26,0.7209166789969887,1,0.9993129776616922,pre,Dec Y - Feb Y+1
25,3,27,Wave energy Hs^2 (buoys),-0.07352127431410697,-0.17311218161093034,-0.3038466660750194,26,0.721142184464092,1,0.8713562132957998,rec,Jan Y+2 - Mar Y+2
10,1,10,"Columbia discharge, The Dalles",0.07339435775264422,-0.11719371642343651,-0.4988870490153423,26,0.7216047713878737,1,0.8713562132957998,rec,Oct Y - Oct Y
1,3,3,SST anomaly (buoys),-0.07498745808237478,-0.07054605881600319,0.0993642211638343,25,0.7216577781155902,1,0.9993129776616922,pre,Jan Y - Mar Y
17,2,18,"Columbia discharge, Beaver",-0.07319945904011378,-0.016882716815038574,0.14362076149315856,26,0.7223153259586781,1,0.8713562132957998,rec,May Y+1 - Jun Y+1
2,4,5,"Wind stress, alongshore (buoys)",-0.07478303215515296,-0.054091769011448326,0.3752617337051147,25,0.7223871966231856,1,0.9993129776616922,pre,Feb Y - May Y
-11,3,-9,"SST anomaly (MUR, 5-beach mean)",0.08475064730979825,0.049850493360179354,-0.1076123482471999,20,0.7224008842981005,1,0.9993129776616922,pre,Jan Y-1 - Mar Y-1
-4,1,-4,"Columbia discharge, The Dalles",0.07316320483273991,-0.03619275602163903,-0.2872545890209289,26,0.7224475249699522,1,0.8713562132957998,rec,Aug Y-1 - Aug Y-1
4,3,6,"Columbia discharge, The Dalles",-0.07154596458949376,-0.07487297023629605,-0.061363760245254494,27,0.7228687937864364,1,0.9993129776616922,pre,Apr Y - Jun Y
13,4,16,Storm hours Hs > 4 m (buoys),0.07304604451337786,0.07359443174099037,-0.24748916605829213,26,0.7228747967692271,1,0.9993129776616922,pre,Jan Y+1 - Apr Y+1
-5,4,-2,CUTI,0.07303169930790276,0.19503457502088795,0.3716779445604082,26,0.7229271178387864,1,0.8713562132957998,rec,Jul Y-1 - Oct Y-1
24,2,25,"Wind stress, alongshore (buoys)",0.0746134187721193,0.11332038730737835,0.1348771676094421,25,0.7229925782130273,1,0.8713562132957998,rec,Dec Y+1 - Jan Y+2
-2,4,1,"Wind stress, alongshore (buoys)",-0.07272634155313835,-0.06716817987265973,0.18119953144265113,26,0.7240411321929991,1,0.9993129776616922,pre,Oct Y-1 - Jan Y
10,4,13,SST anomaly (OISST),-0.07116552938960173,-0.05665649161185478,0.2172914879073345,27,0.7242857431318797,1,0.9993129776616922,pre,Oct Y - Jan Y+1
8,4,11,"SST anomaly (MUR, 5-beach mean)",-0.08178367303944838,0.20803926912907833,0.6011511533254376,21,0.7245217202704266,1,0.8724633080317818,rec,Aug Y - Nov Y
-3,3,-1,"Columbia discharge, The Dalles",0.07251601579468904,-0.09955002255928838,-0.45191906213150035,26,0.7248087667033579,1,0.8724633080317818,rec,Sep Y-1 - Nov Y-1
14,1,14,Willamette discharge,-0.07231805192027474,-0.13178813513623786,-0.184435162035192,26,0.7255315201479362,1,0.8724693369063365,rec,Feb Y+1 - Feb Y+1
18,1,18,"Wind stress, alongshore (buoys)",-0.07226879832334558,-0.02528713364505967,0.11810018821838845,26,0.7257113774575854,1,0.8724693369063365,rec,Jun Y+1 - Jun Y+1
1,1,1,SST anomaly (OISST),-0.07224645998821354,-0.06754896526059408,0.15786543767960617,26,0.7257929540936594,1,0.9993129776616922,pre,Jan Y - Jan Y
7,1,7,"Wind stress, alongshore (buoys)",-0.07070373724110504,-0.04672889505796539,0.3375276174903422,27,0.7260069019204428,1,0.9993129776616922,pre,Jul Y - Jul Y
-4,3,-2,"SST anomaly (MUR, 5-beach mean)",-0.08124526184561238,0.050531785517658204,0.5736713097626861,21,0.7262679792141267,1,0.9993129776616922,pre,Aug Y-1 - Oct Y-1
9,2,10,Storm hours Hs > 4 m (buoys),-0.0720631654299861,-0.050971409149034475,0.04616563715405191,26,0.726462431390943,1,0.8728324886427647,rec,Sep Y - Oct Y
2,3,4,"Columbia discharge, The Dalles",-0.07035980230852262,-0.0781753167338572,-0.14937419944916924,27,0.7272896364555766,1,0.9993129776616922,pre,Feb Y - Apr Y
14,4,17,Willamette discharge,-0.0703578325020945,-0.0728788620045394,-0.046526025692234185,27,0.727296985085905,1,0.9993129776616922,pre,Feb Y+1 - May Y+1
7,4,10,CUTI,-0.0718026174071423,0.09145811762206503,0.42947869975591607,26,0.7274144109140057,1,0.8734364514001403,rec,Jul Y - Oct Y
1,4,4,Willamette discharge,-0.07029048498033826,-0.08280587827774748,-0.25657664061038854,27,0.7275482483175266,1,0.9993129776616922,pre,Jan Y - Apr Y
14,3,16,SST anomaly (OISST),-0.07020682970961761,-0.06515167959375093,0.08060236974741926,27,0.7278603915336654,1,0.9993129776616922,pre,Feb Y+1 - Apr Y+1
3,2,4,SST anomaly (buoys),-0.0732200386409145,-0.069502135644718,0.08424475102710413,25,0.7279719047923405,1,0.9993129776616922,pre,Mar Y - Apr Y
19,4,22,CUTI,0.07157524431515566,0.17958432536107324,0.32857586558507024,26,0.7282454991813075,1,0.8738057501014648,rec,Jul Y+1 - Oct Y+1
11,2,12,PDO,-0.07139207399005282,-0.12611219228422607,-0.17033214017810847,26,0.7289152362379715,1,0.8738057501014648,rec,Nov Y - Dec Y
15,2,16,"Columbia discharge, The Dalles",-0.07133418644057644,-0.06659312094751609,3.3279437319166743e-4,26,0.7291269343872303,1,0.8738057501014648,rec,Mar Y+1 - Apr Y+1
5,1,5,"Wind stress, alongshore (buoys)",-0.0744414761316074,0.0777380055421296,0.37902032570083305,24,0.7295688652564365,1,0.8738057501014648,rec,May Y - May Y
3,4,6,"Columbia discharge, The Dalles",-0.06971558256793185,-0.07417423006509556,-0.08243891371452132,27,0.7296942373792616,1,0.9993129776616922,pre,Mar Y - Jun Y
-3,2,-2,Willamette discharge,0.07110386829138583,0.0035912888583206457,-0.17473310681718676,26,0.7299694126362031,1,0.8738057501014648,rec,Sep Y-1 - Oct Y-1
0,2,1,Wave energy Hs^2 (buoys),0.06956762968691624,0.06061481877069226,-0.13961774008569963,27,0.7302468365436383,1,0.9993129776616922,pre,Dec Y-1 - Jan Y
11,1,11,"Columbia discharge, The Dalles",-0.06956348014404812,-0.07741186435506574,-0.14984590807441975,27,0.7302623368468432,1,0.9993129776616922,pre,Nov Y - Nov Y
-1,2,0,"Columbia discharge, Beaver",-0.06949383369156911,-0.08086954369336839,-0.22814467208433367,27,0.7305225113258156,1,0.9993129776616922,pre,Nov Y-1 - Dec Y-1
18,2,19,"SST anomaly (MUR, 5-beach mean)",0.07991715836580421,0.2389426194538295,0.3347995711543699,21,0.7305810660084725,1,0.8739997491202895,rec,Jun Y+1 - Jul Y+1
8,4,11,SST anomaly (buoys),-0.06933966518394151,-0.04361839346303914,0.35926346121964614,27,0.7310985337482727,1,0.9993129776616922,pre,Aug Y - Nov Y
-2,2,-1,Storm hours Hs > 4 m (buoys),-0.06929944440273934,-0.07411373134149364,-0.08917987081837479,27,0.731248834759602,1,0.9993129776616922,pre,Oct Y-1 - Nov Y-1
-4,4,-1,CUTI,0.06915948054548271,0.08538154876369762,0.35826356417850147,27,0.7317719410454717,1,0.9993129776616922,pre,Aug Y-1 - Nov Y-1
0,1,0,"Columbia discharge, Beaver",-0.06915763468929158,-0.08257018539959324,-0.27842972896012846,27,0.7317788406015453,1,0.9993129776616922,pre,Dec Y-1 - Dec Y-1
18,4,21,BEUTI,0.07052614150959646,0.33305385916928243,0.8391410465310081,26,0.7320840137958888,1,0.8742156638602991,rec,Jun Y+1 - Sep Y+1
18,1,18,BEUTI,0.0690341723999431,0.08861900334756538,0.4862960754213184,27,0.7322403718133066,1,0.9993129776616922,pre,Jun Y+1 - Jun Y+1
4,1,4,SST anomaly (buoys),-0.0720121315028753,-0.06456796123351752,0.15992323990382085,25,0.7322971276919746,1,0.9993129776616922,pre,Apr Y - Apr Y
3,3,5,"Columbia discharge, Beaver",-0.06895040115593538,-0.06763751728879862,0.020224220896005268,27,0.7325535803002426,1,0.9993129776616922,pre,Mar Y - May Y
-4,2,-3,"Columbia discharge, Beaver",0.07027662840496605,-0.061073326690723836,-0.3465307719795119,26,0.7329978741974732,1,0.8742156638602991,rec,Aug Y-1 - Sep Y-1
7,1,7,Willamette discharge,-0.06882784936937536,-0.07589014411904696,-0.13346420266215728,27,0.7330118589028737,1,0.9993129776616922,pre,Jul Y - Jul Y
1,1,1,"Columbia discharge, The Dalles",0.07025803675757197,-0.02553260080074224,-0.2516538588643354,26,0.7330659816957024,1,0.8742156638602991,rec,Jan Y - Jan Y
7,2,8,BEUTI,0.07022172813633565,0.3455777675484818,0.8919670194338966,26,0.7331989981380043,1,0.8742156638602991,rec,Jul Y - Aug Y
9,4,12,"Columbia discharge, Beaver",-0.07020267116000335,-0.15764293846814953,-0.26645273694646465,26,0.7332688162710896,1,0.8742156638602991,rec,Sep Y - Dec Y
-1,3,1,"SST anomaly (MUR, 5-beach mean)",-0.07901216530367526,-0.06933304401822583,0.044113000938871987,21,0.7335245773642881,1,0.9993129776616922,pre,Nov Y-1 - Jan Y
17,4,20,SST anomaly (OISST),0.07008573957377782,0.17865712917250678,0.3297483134098489,26,0.7336972581254682,1,0.8742156638602991,rec,May Y+1 - Aug Y+1
-3,1,-3,"SST anomaly (MUR, 5-beach mean)",-0.08109006463537168,0.14405636281442574,0.44677436699981665,20,0.733965276130425,1,0.8742156638602991,rec,Sep Y-1 - Sep Y-1
15,2,16,CUTI,0.06838436252807713,0.0832202170708934,0.31588397702419374,27,0.7346710097643744,1,0.9993129776616922,pre,Mar Y+1 - Apr Y+1
-2,2,-1,CUTI,-0.06980350562136044,0.006180034210861977,0.19812494802196814,26,0.7347316938485775,1,0.8742156638602991,rec,Oct Y-1 - Nov Y-1
3,2,4,CUTI,0.06830274922148194,0.08046030373003794,0.24606800606271897,27,0.7349764643214348,1,0.9993129776616922,pre,Mar Y - Apr Y
7,4,10,"Columbia discharge, Beaver",-0.06817149191473758,-0.08032021580620735,-0.24574994712753367,27,0.7354678042555891,1,0.9993129776616922,pre,Jul Y - Oct Y
17,1,17,Wave energy Hs^2 (buoys),-0.06959567008663016,-0.10414167742795172,-0.11142767265884022,26,0.7354937348437887,1,0.8742156638602991,rec,May Y+1 - May Y+1
9,1,9,BEUTI,-0.06816333680429557,-0.015114868298306598,0.6382071651678629,27,0.7354983349117143,1,0.9993129776616922,pre,Sep Y - Sep Y
17,1,17,"Columbia discharge, The Dalles",0.06955153441509769,0.15204828230123246,0.2515799472544784,26,0.7356555922282013,1,0.8742156638602991,rec,May Y+1 - May Y+1
10,1,10,"SST anomaly (MUR, 5-beach mean)",-0.07834150448952291,0.12415633964939338,0.4241167096721222,21,0.7357082438659719,1,0.8742156638602991,rec,Oct Y - Oct Y
1,2,2,BEUTI,0.06806117562984572,0.08618995684665623,0.41998852701196987,27,0.7358808335394503,1,0.9993129776616922,pre,Jan Y - Feb Y
-1,2,0,BEUTI,0.06793544126035331,0.08006754442150026,0.24516176824051375,27,0.7363516762287496,1,0.9993129776616922,pre,Nov Y-1 - Dec Y-1
-5,4,-2,"Columbia discharge, The Dalles",0.06894976453501815,-0.05254871103071864,-0.32082981704165253,26,0.7378635375471531,1,0.8752605849842916,rec,Jul Y-1 - Oct Y-1
-1,2,0,BEUTI,-0.06892808748493731,0.02759984234049109,0.2539814426289654,26,0.7379431104047833,1,0.8752605849842916,rec,Nov Y-1 - Dec Y-1
-9,4,-6,PDO,-0.06884867097328128,-0.11544546604325458,-0.1461255757418575,26,0.7382346577016499,1,0.8752605849842916,rec,Mar Y-1 - Jun Y-1
13,4,16,CUTI,0.06731310541541184,0.08776304542910811,0.5197679012504811,27,0.738683528442255,1,0.9993129776616922,pre,Jan Y+1 - Apr Y+1
5,1,5,Wave energy Hs^2 (buoys),0.06870035059052136,0.07837788061534377,0.040044215599671265,26,0.7387792534995538,1,0.8752605849842916,rec,May Y - May Y
24,3,26,"SST anomaly (MUR, 5-beach mean)",-0.0752987888876897,-0.058495878951510406,0.019449560898063913,22,0.7391041696919074,1,0.8752605849842916,rec,Dec Y+1 - Feb Y+2
28,3,30,"Wind stress, alongshore (buoys)",0.07158405784617863,0.14546120992967765,0.23201433432583676,24,0.7395913519842463,1,0.8752605849842916,rec,Apr Y+2 - Jun Y+2
-11,2,-10,PDO,0.06700317285590968,0.04714783799865728,-0.28911196255840915,27,0.7398456691973812,1,0.9993129776616922,pre,Jan Y-1 - Feb Y-1
13,1,13,PDO,0.06692907872855314,0.04995522153928136,-0.2518179527185663,27,0.740123579441333,1,0.9993129776616922,pre,Jan Y+1 - Jan Y+1
14,1,14,"Columbia discharge, Beaver",0.06829707218905082,0.06743104531918825,0.01006239358532571,26,0.7402606116871515,1,0.8752605849842916,rec,Feb Y+1 - Feb Y+1
6,3,8,SST anomaly (OISST),0.06974474983704816,0.14244141262813456,0.24693881546228336,25,0.7404374427037006,1,0.8752605849842916,rec,Jun Y - Aug Y
20,1,20,PDO,-0.06819389839415899,-0.1039956009778157,-0.11476212117863659,26,0.7406397439810493,1,0.8752605849842916,rec,Aug Y+1 - Aug Y+1
-1,2,0,Willamette discharge,-0.06674894772711724,-0.08259490489391424,-0.3421389826876665,27,0.7407993426592454,1,0.9993129776616922,pre,Nov Y-1 - Dec Y-1
4,2,5,"Wind stress, alongshore (buoys)",-0.07115346594165083,-0.0631918295628844,0.16183460544055026,24,0.7411052841401186,1,0.9993129776616922,pre,Apr Y - May Y
15,3,17,"Columbia discharge, Beaver",-0.06806284765762165,-0.014905114719687907,0.13597537667620715,26,0.7411214005540914,1,0.8752976929994858,rec,Mar Y+1 - May Y+1
4,4,7,"Columbia discharge, Beaver",-0.06663803424375501,-0.06696867045432499,-0.007642254987846937,27,0.7412155290968634,1,0.9993129776616922,pre,Apr Y - Jul Y
6,2,7,CUTI,-0.06630652384586778,-0.025030319738544932,0.5314903144392007,27,0.7424598960684119,1,0.9993129776616922,pre,Jun Y - Jul Y
4,2,5,BEUTI,-0.06622004405070785,-0.049085306022225494,0.25426077054378815,27,0.7427846131794233,1,0.9993129776616922,pre,Apr Y - May Y
-4,2,-3,"Wind stress, alongshore (buoys)",0.06615383433073468,0.06667011247552042,0.010840011372488184,27,0.7430332486007338,1,0.9993129776616922,pre,Aug Y-1 - Sep Y-1
15,3,17,"SST anomaly (MUR, 5-beach mean)",0.07395793521548442,0.07311371214906062,-0.007201425736604035,22,0.7435976188279507,1,0.9993129776616922,pre,Mar Y+1 - May Y+1
4,4,7,Wave energy Hs^2 (buoys),-0.06597597392898374,-0.06558512329680348,0.004751585120897837,27,0.7437012870624344,1,0.9993129776616922,pre,Apr Y - Jul Y
17,1,17,CUTI,-0.06730095301547699,0.09637796365038984,0.4323885414490021,26,0.7439235013453157,1,0.8777493126023246,rec,May Y+1 - May Y+1
-9,4,-6,"SST anomaly (MUR, 5-beach mean)",-0.08012912173258119,-0.020502698771693393,0.11103478494085801,19,0.7443580464116459,1,0.8777493126023246,rec,Mar Y-1 - Jun Y-1
5,2,6,SST anomaly (buoys),-0.0671302481857082,-0.01974779544031763,0.12022207990230416,26,0.744551757449194,1,0.8777493126023246,rec,May Y - Jun Y
5,4,8,PDO,-0.06564334558408368,-0.07616019152268377,-0.20608387361538616,27,0.7449511151186318,1,0.9993129776616922,pre,May Y - Aug Y
19,1,19,SST anomaly (OISST),0.06822606743800778,0.1800295887681564,0.37420316326165975,25,0.7459050562449385,1,0.8788117753576731,rec,Jul Y+1 - Jul Y+1
3,1,3,SST anomaly (buoys),-0.06809548268455104,-0.06772473159761731,0.007956481938542004,25,0.7463757541666172,1,0.9993129776616922,pre,Mar Y - Mar Y
16,1,16,"SST anomaly (MUR, 5-beach mean)",-0.07295015470910125,-0.07403026819361475,-0.015027967606894312,22,0.7469801988115021,1,0.9993129776616922,pre,Apr Y+1 - Apr Y+1
-1,4,2,SST anomaly (buoys),-0.06642351005691052,-0.059912499636944803,0.20946730934530466,26,0.7471545008677876,1,0.9993129776616922,pre,Nov Y-1 - Feb Y
1,2,2,"SST anomaly (MUR, 5-beach mean)",-0.07472861530594165,-0.08314756686041312,-0.04479607514906186,21,0.7475051755554809,1,0.9993129776616922,pre,Jan Y - Feb Y
0,4,3,"Columbia discharge, Beaver",-0.0648853888286684,-0.07562684124639342,-0.21072683713051288,27,0.7478014361234303,1,0.9993129776616922,pre,Dec Y-1 - Mar Y
2,1,2,Willamette discharge,0.0644968299772973,0.0493248060356615,-0.22868809058677392,27,0.7492638825386362,1,0.9993129776616922,pre,Feb Y - Feb Y
12,2,13,PDO,0.0641603267742593,0.04827281879619165,-0.2385127994265631,27,0.7505310877616947,1,0.9993129776616922,pre,Dec Y - Jan Y+1
-4,4,-1,Wave energy Hs^2 (buoys),-0.06399322169796831,-0.07011927357696435,-0.1138826647488436,27,0.7511606078297857,1,0.9993129776616922,pre,Aug Y-1 - Nov Y-1
13,3,15,SST anomaly (buoys),0.06666218796186728,0.05953001810451453,0.13809790859069307,25,0.7515478924131497,1,0.9993129776616922,pre,Jan Y+1 - Mar Y+1
-5,4,-2,"Columbia discharge, Beaver",0.06506002820315307,-0.03825019710995593,-0.2732696114001509,26,0.7521834806592211,1,0.8856721298616148,rec,Jul Y-1 - Oct Y-1
-6,3,-4,Wave energy Hs^2 (buoys),-0.06315722367218878,-0.07354521957394618,-0.20196624916379624,27,0.7543123160211603,1,0.9993129776616922,pre,Jun Y-1 - Aug Y-1
15,4,18,CUTI,0.06311295685427691,0.08177599626079819,0.422357100759746,27,0.7544793092935613,1,0.9993129776616922,pre,Mar Y+1 - Jun Y+1
-10,3,-8,"SST anomaly (MUR, 5-beach mean)",0.07682541379028221,0.04868972913819466,-0.04536218041374986,19,0.7545829277347078,1,0.8875639579501652,rec,Feb Y-1 - Apr Y-1
19,4,22,BEUTI,0.06437784845918969,0.33716655171370213,0.8674799064830335,26,0.7547033037508349,1,0.8875639579501652,rec,Jul Y+1 - Oct Y+1
-2,3,0,"Wind stress, alongshore (buoys)",-0.0655875768691917,-0.0599155381743509,0.08027992099277888,25,0.7554325528672927,1,0.9993129776616922,pre,Oct Y-1 - Dec Y-1
10,4,13,CUTI,0.06412270599739164,0.18148763977633595,0.3541074391074783,26,0.7556463740676049,1,0.8881319675995745,rec,Oct Y - Jan Y+1
3,4,6,BEUTI,-0.06274842542470971,-0.03249935140375854,0.4179454691844478,27,0.7558548859811729,1,0.9993129776616922,pre,Mar Y - Jun Y
14,2,15,"SST anomaly (MUR, 5-beach mean)",0.07025514410016012,0.0623106600632275,-0.08621957766789312,22,0.7560478743282617,1,0.9993129776616922,pre,Feb Y+1 - Mar Y+1
29,1,29,BEUTI,0.06400001198155629,0.18291034899886602,0.3587254386886484,26,0.7561000032805019,1,0.8881319675995745,rec,May Y+2 - May Y+2
4,4,7,"Wind stress, alongshore (buoys)",-0.06339554677173392,-0.03931065371269481,0.2909848193829687,26,0.7583360024065928,1,0.9993129776616922,pre,Apr Y - Jul Y
7,3,9,SST anomaly (buoys),-0.06333235962139071,0.08442972277770222,0.39224067639910104,26,0.758569849877334,1,0.8904950411603487,rec,Jul Y - Sep Y
-9,2,-8,SST anomaly (OISST),-0.06132999743494064,-0.05885809223560818,0.039707047626479315,27,0.7612142714669027,1,0.9993129776616922,pre,Mar Y-1 - Apr Y-1
-6,2,-5,BEUTI,0.06261122883012846,0.31649644527010834,0.7929473306498792,26,0.7612401211741682,1,0.8927702598719589,rec,Jun Y-1 - Jul Y-1
11,3,13,"SST anomaly (MUR, 5-beach mean)",-0.07048639992302029,-0.0444893460576342,0.044113000938871987,21,0.7614264870718661,1,0.8927702598719589,rec,Nov Y - Jan Y+1
-2,1,-2,BEUTI,0.06121751898010868,0.07566831778881014,0.29618020749142593,27,0.7616397239209427,1,0.9993129776616922,pre,Oct Y-1 - Oct Y-1
11,1,11,PDO,-0.061106381093622715,-0.0715339194081242,-0.20183207590326901,27,0.7620601720768319,1,0.9993129776616922,pre,Nov Y - Nov Y
7,4,10,BEUTI,-0.0610973827183506,0.021932633311266155,0.8771255716395442,27,0.7620942169124475,1,0.9993129776616922,pre,Jul Y - Oct Y
29,1,29,PDO,-0.062339134852919004,-0.11830601728205192,-0.17189110540084482,26,0.7622483502810504,1,0.8930658411762749,rec,May Y+2 - May Y+2
14,1,14,Willamette discharge,0.06105251546775671,0.052118735493006024,-0.1407927329682149,27,0.7622639760236911,1,0.9993129776616922,pre,Feb Y+1 - Feb Y+1
14,1,14,SST anomaly (buoys),0.06231723477622665,0.06039220046904441,0.13688112440467362,26,0.7623295162447714,1,0.9993129776616922,pre,Feb Y+1 - Feb Y+1
2,4,5,"Columbia discharge, Beaver",-0.06082495037313844,-0.0613132074023618,-0.01019203126001402,27,0.7631251533409129,1,0.9993129776616922,pre,Feb Y - May Y
25,1,25,PDO,-0.06208849739758573,-0.1183097514343457,-0.17257320451170047,26,0.7631774077390813,1,0.8930658411762749,rec,Jan Y+2 - Jan Y+2
26,1,26,Wave energy Hs^2 (buoys),-0.06203415400776078,-0.12942840445871542,-0.20513607557848273,26,0.7633788888013908,1,0.8930658411762749,rec,Feb Y+2 - Feb Y+2
12,2,13,SST anomaly (OISST),0.06195451565770866,0.058093318991104696,0.22428860546297208,26,0.7636741793959395,1,0.9993129776616922,pre,Dec Y - Jan Y+1
29,2,30,CUTI,-0.06189790581316707,0.10565095810551374,0.4447236056819051,26,0.763884102291758,1,0.8930658411762749,rec,May Y+2 - Jun Y+2
5,1,5,Willamette discharge,0.06187324308425324,0.023872123170079543,-0.09523731321799231,26,0.7639755626934903,1,0.8930658411762749,rec,May Y - May Y
15,4,18,SST anomaly (buoys),-0.06310204318037801,-0.0717561637443158,0.19452553662781327,25,0.7644396162696794,1,0.9993129776616922,pre,Mar Y+1 - Jun Y+1
8,4,11,BEUTI,0.06032575878899095,0.08251251736822093,0.8142850741425457,27,0.765015212772028,1,0.9993129776616922,pre,Aug Y - Nov Y
17,1,17,"SST anomaly (MUR, 5-beach mean)",0.06936401837502536,0.15945881403652348,0.2198338908023366,21,0.7651218001840973,1,0.8932556405414863,rec,May Y+1 - May Y+1
6,4,9,Willamette discharge,-0.06025203884548443,-0.06867297615776896,-0.15906481395754324,27,0.765294445837326,1,0.9993129776616922,pre,Jun Y - Sep Y
16,3,18,"SST anomaly (MUR, 5-beach mean)",0.06930510226131595,0.07369562760373402,0.09929931950157106,21,0.7653159112502923,1,0.9993129776616922,pre,Apr Y+1 - Jun Y+1
5,3,7,"Columbia discharge, The Dalles",-0.06021266511750691,-0.06441195297191847,-0.07669540330159506,27,0.7654435955940824,1,0.9993129776616922,pre,May Y - Jul Y
7,2,8,CUTI,-0.061313809557124774,0.168282055827546,0.6041910520683007,26,0.7660510175220184,1,0.8932556405414863,rec,Jul Y - Aug Y
17,3,19,"Columbia discharge, Beaver",-0.0612266242674284,-0.019865221259732155,0.10469809156858584,26,0.7663746101418552,1,0.8932556405414863,rec,May Y+1 - Jul Y+1
7,4,10,BEUTI,0.06115355572012808,0.3438663781083527,0.9008688984598751,26,0.7666458371413495,1,0.8932556405414863,rec,Jul Y - Oct Y
8,2,9,SST anomaly (OISST),0.06098049567447662,0.11718009130794806,0.17225645346323218,26,0.7672883345742035,1,0.8932556405414863,rec,Aug Y - Sep Y
4,1,4,BEUTI,-0.06093207323718583,-0.05487199160753185,0.0059580591483812265,26,0.7674681330618954,1,0.8932556405414863,rec,Apr Y - Apr Y
11,3,13,CUTI,0.06081703804340268,0.17833788953676077,0.35332991830501637,26,0.7678953198948151,1,0.8932556405414863,rec,Nov Y - Jan Y+1
28,2,29,SST anomaly (buoys),-0.062133013674001626,0.03891864951813343,0.28236404583849545,25,0.7679593230177604,1,0.8932556405414863,rec,Apr Y+2 - May Y+2
4,4,7,"Columbia discharge, The Dalles",-0.059365899134433395,-0.06391703971285391,-0.0831805300491219,27,0.7686531570118962,1,0.9993129776616922,pre,Apr Y - Jul Y
-6,3,-4,BEUTI,0.06056768861520373,0.3339850347740635,0.8619895414391695,26,0.7688215133110368,1,0.8932556405414863,rec,Jun Y-1 - Aug Y-1
14,3,16,"Columbia discharge, Beaver",-0.06051027474525238,-0.03689474722963852,0.055364004665719405,26,0.7690348174657429,1,0.8932556405414863,rec,Feb Y+1 - Apr Y+1
9,1,9,BEUTI,0.06039011559090955,0.2665950877250586,0.6287772843239832,26,0.7694812860025824,1,0.8932556405414863,rec,Sep Y - Sep Y
20,3,22,CUTI,0.06034421616629299,0.10661102860544286,0.14333127273378976,26,0.7696518507752005,1,0.8932556405414863,rec,Aug Y+1 - Oct Y+1
3,4,6,"Columbia discharge, Beaver",-0.05905687064054755,-0.0597272715706057,-0.01329440340367909,27,0.7698254218487937,1,0.9993129776616922,pre,Mar Y - Jun Y
0,1,0,SST anomaly (buoys),0.06023855265044391,0.06169290477731153,0.06504732934284076,26,0.7700445418163011,1,0.9993129776616922,pre,Dec Y-1 - Dec Y-1
0,3,2,"SST anomaly (MUR, 5-beach mean)",-0.06786667508949969,-0.07961103163277367,-0.061145209895887,21,0.770059275585478,1,0.9993129776616922,pre,Dec Y-1 - Feb Y
-10,3,-8,BEUTI,-0.060073936827858485,0.06859706386954997,0.34272443307624206,26,0.7706564349080004,1,0.8938878934732416,rec,Feb Y-1 - Apr Y-1
21,3,23,SST anomaly (buoys),-0.059683490851804195,0.15524459389729528,0.5680671315250634,26,0.772108294438671,1,0.8950378797786384,rec,Sep Y+1 - Nov Y+1
0,3,2,Storm hours Hs > 4 m (buoys),0.05959735073047014,0.05499233657174657,-0.15974619200227988,26,0.7724287041919916,1,0.9993129776616922,pre,Dec Y-1 - Feb Y
7,4,10,CUTI,-0.0582436018435004,-0.028554721113173115,0.41628961167188827,27,0.7729128195243736,1,0.9993129776616922,pre,Jul Y - Oct Y
30,1,30,"Wind stress, alongshore (buoys)",-0.05946435760709415,0.0016197402204508637,0.15958729663809207,26,0.7729234612858673,1,0.8954488729080609,rec,Jun Y+2 - Jun Y+2
12,1,12,PDO,0.057996976549154755,0.04411487594086494,-0.21321130173808406,27,0.7738497479880695,1,0.9993129776616922,pre,Dec Y - Dec Y
24,4,27,Wave energy Hs^2 (buoys),-0.059109892330227926,-0.17641185425704645,-0.35203231837787335,26,0.7742425540518938,1,0.8964428380445989,rec,Dec Y+1 - Mar Y+2
8,4,11,SST anomaly (OISST),-0.058971187613874335,0.036073521520306406,0.2525365300190556,26,0.774758890505287,1,0.8965067161561179,rec,Aug Y - Nov Y
15,3,17,SST anomaly (OISST),-0.057680365539013095,-0.047596810724134096,0.1585090131411392,27,0.7750530051683266,1,0.9993129776616922,pre,Mar Y+1 - May Y+1
9,2,10,"SST anomaly (MUR, 5-beach mean)",-0.06626414736086653,0.17378947041859044,0.5073128677691849,21,0.7753530925594914,1,0.8966605662912858,rec,Sep Y - Oct Y
6,3,8,Willamette discharge,-0.05749740539432806,-0.06289462362021428,-0.09891663788948951,27,0.7757485633278005,1,0.9993129776616922,pre,Jun Y - Aug Y
-4,2,-3,CUTI,0.05848966509776795,0.14841068682494601,0.2703642082460412,26,0.7765521088068643,1,0.8970136410745003,rec,Aug Y-1 - Sep Y-1
17,4,20,"Columbia discharge, Beaver",-0.058417877774925485,-0.02406410313169474,0.08574524628064717,26,0.7768195447739159,1,0.8970136410745003,rec,May Y+1 - Aug Y+1
9,3,11,SST anomaly (OISST),-0.05721417455037082,-0.03560813819158657,0.3176376472861052,27,0.7768256527016796,1,0.9993129776616922,pre,Sep Y - Nov Y
7,4,10,Wave energy Hs^2 (buoys),-0.057204147191166774,-0.06215209461882094,-0.0903986790953771,27,0.7768637928145024,1,0.9993129776616922,pre,Jul Y - Oct Y
-9,3,-7,PDO,-0.058357986872751726,-0.10334235147503798,-0.13920159223880768,26,0.7770426808484868,1,0.8970136410745003,rec,Mar Y-1 - May Y-1
1,3,3,BEUTI,0.05715710618530321,0.07648106040279525,0.42533532031345234,27,0.7770427249539538,1,0.9993129776616922,pre,Jan Y - Mar Y
-4,2,-3,CUTI,0.05709383002628964,0.07120232903705967,0.28320215735044424,27,0.77728342903623,1,0.9993129776616922,pre,Aug Y-1 - Sep Y-1
-4,4,-1,"Wind stress, alongshore (buoys)",0.0569473905727167,0.0638109150463994,0.12708007942963123,27,0.777840565282369,1,0.9993129776616922,pre,Aug Y-1 - Nov Y-1
6,1,6,SST anomaly (buoys),-0.05671413052410428,-0.059187810081337104,-0.044996003319031225,27,0.7787282361475886,1,0.9993129776616922,pre,Jun Y - Jun Y
7,3,9,SST anomaly (OISST),0.05909449200626897,0.13934163801679292,0.26908148316672664,25,0.7790245207727786,1,0.8987677557164876,rec,Jul Y - Sep Y
6,1,6,Wave energy Hs^2 (buoys),0.056595795986012595,0.024825626214541964,-0.44248276142244025,27,0.7791786617851684,1,0.9993129776616922,pre,Jun Y - Jun Y
5,2,6,SST anomaly (buoys),-0.056546440613378386,-0.050222267390926036,0.10163086345527396,27,0.7793665474250108,1,0.9993129776616922,pre,May Y - Jun Y
3,4,6,Storm hours Hs > 4 m (buoys),-0.057523334090773995,-0.062325959743744684,-0.3457597837306222,26,0.7801541387300158,1,0.9993129776616922,pre,Mar Y - Jun Y
1,3,3,"Columbia discharge, Beaver",-0.05632253161431696,-0.0651572047762313,-0.16633301262520414,27,0.7802190742325663,1,0.9993129776616922,pre,Jan Y - Mar Y
11,3,13,"Wind stress, alongshore (buoys)",0.05875475109236302,0.04590736464702127,0.2063185424556908,25,0.7802643788735597,1,0.9993129776616922,pre,Nov Y - Jan Y+1
-5,2,-4,"Columbia discharge, The Dalles",0.057449118321306405,-0.01756623669003439,-0.1982935466302584,26,0.7804309641425118,1,0.8998563429970599,rec,Jul Y-1 - Aug Y-1
12,4,15,CUTI,0.05626026827832499,0.07850027462544186,0.5266085588834374,27,0.7804561841467628,1,0.9993129776616922,pre,Dec Y - Mar Y+1
21,1,21,CUTI,-0.057320410057309,-0.15266758708300499,-0.2860444340507242,26,0.7809111087469268,1,0.8998762272697247,rec,Sep Y+1 - Sep Y+1
11,1,11,Storm hours Hs > 4 m (buoys),-0.055970786871145636,-0.07001070424328312,-0.28043010528283563,27,0.7815588324655387,1,0.9993129776616922,pre,Nov Y - Nov Y
19,3,21,"Columbia discharge, The Dalles",0.05712495141361661,0.005837233268217474,-0.13302539677765138,26,0.7816404143114906,1,0.9001830363871669,rec,Jul Y+1 - Sep Y+1
14,2,15,SST anomaly (OISST),-0.055834329758044095,-0.052992578028802216,0.046016263099395556,27,0.7820787471359766,1,0.9993129776616922,pre,Feb Y+1 - Mar Y+1
-1,2,0,PDO,-0.05572675614707282,-0.06671172619440566,-0.21121352017008702,27,0.782488677336005,1,0.9993129776616922,pre,Nov Y-1 - Dec Y-1
0,4,3,SST anomaly (buoys),-0.056881560996145185,-0.05398913697674728,0.10692624937773787,26,0.7825488166479659,1,0.9993129776616922,pre,Dec Y-1 - Mar Y
16,3,18,"Columbia discharge, Beaver",-0.056764545769021756,-0.0019149446492668489,0.1429501628362643,26,0.7829856496811932,1,0.9007536681588629,rec,Apr Y+1 - Jun Y+1
-5,1,-5,"Wind stress, alongshore (buoys)",-0.056743934071054776,0.06792862421327492,0.3330941719269733,26,0.783062602463209,1,0.9007536681588629,rec,Jul Y-1 - Jul Y-1
-11,2,-10,BEUTI,-0.055574351118935626,-0.03495105636922651,0.3059525604711108,27,0.7830695434296766,1,0.9993129776616922,pre,Jan Y-1 - Feb Y-1
10,1,10,BEUTI,-0.05655370381268393,0.051543753164130617,0.28853176973660066,26,0.7837729116572018,1,0.9010375755538736,rec,Oct Y - Oct Y
-1,3,1,SST anomaly (buoys),-0.05651879900362046,-0.049082232863935676,0.2402275980789686,26,0.7839032626010702,1,0.9993129776616922,pre,Nov Y-1 - Jan Y
11,3,13,SST anomaly (OISST),-0.05637086262094656,-0.05728435353303044,0.2738300003256297,26,0.7844557894698183,1,0.9993129776616922,pre,Nov Y - Jan Y+1
3,3,5,SST anomaly (OISST),-0.05509992537877759,-0.04929392245322595,0.09366475340484164,27,0.7848784626102119,1,0.9993129776616922,pre,Mar Y - May Y
7,3,9,"Columbia discharge, Beaver",-0.05505920142486312,-0.06478587573542371,-0.18427604984955,27,0.7850337883468447,1,0.9993129776616922,pre,Jul Y - Sep Y
5,2,6,SST anomaly (OISST),0.05483615695838006,0.058345823021293264,0.06359577768097491,27,0.7858846473761518,1,0.9993129776616922,pre,May Y - Jun Y
20,1,20,BEUTI,-0.05598375297642895,0.24934776007175377,0.7939580933878411,26,0.7859020839941898,1,0.9022925138930101,rec,Aug Y+1 - Aug Y+1
5,1,5,Wave energy Hs^2 (buoys),-0.05481582325610943,-0.05503287205675562,-0.005331851221314294,27,0.7859622273370013,1,0.9993129776616922,pre,May Y - May Y
10,4,13,CUTI,0.054784325515943505,0.07384109950582499,0.4104104633828059,27,0.7860824058216653,1,0.9993129776616922,pre,Oct Y - Jan Y+1
9,3,11,"Columbia discharge, Beaver",0.05589561026357124,-0.04867101199770576,-0.27916541918954796,26,0.7862314940804747,1,0.9022925138930101,rec,Sep Y - Nov Y
29,2,30,SST anomaly (buoys),0.05588879816791304,0.12584473515776198,0.2110865795601908,26,0.7862569539787855,1,0.9022925138930101,rec,May Y+2 - Jun Y+2
21,2,22,"Columbia discharge, The Dalles",-0.05576248751089983,-0.18541191408816735,-0.3878177837800268,26,0.7867290730566836,1,0.9023016625499664,rec,Sep Y+1 - Oct Y+1
12,3,14,PDO,0.054513759921705304,0.037596602224110924,-0.2568225712052043,27,0.7871149358144511,1,0.9993129776616922,pre,Dec Y - Feb Y+1
9,1,9,Wave energy Hs^2 (buoys),0.054247118242837136,0.05546033884397934,0.02259603354356681,27,0.7881328351762514,1,0.9993129776616922,pre,Sep Y - Sep Y
11,2,12,"SST anomaly (MUR, 5-beach mean)",-0.06230371254108738,-0.036711215080860095,0.04485968072060209,21,0.7884768125437134,1,0.9037729502269921,rec,Nov Y - Dec Y
2,2,3,"Wind stress, alongshore (buoys)",-0.0564846820514277,-0.0390914754987884,0.3439269440665503,25,0.7885620698822895,1,0.9993129776616922,pre,Feb Y - Mar Y
-6,4,-3,Willamette discharge,-0.054109154437523364,-0.05823707557821091,-0.07485860865852322,27,0.788659642739262,1,0.9993129776616922,pre,Jun Y-1 - Sep Y-1
-1,1,-1,"Columbia discharge, Beaver",-0.054077669957672825,-0.05912972809539437,-0.09200736141528165,27,0.788779877298522,1,0.9993129776616922,pre,Nov Y-1 - Nov Y-1
3,4,6,SST anomaly (buoys),-0.05633204635354143,-0.051865907004877296,0.10217715290365886,25,0.789120807707484,1,0.9993129776616922,pre,Mar Y - Jun Y
7,1,7,CUTI,-0.05393207853070985,-0.02020528422739025,0.4684933167437002,27,0.7893359307336066,1,0.9993129776616922,pre,Jul Y - Jul Y
-6,4,-3,"Wind stress, alongshore (buoys)",0.05482779165599887,0.11156198299054482,0.1724008046848322,26,0.7902250136280164,1,0.905243032700568,rec,Jun Y-1 - Sep Y-1
4,2,5,PDO,-0.053595577279669966,-0.0629675424380429,-0.17640982497970492,27,0.790621505947869,1,0.9993129776616922,pre,Apr Y - May Y
17,1,17,Storm hours Hs > 4 m (buoys),0.053476393347222685,0.036275457496698756,-0.26122703935646446,27,0.7910769667531462,1,0.9993129776616922,pre,May Y+1 - May Y+1
24,2,25,Wave energy Hs^2 (buoys),0.05456569245186553,-0.030080864098058737,-0.22532367767291264,26,0.7912060274240085,1,0.9058232623204941,rec,Dec Y+1 - Jan Y+2
14,4,17,PDO,-0.05335301213187063,-0.06642644561618516,-0.2557433927627265,27,0.7915485379942104,1,0.9993129776616922,pre,Feb Y+1 - May Y+1
-2,3,0,BEUTI,-0.05443937332508425,0.0454053864837135,0.26675787118740923,26,0.7916789392381232,1,0.9058232623204941,rec,Oct Y-1 - Dec Y-1
14,3,16,Storm hours Hs > 4 m (buoys),-0.054366473854624564,-0.048403131378072506,-0.31210311040841077,26,0.7919518919439708,1,0.9993129776616922,pre,Feb Y+1 - Apr Y+1
-7,2,-6,BEUTI,0.0543190699560541,0.2416182111797922,0.5637830671399499,26,0.7921293960621605,1,0.9058232623204941,rec,May Y-1 - Jun Y-1
-4,1,-4,SST anomaly (buoys),-0.05316477465072318,-0.031009736753840042,0.3276420449705468,27,0.7922681321206693,1,0.9993129776616922,pre,Aug Y-1 - Aug Y-1
24,1,24,Storm hours Hs > 4 m (buoys),-0.05404327697189692,-0.15787512935356737,-0.3101138790771703,26,0.7931623039329482,1,0.9062944657170166,rec,Dec Y+1 - Dec Y+1
11,1,11,"Wind stress, alongshore (buoys)",0.05396010777722844,0.10181679559850734,0.1465452739843891,26,0.7934738583592399,1,0.9062944657170166,rec,Nov Y - Nov Y
-3,4,0,CUTI,0.05357689280976839,0.1281642641242158,0.22401119499919342,26,0.7949097915935945,1,0.9073802871739781,rec,Sep Y-1 - Dec Y-1
15,4,18,"SST anomaly (MUR, 5-beach mean)",0.05870082140733467,0.05741619798505263,-0.012765254932641523,22,0.7952625513346688,1,0.9993129776616922,pre,Mar Y+1 - Jun Y+1
17,1,17,Storm hours Hs > 4 m (buoys),-0.05345730483174341,-0.14601107203782382,-0.2766340609100233,26,0.7953580294981784,1,0.9073802871739781,rec,May Y+1 - May Y+1
-6,3,-4,CUTI,0.05227043244772938,0.0754421496386961,0.5394531918936197,27,0.7956892830679914,1,0.9993129776616922,pre,Jun Y-1 - Aug Y-1
13,2,14,Storm hours Hs > 4 m (buoys),-0.05450107218606667,-0.09536692719180243,-0.13782198388133124,25,0.7958310826926758,1,0.9073874631991564,rec,Jan Y+1 - Feb Y+1
2,4,5,SST anomaly (buoys),-0.05439061181568608,-0.04809506653098257,0.14125036428663368,25,0.7962363612057455,1,0.9993129776616922,pre,Feb Y - May Y
13,1,13,"SST anomaly (MUR, 5-beach mean)",-0.059691734463731584,-0.042230486220456526,0.027197777233129238,21,0.7971626551596972,1,0.9082602528994966,rec,Jan Y+1 - Jan Y+1
8,2,9,Storm hours Hs > 4 m (buoys),-0.052838350274158626,-0.02538651285586666,0.06752710686914935,26,0.7976789934036315,1,0.9082602528994966,rec,Aug Y - Sep Y
8,2,9,BEUTI,-0.051736848089091465,0.018894858375172564,0.8242676795626928,27,0.7977321790132057,1,0.9993129776616922,pre,Aug Y - Sep Y
6,1,6,SST anomaly (OISST),-0.0527532577840715,-0.03750215895652002,0.033332760876541655,26,0.7979982057368006,1,0.9082602528994966,rec,Jun Y - Jun Y
4,4,7,CUTI,-0.05162781897286363,-0.014444058310162027,0.5111732181874473,27,0.7981497714185917,1,0.9993129776616922,pre,Apr Y - Jul Y
28,1,28,SST anomaly (buoys),-0.05369842690215693,0.022434772460951855,0.21341814111465457,25,0.7987771477223387,1,0.9086148479650242,rec,Apr Y+2 - Apr Y+2
9,2,10,CUTI,-0.05131346939675877,-0.04994111982994813,0.021790687689960113,27,0.7993540647872479,1,0.9993129776616922,pre,Sep Y - Oct Y
12,2,13,Storm hours Hs > 4 m (buoys),0.051185352471098726,0.03822603711661296,-0.20231235723790272,27,0.799845017602892,1,0.9993129776616922,pre,Dec Y - Jan Y+1
0,1,0,"Columbia discharge, Beaver",0.05224183918061494,-0.039284158194404395,-0.2446862531372088,26,0.799917383923385,1,0.9093797627760587,rec,Dec Y-1 - Dec Y-1
14,4,17,Storm hours Hs > 4 m (buoys),-0.051930511119676885,-0.0455736397626636,-0.33005581298952774,26,0.8010862458164891,1,0.9993129776616922,pre,Feb Y+1 - May Y+1
3,1,3,Wave energy Hs^2 (buoys),-0.05189391985321297,-0.057003712049786784,-0.5010251931882777,26,0.801223652884425,1,0.9993129776616922,pre,Mar Y - Mar Y
26,3,28,"SST anomaly (MUR, 5-beach mean)",-0.05663459379643666,-0.08223116987625652,-0.06654618866269613,22,0.8023287418580365,1,0.9115880036072607,rec,Feb Y+2 - Apr Y+2
15,1,15,"Wind stress, alongshore (buoys)",0.05273050665143492,0.03930332675413086,0.24494084958891618,25,0.8023334004459091,1,0.9993129776616922,pre,Mar Y+1 - Mar Y+1
13,2,14,PDO,0.050338140379161914,0.032581544604839134,-0.2704962818393505,27,0.8030934528956416,1,0.9993129776616922,pre,Jan Y+1 - Feb Y+1
7,2,8,PDO,-0.050267274027965714,-0.06141143243693134,-0.2117796266486235,27,0.8033653187867813,1,0.9993129776616922,pre,Jul Y - Aug Y
7,3,9,Storm hours Hs > 4 m (buoys),-0.05130714202531812,-0.024455409515124094,0.06613468505991608,26,0.803427897255937,1,0.9122622162608841,rec,Jul Y - Sep Y
16,4,19,"Columbia discharge, Beaver",-0.051191977594526844,-0.007079040503876764,0.11430646854258909,26,0.8038606874767975,1,0.9122622162608841,rec,Apr Y+1 - Jul Y+1
4,4,7,SST anomaly (OISST),0.049971077157521096,0.056703268454322844,0.12324755638814934,27,0.8045018656988762,1,0.9993129776616922,pre,Apr Y - Jul Y
10,1,10,Willamette discharge,0.051001493959342,0.039467123236567786,-0.023199648734644692,26,0.8045766522460909,1,0.9123262156279304,rec,Oct Y - Oct Y
5,4,8,"Columbia discharge, The Dalles",-0.049920459822322565,-0.055492305835805514,-0.10125046590505228,27,0.8046961300411195,1,0.9993129776616922,pre,May Y - Aug Y
12,1,12,PDO,-0.05092726676838737,-0.1063826576551222,-0.1678153946179175,26,0.8048556891985085,1,0.9123262156279304,rec,Dec Y - Dec Y
-11,4,-8,SST anomaly (OISST),0.04982353110868191,0.050389417362841596,0.011199153992030956,27,0.805068164468609,1,0.9993129776616922,pre,Jan Y-1 - Apr Y-1
12,2,13,SST anomaly (buoys),-0.05039432972537527,-0.0515993119366325,0.16933205096388745,26,0.8068598024697977,1,0.9993129776616922,pre,Dec Y - Jan Y+1
17,2,18,SST anomaly (buoys),-0.04915695532849264,-0.03677510362371114,0.19452541017010874,27,0.8076277518100797,1,0.9993129776616922,pre,May Y+1 - Jun Y+1
5,4,8,Willamette discharge,-0.049051926850133945,-0.054138463882383143,-0.0920931111835192,27,0.8080312281833979,1,0.9993129776616922,pre,May Y - Aug Y
-9,3,-7,BEUTI,-0.05007689957924674,0.05490419331428665,0.28190557443276804,26,0.8080540656927214,1,0.9154178926029432,rec,Mar Y-1 - May Y-1
-4,1,-4,BEUTI,-0.048936928922369755,0.023988683775730938,0.8506024220655092,27,0.8084730580592945,1,0.9993129776616922,pre,Aug Y-1 - Aug Y-1
1,4,4,"Columbia discharge, Beaver",-0.04891140286329902,-0.054961434630686055,-0.11010722807312222,27,0.8085711386974676,1,0.9993129776616922,pre,Jan Y - Apr Y
15,4,18,"Columbia discharge, The Dalles",-0.04961431487168057,-0.01744592287997896,0.08131973242972854,26,0.8097951911012569,1,0.9168560579504037,rec,Mar Y+1 - Jun Y+1
-2,2,-1,CUTI,0.04857892208579715,0.06255338985764461,0.2720149921553652,27,0.8098489111980507,1,0.9993129776616922,pre,Oct Y-1 - Nov Y-1
10,2,11,"Columbia discharge, The Dalles",-0.04848961399752721,-0.06737200528438138,-0.3905744769591586,27,0.8101922165197939,1,0.9993129776616922,pre,Oct Y - Nov Y
1,1,1,Willamette discharge,0.04947443609629334,-0.07066384987850816,-0.32316789803155155,26,0.8103218556174009,1,0.9169183278930311,rec,Jan Y - Jan Y
6,1,6,SST anomaly (OISST),0.0484412106590459,0.0427485717098682,-0.09250815956921798,27,0.8103782960058702,1,0.9993129776616922,pre,Jun Y - Jun Y
-3,4,0,"Wind stress, alongshore (buoys)",-0.0483199318026526,-0.03772293926681753,0.16826275368962043,27,0.8108445788127808,1,0.9993129776616922,pre,Sep Y-1 - Dec Y-1
24,4,27,Storm hours Hs > 4 m (buoys),-0.04931222834916092,-0.15530640394491804,-0.31494484091993774,26,0.8109326926981564,1,0.9170757153026272,rec,Dec Y+1 - Mar Y+2
6,2,7,SST anomaly (buoys),0.048284296365259376,0.06331075030139678,0.29558863831828125,27,0.8109815989447678,1,0.9993129776616922,pre,Jun Y - Jul Y
-8,4,-5,CUTI,0.04896503612478457,0.24055008719304424,0.5732940723390074,26,0.8122405005385089,1,0.9179466246842953,rec,Apr Y-1 - Jul Y-1
5,1,5,SST anomaly (OISST),0.04790558771377895,0.05755358719001369,0.1799730462127069,27,0.812438088692438,1,0.9993129776616922,pre,May Y - May Y
9,2,10,CUTI,-0.04885709569947886,-0.025854019027814045,0.05581120411914611,26,0.8126471919144405,1,0.9179466246842953,rec,Sep Y - Oct Y
-11,1,-11,"Columbia discharge, Beaver",-0.04782214804162533,-0.06225481316577245,-0.2816103574913516,27,0.8127590745127058,1,0.9993129776616922,pre,Jan Y-1 - Jan Y-1
9,1,9,Willamette discharge,-0.04770403859020929,-0.06846657108124585,-0.4401428396264467,27,0.81321348270054,1,0.9993129776616922,pre,Sep Y - Sep Y
14,2,15,SST anomaly (buoys),0.049603172917599886,0.04458781689449654,0.10132255096096081,25,0.8138493930333223,1,0.9993129776616922,pre,Feb Y+1 - Mar Y+1
-9,4,-6,BEUTI,-0.04848267209832188,0.0956532085331922,0.3880867926680982,26,0.8140582883822567,1,0.9186124683802473,rec,Mar Y-1 - Jun Y-1
0,3,2,SST anomaly (OISST),-0.0484392355619272,-0.04416840214943086,0.15366821065730393,26,0.8142220250340231,1,0.9993129776616922,pre,Dec Y-1 - Feb Y
-3,4,0,"Columbia discharge, The Dalles",0.04843627878988511,-0.11654167435340176,-0.44370131682995617,26,0.8142331710413631,1,0.9186124683802473,rec,Sep Y-1 - Dec Y-1
-1,4,2,Wave energy Hs^2 (buoys),0.04737984852477387,0.036980838827394974,-0.16550705714644198,27,0.8144610577091692,1,0.9993129776616922,pre,Nov Y-1 - Feb Y
-1,2,0,SST anomaly (OISST),-0.047345002379106944,-0.042884351884778446,0.07284553324513683,27,0.8145951818753322,1,0.9993129776616922,pre,Nov Y-1 - Dec Y-1
-5,1,-5,"Columbia discharge, The Dalles",0.048324403087826526,-0.00787175046863153,-0.14842303172785312,26,0.8146549295659281,1,0.9186124683802473,rec,Jul Y-1 - Jul Y-1
-1,4,2,CUTI,0.04722144547641178,0.06948710150857647,0.4830556422487068,27,0.8150707982705054,1,0.9993129776616922,pre,Nov Y-1 - Feb Y
14,4,17,SST anomaly (OISST),-0.047099314357018564,-0.038566071834268745,0.13713156696728207,27,0.81554098916587,1,0.9993129776616922,pre,Feb Y+1 - May Y+1
19,2,20,"Columbia discharge, The Dalles",0.048017086760321646,0.010778527764528475,-0.09577953645274079,26,0.8158137352067074,1,0.9186124683802473,rec,Jul Y+1 - Aug Y+1
18,2,19,"Columbia discharge, The Dalles",-0.04799276654113973,-0.053536039408594284,-0.02447326639935532,26,0.81590545622101,1,0.9186124683802473,rec,Jun Y+1 - Jul Y+1
3,1,3,"Columbia discharge, The Dalles",-0.04698676063755165,-0.0545304142361733,-0.13825582738707354,27,0.8159743633737792,1,0.9993129776616922,pre,Mar Y - Mar Y
11,2,12,"Wind stress, alongshore (buoys)",0.05008163655334932,0.10126419463669478,0.19611748144308386,24,0.8162298751631899,1,0.9186124683802473,rec,Nov Y - Dec Y
-1,1,-1,"Columbia discharge, The Dalles",-0.04686849060743744,-0.05248580952154334,-0.10170929557016327,27,0.8164298044552267,1,0.9993129776616922,pre,Nov Y-1 - Nov Y-1
20,3,22,PDO,-0.047823360882602646,-0.04765717504621284,-0.008286953218261173,26,0.8165444163379977,1,0.9186124683802473,rec,Aug Y+1 - Oct Y+1
7,3,9,"SST anomaly (MUR, 5-beach mean)",0.0537080682911087,0.26734646269194023,0.5059007478337542,21,0.8171463173125432,1,0.9187579183664453,rec,Jul Y - Sep Y
-2,3,0,Storm hours Hs > 4 m (buoys),0.04665225416623175,0.032630065997923306,-0.21932131128171842,27,0.8172626506370079,1,0.9993129776616922,pre,Oct Y-1 - Dec Y-1
12,4,15,SST anomaly (OISST),-0.04660562074967949,-0.04300238992001699,0.05895028090805821,27,0.81744228714518,1,0.9993129776616922,pre,Dec Y - Mar Y+1
5,4,8,SST anomaly (buoys),-0.04733242744493313,0.0766611294560978,0.3342666136016979,26,0.8183967504492549,1,0.9196319554181223,rec,May Y - Aug Y
9,2,10,PDO,0.04626046472047478,0.03891006717317007,-0.11889887157899084,27,0.8187721413604622,1,0.9993129776616922,pre,Sep Y - Oct Y
9,1,9,"Wind stress, alongshore (buoys)",-0.04720295198186326,-0.07608453895846921,-0.09070453523244093,26,0.8188854310962633,1,0.9196494962744864,rec,Sep Y - Sep Y
-1,1,-1,Wave energy Hs^2 (buoys),0.04596314990387166,0.03808054102885184,-0.1272435482777409,27,0.8199180603864669,1,0.9993129776616922,pre,Nov Y-1 - Nov Y-1
13,2,14,CUTI,0.045923810648040485,0.07098289345777124,0.5709608453763406,27,0.8200697099297278,1,0.9993129776616922,pre,Jan Y+1 - Feb Y+1
14,1,14,"Columbia discharge, Beaver",0.045886748286891876,0.0439871469002967,-0.03081319535699599,27,0.8202125880115132,1,0.9993129776616922,pre,Feb Y+1 - Feb Y+1
-5,2,-4,"Wind stress, alongshore (buoys)",0.04682796486428488,0.16064311869636796,0.33718914164421926,26,0.8203011200046042,1,0.9207074926610569,rec,Jul Y-1 - Aug Y-1
-6,4,-3,"SST anomaly (MUR, 5-beach mean)",-0.05272952869099633,0.06097438150627677,0.5200562492678767,21,0.8204251039369237,1,0.9993129776616922,pre,Jun Y-1 - Sep Y-1
3,3,5,Wave energy Hs^2 (buoys),-0.04671595840576766,-0.05186491323015537,-0.3060358637620497,26,0.8207240845200471,1,0.9993129776616922,pre,Mar Y - May Y
20,4,23,SST anomaly (buoys),0.04663958881268878,0.2417365730827277,0.5824765652055943,26,0.8210125032683739,1,0.9209742102445002,rec,Aug Y+1 - Nov Y+1
12,4,15,PDO,0.045498060819023356,0.02713165169084446,-0.28166798466213855,27,0.8217113428402689,1,0.9993129776616922,pre,Dec Y - Mar Y+1
0,2,1,"Columbia discharge, The Dalles",0.04643742188469325,-0.07007849613354511,-0.31429162080925294,26,0.8217761196967366,1,0.9210364082896396,rec,Dec Y-1 - Jan Y
14,1,14,"Columbia discharge, The Dalles",-0.04543042878031376,-0.052678098265954695,-0.13225008755530265,27,0.8219721903442926,1,0.9993129776616922,pre,Feb Y+1 - Feb Y+1
-1,3,1,"Columbia discharge, The Dalles",0.0463740497814972,-0.06094522869394096,-0.2893117814759769,26,0.8220155187152905,1,0.9210364082896396,rec,Nov Y-1 - Jan Y
3,2,4,"Columbia discharge, The Dalles",-0.04540461682603302,-0.05148209237331834,-0.11011045947159523,27,0.8220717483861277,1,0.9993129776616922,pre,Mar Y - Apr Y
6,3,8,CUTI,-0.045363332198815325,-0.0012581263456990306,0.5992400904549146,27,0.8222309909170452,1,0.9993129776616922,pre,Jun Y - Aug Y
12,3,14,Wave energy Hs^2 (buoys),-0.04621489327519955,-0.04230297611972547,-0.2433685529825273,26,0.8226168281437257,1,0.9993129776616922,pre,Dec Y - Feb Y+1
8,4,11,Wave energy Hs^2 (buoys),-0.04526004663502205,-0.05958382047163012,-0.276821042382641,27,0.8226294127556304,1,0.9993129776616922,pre,Aug Y - Nov Y
8,2,9,"SST anomaly (MUR, 5-beach mean)",0.052049618027106365,0.2621559034852757,0.49659093989180175,21,0.8227049783703233,1,0.9212779250875048,rec,Aug Y - Sep Y
-4,2,-3,Wave energy Hs^2 (buoys),0.0449741200865598,0.04588263382413359,0.01698165444420978,27,0.823732591880814,1,0.9993129776616922,pre,Aug Y-1 - Sep Y-1
29,1,29,SST anomaly (OISST),0.04586636260145564,0.1545591045882995,0.32174775485741586,26,0.823933952548395,1,0.9221229728002762,rec,May Y+2 - May Y+2
-11,4,-8,"SST anomaly (MUR, 5-beach mean)",0.05295212099271157,0.027070522644327036,-0.08080975681280592,20,0.8245349581581187,1,0.9993129776616922,pre,Jan Y-1 - Apr Y-1
-8,2,-7,SST anomaly (OISST),-0.04567485784544995,0.026853128458610584,0.19414234548082224,26,0.8246578617024514,1,0.9224021191884726,rec,Apr Y-1 - May Y-1
0,3,2,SST anomaly (buoys),-0.045436472031457176,-0.0417812740026929,0.13478065169531472,26,0.8255591814327914,1,0.9993129776616922,pre,Dec Y-1 - Feb Y
-8,1,-8,"SST anomaly (MUR, 5-beach mean)",-0.05250818358754619,-0.04741944567394211,0.014301588370618887,20,0.8259843820913618,1,0.9993129776616922,pre,Apr Y-1 - Apr Y-1
19,1,19,CUTI,0.04505708057130407,0.19877911306121007,0.45535887202846254,26,0.8269940768752694,1,0.9244833153798296,rec,Jul Y+1 - Jul Y+1
17,2,18,"Wind stress, alongshore (buoys)",0.046823739820651265,0.14579816127853007,0.3031559579064366,24,0.828004411160307,1,0.9250807903997913,rec,May Y+1 - Jun Y+1
-1,1,-1,SST anomaly (OISST),-0.044634264044871794,0.03447012165464203,0.2125052439032623,26,0.828593847173511,1,0.9252076041960399,rec,Nov Y-1 - Nov Y-1
2,4,5,Wave energy Hs^2 (buoys),-0.044520031554295146,-0.049442532926588255,-0.27477806810447164,26,0.8290261721497691,1,0.9993129776616922,pre,Feb Y - May Y
6,2,7,Willamette discharge,-0.043558278428905646,-0.04686693172250458,-0.05923418874951549,27,0.8292000577218033,1,0.9993129776616922,pre,Jun Y - Jul Y
3,2,4,Wave energy Hs^2 (buoys),-0.04411106265821028,-0.049697720691111336,-0.34070154797630675,26,0.8305743548578038,1,0.9993129776616922,pre,Mar Y - Apr Y
5,1,5,SST anomaly (buoys),-0.04399886784180017,0.009971460710625718,0.1431464589272088,26,0.8309991846929621,1,0.927013163407605,rec,May Y - May Y
24,2,25,Storm hours Hs > 4 m (buoys),0.04394219072637812,-0.035672215826027,-0.21407403222000357,26,0.8312138122759974,1,0.927013163407605,rec,Dec Y+1 - Jan Y+2
-3,1,-3,Wave energy Hs^2 (buoys),-0.04371028786111022,-0.011911764412644235,0.08140661948383192,26,0.8320921156016817,1,0.927013163407605,rec,Sep Y-1 - Sep Y-1
-4,2,-3,Willamette discharge,0.04370337574511572,-0.0914508197967557,-0.365643103980899,26,0.832118297400345,1,0.927013163407605,rec,Aug Y-1 - Sep Y-1
12,4,15,"Columbia discharge, The Dalles",0.04357692791030551,-0.006860905263384415,-0.13341683652000225,26,0.8325972888153651,1,0.9270155380624684,rec,Dec Y - Mar Y+1
2,3,4,Willamette discharge,0.04263024654098078,0.035129165036000616,-0.12177155470869679,27,0.8327880132824264,1,0.9993129776616922,pre,Feb Y - Apr Y
-9,1,-9,PDO,0.0434463775004283,-0.046998925243828704,-0.24397101386409706,26,0.8330918820521489,1,0.9270352711559116,rec,Mar Y-1 - Mar Y-1
-6,1,-6,Willamette discharge,0.04233483588305042,0.04485597401588623,0.04514428085337085,27,0.8339308194028305,1,0.9993129776616922,pre,Jun Y-1 - Jun Y-1
-9,3,-7,SST anomaly (OISST),0.043106080003056386,0.08735799159923568,0.13386639710724532,26,0.8343813971860953,1,0.9271305628416366,rec,Mar Y-1 - May Y-1
14,4,17,"Columbia discharge, Beaver",-0.043103762961851075,0.0020749445844072214,0.11887498941260842,26,0.8343901787590615,1,0.9271305628416366,rec,Feb Y+1 - May Y+1
2,4,5,CUTI,-0.042195603467251,-7.411742413083906e-4,0.5766084071583295,27,0.8344695590446197,1,0.9993129776616922,pre,Feb Y - May Y
-10,4,-7,SST anomaly (buoys),-0.04500091212464456,0.0546873833384768,0.22286853386864156,24,0.834608274162996,1,0.9271305628416366,rec,Feb Y-1 - May Y-1
18,1,18,"Wind stress, alongshore (buoys)",0.04195892923081897,0.04911356915538893,0.1298024464546313,27,0.83538550291126,1,0.9993129776616922,pre,Jun Y+1 - Jun Y+1
9,1,9,SST anomaly (buoys),0.04193961262824365,0.05736751146592139,0.2979589863875739,27,0.8354602686193603,1,0.9993129776616922,pre,Sep Y - Sep Y
12,1,12,BEUTI,-0.04167971089599369,-0.031730457222903234,0.15996727932229582,27,0.8364663644699959,1,0.9993129776616922,pre,Dec Y - Dec Y
2,2,3,Wave energy Hs^2 (buoys),-0.04249248170555973,-0.04827222585527057,-0.35217170011845417,26,0.8367076034481503,1,0.9993129776616922,pre,Feb Y - Mar Y
2,3,4,Wave energy Hs^2 (buoys),-0.04244802886548893,-0.047645384534575126,-0.29166643544325144,26,0.8368761803255973,1,0.9993129776616922,pre,Feb Y - Apr Y
-2,4,1,"Columbia discharge, The Dalles",0.0422120372586085,-0.09837454034146886,-0.38084621152303366,26,0.8377712398880365,1,0.9297196146800776,rec,Oct Y-1 - Jan Y
-1,2,0,CUTI,-0.04132500100658284,-0.020200010714859076,0.32271802251530973,27,0.837839873589,1,0.9993129776616922,pre,Nov Y-1 - Dec Y-1
10,4,13,Storm hours Hs > 4 m (buoys),0.041315061420225334,0.021574718154539645,-0.3034943374206567,27,0.837878368397166,1,0.9993129776616922,pre,Oct Y - Jan Y+1
-5,3,-3,"Columbia discharge, Beaver",0.04217929072020023,-0.04382588842058803,-0.2320908100617038,26,0.837895455205502,1,0.9297196146800776,rec,Jul Y-1 - Sep Y-1
4,3,6,SST anomaly (buoys),-0.04289535570128891,-0.037260821181946804,0.12963364969855887,25,0.838674160875398,1,0.9993129776616922,pre,Apr Y - Jun Y
11,2,12,BEUTI,-0.0410582454968512,-0.02191227157162946,0.29532976761979035,27,0.8388731112431165,1,0.9993129776616922,pre,Nov Y - Dec Y
1,1,1,"Wind stress, alongshore (buoys)",0.04190695412663727,0.04337903575860051,0.06424924121335791,26,0.8389286381410985,1,0.9993129776616922,pre,Jan Y - Jan Y
-11,2,-10,Willamette discharge,-0.04096858898085359,-0.06167165731349134,-0.42067421004748773,27,0.8392204410052254,1,0.9993129776616922,pre,Jan Y-1 - Feb Y-1
5,3,7,Willamette discharge,-0.04096758970904906,-0.04486915844491454,-0.06970697360283717,27,0.8392243123546118,1,0.9993129776616922,pre,May Y - Jul Y
7,2,8,"Columbia discharge, Beaver",-0.04091672079479486,-0.04704771698856102,-0.11045607520255152,27,0.8394213920256406,1,0.9993129776616922,pre,Jul Y - Aug Y
-10,3,-8,"SST anomaly (MUR, 5-beach mean)",-0.048355021558463045,-0.07865036686248122,-0.10041368017245626,20,0.8395698261110887,1,0.9993129776616922,pre,Feb Y-1 - Apr Y-1
18,2,19,CUTI,0.04170001595492443,0.21103352366133685,0.5005636979211605,26,0.839713888241431,1,0.9307527631463987,rec,Jun Y+1 - Jul Y+1
2,2,3,Willamette discharge,0.040828342748468645,0.026437109493295443,-0.2270065397640141,27,0.8397638144928576,1,0.9993129776616922,pre,Feb Y - Mar Y
8,3,10,CUTI,-0.040778268067115334,-0.02405549503877177,0.2609917799095829,27,0.8399578424618979,1,0.9993129776616922,pre,Aug Y - Oct Y
-7,4,-4,Storm hours Hs > 4 m (buoys),-0.041592377286654526,-0.08396331678605146,-0.1281593051938088,26,0.8401223943306431,1,0.9307527631463987,rec,May Y-1 - Aug Y-1
-6,2,-5,Storm hours Hs > 4 m (buoys),0.04064483265539589,0.03972655766147784,-0.014463006896482554,27,0.8404749187879988,1,0.9993129776616922,pre,Jun Y-1 - Jul Y-1
0,2,1,Willamette discharge,0.04144827811205625,-0.10157330027554141,-0.3877013366961536,26,0.8406693369968605,1,0.9307527631463987,rec,Dec Y-1 - Jan Y
18,1,18,"SST anomaly (MUR, 5-beach mean)",-0.04668282297400078,0.01961412166036911,0.11860777064193481,21,0.8407477928721749,1,0.9307527631463987,rec,Jun Y+1 - Jun Y+1
25,4,28,"SST anomaly (MUR, 5-beach mean)",-0.04533553419461968,-0.05824206029196854,-0.03708113653918775,22,0.8412204757449704,1,0.9307527631463987,rec,Jan Y+2 - Apr Y+2
6,4,9,PDO,-0.04027722676194511,-0.05116523350428526,-0.20177196800978575,27,0.8418997640514658,1,0.9993129776616922,pre,Jun Y - Sep Y
0,4,3,Storm hours Hs > 4 m (buoys),0.04110320433387138,0.03357952235699115,-0.2556796099998734,26,0.8419793908242336,1,0.9993129776616922,pre,Dec Y-1 - Mar Y
15,1,15,SST anomaly (buoys),0.041926054316161,0.038913442431920436,0.06340422044508955,25,0.8422744210187691,1,0.9993129776616922,pre,Mar Y+1 - Mar Y+1
15,2,16,PDO,-0.040124867308802326,-0.05431084524420881,-0.2694447301919639,27,0.8424904540187483,1,0.9993129776616922,pre,Mar Y+1 - Apr Y+1
5,1,5,SST anomaly (buoys),-0.0400757907595544,-0.028213970288031767,0.1895222753266956,27,0.8426807390714236,1,0.9993129776616922,pre,May Y - May Y
8,1,8,"Columbia discharge, The Dalles",0.03999061897904951,0.023133797789266157,-0.2633405492256018,27,0.843010997027101,1,0.9993129776616922,pre,Aug Y - Aug Y
4,1,4,"Columbia discharge, The Dalles",-0.03985174716083062,-0.044167938349291995,-0.0770980891960514,27,0.8435495351885735,1,0.9993129776616922,pre,Apr Y - Apr Y
-3,2,-2,BEUTI,0.03983512116146664,0.06564989872911667,0.5599496893435689,27,0.8436140146129111,1,0.9993129776616922,pre,Sep Y-1 - Oct Y-1
2,2,3,CUTI,-0.03973575709838186,-1.0087867378802988e-4,0.5606921959173125,27,0.8439993916479144,1,0.9993129776616922,pre,Feb Y - Mar Y
-6,4,-3,Wave energy Hs^2 (buoys),-0.03972100724639265,-0.04644668076898548,-0.12134106555559152,27,0.8440566009763665,1,0.9993129776616922,pre,Jun Y-1 - Sep Y-1
8,3,10,CUTI,-0.04027033052115701,0.05948836273187833,0.2703569519302661,26,0.8451430316422461,1,0.9342656831119264,rec,Aug Y - Oct Y
4,3,6,"SST anomaly (MUR, 5-beach mean)",0.046590070190580805,0.10300035048907785,0.13003615803631796,20,0.8453566546264807,1,0.9342656831119264,rec,Apr Y - Jun Y
1,3,3,"Wind stress, alongshore (buoys)",-0.040921165271152506,-0.026332554420891996,0.3101343509283623,25,0.8460101138387666,1,0.9993129776616922,pre,Jan Y - Mar Y
6,4,9,"Columbia discharge, Beaver",-0.03914294226651573,-0.04706367867138352,-0.14371598931439836,27,0.8462993107905574,1,0.9993129776616922,pre,Jun Y - Sep Y
13,3,15,PDO,0.03909226348113056,0.019930497292351974,-0.2968431306267888,27,0.8464959844849408,1,0.9993129776616922,pre,Jan Y+1 - Mar Y+1
3,3,5,SST anomaly (buoys),-0.04068664065628858,-0.03430265632504508,0.14632327771364564,25,0.8468824313501806,1,0.9993129776616922,pre,Mar Y - May Y
7,3,9,"Wind stress, alongshore (buoys)",-0.03887288575455091,-0.030969812241181494,0.12866452621160557,27,0.8473474466235109,1,0.9993129776616922,pre,Jul Y - Sep Y
3,4,6,Wave energy Hs^2 (buoys),-0.039601549821061795,-0.045487960545862745,-0.34388997450745723,26,0.847685066165014,1,0.9993129776616922,pre,Mar Y - Jun Y
0,2,1,CUTI,-0.03918308318905496,0.022609054506149997,0.16587717960986212,26,0.8492764135436568,1,0.9379238081418161,rec,Dec Y-1 - Jan Y
24,1,24,"SST anomaly (MUR, 5-beach mean)",-0.04286413642857762,-0.04988087091156662,-0.02404613051582034,22,0.8497782421031725,1,0.9379238081418161,rec,Dec Y+1 - Dec Y+1
1,4,4,Wave energy Hs^2 (buoys),-0.03894892834980293,-0.04291734690575267,-0.1953018117925501,26,0.8501671102329205,1,0.9993129776616922,pre,Jan Y - Apr Y
17,1,17,SST anomaly (OISST),-0.03893113425174984,0.060199804504735166,0.26900020829746063,26,0.8502348041612274,1,0.9379238081418161,rec,May Y+1 - May Y+1
-9,4,-6,CUTI,-0.03883605258505491,0.10441995004729816,0.3893112428982877,26,0.8505965399969247,1,0.9379238081418161,rec,Mar Y-1 - Jun Y-1
11,1,11,Wave energy Hs^2 (buoys),-0.03776956620537045,-0.053988927466141264,-0.310800965644157,27,0.8516322349245932,1,0.9993129776616922,pre,Nov Y - Nov Y
9,2,10,Wave energy Hs^2 (buoys),0.037469029265788385,0.033175953178310284,-0.07080731681742336,27,0.8528001008310282,1,0.9993129776616922,pre,Sep Y - Oct Y
6,3,8,SST anomaly (buoys),-0.038218999966630446,0.09699335275225189,0.36773077679070454,26,0.8529448135111721,1,0.939669995830561,rec,Jun Y - Aug Y
8,1,8,BEUTI,-0.03816591721351115,0.28414912759756056,0.8546704762480224,26,0.8531468840745577,1,0.939669995830561,rec,Aug Y - Aug Y
-10,2,-9,"SST anomaly (MUR, 5-beach mean)",-0.043771460566922715,-0.08823171290313497,-0.1466438950076775,20,0.8546138786267976,1,0.9993129776616922,pre,Feb Y-1 - Mar Y-1
-10,4,-7,"SST anomaly (MUR, 5-beach mean)",-0.045059484791192206,-0.0210412039076708,0.042632252213563225,19,0.8546662661794453,1,0.9408104311737494,rec,Feb Y-1 - May Y-1
1,3,3,Wave energy Hs^2 (buoys),-0.03768011730750944,-0.042294074602708044,-0.2345785977388683,26,0.854996600129047,1,0.9993129776616922,pre,Jan Y - Mar Y
-4,1,-4,"Columbia discharge, Beaver",0.03711361935740636,-0.05412880840251556,-0.2477911102667833,26,0.8571545211104767,1,0.9425998948646555,rec,Aug Y-1 - Aug Y-1
25,3,27,Storm hours Hs > 4 m (buoys),-0.037085507243234735,-0.12520427969621076,-0.2589463416356154,26,0.8572616327781434,1,0.9425998948646555,rec,Jan Y+2 - Mar Y+2
6,1,6,CUTI,-0.036145180645818946,-0.016414225318287557,0.30696549454305466,27,0.8579480600390115,1,0.9993129776616922,pre,Jun Y - Jun Y
17,2,18,Wave energy Hs^2 (buoys),-0.03605211625086774,-0.04736027184134809,-0.20818488388931763,27,0.8583101690566715,1,0.9993129776616922,pre,May Y+1 - Jun Y+1
0,1,0,"Wind stress, alongshore (buoys)",-0.038468984160190754,0.01623782699175717,0.13013641654680047,24,0.8583587969883089,1,0.9432727537282489,rec,Dec Y-1 - Dec Y-1
5,2,6,Willamette discharge,-0.03593827521111979,-0.03924793206463692,-0.058783600048045094,27,0.85875315702631,1,0.9993129776616922,pre,May Y - Jun Y
8,2,9,"Columbia discharge, The Dalles",0.035891966400749764,0.013873194761686518,-0.3395301762658713,27,0.8589333697719101,1,0.9993129776616922,pre,Aug Y - Sep Y
3,1,3,"SST anomaly (MUR, 5-beach mean)",0.04129603554473427,-0.016655961648781598,-0.27580339782180413,21,0.8589354185736918,1,0.9993129776616922,pre,Mar Y - Mar Y
17,2,18,CUTI,0.03588514232861399,0.056813092978053904,0.4146011618259543,27,0.8589599265282009,1,0.9993129776616922,pre,May Y+1 - Jun Y+1
-6,1,-6,Storm hours Hs > 4 m (buoys),0.03584190338026232,0.03518270646293481,-0.01020795099359225,27,0.8591281999487025,1,0.9993129776616922,pre,Jun Y-1 - Jun Y-1
3,2,4,"SST anomaly (MUR, 5-beach mean)",0.04087557986218087,-8.364873295282206e-4,-0.19967881460738168,21,0.8603580374935818,1,0.9993129776616922,pre,Mar Y - Apr Y
0,1,0,Willamette discharge,-0.03509174884128318,-0.05298796044388717,-0.3440894536990613,27,0.8620485332292063,1,0.9993129776616922,pre,Dec Y-1 - Dec Y-1
11,4,14,Wave energy Hs^2 (buoys),-0.03500689088277945,-0.050462802497095824,-0.2916972205070195,27,0.8623789953635742,1,0.9993129776616922,pre,Nov Y - Feb Y+1
12,2,13,SST anomaly (OISST),-0.036508836451716466,0.013021506757607305,0.14715690675807033,25,0.8624502540005374,1,0.9472334993090649,rec,Dec Y - Jan Y+1
15,3,17,Wave energy Hs^2 (buoys),-0.03570544898620764,-0.029227716432137528,-0.37127841890618324,26,0.8625228652904903,1,0.9993129776616922,pre,Mar Y+1 - May Y+1
3,4,6,"Wind stress, alongshore (buoys)",0.03647905021513716,0.04765207470337717,0.3261316651863761,25,0.8625614331356171,1,0.9993129776616922,pre,Mar Y - Jun Y
15,4,18,Storm hours Hs > 4 m (buoys),0.035538829909417535,0.03709937001243871,-0.3621415326641243,26,0.8631584624336734,1,0.9993129776616922,pre,Mar Y+1 - Jun Y+1
16,1,16,"Columbia discharge, The Dalles",-0.03551760614351763,-0.026740604115969787,0.01826793248110443,26,0.8632394301023305,1,0.947452990188843,rec,Apr Y+1 - Apr Y+1
0,2,1,"SST anomaly (MUR, 5-beach mean)",-0.03992259243724785,-0.04539817384680724,-0.028629578852497107,21,0.8635840215331616,1,0.9993129776616922,pre,Dec Y-1 - Jan Y
7,2,8,CUTI,-0.034641088413941284,0.00847689862857378,0.6129945737690738,27,0.8638037970993273,1,0.9993129776616922,pre,Jul Y - Aug Y
16,4,19,CUTI,0.03536929203001023,0.19717908286510497,0.47455889390273986,26,0.8638052789513466,1,0.947452990188843,rec,Apr Y+1 - Jul Y+1
17,1,17,SST anomaly (OISST),0.03450246339580747,0.047433311134579645,0.239601515705741,27,0.8643438508489232,1,0.9993129776616922,pre,May Y+1 - May Y+1
6,1,6,Willamette discharge,-0.03449494172176538,-0.03649747874385948,-0.03567270004964238,27,0.8643731554034848,1,0.9993129776616922,pre,Jun Y - Jun Y
21,2,22,PDO,-0.03510560349660661,-0.016863695244127386,0.044990984594509974,26,0.86481146624376,1,0.947452990188843,rec,Sep Y+1 - Oct Y+1
13,1,13,Storm hours Hs > 4 m (buoys),0.03510136191230868,0.01840051743511578,-0.04065751721201162,26,0.8648276530357508,1,0.947452990188843,rec,Jan Y+1 - Jan Y+1
4,4,7,"SST anomaly (MUR, 5-beach mean)",0.04058933735394221,0.15236234356229622,0.24839662567582893,20,0.8650869637783931,1,0.947452990188843,rec,Apr Y - Jul Y
10,2,11,"SST anomaly (MUR, 5-beach mean)",0.03837290767362199,0.07331231904269835,0.4518166105317288,22,0.8653713733364863,1,0.9993129776616922,pre,Oct Y - Nov Y
14,2,15,Willamette discharge,-0.03418371291776779,-0.04044168176159494,-0.11181820261167189,27,0.865585860544392,1,0.9993129776616922,pre,Feb Y+1 - Mar Y+1
-4,2,-3,BEUTI,-0.03416779316221478,0.031982248730447284,0.8527202176410028,27,0.8656478999900138,1,0.9993129776616922,pre,Aug Y-1 - Sep Y-1
-11,3,-9,SST anomaly (OISST),0.035548249967446724,0.03961333711250593,0.15267515200746,25,0.8660369775220493,1,0.9993129776616922,pre,Jan Y-1 - Mar Y-1
17,2,18,"SST anomaly (MUR, 5-beach mean)",0.040297093855711334,0.11696102064274207,0.16570025180931874,20,0.8660499163020675,1,0.9479735570333441,rec,May Y+1 - Jun Y+1
3,1,3,Storm hours Hs > 4 m (buoys),-0.03475375128681027,-0.04182864209085302,-0.440222791882189,26,0.8661543893259975,1,0.9993129776616922,pre,Mar Y - Mar Y
-8,4,-5,Wave energy Hs^2 (buoys),-0.03399672922400768,-0.03464169857981422,-0.012079730333057212,27,0.8663145868214555,1,0.9993129776616922,pre,Apr Y-1 - Jul Y-1
4,3,6,CUTI,-0.033542511941795604,-0.007941024249355624,0.39160024407624333,27,0.8680852382025275,1,0.9993129776616922,pre,Apr Y - Jun Y
4,1,4,Storm hours Hs > 4 m (buoys),0.0341944587216702,0.03796194668070348,0.17874623717881602,26,0.8682897982788947,1,0.9993129776616922,pre,Apr Y - Apr Y
0,4,3,"SST anomaly (MUR, 5-beach mean)",-0.038420244077784646,-0.06488328167256678,-0.1334811454976337,21,0.8686738889020671,1,0.9993129776616922,pre,Dec Y-1 - Mar Y
0,3,2,CUTI,-0.033991834351257605,0.1234773492218566,0.42971214797376495,26,0.8690636517441244,1,0.9506636765472005,rec,Dec Y-1 - Feb Y
29,2,30,Storm hours Hs > 4 m (buoys),0.03388136374043381,-0.05118755046946412,-0.2315749809393142,26,0.869485605401709,1,0.9506636765472005,rec,May Y+2 - Jun Y+2
15,1,15,"SST anomaly (MUR, 5-beach mean)",0.037173148821973444,0.021473545732777287,-0.17331316137005712,22,0.8695452660949738,1,0.9993129776616922,pre,Mar Y+1 - Mar Y+1
16,2,17,Willamette discharge,-0.033742782442235345,0.012872252526441462,0.124754797220686,26,0.8700149798467967,1,0.950707768871373,rec,Apr Y+1 - May Y+1
0,1,0,"SST anomaly (MUR, 5-beach mean)",-0.037542096994411404,-0.052526576040727496,-0.07579024261102688,21,0.8716513289628824,1,0.9993129776616922,pre,Dec Y-1 - Dec Y-1
0,3,2,Wave energy Hs^2 (buoys),0.033308011520879206,0.029103883207517712,-0.1574054860013702,26,0.8716761384324718,1,0.9993129776616922,pre,Dec Y-1 - Feb Y
-8,3,-6,SST anomaly (OISST),0.03316030228248438,0.09486178288023173,0.18175222101807675,26,0.8722406220175201,1,0.9526043647202579,rec,Apr Y-1 - Jun Y-1
12,1,12,"Wind stress, alongshore (buoys)",0.03377102098360296,0.024655708160338612,0.15437419315259904,25,0.8726796952290137,1,0.9993129776616922,pre,Dec Y - Dec Y
1,1,1,Wave energy Hs^2 (buoys),-0.03224577554318458,-0.03044115604600548,0.029714549613933754,27,0.8731436282964629,1,0.9993129776616922,pre,Jan Y - Jan Y
-8,3,-6,Wave energy Hs^2 (buoys),-0.03289984320843925,-0.026289376204516095,0.0645318096288215,26,0.8732361370186806,1,0.9993129776616922,pre,Apr Y-1 - Jun Y-1
2,4,5,Willamette discharge,0.032186258872509005,0.02435588514907817,-0.12857176743099413,27,0.8733759130366275,1,0.9993129776616922,pre,Feb Y - May Y
5,1,5,Willamette discharge,-0.03216381837732587,-0.036166288819901464,-0.07085585025546583,27,0.8734634976223983,1,0.9993129776616922,pre,May Y - May Y
4,1,4,"SST anomaly (MUR, 5-beach mean)",0.0366907680044139,0.018288052363436794,-0.0884210718980935,21,0.8745394358640786,1,0.9993129776616922,pre,Apr Y - Apr Y
3,4,6,SST anomaly (OISST),-0.031757364644962614,-0.028670809211703095,0.05121041779616923,27,0.8750501254062785,1,0.9993129776616922,pre,Mar Y - Jun Y
3,3,5,Storm hours Hs > 4 m (buoys),-0.031595252829065154,-0.03789409583188953,-0.33802488428520133,26,0.8782252821599404,1,0.9993129776616922,pre,Mar Y - May Y
14,3,16,Willamette discharge,-0.030917950970350352,-0.033186534865073704,-0.04017504697378108,27,0.8783283362919885,1,0.9993129776616922,pre,Feb Y+1 - Apr Y+1
14,1,14,PDO,0.03091755080343435,0.013342305275459036,-0.2790432582821837,27,0.8783298995584236,1,0.9993129776616922,pre,Feb Y+1 - Feb Y+1
-6,3,-4,Willamette discharge,-0.030812011842093135,-0.03134189039280212,-0.009999898983429944,27,0.8787422068301671,1,0.9993129776616922,pre,Jun Y-1 - Aug Y-1
6,3,8,"Columbia discharge, Beaver",-0.03062375974536569,-0.03640688638909514,-0.10268616551186596,27,0.8794777246750736,1,0.9993129776616922,pre,Jun Y - Aug Y
12,3,14,"Wind stress, alongshore (buoys)",-0.03262135558236624,-0.050005322572194616,0.1643466286417731,24,0.8797234085472957,1,0.9993129776616922,pre,Dec Y - Feb Y+1
17,2,18,CUTI,-0.03117327020490258,0.11297229083068715,0.39463507640120954,26,0.8798400489967266,1,0.9597272148006515,rec,May Y+1 - Jun Y+1
-7,2,-6,"Wind stress, alongshore (buoys)",0.03255181254064783,0.1745394739684373,0.41708017999293223,24,0.8799780079924266,1,0.9597272148006515,rec,May Y-1 - Jun Y-1
17,2,18,Storm hours Hs > 4 m (buoys),0.031067821658140232,-0.07388059873212784,-0.2871990293784257,26,0.8802436337394863,1,0.9597272148006515,rec,May Y+1 - Jun Y+1
1,3,3,"SST anomaly (MUR, 5-beach mean)",-0.03491823472389381,-0.06300553604483157,-0.141370383500547,21,0.8805575876297513,1,0.9993129776616922,pre,Jan Y - Mar Y
-10,4,-7,BEUTI,-0.030897868119941708,0.12365941112854793,0.42310306108398316,26,0.880894160605629,1,0.9598981211980621,rec,Feb Y-1 - May Y-1
8,2,9,PDO,0.029984077618554015,0.017484645269546205,-0.2025287344891302,27,0.8819777461338938,1,0.9993129776616922,pre,Aug Y - Sep Y
14,4,17,SST anomaly (buoys),0.031286338166082873,0.020823843975455704,0.20228648836170476,25,0.8819806144027491,1,0.9993129776616922,pre,Feb Y+1 - May Y+1
13,4,16,SST anomaly (buoys),0.03126473293436983,0.02307518919808791,0.1609840983656142,25,0.8820615577427373,1,0.9993129776616922,pre,Jan Y+1 - Apr Y+1
-7,2,-6,SST anomaly (OISST),-0.03036072948159051,0.03141087999085751,0.16773133992343986,26,0.8829506452894597,1,0.9616000305001173,rec,May Y-1 - Jun Y-1
16,3,18,CUTI,-0.02942003658303165,-0.003802687143222617,0.396552410151114,27,0.8841830619626712,1,0.9993129776616922,pre,Apr Y+1 - Jun Y+1
9,3,11,Storm hours Hs > 4 m (buoys),0.029414384477643763,0.01504122105275652,-0.23158233340321924,27,0.884205165137209,1,0.9993129776616922,pre,Sep Y - Nov Y
7,1,7,"SST anomaly (MUR, 5-beach mean)",0.0338414576703989,0.181000083964426,0.34160613606765866,21,0.8842166068516311,1,0.9623140720486433,rec,Jul Y - Jul Y
28,2,29,SST anomaly (OISST),0.0299237237049662,0.1362750366579865,0.3096623753874959,26,0.8846243076099984,1,0.9623140720486433,rec,Apr Y+2 - May Y+2
0,1,0,Wave energy Hs^2 (buoys),0.02968891292581756,-0.03588234920061209,-0.17846058955762317,26,0.8855237948992059,1,0.9623140720486433,rec,Dec Y-1 - Dec Y-1
17,3,19,Storm hours Hs > 4 m (buoys),0.029582327318153703,-0.07633838808507468,-0.2903083357126595,26,0.8859321369442172,1,0.9623140720486433,rec,May Y+1 - Jul Y+1
19,3,21,Wave energy Hs^2 (buoys),0.029543375529040003,0.04230444631575281,0.041506982353710885,26,0.8860813729254483,1,0.9623140720486433,rec,Jul Y+1 - Sep Y+1
1,1,1,"SST anomaly (MUR, 5-beach mean)",-0.03325574605192871,-0.027448451820644648,0.027197777233129238,21,0.8862078838027373,1,0.9993129776616922,pre,Jan Y - Jan Y
-4,1,-4,"SST anomaly (MUR, 5-beach mean)",0.03308429301896081,0.12062276532632132,0.4494764431807118,21,0.8867909078132936,1,0.9993129776616922,pre,Aug Y-1 - Aug Y-1
16,2,17,SST anomaly (OISST),-0.028617857799673026,-0.015485247851614092,0.21282512032141945,27,0.887320908094644,1,0.9993129776616922,pre,Apr Y+1 - May Y+1
14,3,16,"Columbia discharge, The Dalles",-0.029180823959525846,-0.03337153132013146,-0.017184810334276948,26,0.8874705974269177,1,0.9632846685638906,rec,Feb Y+1 - Apr Y+1
13,3,15,BEUTI,0.028476855694382172,0.05334429349807991,0.48873086779293756,27,0.8878726322815331,1,0.9993129776616922,pre,Jan Y+1 - Mar Y+1
9,4,12,CUTI,0.028384671708396276,0.04630872852241829,0.33593972467172595,27,0.8882333646552825,1,0.9993129776616922,pre,Sep Y - Dec Y
-6,2,-5,SST anomaly (OISST),-0.029532623633492856,0.09257520299997708,0.27713915680612183,25,0.8885545249193083,1,0.9639229890865711,rec,Jun Y-1 - Jul Y-1
2,2,3,"SST anomaly (MUR, 5-beach mean)",-0.032462982265064916,-0.07386646224484814,-0.20859699511465335,21,0.888904137133884,1,0.9993129776616922,pre,Feb Y - Mar Y
-10,4,-7,CUTI,-0.028744543702095074,0.1639240072070694,0.5273611317310642,26,0.8891427641129767,1,0.964023164213958,rec,Feb Y-1 - May Y-1
11,4,14,"SST anomaly (MUR, 5-beach mean)",0.03150040705876189,0.037907666137322014,0.07600435499309269,22,0.8893240815391473,1,0.9993129776616922,pre,Nov Y - Feb Y+1
0,1,0,SST anomaly (OISST),0.02802863957691379,0.028518680955496385,0.009230501287739926,27,0.8896267852553386,1,0.9993129776616922,pre,Dec Y-1 - Dec Y-1
20,3,22,"Columbia discharge, The Dalles",0.028561172591137954,-0.07494128415093673,-0.28392720792859005,26,0.8898457236574971,1,0.9641452561152384,rec,Aug Y+1 - Oct Y+1
16,3,18,"Columbia discharge, The Dalles",-0.028413726451809215,0.01092992863840351,0.10547556131847348,26,0.8904110223944006,1,0.9641452561152384,rec,Apr Y+1 - Jun Y+1
3,3,5,BEUTI,-0.027748416404964588,-0.007019536485049278,0.3279032093599375,27,0.8907237338953569,1,0.9993129776616922,pre,Mar Y - May Y
-7,2,-6,Storm hours Hs > 4 m (buoys),-0.028327078038162062,-0.07654779203439269,-0.14210298366824473,26,0.8907432510200453,1,0.9641452561152384,rec,May Y-1 - Jun Y-1
9,1,9,SST anomaly (OISST),0.027677078534567426,0.040266192508787664,0.22893615468781572,27,0.8910030212489846,1,0.9993129776616922,pre,Sep Y - Sep Y
16,1,16,BEUTI,-0.027493892131191137,-0.0245361869181752,0.04927022268281892,27,0.8917202530361932,1,0.9993129776616922,pre,Apr Y+1 - Apr Y+1
19,4,22,"Columbia discharge, The Dalles",0.027982246982005302,-0.034640364231323814,-0.17062188838795275,26,0.8920655847187509,1,0.965039230213273,rec,Jul Y+1 - Oct Y+1
-2,3,0,Wave energy Hs^2 (buoys),0.0273782158830296,0.013386891584046547,-0.22659873084026042,27,0.8921732044193911,1,0.9993129776616922,pre,Oct Y-1 - Dec Y-1
12,1,12,CUTI,-0.02770693679412134,0.04512452385168305,0.19911723331770054,26,0.8931215265841325,1,0.9652359386412855,rec,Dec Y - Dec Y
20,2,21,PDO,-0.02767593089721632,-0.04355516280785664,-0.049994081690795916,26,0.893240459678844,1,0.9652359386412855,rec,Aug Y+1 - Sep Y+1
-1,3,1,SST anomaly (OISST),-0.027625135252457772,-0.021540513059052704,0.22355253614244566,26,0.8934353075742828,1,0.9993129776616922,pre,Nov Y-1 - Jan Y
-3,4,0,Wave energy Hs^2 (buoys),0.02679400796583637,0.012703421267896212,-0.22838418599925667,27,0.8944612783948217,1,0.9993129776616922,pre,Sep Y-1 - Dec Y-1
-4,4,-1,CUTI,-0.027333997868162242,0.08061594793883095,0.29656672097739306,26,0.8945522023183682,1,0.9653579747298924,rec,Aug Y-1 - Nov Y-1
5,4,8,SST anomaly (OISST),0.027332892195930294,0.07943087600035209,0.15295945882125936,26,0.8945564443997784,1,0.9653579747298924,rec,May Y - Aug Y
-2,4,1,Storm hours Hs > 4 m (buoys),0.026762989081018283,0.018170046285493048,-0.14173561783021932,27,0.8945827883210966,1,0.9993129776616922,pre,Oct Y-1 - Jan Y
15,2,16,Wave energy Hs^2 (buoys),-0.027303037371003022,-0.020971633410736948,-0.39110024768516227,26,0.8946709880896317,1,0.9993129776616922,pre,Mar Y+1 - Apr Y+1
21,3,23,SST anomaly (OISST),-0.027258167622664965,0.17171927839870324,0.5452207338689328,26,0.8948431432424208,1,0.9653579747298924,rec,Sep Y+1 - Nov Y+1
-6,4,-3,SST anomaly (OISST),0.026730240712384733,0.09783172671145272,0.20719132975725377,26,0.8968690264146638,1,0.967006870410486,rec,Jun Y-1 - Sep Y-1
-10,2,-9,"Wind stress, alongshore (buoys)",-0.027260616786890825,-0.005093499275487734,0.2611918792647527,25,0.8970818727466765,1,0.9993129776616922,pre,Feb Y-1 - Mar Y-1
14,2,15,Storm hours Hs > 4 m (buoys),-0.026302576469089893,-0.021176270596375085,-0.3376373828015658,26,0.8985106205922824,1,0.9993129776616922,pre,Feb Y+1 - Mar Y+1
3,3,5,"Wind stress, alongshore (buoys)",0.027481650862027505,0.04006239145138466,0.32817822130352386,24,0.8985695668147095,1,0.9993129776616922,pre,Mar Y - May Y
15,3,17,Storm hours Hs > 4 m (buoys),0.026223104889856248,0.02839530177516222,-0.35950667493029853,26,0.8988157181659925,1,0.9993129776616922,pre,Mar Y+1 - May Y+1
8,3,10,Wave energy Hs^2 (buoys),-0.02564178600648526,-0.02930247783560231,-0.06433925923147836,27,0.8989764022430126,1,0.9993129776616922,pre,Aug Y - Oct Y
10,1,10,"Columbia discharge, The Dalles",-0.025605824214607616,-0.051502035474984095,-0.5037631366403009,27,0.8991173730907531,1,0.9993129776616922,pre,Oct Y - Oct Y
-1,1,-1,"Columbia discharge, The Dalles",0.026135043650491952,0.0107031176299458,-0.038740204628325864,26,0.8991538084604808,1,0.9679965920306282,rec,Nov Y-1 - Nov Y-1
18,3,20,"Columbia discharge, The Dalles",-0.02607718574801847,-0.04127707529369065,-0.04777048564057943,26,0.8993759495171548,1,0.9679965920306282,rec,Jun Y+1 - Aug Y+1
-11,3,-9,SST anomaly (buoys),0.026528634045451423,0.03503790554384063,0.10806443064693665,25,0.8998315765125455,1,0.9993129776616922,pre,Jan Y-1 - Mar Y-1
10,2,11,PDO,-0.025323106517348783,-0.033742230023837194,-0.1497832351167783,27,0.9002257351055697,1,0.9993129776616922,pre,Oct Y - Nov Y
6,2,7,SST anomaly (OISST),-0.026409384180690238,0.04799116154163223,0.22822091252043716,25,0.9002796474773767,1,0.9679965920306282,rec,Jun Y - Jul Y
2,1,2,Wave energy Hs^2 (buoys),-0.025593475171286656,-0.028763061933677194,-0.1419402933177061,26,0.9012334069856451,1,0.9993129776616922,pre,Feb Y - Feb Y
8,2,9,SST anomaly (buoys),-0.025514271250306142,0.08053840064725312,0.2918563193187171,26,0.9015375999806227,1,0.9679965920306282,rec,Aug Y - Sep Y
9,1,9,"SST anomaly (MUR, 5-beach mean)",-0.028706275743273658,0.1650219851100581,0.42397245601716815,21,0.9016965761290696,1,0.9679965920306282,rec,Sep Y - Sep Y
4,2,5,CUTI,-0.02492829144723245,-0.0013618684748945959,0.37218457355120244,27,0.9017738670733585,1,0.9993129776616922,pre,Apr Y - May Y
-7,3,-5,Storm hours Hs > 4 m (buoys),-0.025386564518412032,-0.07460800975437602,-0.14433344128251768,26,0.9020281028343977,1,0.9679965920306282,rec,May Y-1 - Jul Y-1
9,1,9,SST anomaly (OISST),-0.025362960302839486,0.05344298408032247,0.2162958565374841,26,0.902118767007964,1,0.9679965920306282,rec,Sep Y - Sep Y
19,1,19,"Columbia discharge, The Dalles",0.025340000168404778,0.0011975477070839764,-0.06339864152031474,26,0.9022069584019123,1,0.9679965920306282,rec,Jul Y+1 - Jul Y+1
22,1,22,"SST anomaly (MUR, 5-beach mean)",0.02772872205028391,0.24929412144686033,0.4815862191503901,22,0.9025105954863966,1,0.9679965920306282,rec,Oct Y+1 - Oct Y+1
5,2,6,Wave energy Hs^2 (buoys),-0.024688408085619024,-0.03930621451635377,-0.2662546168644845,27,0.9027146590759068,1,0.9993129776616922,pre,May Y - Jun Y
-10,3,-8,"Wind stress, alongshore (buoys)",0.02573951409873634,0.04826671811384195,0.29326110075131046,25,0.902797173270119,1,0.9993129776616922,pre,Feb Y-1 - Apr Y-1
8,1,8,BEUTI,-0.02462572339526114,0.03246881710040378,0.8054432091829619,27,0.9029605216335607,1,0.9993129776616922,pre,Aug Y - Aug Y
20,1,20,"Columbia discharge, Beaver",-0.02512756660302659,-0.04986115317181355,-0.07462320988982771,26,0.9030229832094173,1,0.9679965920306282,rec,Aug Y+1 - Aug Y+1
-5,2,-4,"Columbia discharge, Beaver",0.025064747527450266,-0.036819791023828055,-0.16920090703353494,26,0.9032643096417488,1,0.9679965920306282,rec,Jul Y-1 - Aug Y-1
1,2,2,Wave energy Hs^2 (buoys),-0.02501094169304339,-0.026182333199718733,-0.049621781193582626,26,0.9034710173619789,1,0.9993129776616922,pre,Jan Y - Feb Y
9,1,9,"Columbia discharge, The Dalles",0.024448454762662934,-0.0027854501955846813,-0.4258260033119683,27,0.9036558537496402,1,0.9993129776616922,pre,Sep Y - Sep Y
8,3,10,PDO,0.02430572790903809,0.013837741109772683,-0.17231722863777674,27,0.904215746960282,1,0.9993129776616922,pre,Aug Y - Oct Y
-8,2,-7,"Wind stress, alongshore (buoys)",-0.026508818532561488,0.1485073667135695,0.40151761561230986,23,0.9044334098453076,1,0.9687154538508419,rec,Apr Y-1 - May Y-1
-11,3,-9,CUTI,-0.024229421863926813,-0.006116410290428162,0.291457710415847,27,0.9045151009722341,1,0.9993129776616922,pre,Jan Y-1 - Mar Y-1
24,1,24,"Wind stress, alongshore (buoys)",0.02507232465353808,0.0730103263312701,0.15437419315259904,25,0.9053055315023967,1,0.9687921247060501,rec,Dec Y+1 - Dec Y+1
10,1,10,CUTI,0.02448244291644186,0.05978128188250256,0.1045070577656416,26,0.9055016926907886,1,0.9687921247060501,rec,Oct Y - Oct Y
11,4,14,PDO,0.023870676790858254,0.008506861439706342,-0.24947411268963735,27,0.9059226533214539,1,0.9993129776616922,pre,Nov Y - Feb Y+1
9,4,12,PDO,0.023792700580909872,0.013359422564824343,-0.17189881684990405,27,0.9062286333157541,1,0.9993129776616922,pre,Sep Y - Dec Y
14,3,16,"SST anomaly (MUR, 5-beach mean)",0.026561140954894282,0.020653511706708226,-0.06654618866269613,22,0.9065978728393084,1,0.9993129776616922,pre,Feb Y+1 - Apr Y+1
7,2,8,"Wind stress, alongshore (buoys)",0.024195812190234707,0.1526245377062711,0.37164605259605715,26,0.9066032699380691,1,0.9694174029643485,rec,Jul Y - Aug Y
26,4,29,"SST anomaly (MUR, 5-beach mean)",0.026377635626196442,0.023600614121616476,-2.396340974969028e-4,22,0.9072404685627824,1,0.9694174029643485,rec,Feb Y+2 - May Y+2
5,2,6,SST anomaly (OISST),-0.02390051618658296,0.013122042646594013,0.09985058233559575,26,0.9077383253885175,1,0.9694174029643485,rec,May Y - Jun Y
10,3,12,"SST anomaly (MUR, 5-beach mean)",0.02623192529351699,0.051626723052617327,0.30844276578200264,22,0.9077507543626173,1,0.9993129776616922,pre,Oct Y - Dec Y
12,1,12,"Wind stress, alongshore (buoys)",0.024893431883349252,0.06549539379119658,0.15187430817321843,24,0.9080808080237031,1,0.9694174029643485,rec,Dec Y - Dec Y
18,1,18,BEUTI,-0.023612331437397115,0.1532745313135247,0.4872485347332546,26,0.9088462167310791,1,0.9697020007273425,rec,Jun Y+1 - Jun Y+1
12,3,14,Storm hours Hs > 4 m (buoys),-0.023362516030684805,-0.020061203771955163,-0.24503502079084563,26,0.9098067361455098,1,0.9993129776616922,pre,Dec Y - Feb Y+1
4,1,4,"Columbia discharge, Beaver",-0.02280012664644843,-0.020911101214236023,0.03148604001974216,27,0.9101246376722016,1,0.9993129776616922,pre,Apr Y - Apr Y
2,1,2,Storm hours Hs > 4 m (buoys),0.0232760439797971,0.01917480933967348,-0.15812363737029164,26,0.9101392427900654,1,0.9993129776616922,pre,Feb Y - Feb Y
-9,3,-7,CUTI,0.023256443599526194,0.1555639567231557,0.38252084382270973,26,0.9102146132002147,1,0.9699598453802506,rec,Mar Y-1 - May Y-1
12,3,14,CUTI,-0.022698664901625976,0.012778925929047245,0.5443042613460598,27,0.9105230063280418,1,0.9993129776616922,pre,Dec Y - Feb Y+1
14,2,15,PDO,0.022644988538562477,0.003589229291184919,-0.30694287854069563,27,0.9107337640638401,1,0.9993129776616922,pre,Feb Y+1 - Mar Y+1
24,2,25,"SST anomaly (MUR, 5-beach mean)",-0.025098621649252507,-0.01343903102366327,0.019311785792243682,22,0.911720832036977,1,0.9699598453802506,rec,Dec Y+1 - Jan Y+2
8,1,8,PDO,-0.022259212048144593,-0.03673237606776361,-0.2617376057209034,27,0.9122486700590229,1,0.9993129776616922,pre,Aug Y - Aug Y
21,4,24,"SST anomaly (MUR, 5-beach mean)",-0.024925978953328605,0.19775261453313123,0.46082198983732964,22,0.9123257977438473,1,0.9699598453802506,rec,Sep Y+1 - Dec Y+1
19,2,20,"Columbia discharge, Beaver",-0.022688719252278982,-0.03315133483739741,-0.03372930678103632,26,0.912398040203225,1,0.9699598453802506,rec,Jul Y+1 - Aug Y+1
-6,3,-4,SST anomaly (OISST),-0.0229856189708954,0.10152056609347006,0.2846061198937813,25,0.9131562736548081,1,0.9699598453802506,rec,Jun Y-1 - Aug Y-1
-6,3,-4,"Wind stress, alongshore (buoys)",-0.022476197473761863,0.10265817259146522,0.345569765043531,26,0.9132155437656051,1,0.9699598453802506,rec,Jun Y-1 - Aug Y-1
-9,2,-8,PDO,0.022328315652077237,-0.03918306905516873,-0.168756696356934,26,0.9137844487758939,1,0.9699598453802506,rec,Mar Y-1 - Apr Y-1
0,2,1,SST anomaly (buoys),-0.022321679088673795,-0.018609979150245256,0.14440452781918378,26,0.9138099807702454,1,0.9993129776616922,pre,Dec Y-1 - Jan Y
-6,1,-6,SST anomaly (buoys),0.022317213262835464,0.07233874400057698,0.14596011842692533,26,0.9138271616128205,1,0.9699598453802506,rec,Jun Y-1 - Jun Y-1
16,4,19,"SST anomaly (MUR, 5-beach mean)",-0.02514138096569437,0.08904158293453679,0.24987039681102044,21,0.9138576246973888,1,0.9699598453802506,rec,Apr Y+1 - Jul Y+1
-4,1,-4,BEUTI,0.0222521736301592,0.312470785014568,0.8515069277076899,26,0.9140773851525819,1,0.9699598453802506,rec,Aug Y-1 - Aug Y-1
10,2,11,Wave energy Hs^2 (buoys),-0.021789628001610682,-0.03843344291252086,-0.30315521108687393,27,0.9140930835055734,1,0.9993129776616922,pre,Oct Y - Nov Y
8,3,10,BEUTI,-0.022093007976179937,0.2825429924522499,0.8303233293057135,26,0.9146897683328442,1,0.9700801471025909,rec,Aug Y - Oct Y
13,4,16,SST anomaly (OISST),-0.021619820891161226,-0.016064989131335264,0.09288537219966098,27,0.9147601524948047,1,0.9993129776616922,pre,Jan Y+1 - Apr Y+1
7,1,7,"Columbia discharge, Beaver",-0.021481058608630546,-0.026015124043434472,-0.07942420308366525,27,0.9153053070746722,1,0.9993129776616922,pre,Jul Y - Jul Y
9,3,11,"Columbia discharge, The Dalles",-0.021325760819935174,-0.044227849100306735,-0.42781857063377154,27,0.9159154689333874,1,0.9993129776616922,pre,Sep Y - Nov Y
-9,1,-9,"SST anomaly (MUR, 5-beach mean)",-0.025926400123265043,-0.09781707876822808,-0.15869989531520354,19,0.9160937597675111,1,0.9707517913586281,rec,Mar Y-1 - Mar Y-1
4,1,4,Willamette discharge,0.021259192428035454,0.032988172189031405,0.2095216154774907,27,0.916177029051368,1,0.9993129776616922,pre,Apr Y - Apr Y
15,4,18,Wave energy Hs^2 (buoys),-0.02169845155101996,-0.015974996508356456,-0.38240889053976007,26,0.9162080113030198,1,0.9993129776616922,pre,Mar Y+1 - Jun Y+1
15,2,16,Storm hours Hs > 4 m (buoys),0.021549779573681843,0.023966416511874186,-0.33811055469547635,26,0.9167801717417049,1,0.9993129776616922,pre,Mar Y+1 - Apr Y+1
-5,3,-3,CUTI,-0.021541223167133746,0.1493954927248053,0.4719937060539136,26,0.9168131020918512,1,0.9707517913586281,rec,Jul Y-1 - Sep Y-1
10,3,12,BEUTI,-0.02153913562074436,0.09471913195698962,0.3213183247905548,26,0.9168211362831488,1,0.9707517913586281,rec,Oct Y - Dec Y
-3,4,0,Storm hours Hs > 4 m (buoys),0.021083478220637965,0.00820795941885929,-0.2116831095637653,27,0.9168674850849629,1,0.9993129776616922,pre,Sep Y-1 - Dec Y-1
15,3,17,CUTI,0.021063013929959424,0.04419466900163081,0.43203241971448253,27,0.9169479018436822,1,0.9993129776616922,pre,Mar Y+1 - May Y+1
8,3,10,"Columbia discharge, The Dalles",0.02105412458367697,-0.004764219465753767,-0.4098538586860835,27,0.9169828337898869,1,0.9993129776616922,pre,Aug Y - Oct Y
11,3,13,PDO,0.02092003322963893,0.006697797312904364,-0.23306669016640266,27,0.9175097829858911,1,0.9993129776616922,pre,Nov Y - Jan Y+1
19,1,19,"Columbia discharge, Beaver",-0.021001229085436855,-0.024542880758014522,-0.013849124151421366,26,0.9188916017129269,1,0.9714827337576576,rec,Jul Y+1 - Jul Y+1
6,2,7,"Columbia discharge, Beaver",-0.020519577948762215,-0.025489167307758822,-0.08702425156534949,27,0.9190836847918751,1,0.9993129776616922,pre,Jun Y - Jul Y
-7,4,-4,CUTI,-0.020944165200857026,0.20745693653207975,0.6287970268399131,26,0.9191112777416673,1,0.9714827337576576,rec,May Y-1 - Aug Y-1
15,3,17,"Columbia discharge, The Dalles",-0.02067859663203974,0.01772678759043696,0.1043620974252176,26,0.9201336997694104,1,0.9714827337576576,rec,Mar Y+1 - May Y+1
29,1,29,SST anomaly (buoys),0.02056514450749455,0.12522024420922423,0.3018084645965317,26,0.920570520969304,1,0.9714827337576576,rec,May Y+2 - May Y+2
17,2,18,"Columbia discharge, The Dalles",-0.020532684103493053,0.028826382299248526,0.13511944666850387,26,0.9206955063896511,1,0.9714827337576576,rec,May Y+1 - Jun Y+1
10,1,10,SST anomaly (buoys),-0.02006962811388148,0.0010098159626660554,0.33992624605844124,27,0.9208524688846516,1,0.9993129776616922,pre,Oct Y - Oct Y
-8,3,-6,Willamette discharge,0.020041666577076282,0.0191003226271978,-0.015491711777715253,27,0.920962399845156,1,0.9993129776616922,pre,Apr Y-1 - Jun Y-1
-7,3,-5,"Wind stress, alongshore (buoys)",-0.02139230704698481,0.18692652643095137,0.5773452061074476,24,0.9209661058648358,1,0.9714827337576576,rec,May Y-1 - Jul Y-1
8,4,11,Storm hours Hs > 4 m (buoys),0.02003346412599146,0.0058912469252097475,-0.2322099736254296,27,0.9209946481029605,1,0.9993129776616922,pre,Aug Y - Nov Y
7,3,9,"Wind stress, alongshore (buoys)",-0.020451109719000875,0.03359297309742241,0.1482637337829764,26,0.9210096081869151,1,0.9714827337576576,rec,Jul Y - Sep Y
3,1,3,BEUTI,0.01993413551488992,0.03617076815350456,0.29362053836596197,27,0.9213851720928777,1,0.9993129776616922,pre,Mar Y - Mar Y
-1,2,0,SST anomaly (buoys),-0.02032291336392654,-0.014395320339709245,0.2244631171128429,26,0.9215032509570709,1,0.9993129776616922,pre,Nov Y-1 - Dec Y-1
11,4,14,Storm hours Hs > 4 m (buoys),-0.01989146510756698,-0.03529950005021549,-0.27779479604061463,27,0.9215529420910326,1,0.9993129776616922,pre,Nov Y - Feb Y+1
16,2,17,CUTI,0.020131621440265448,0.13618165670292914,0.3344334783181441,26,0.9222399069680727,1,0.971704751936986,rec,Apr Y+1 - May Y+1
13,2,14,Wave energy Hs^2 (buoys),-0.020540625148650838,-0.06554307057379861,-0.14422963386005494,25,0.9223650104716234,1,0.971704751936986,rec,Jan Y+1 - Feb Y+1
14,2,15,"Columbia discharge, The Dalles",-0.02000705606732732,-0.034320674674306384,-0.04412993326365701,26,0.9227196358413972,1,0.971704751936986,rec,Feb Y+1 - Mar Y+1
3,4,6,CUTI,-0.01953782118985764,0.00573932600745486,0.40380758161092406,27,0.9229435121912066,1,0.9993129776616922,pre,Mar Y - Jun Y
4,2,5,SST anomaly (buoys),-0.020039524638983244,-0.011110418114501523,0.20943694867498472,25,0.9242535753252599,1,0.9993129776616922,pre,Apr Y - May Y
0,1,0,Willamette discharge,0.01954805085274267,-0.09752815294623254,-0.32422002719420645,26,0.9244875925789809,1,0.9722336352291928,rec,Dec Y-1 - Dec Y-1
19,3,21,"Columbia discharge, Beaver",-0.019486196565052894,-0.051045021860783565,-0.09290063459804228,26,0.9247258644705353,1,0.9722336352291928,rec,Jul Y+1 - Sep Y+1
16,3,18,CUTI,0.01947780964417554,0.1407495846067571,0.34923589152637635,26,0.9247581726209178,1,0.9722336352291928,rec,Apr Y+1 - Jun Y+1
24,3,26,Storm hours Hs > 4 m (buoys),-0.019233493380771058,-0.10421719821397411,-0.24503502079084563,26,0.9256993800697562,1,0.9722336352291928,rec,Dec Y+1 - Feb Y+2
-10,1,-10,BEUTI,0.019212957271027148,0.17655837720897358,0.4533218310413358,26,0.9257784981231105,1,0.9722336352291928,rec,Feb Y-1 - Feb Y-1
15,3,17,SST anomaly (buoys),0.019617579146556378,0.008644361804589891,0.21537615074882369,25,0.9258441274463003,1,0.9993129776616922,pre,Mar Y+1 - May Y+1
17,3,19,"Wind stress, alongshore (buoys)",0.019895875664628148,0.1719243015896354,0.45313505808026744,24,0.9264795460991063,1,0.9722336352291928,rec,May Y+1 - Jul Y+1
6,1,6,"Columbia discharge, Beaver",-0.018621889066537587,-0.023551358628002412,-0.08613413343150822,27,0.9265460846882345,1,0.9993129776616922,pre,Jun Y - Jun Y
8,2,9,"Wind stress, alongshore (buoys)",0.0189678915844957,0.020879889135009228,0.008872044667533581,26,0.9267226986006658,1,0.9722336352291928,rec,Aug Y - Sep Y
10,4,13,PDO,0.018496611351326818,0.006384571033415039,-0.2004366156489924,27,0.9270389423394144,1,0.9993129776616922,pre,Oct Y - Jan Y+1
-5,1,-5,"Columbia discharge, Beaver",0.018621584921224597,-0.02727008723400003,-0.1257850469553515,26,0.9280571294322655,1,0.9731084463949968,rec,Jul Y-1 - Jul Y-1
-2,2,-1,"Wind stress, alongshore (buoys)",0.018072102398761777,0.02469285151445906,0.11597939575905443,27,0.9287092061253419,1,0.9993129776616922,pre,Oct Y-1 - Nov Y-1
4,4,7,Willamette discharge,-0.017909502672289537,-0.01392402307758032,0.06703107184463666,27,0.9293490459783433,1,0.9993129776616922,pre,Apr Y - Jul Y
16,2,17,"Columbia discharge, The Dalles",0.01828441625378837,0.06979580480299286,0.14933929087800288,26,0.9293565306281073,1,0.9739456040652509,rec,Apr Y+1 - May Y+1
4,2,5,Wave energy Hs^2 (buoys),-0.01820471706500203,-0.013489611929922641,0.18293522267813156,26,0.9296637061108938,1,0.9993129776616922,pre,Apr Y - May Y
-3,1,-3,SST anomaly (OISST),-0.01770733956304146,-0.006357816055909928,0.18839912605791648,27,0.9301446299007774,1,0.9993129776616922,pre,Sep Y-1 - Sep Y-1
-5,2,-4,"Wind stress, alongshore (buoys)",0.01755283456755224,0.036122770806954585,0.3359197323387871,27,0.9307527063679495,1,0.9993129776616922,pre,Jul Y-1 - Aug Y-1
-10,1,-10,PDO,-0.01743056002333823,-0.033576470701013446,-0.28975652783047823,27,0.9312339622046137,1,0.9993129776616922,pre,Feb Y-1 - Feb Y-1
14,3,16,PDO,-0.017375674268101594,-0.033018066974495705,-0.2802537462731102,27,0.9314499926936652,1,0.9993129776616922,pre,Feb Y+1 - Apr Y+1
-9,1,-9,SST anomaly (buoys),-0.018494222306085637,0.010184935838850568,0.06354099564305885,24,0.9316467713702568,1,0.9758196786335016,rec,Mar Y-1 - Mar Y-1
13,4,16,BEUTI,0.017175636007940604,0.04160039454443814,0.4501541247622478,27,0.93223738386423,1,0.9993129776616922,pre,Jan Y+1 - Apr Y+1
1,1,1,Storm hours Hs > 4 m (buoys),-0.017124277665551784,-0.014006099213615075,0.05248833874282781,27,0.9324395507885368,1,0.9993129776616922,pre,Jan Y - Jan Y
3,2,4,Storm hours Hs > 4 m (buoys),-0.01736847052748178,-0.02419266661024449,-0.32090249980263214,26,0.932887338889678,1,0.9993129776616922,pre,Mar Y - Apr Y
10,3,12,BEUTI,0.016878412048407128,0.03595026199731417,0.3447460355274499,27,0.933407432394896,1,0.9993129776616922,pre,Oct Y - Dec Y
16,4,19,"Columbia discharge, The Dalles",-0.017077122821671124,0.00918784737916419,0.07092514259309683,26,0.9340106948638734,1,0.9777688695828595,rec,Apr Y+1 - Jul Y+1
25,1,25,SST anomaly (buoys),-0.016938607226259134,0.060388675081173133,0.21420945864099328,26,0.9345448158639753,1,0.9778014650374425,rec,Jan Y+2 - Jan Y+2
15,2,16,SST anomaly (buoys),-0.017259603515060125,-0.02408475504932468,0.14054710393043376,25,0.9347376021197205,1,0.9993129776616922,pre,Mar Y+1 - Apr Y+1
18,4,21,"Columbia discharge, The Dalles",-0.01672334775511664,-0.04100132487449259,-0.07172744664686204,26,0.9353749185931042,1,0.9781435404760594,rec,Jun Y+1 - Sep Y+1
11,3,13,Storm hours Hs > 4 m (buoys),0.016154407185685307,-6.145373296038312e-4,-0.27593998261221797,27,0.936258102291488,1,0.9993129776616922,pre,Nov Y - Jan Y+1
-8,1,-8,SST anomaly (OISST),-0.01613916639507384,-0.01001626526579331,0.10290563858293397,27,0.9363181191796031,1,0.9993129776616922,pre,Apr Y-1 - Apr Y-1
7,4,10,"SST anomaly (MUR, 5-beach mean)",0.01850835641639495,0.26797177346807516,0.5710050166966225,21,0.9365324775401992,1,0.9788274926549179,rec,Jul Y - Oct Y
3,2,4,Willamette discharge,0.016068817489593257,0.015327702513235406,-0.012199986400689766,27,0.936595151356546,1,0.9993129776616922,pre,Mar Y - Apr Y
6,4,9,SST anomaly (OISST),0.016151710574314027,0.07909254423088051,0.1813881743867646,26,0.9375796337057496,1,0.9790186600175729,rec,Jun Y - Sep Y
20,2,21,"Columbia discharge, Beaver",-0.016114645007864737,-0.08398192349206225,-0.19540489857197352,26,0.9377226054283543,1,0.9790186600175729,rec,Aug Y+1 - Sep Y+1
-2,2,-1,"Columbia discharge, The Dalles",0.015727256686083425,-0.12042222932853748,-0.3784751377118986,26,0.939216976598445,1,0.9798830448241485,rec,Oct Y-1 - Nov Y-1
5,1,5,CUTI,0.01563869413621975,0.16114217583885423,0.4174884612564294,26,0.9395586396873522,1,0.9798830448241485,rec,May Y - May Y
1,4,4,"SST anomaly (MUR, 5-beach mean)",-0.01757679848801023,-0.044352249819157655,-0.13327286518236775,21,0.9397211710914488,1,0.9993129776616922,pre,Jan Y - Apr Y
28,3,30,SST anomaly (buoys),-0.015717535653895054,0.06287695677499844,0.22955442944929685,25,0.9405579309794714,1,0.9803992588869127,rec,Apr Y+2 - Jun Y+2
10,2,11,"Columbia discharge, Beaver",-0.014927656904450656,-0.08327933336027586,-0.1965036914495718,26,0.9423021036091833,1,0.9815609933740232,rec,Oct Y - Nov Y
6,1,6,Wave energy Hs^2 (buoys),0.014829134997907853,-0.14519021170478105,-0.44503811119348813,26,0.942682291475978,1,0.9815609933740232,rec,Jun Y - Jun Y
7,3,9,"Columbia discharge, The Dalles",0.014457768822063764,1.1246684204428893e-4,-0.23810317123786345,27,0.9429413285408397,1,0.9993129776616922,pre,Jul Y - Sep Y
1,2,2,Storm hours Hs > 4 m (buoys),0.014743994397033082,0.01360794081164886,-0.046576650950815486,26,0.9430108518422844,1,0.9993129776616922,pre,Jan Y - Feb Y
13,3,15,"Columbia discharge, The Dalles",0.014477033303341009,-0.016156757194153142,-0.08371649041759673,26,0.944041122046471,1,0.9817056380934234,rec,Jan Y+1 - Mar Y+1
0,4,3,Wave energy Hs^2 (buoys),0.014473871036262981,0.007068868905446142,-0.2826927344005813,26,0.9440533265611192,1,0.9993129776616922,pre,Dec Y-1 - Mar Y
9,1,9,Storm hours Hs > 4 m (buoys),0.014417443971751546,0.038494951793073065,0.07072097528439428,26,0.9442711043279571,1,0.9817056380934234,rec,Sep Y - Sep Y
17,3,19,SST anomaly (OISST),-0.014708332242890847,0.11653617297170346,0.40284248744105844,25,0.9443686569165322,1,0.9817056380934234,rec,May Y+1 - Jul Y+1
10,1,10,Wave energy Hs^2 (buoys),0.013984191134646577,0.008627050873221357,-0.09034363893905897,27,0.9448074902242573,1,0.9993129776616922,pre,Oct Y - Oct Y
22,1,22,SST anomaly (buoys),-0.014222562803028008,0.16212738263584095,0.4905243473962515,26,0.9450232694912636,1,0.9817056380934234,rec,Oct Y+1 - Oct Y+1
13,2,14,"Columbia discharge, Beaver",-0.014134373048114412,-0.03067041642678091,-0.049324588180521343,26,0.9453636626009364,1,0.9817056380934234,rec,Jan Y+1 - Feb Y+1
-11,4,-8,SST anomaly (buoys),-0.014420009950759538,-0.003919800938767309,0.12773121815804078,25,0.9454575762151589,1,0.9993129776616922,pre,Jan Y-1 - Apr Y-1
-4,1,-4,SST anomaly (OISST),0.013775978438053083,0.02265467445524752,0.1552883625879775,27,0.9456280555717489,1,0.9993129776616922,pre,Aug Y-1 - Aug Y-1
4,2,5,SST anomaly (OISST),-0.01376673485273528,-0.0045838394836147985,0.15402737468185074,27,0.9456644857632687,1,0.9993129776616922,pre,Apr Y - May Y
2,3,4,"Columbia discharge, Beaver",-0.013742009943365293,-0.016913148007787714,-0.055057042713953216,27,0.9457619304230813,1,0.9993129776616922,pre,Feb Y - Apr Y
3,1,3,CUTI,0.013733995742039979,0.030220683729654724,0.29300516407283983,27,0.9457935157831335,1,0.9993129776616922,pre,Mar Y - Mar Y
12,2,13,"SST anomaly (MUR, 5-beach mean)",0.015786674211999276,0.0016273980106957689,-0.028629578852497107,21,0.9458511626280771,1,0.9817056380934234,rec,Dec Y - Jan Y+1
15,1,15,PDO,0.013631863621561671,-0.005859961846460181,-0.3210249594987034,27,0.9461960432053417,1,0.9993129776616922,pre,Mar Y+1 - Mar Y+1
6,3,8,"Wind stress, alongshore (buoys)",0.013280106830316777,0.03442371634071916,0.3794010677267352,27,0.9475824999773921,1,0.9993129776616922,pre,Jun Y - Aug Y
9,2,10,SST anomaly (buoys),0.013187086765036635,0.03324290101167195,0.35880969022862186,27,0.9479491655877745,1,0.9993129776616922,pre,Sep Y - Oct Y
3,2,4,"Columbia discharge, Beaver",-0.013182087992791167,-0.014581917117165487,-0.024421614847486617,27,0.947968869994364,1,0.9993129776616922,pre,Mar Y - Apr Y
25,2,26,Wave energy Hs^2 (buoys),0.013373284803742507,-0.03846035167078299,-0.1435485357720969,26,0.948301678127474,1,0.9837238325932814,rec,Jan Y+2 - Feb Y+2
14,1,14,SST anomaly (OISST),-0.01303547368379374,-0.00945440286421807,0.06052884294315165,27,0.948546814735117,1,0.9993129776616922,pre,Feb Y+1 - Feb Y+1
6,4,9,"Columbia discharge, The Dalles",0.01262630604504459,5.054160074302786e-4,-0.20269570998879,27,0.9501598623342702,1,0.9993129776616922,pre,Jun Y - Sep Y
27,4,30,SST anomaly (OISST),-0.012731983639687453,0.08013580214757623,0.25875395605283935,26,0.9507777940859659,1,0.9857664169083293,rec,Mar Y+2 - Jun Y+2
4,3,6,Willamette discharge,-0.012462843097227269,-0.007460584963202226,0.08452659997043624,27,0.9508043306667731,1,0.9993129776616922,pre,Apr Y - Jun Y
5,3,7,SST anomaly (buoys),0.012392215733248368,0.02877770463234835,0.2900347254892544,27,0.9510827951828782,1,0.9993129776616922,pre,May Y - Jul Y
8,2,9,"Wind stress, alongshore (buoys)",-0.01233255014920921,-0.012454123216049834,-0.0024427401503979702,27,0.9513180447475968,1,0.9993129776616922,pre,Aug Y - Sep Y
15,2,16,"SST anomaly (MUR, 5-beach mean)",-0.013573651200195044,-0.02267611011780351,-0.1063126909644517,22,0.9521936804758822,1,0.9993129776616922,pre,Mar Y+1 - Apr Y+1
2,3,4,CUTI,0.012106234017538034,0.03992684023294823,0.5050566664711559,27,0.9522104004057566,1,0.9993129776616922,pre,Feb Y - Apr Y
7,2,8,"Columbia discharge, The Dalles",0.011960780705972106,6.951307522087997e-4,-0.1888714123420091,27,0.9527839468814758,1,0.9993129776616922,pre,Jul Y - Aug Y
-6,1,-6,BEUTI,-0.012171700306222197,0.17534494327935743,0.5225228295109923,26,0.9529414585208771,1,0.9867617709643306,rec,Jun Y-1 - Jun Y-1
17,1,17,"Columbia discharge, Beaver",0.012028546752651382,0.09713774616734504,0.24347836767500652,26,0.953494331941493,1,0.9867617709643306,rec,May Y+1 - May Y+1
4,2,5,Storm hours Hs > 4 m (buoys),-0.011959487208829564,-0.010151392436570665,0.07373092579071601,26,0.9537610543505279,1,0.9993129776616922,pre,Apr Y - May Y
-8,1,-8,"SST anomaly (MUR, 5-beach mean)",0.014183074064230082,0.06004737324570826,0.10053557217246387,19,0.9540449225908061,1,0.9867617709643306,rec,Apr Y-1 - Apr Y-1
18,1,18,CUTI,0.011848319171662042,0.10475713179064584,0.26563718971065453,26,0.9541904187416214,1,0.9867617709643306,rec,Jun Y+1 - Jun Y+1
9,3,11,PDO,0.01160175265321832,0.0025330975158177563,-0.15261946999732867,27,0.9541997515720968,1,0.9993129776616922,pre,Sep Y - Nov Y
19,1,19,"Wind stress, alongshore (buoys)",-0.011826216670405721,0.10637192793533139,0.3298418809004291,26,0.9542757867350522,1,0.9867617709643306,rec,Jul Y+1 - Jul Y+1
2,1,2,"Columbia discharge, Beaver",-0.011554622283290187,-0.018536870031920633,-0.12135387069798644,27,0.9543856174040821,1,0.9993129776616922,pre,Feb Y - Feb Y
2,3,4,"Wind stress, alongshore (buoys)",-0.01182080391506233,4.885703967222558e-4,0.29144952660640755,25,0.9552781746653002,1,0.9993129776616922,pre,Feb Y - Apr Y
6,3,8,"Columbia discharge, The Dalles",0.011210607753086303,8.227149976841314e-4,-0.1745998237073444,27,0.9557423613110352,1,0.9993129776616922,pre,Jun Y - Aug Y
12,2,13,Wave energy Hs^2 (buoys),0.011024413165868148,-0.0019505356889215318,-0.21734200438199017,27,0.9564767364643669,1,0.9993129776616922,pre,Dec Y - Jan Y+1
16,1,16,"Columbia discharge, Beaver",-0.011236459955956351,0.02627272206368599,0.10369767399223043,26,0.9565538226331632,1,0.9884473243190514,rec,Apr Y+1 - Apr Y+1
7,4,10,SST anomaly (OISST),-0.01114095209738926,0.08719796831118663,0.2745087151714223,26,0.9569227697368593,1,0.9884473243190514,rec,Jul Y - Oct Y
4,4,7,SST anomaly (buoys),-0.010898205557538504,0.005273161656199388,0.26968035963125064,27,0.9569745350908714,1,0.9993129776616922,pre,Apr Y - Jul Y
21,1,21,PDO,0.010777270723066284,0.014434544994274729,0.012301413642854678,26,0.9583277502599054,1,0.9893563271432053,rec,Sep Y+1 - Sep Y+1
-5,2,-4,CUTI,-0.010546576981991514,0.024507500576132955,0.5680136704877595,27,0.958361540487638,1,0.9993129776616922,pre,Jul Y-1 - Aug Y-1
-4,4,-1,BEUTI,0.01064969344819868,0.2885099435409228,0.797700679777552,26,0.9588206380338471,1,0.9893563271432053,rec,Aug Y-1 - Nov Y-1
14,2,15,Wave energy Hs^2 (buoys),-0.010370013258095095,-0.0053816055407383415,-0.3892224394872175,26,0.9599012183548083,1,0.9993129776616922,pre,Feb Y+1 - Mar Y+1
-7,3,-5,CUTI,0.010335880376307071,0.22114243515952414,0.6026552181176579,26,0.9600330998843134,1,0.9899636195384488,rec,May Y-1 - Jul Y-1
11,2,12,BEUTI,-0.01018464035020079,0.08436752339387048,0.26416593828704255,26,0.9606174684977371,1,0.9899636195384488,rec,Nov Y - Dec Y
10,1,10,PDO,0.009925203047394384,0.004714531384161193,-0.08826957882452043,27,0.9608128482561838,1,0.9993129776616922,pre,Oct Y - Oct Y
-9,2,-8,SST anomaly (buoys),-0.01056112363698734,0.0599032247995934,0.16351243556956052,24,0.9609369084717351,1,0.9899636195384488,rec,Mar Y-1 - Apr Y-1
3,3,5,CUTI,-0.009789125162291586,0.014054580757623563,0.394421943002912,27,0.9613497199708674,1,0.9993129776616922,pre,Mar Y - May Y
-10,3,-8,SST anomaly (OISST),-0.009696073834657261,-0.009154640828158032,0.008980853979197297,27,0.9617168473435629,1,0.9993129776616922,pre,Feb Y-1 - Apr Y-1
29,2,30,BEUTI,-0.009898026372144,0.1598689124176244,0.4744274696736945,26,0.9617249557004048,1,0.9902506959118574,rec,May Y+2 - Jun Y+2
7,4,10,"Columbia discharge, The Dalles",0.009620241845720879,-0.007897471773776157,-0.2924821319825797,27,0.9620160426823119,1,0.9993129776616922,pre,Jul Y - Oct Y
12,4,15,BEUTI,0.009616375514279468,0.03505772594202108,0.45381250147220065,27,0.9620312974394092,1,0.9993129776616922,pre,Dec Y - Mar Y+1
12,4,15,SST anomaly (buoys),0.009807618070165027,0.00815712658422024,0.14554157875789175,26,0.9620743112199877,1,0.9993129776616922,pre,Dec Y - Mar Y+1
7,1,7,Storm hours Hs > 4 m (buoys),0.009463891823061314,-0.006902967415053105,-0.27379031954764077,27,0.9626329379667261,1,0.9993129776616922,pre,Jul Y - Jul Y
12,3,14,SST anomaly (buoys),-0.009622119009386691,-0.011281950297569858,0.16433692962109078,26,0.9627911374661178,1,0.9993129776616922,pre,Dec Y - Feb Y+1
6,1,6,"Columbia discharge, The Dalles",0.009414061249786597,8.542612964129804e-4,-0.14460229435487656,27,0.9628295541079079,1,0.9993129776616922,pre,Jun Y - Jun Y
2,3,4,"SST anomaly (MUR, 5-beach mean)",-0.010731841703174162,-0.046527094864631455,-0.17746632484538702,21,0.9631754335570537,1,0.9993129776616922,pre,Feb Y - Apr Y
9,4,12,BEUTI,-0.009054507326912995,0.1402752026273862,0.41781542080044154,26,0.9649847386517594,1,0.9928082931459691,rec,Sep Y - Dec Y
-1,1,-1,PDO,0.008862053576114125,-0.004230600265615145,-0.22020692371775266,27,0.9650077462964228,1,0.9993129776616922,pre,Nov Y-1 - Nov Y-1
21,3,23,"SST anomaly (MUR, 5-beach mean)",-0.009708531456214895,0.2575337930521547,0.5605944558027666,22,0.9657973794735791,1,0.9928082931459691,rec,Sep Y+1 - Nov Y+1
-2,3,0,CUTI,0.008828505675820593,0.10194404391458863,0.2653801341997988,26,0.9658582181607873,1,0.9928082931459691,rec,Oct Y-1 - Dec Y-1
11,1,11,BEUTI,-0.008550314484645653,0.017787044052437036,0.43609248265633727,27,0.9662379610322924,1,0.9993129776616922,pre,Nov Y - Nov Y
-4,2,-3,SST anomaly (OISST),0.008726702424591646,0.07045542464655086,0.17626002258644471,26,0.9662516927120233,1,0.9928082931459691,rec,Aug Y-1 - Sep Y-1
6,4,9,Storm hours Hs > 4 m (buoys),-0.008490261391335928,0.004716688659871868,0.22226317686112934,27,0.9664749570649169,1,0.9993129776616922,pre,Jun Y - Sep Y
-2,4,1,Wave energy Hs^2 (buoys),0.008060161917547696,-0.0023442847650922546,-0.17577377445875364,27,0.9681723996297568,1,0.9993129776616922,pre,Oct Y-1 - Jan Y
5,1,5,PDO,-0.007987928904775498,-0.016238745102927273,-0.14291306023557707,27,0.968457489921587,1,0.9993129776616922,pre,May Y - May Y
18,3,20,SST anomaly (buoys),0.00812177191461756,0.16930162412781188,0.45899947270504743,26,0.9685899343459767,1,0.9946850672839823,rec,Jun Y+1 - Aug Y+1
14,3,16,SST anomaly (buoys),0.008294404307665194,0.0012952923729557101,0.1412759659945687,25,0.9686118653909881,1,0.9993129776616922,pre,Feb Y+1 - Apr Y+1
11,3,13,Wave energy Hs^2 (buoys),-0.007874470745443169,-0.025507263511671888,-0.3087304006492613,27,0.9689052958395863,1,0.9993129776616922,pre,Nov Y - Jan Y+1
3,1,3,Willamette discharge,0.007805697035419504,-0.0028317899820548688,-0.1797435842059817,27,0.9691767420163465,1,0.9993129776616922,pre,Mar Y - Mar Y
4,3,6,SST anomaly (OISST),0.007776672842517277,0.01249772073712042,0.08150768358725073,27,0.9692912999699672,1,0.9993129776616922,pre,Apr Y - Jun Y
25,2,26,Storm hours Hs > 4 m (buoys),0.007932249821031526,-0.04500849422815869,-0.14780605994424703,26,0.969322548149951,1,0.9949118445636246,rec,Jan Y+2 - Feb Y+2
17,3,19,"Columbia discharge, The Dalles",-0.007754117852175714,0.022039173463824925,0.0826376741378246,26,0.9700111545579037,1,0.9949997224653364,rec,May Y+1 - Jul Y+1
8,1,8,CUTI,0.007453257542598719,0.037000850803587546,0.5251398780323778,27,0.9705678539189774,1,0.9993129776616922,pre,Aug Y - Aug Y
24,3,26,Wave energy Hs^2 (buoys),0.007523146569465302,-0.07936437202278993,-0.2433685529825273,26,0.9709040534805322,1,0.9949997224653364,rec,Dec Y+1 - Feb Y+2
4,1,4,Wave energy Hs^2 (buoys),-0.0072956919855620105,-0.0025259657973963267,0.19220040628744642,26,0.971783390760296,1,0.9993129776616922,pre,Apr Y - Apr Y
-8,2,-7,Willamette discharge,0.007003039549235062,0.004693778316302889,-0.03924439858644785,27,0.9723450285144535,1,0.9993129776616922,pre,Apr Y-1 - May Y-1
29,1,29,Wave energy Hs^2 (buoys),0.007062525095952063,-0.006350782233747304,-0.03656995231880237,26,0.9726848450758261,1,0.9949997224653364,rec,May Y+2 - May Y+2
12,4,15,Wave energy Hs^2 (buoys),-0.006884414715052194,-0.0026667421074328766,-0.35203231837787335,26,0.9733734656405797,1,0.9993129776616922,pre,Dec Y - Mar Y+1
22,1,22,SST anomaly (OISST),0.006859044900162436,0.1890962587479234,0.5184594215690355,26,0.9734715533959191,1,0.9949997224653364,rec,Oct Y+1 - Oct Y+1
-2,3,0,"Columbia discharge, The Dalles",0.006805555245305967,-0.13512497047414362,-0.3980360871725913,26,0.9736783626051196,1,0.9949997224653364,rec,Oct Y-1 - Dec Y-1
-9,2,-8,"SST anomaly (MUR, 5-beach mean)",-0.008073792395355515,-0.027916292361629666,-0.04381400909325254,19,0.9738309285467577,1,0.9949997224653364,rec,Mar Y-1 - Apr Y-1
12,1,12,SST anomaly (OISST),-0.006690780421202823,-0.01634888342682093,-0.028503019089383907,26,0.9741221267084177,1,0.9949997224653364,rec,Dec Y - Dec Y
-2,1,-2,"Columbia discharge, The Dalles",0.0064972597952741625,-0.1878990013459738,-0.5449525179547487,26,0.9748703696157057,1,0.9949997224653364,rec,Oct Y-1 - Oct Y-1
2,2,3,"Columbia discharge, Beaver",-0.006344805507258197,-0.012311483714786575,-0.10292839135273958,27,0.9749435479808043,1,0.9993129776616922,pre,Feb Y - Mar Y
28,1,28,SST anomaly (OISST),0.006456194789320394,0.09094287765490507,0.2402442507386674,26,0.975029149169597,1,0.9949997224653364,rec,Apr Y+2 - Apr Y+2
12,4,15,Storm hours Hs > 4 m (buoys),0.00637198969265627,0.009452746748065451,-0.31494484091993774,26,0.9753547345691291,1,0.9993129776616922,pre,Dec Y - Mar Y+1
-10,2,-9,SST anomaly (OISST),-0.006141720516354394,-0.008228776856008136,-0.03598397562163034,27,0.9757453209509117,1,0.9993129776616922,pre,Feb Y-1 - Mar Y-1
7,3,9,PDO,-0.006138571156019627,-0.01712780899185552,-0.19026396579121863,27,0.9757577547066509,1,0.9993129776616922,pre,Jul Y - Sep Y
-1,2,0,"Columbia discharge, The Dalles",0.006137053715020261,-0.08828994425069313,-0.2649295208051614,26,0.9762631525251662,1,0.9949997224653364,rec,Nov Y-1 - Dec Y-1
8,3,10,SST anomaly (OISST),-0.006126077554389858,0.09162122658285742,0.274265765868683,26,0.9763055943386904,1,0.9949997224653364,rec,Aug Y - Oct Y
-7,4,-4,Wave energy Hs^2 (buoys),0.005912467218041804,-0.032434477992436886,-0.10710771303548756,26,0.9771315794957487,1,0.9949997224653364,rec,May Y-1 - Aug Y-1
2,3,4,BEUTI,-0.005765614057323405,0.021478898348525816,0.4555181761064812,27,0.9772302372522786,1,0.9993129776616922,pre,Feb Y - Apr Y
13,4,16,"Columbia discharge, The Dalles",-0.005829384751342676,-0.02204788409573102,-0.04687959136779934,26,0.9774528477427389,1,0.9949997224653364,rec,Jan Y+1 - Apr Y+1
0,1,0,BEUTI,-0.005755500109932569,0.052784133047349066,0.16403808107267845,26,0.9777385521665456,1,0.9949997224653364,rec,Dec Y-1 - Dec Y-1
5,3,7,SST anomaly (OISST),-0.005875987731093566,0.07050190192353735,0.2393485670036133,25,0.9777611015826739,1,0.9949997224653364,rec,May Y - Jul Y
6,2,7,"Columbia discharge, The Dalles",0.005508626358853709,-0.0034468267537600007,-0.15208708552184289,27,0.9782449003705955,1,0.9993129776616922,pre,Jun Y - Jul Y
-3,4,0,BEUTI,-0.005571582601387773,0.11832525906312595,0.34790639600250145,26,0.97844975407548,1,0.9949997224653364,rec,Sep Y-1 - Dec Y-1
8,3,10,"SST anomaly (MUR, 5-beach mean)",0.006212376355337452,0.2599559931780996,0.5736713097626861,21,0.9786786175405404,1,0.9949997224653364,rec,Aug Y - Oct Y
-11,3,-9,PDO,-0.005257254848886171,-0.022555294567399273,-0.30049995055591777,27,0.97923742109729806,1,0.9993129776616922,pre,Jan Y-1 - Mar Y-1
1,4,4,"Wind stress, alongshore (buoys)",-0.005460609255361869,0.005547885600051971,0.2671702490709227,25,0.9793328472710994,1,0.9993129776616922,pre,Jan Y - Apr Y
18,1,18,"SST anomaly (MUR, 5-beach mean)",-0.0058469943726293765,-0.004340800922116735,0.03404211554468261,22,0.9793976496316215,1,0.9993129776616922,pre,Jun Y+1 - Jun Y+1
17,4,20,SST anomaly (buoys),0.005304891957781125,0.16860428387064358,0.4636730572177335,26,0.9794810648445933,1,0.9949997224653364,rec,May Y+1 - Aug Y+1
11,3,13,CUTI,0.005185778135661682,0.029002448160102615,0.41599652897814865,27,0.979519646875064,1,0.9993129776616922,pre,Nov Y - Jan Y+1
2,3,4,Storm hours Hs > 4 m (buoys),0.005196735760008583,-0.0014368038188263311,-0.2672649747786149,26,0.9798993214217815,1,0.9993129776616922,pre,Feb Y - Apr Y
17,3,19,CUTI,-0.0051687796047113635,0.18964412897820754,0.546921276856605,26,0.980007433000374,1,0.9949997224653364,rec,May Y+1 - Jul Y+1
0,1,0,"Columbia discharge, The Dalles",-0.005134692916113453,-0.12891929117078021,-0.35133224395545437,26,0.9801392529401669,1,0.9949997224653364,rec,Dec Y-1 - Dec Y-1
21,1,21,Willamette discharge,-0.005130202161812509,-0.12124719181099687,-0.3295730453007948,26,0.9801566196096292,1,0.9949997224653364,rec,Sep Y+1 - Sep Y+1
-3,1,-3,BEUTI,0.005007223576988698,0.04084069437857067,0.6330544130004193,27,0.9802246799296139,1,0.9993129776616922,pre,Sep Y-1 - Sep Y-1
8,4,11,"Columbia discharge, The Dalles",0.004801068640385308,-0.017880901736363676,-0.3820167296094971,27,0.9810387126810596,1,0.9993129776616922,pre,Aug Y - Nov Y
13,4,16,PDO,0.0047106571793251025,-0.01198707673783114,-0.28249639662159115,27,0.9813957213777365,1,0.9993129776616922,pre,Jan Y+1 - Apr Y+1
7,1,7,SST anomaly (OISST),-0.0048483131933986425,0.08210303689990328,0.27281218993104317,25,0.9816498419626088,1,0.9954557949007183,rec,Jul Y - Jul Y
9,3,11,Wave energy Hs^2 (buoys),-0.004617719974129747,-0.02115508855697808,-0.28661450804816907,27,0.9817627071515944,1,0.9993129776616922,pre,Sep Y - Nov Y
17,4,20,"Columbia discharge, The Dalles",0.0047076596371951485,0.023843409181103503,0.054913527588638655,26,0.9817907166696455,1,0.9954557949007183,rec,May Y+1 - Aug Y+1
0,2,1,SST anomaly (OISST),0.004536528739235682,0.00845333624655116,0.16494522216057525,26,0.9824525512339632,1,0.9993129776616922,pre,Dec Y-1 - Jan Y
20,4,23,"Columbia discharge, The Dalles",-0.004501791735160509,-0.09179060142282824,-0.24766995372364506,26,0.9825868951121693,1,0.9954557949007183,rec,Aug Y+1 - Nov Y+1
4,3,6,Wave energy Hs^2 (buoys),-0.004484523580691447,-0.0020260990596816303,0.10102713113627407,26,0.9826536791335544,1,0.9993129776616922,pre,Apr Y - Jun Y
3,4,6,Willamette discharge,-0.0043508735271331565,-0.00648467093400803,-0.03671413014169017,27,0.9828164368955946,1,0.9993129776616922,pre,Mar Y - Jun Y
18,2,19,SST anomaly (OISST),-0.004485423672260798,0.10915773009901367,0.3525076688666609,25,0.9830231246038649,1,0.9954557949007183,rec,Jun Y+1 - Jul Y+1
3,3,5,Willamette discharge,0.004182743205395753,0.0023324036784348975,-0.03152542545421323,27,0.9834803685610235,1,0.9993129776616922,pre,Mar Y - May Y
-8,4,-5,Willamette discharge,0.004049843420352722,0.0029399166151622413,-0.01887449158819386,27,0.984005185595747,1,0.9993129776616922,pre,Apr Y-1 - Jul Y-1
-3,1,-3,Willamette discharge,0.004122633278768775,-0.13993738685872514,-0.4050918181788554,26,0.9840533035220598,1,0.9954557949007183,rec,Sep Y-1 - Sep Y-1
-8,4,-5,SST anomaly (OISST),-0.003970832755706166,0.07662226413560966,0.22656982159329772,26,0.9846404116782257,1,0.9954557949007183,rec,Apr Y-1 - Jul Y-1
-3,3,-1,CUTI,-0.0039521105857098175,0.05028749251638657,0.1523103114749357,26,0.9847128226374998,1,0.9954557949007183,rec,Sep Y-1 - Nov Y-1
-3,1,-3,Wave energy Hs^2 (buoys),-0.003869008305667711,-0.0040782537419382005,-0.0036964176876962446,27,0.9847193081198464,1,0.9993129776616922,pre,Sep Y-1 - Sep Y-1
24,1,24,Wave energy Hs^2 (buoys),-0.0038758792879960797,-0.10390982164992425,-0.2835934253039432,26,0.9850076604726031,1,0.9954557949007183,rec,Dec Y+1 - Dec Y+1
7,2,8,SST anomaly (buoys),-0.003822405675455791,0.1329938000735104,0.38484835764728326,26,0.9852144801383653,1,0.9954557949007183,rec,Jul Y - Aug Y
1,4,4,Storm hours Hs > 4 m (buoys),0.003670286574678776,-4.2464252344924676e-4,-0.1676734877551144,26,0.985802835585373,1,0.9993129776616922,pre,Jan Y - Apr Y
16,1,16,Willamette discharge,-0.00354269093591921,0.005341027338512437,0.1513143383895755,27,0.9860079725295369,1,0.9993129776616922,pre,Apr Y+1 - Apr Y+1
10,2,11,Storm hours Hs > 4 m (buoys),-0.0035100697743879676,-0.0203416228033234,-0.29090268239944667,27,0.9861367991428382,1,0.9993129776616922,pre,Oct Y - Nov Y
16,2,17,SST anomaly (buoys),0.0035291395442306295,-0.010497058824637133,0.28236404583849545,25,0.9866422051051513,1,0.9993129776616922,pre,Apr Y+1 - May Y+1
9,4,12,BEUTI,0.00331179929395674,0.028661329294697713,0.4399270539662109,27,0.9869198107718332,1,0.9993129776616922,pre,Sep Y - Dec Y
-4,2,-3,SST anomaly (OISST),-0.0033084186795550303,0.00823750277563149,0.1965005685539305,27,0.9869331616302791,1,0.9993129776616922,pre,Aug Y-1 - Sep Y-1
5,1,5,SST anomaly (OISST),0.0033462547755026004,0.050993810963515955,0.13523504365565983,26,0.9870561264664082,1,0.9956672545192669,rec,May Y - May Y
14,4,17,"Columbia discharge, The Dalles",0.0032573544502775033,0.030889603835405146,0.07864740531188182,26,0.987399980681974,1,0.9956672545192669,rec,Feb Y+1 - May Y+1
8,1,8,CUTI,0.0032517224581384485,0.17813147445962485,0.49552804697416836,26,0.987421764526405,1,0.9956672545192669,rec,Aug Y - Aug Y
27,2,28,"SST anomaly (MUR, 5-beach mean)",-0.0035551141635934147,-0.053388068536713434,-0.1063126909644517,22,0.9874724623010013,1,0.9956672545192669,rec,Mar Y+2 - Apr Y+2
10,4,13,Wave energy Hs^2 (buoys),-0.0031334716241401563,-0.022399899049730596,-0.3330468544212539,27,0.9876240741888661,1,0.9993129776616922,pre,Oct Y - Jan Y+1
8,4,11,PDO,0.0029736613225197633,-0.008009187020156811,-0.18707409653359394,27,0.9882552152973323,1,0.9993129776616922,pre,Aug Y - Nov Y
-5,3,-3,Wave energy Hs^2 (buoys),-0.002933620688498743,-0.004519083063849687,-0.027252099344476345,27,0.9884133494408541,1,0.9993129776616922,pre,Jul Y-1 - Sep Y-1
-6,2,-5,Willamette discharge,-0.002859864543904858,-0.0013494825982290314,0.025762335480075407,27,0.9887046387684586,1,0.9993129776616922,pre,Jun Y-1 - Jul Y-1
8,2,9,BEUTI,0.002917971060883782,0.3045525311725941,0.8559753092089744,26,0.9887126885241488,1,0.9964009675950987,rec,Aug Y - Sep Y
15,4,18,"Wind stress, alongshore (buoys)",0.002861463182766881,-0.01125067143318728,0.28456411130528136,25,0.9891691987164845,1,0.9993129776616922,pre,Mar Y+1 - Jun Y+1
2,4,5,Storm hours Hs > 4 m (buoys),-0.00274590588075749,-0.009445584687511045,-0.2824112261078226,26,0.9893782340319255,1,0.9993129776616922,pre,Feb Y - May Y
-10,4,-7,PDO,0.0023834267090079297,-0.05614658313122187,-0.16474788776743843,26,0.9907803200867953,1,0.9979673275900155,rec,Feb Y-1 - May Y-1
18,1,18,Willamette discharge,0.002328589131454997,-0.0020114110472089063,-0.07413586565068586,27,0.990802874430802,1,0.9993129776616922,pre,Jun Y+1 - Jun Y+1
10,3,12,PDO,0.0022355365818387575,-0.008084462502633574,-0.17604631069285911,27,0.9911703855984291,1,0.9993129776616922,pre,Oct Y - Dec Y
-4,3,-2,BEUTI,-0.00220661626787696,0.047160218690727514,0.8286352253763918,27,0.99128460677822,1,0.9993129776616922,pre,Aug Y-1 - Oct Y-1
11,2,12,PDO,-0.0022036671882151786,-0.0145701564993442,-0.21267651338684515,27,0.9912962542185693,1,0.9993129776616922,pre,Nov Y - Dec Y
7,4,10,PDO,-0.002058977017052478,-0.012044458373986919,-0.17156256142044957,27,0.9918677126060351,1,0.9993129776616922,pre,Jul Y - Oct Y
3,1,3,"Columbia discharge, Beaver",-0.001908659846025961,-0.006451199564015915,-0.07793654208500705,27,0.9924613991499399,1,0.9993129776616922,pre,Mar Y - Mar Y
9,2,10,BEUTI,0.0019373459478587987,0.19751714583759766,0.5534644776840871,26,0.9925058170725694,1,0.9991018772030049,rec,Sep Y - Oct Y
17,1,17,SST anomaly (buoys),-0.0018265018048359994,0.10043520035546649,0.28821547927295,26,0.9929345816647148,1,0.9991018772030049,rec,May Y+1 - May Y+1
-5,3,-3,"SST anomaly (MUR, 5-beach mean)",-0.001997462080140494,0.10106207184234775,0.5059007478337542,21,0.9931438750421469,1,0.9993129776616922,pre,Jul Y-1 - Sep Y-1
-3,3,-1,BEUTI,-0.0016830227619737815,0.19372914210307055,0.5507388352306646,26,0.9934895865940772,1,0.9991431745157195,rec,Sep Y-1 - Nov Y-1
12,1,12,"SST anomaly (MUR, 5-beach mean)",0.0018271338576744216,-2.6398654428750105e-4,-0.02404613051582034,22,0.9935613524981182,1,0.9993129776616922,pre,Dec Y - Dec Y
7,1,7,"Columbia discharge, The Dalles",-0.0014983436021498986,-0.010091905291104463,-0.1474706511736579,27,0.9940819864230908,1,0.9993129776616922,pre,Jul Y - Jul Y
11,3,13,"SST anomaly (MUR, 5-beach mean)",-0.0012712605818555693,0.007178794558013235,0.09733128074270321,22,0.9955201743826214,1,0.9993129776616922,pre,Nov Y - Jan Y+1
-5,2,-4,Wave energy Hs^2 (buoys),9.725729511340338e-4,-0.0017993241436785451,-0.04741583592429302,27,0.9961586056866121,1,0.9993129776616922,pre,Jul Y-1 - Aug Y-1
18,4,21,Wave energy Hs^2 (buoys),-8.804729149873544e-4,-0.031572926711889035,-0.08683560559310732,26,0.9965940532473669,1,0.9996804182762271,rec,Jun Y+1 - Sep Y+1
15,2,16,"Wind stress, alongshore (buoys)",-8.395545752734178e-4,-0.007649082704110936,0.13843320779147664,25,0.9968221548394164,1,0.9993129776616922,pre,Mar Y+1 - Apr Y+1
21,1,21,"Columbia discharge, Beaver",8.046364054531397e-4,-0.12815988245662238,-0.36386173811846984,26,0.9968874113107842,1,0.9996804182762271,rec,Sep Y+1 - Sep Y+1
2,1,2,CUTI,-6.95582957189933e-4,0.207824346588938,0.5883149230301187,26,0.9973092630049195,1,0.9996804182762271,rec,Feb Y - Feb Y
25,1,25,"SST anomaly (MUR, 5-beach mean)",-7.577450324381553e-4,0.027787231380506365,0.06027525329265794,22,0.9973297557818898,1,0.9996804182762271,rec,Jan Y+2 - Jan Y+2
1,3,3,Storm hours Hs > 4 m (buoys),-6.507456766714087e-4,-0.005406671284492521,-0.19773013404340925,26,0.9974827073664274,1,0.9993129776616922,pre,Jan Y - Mar Y
30,1,30,CUTI,-5.773141787376946e-4,0.10547875128234355,0.2992929452098775,26,0.9977667631733564,1,0.9996804182762271,rec,Jun Y+2 - Jun Y+2
2,2,3,Storm hours Hs > 4 m (buoys),-4.637349187008072e-4,-0.00809680933872092,-0.317494299312757,26,0.9982061234846036,1,0.9993129776616922,pre,Feb Y - Mar Y
4,2,5,Willamette discharge,-4.50081176298964e-4,0.006712305340935828,0.12256977311845084,27,0.9982222987019703,1,0.9993129776616922,pre,Apr Y - May Y
8,4,11,SST anomaly (OISST),3.5042888890267045e-4,0.01778608674351288,0.29883324938788575,27,0.9986158983890652,1,0.9993129776616922,pre,Aug Y - Nov Y
-8,1,-8,SST anomaly (buoys),-3.7073894794255324e-4,0.10942397205541791,0.2586849940267887,24,0.9986282153250086,1,0.9996804182762271,rec,Apr Y-1 - Apr Y-1
-10,2,-9,Willamette discharge,3.131272880706105e-4,-0.0875947924070212,-0.24814074151300802,26,0.9987887219471192,1,0.9996804182762271,rec,Feb Y-1 - Mar Y-1
9,2,10,"Columbia discharge, The Dalles",2.2343279198399764e-4,-0.028452911081072514,-0.4905250178385671,27,0.9991174992030931,1,0.9993129776616922,pre,Sep Y - Oct Y
4,2,5,"SST anomaly (MUR, 5-beach mean)",2.1665543603548713e-4,0.05070420000270077,0.1075185570116932,20,0.9992767023175539,1,0.9996804182762271,rec,Apr Y - May Y
-8,2,-7,Wave energy Hs^2 (buoys),1.7760198714651275e-4,0.011712256868614435,0.11614936792604846,26,0.9993129776616922,1,0.9993129776616922,pre,Apr Y-1 - May Y-1
-8,1,-8,PDO,-1.262081393202084e-4,-0.028768418182025666,-0.08090064799312703,26,0.9995117857781521,1,0.9996804182762271,rec,Apr Y-1 - Apr Y-1
16,2,17,"Columbia discharge, Beaver",-1.0970972498132185e-4,0.06551501092229009,0.18527817130337007,26,0.9995756070166011,1,0.9996804182762271,rec,Apr Y+1 - May Y+1
-7,4,-4,SST anomaly (OISST),-8.261499064727853e-5,0.0725791006348779,0.20515373312446514,26,0.9996804182762271,1,0.9996804182762271,rec,May Y-1 - Aug Y-1
