"date","year","month","discharge_cfs","discharge_cms"
1990-01-01,1990,1,122000,3454.6496
1990-01-02,1990,1,146000,4134.2528
1990-01-03,1990,1,172000,4870.4896
1990-01-04,1990,1,164000,4643.9552
1990-01-05,1990,1,172000,4870.4896
1990-01-06,1990,1,143000,4049.3024
1990-01-07,1990,1,133000,3766.1344
1990-01-08,1990,1,152000,4304.1536
1990-01-09,1990,1,139000,3936.0352
1990-01-10,1990,1,171000,4842.1728
1990-01-11,1990,1,187000,5295.2416
1990-01-12,1990,1,169000,4785.5392
1990-01-13,1990,1,160000,4530.688
1990-01-14,1990,1,104000,2944.9472
1990-01-15,1990,1,142000,4020.9856
1990-01-16,1990,1,176000,4983.7568
1990-01-17,1990,1,185000,5238.608
1990-01-18,1990,1,171000,4842.1728
1990-01-19,1990,1,176000,4983.7568
1990-01-20,1990,1,154000,4360.7872
1990-01-21,1990,1,148000,4190.8864
1990-01-22,1990,1,166000,4700.5888
1990-01-23,1990,1,157000,4445.7376
1990-01-24,1990,1,181000,5125.3408
1990-01-25,1990,1,165000,4672.272
1990-01-26,1990,1,175000,4955.44
1990-01-27,1990,1,146000,4134.2528
1990-01-28,1990,1,161000,4559.0048
1990-01-29,1990,1,172000,4870.4896
1990-01-30,1990,1,165000,4672.272
1990-01-31,1990,1,196000,5550.0928
1990-02-01,1990,2,2e+05,5663.36
1990-02-02,1990,2,150000,4247.52
1990-02-03,1990,2,146000,4134.2528
1990-02-04,1990,2,129000,3652.8672
1990-02-05,1990,2,154000,4360.7872
1990-02-06,1990,2,160000,4530.688
1990-02-07,1990,2,173000,4898.8064
1990-02-08,1990,2,168000,4757.2224
1990-02-09,1990,2,196000,5550.0928
1990-02-10,1990,2,150000,4247.52
1990-02-11,1990,2,139000,3936.0352
1990-02-12,1990,2,182000,5153.6576
1990-02-13,1990,2,197000,5578.4096
1990-02-14,1990,2,218000,6173.0624
1990-02-15,1990,2,220000,6229.696
1990-02-16,1990,2,220000,6229.696
1990-02-17,1990,2,209000,5918.2112
1990-02-18,1990,2,184000,5210.2912
1990-02-19,1990,2,207000,5861.5776
1990-02-20,1990,2,202000,5719.9936
1990-02-21,1990,2,201000,5691.6768
1990-02-22,1990,2,183000,5181.9744
1990-02-23,1990,2,197000,5578.4096
1990-02-24,1990,2,154000,4360.7872
1990-02-25,1990,2,165000,4672.272
1990-02-26,1990,2,186000,5266.9248
1990-02-27,1990,2,181000,5125.3408
1990-02-28,1990,2,191000,5408.5088
1990-03-01,1990,3,180000,5097.024
1990-03-02,1990,3,193000,5465.1424
1990-03-03,1990,3,172000,4870.4896
1990-03-04,1990,3,163000,4615.6384
1990-03-05,1990,3,182000,5153.6576
1990-03-06,1990,3,178000,5040.3904
1990-03-07,1990,3,186000,5266.9248
1990-03-08,1990,3,181000,5125.3408
1990-03-09,1990,3,179000,5068.7072
1990-03-10,1990,3,220000,6229.696
1990-03-11,1990,3,170000,4813.856
1990-03-12,1990,3,212000,6003.1616
1990-03-13,1990,3,205000,5804.944
1990-03-14,1990,3,186000,5266.9248
1990-03-15,1990,3,201000,5691.6768
1990-03-16,1990,3,146000,4134.2528
1990-03-17,1990,3,177000,5012.0736
1990-03-18,1990,3,159000,4502.3712
1990-03-19,1990,3,176000,4983.7568
1990-03-20,1990,3,191000,5408.5088
1990-03-21,1990,3,194000,5493.4592
1990-03-22,1990,3,239000,6767.7152
1990-03-23,1990,3,239000,6767.7152
1990-03-24,1990,3,191000,5408.5088
1990-03-25,1990,3,184000,5210.2912
1990-03-26,1990,3,257000,7277.4176
1990-03-27,1990,3,222000,6286.3296
1990-03-28,1990,3,196000,5550.0928
1990-03-29,1990,3,213000,6031.4784
1990-03-30,1990,3,235000,6654.448
1990-03-31,1990,3,174000,4927.1232
1990-04-01,1990,4,160000,4530.688
1990-04-02,1990,4,184000,5210.2912
1990-04-03,1990,4,208000,5889.8944
1990-04-04,1990,4,231000,6541.1808
1990-04-05,1990,4,237000,6711.0816
1990-04-06,1990,4,223000,6314.6464
1990-04-07,1990,4,172000,4870.4896
1990-04-08,1990,4,219000,6201.3792
1990-04-09,1990,4,230000,6512.864
1990-04-10,1990,4,244000,6909.2992
1990-04-11,1990,4,211000,5974.8448
1990-04-12,1990,4,217000,6144.7456
1990-04-13,1990,4,177000,5012.0736
1990-04-14,1990,4,164000,4643.9552
1990-04-15,1990,4,154000,4360.7872
1990-04-16,1990,4,198000,5606.7264
1990-04-17,1990,4,198000,5606.7264
1990-04-18,1990,4,224000,6342.9632
1990-04-19,1990,4,224000,6342.9632
1990-04-20,1990,4,240000,6796.032
1990-04-21,1990,4,223000,6314.6464
1990-04-22,1990,4,208000,5889.8944
1990-04-23,1990,4,226000,6399.5968
1990-04-24,1990,4,235000,6654.448
1990-04-25,1990,4,259000,7334.0512
1990-04-26,1990,4,253000,7164.1504
1990-04-27,1990,4,256000,7249.1008
1990-04-28,1990,4,249000,7050.8832
1990-04-29,1990,4,228000,6456.2304
1990-04-30,1990,4,204000,5776.6272
1990-05-01,1990,5,216000,6116.4288
1990-05-02,1990,5,253000,7164.1504
1990-05-03,1990,5,230000,6512.864
1990-05-04,1990,5,256000,7249.1008
1990-05-05,1990,5,227000,6427.9136
1990-05-06,1990,5,238000,6739.3984
1990-05-07,1990,5,251000,7107.5168
1990-05-08,1990,5,261000,7390.6848
1990-05-09,1990,5,266000,7532.2688
1990-05-10,1990,5,260000,7362.368
1990-05-11,1990,5,264000,7475.6352
1990-05-12,1990,5,219000,6201.3792
1990-05-13,1990,5,213000,6031.4784
1990-05-14,1990,5,229000,6484.5472
1990-05-15,1990,5,237000,6711.0816
1990-05-16,1990,5,233000,6597.8144
1990-05-17,1990,5,225000,6371.28
1990-05-18,1990,5,188000,5323.5584
1990-05-19,1990,5,204000,5776.6272
1990-05-20,1990,5,168000,4757.2224
1990-05-21,1990,5,201000,5691.6768
1990-05-22,1990,5,203000,5748.3104
1990-05-23,1990,5,216000,6116.4288
1990-05-24,1990,5,219000,6201.3792
1990-05-25,1990,5,230000,6512.864
1990-05-26,1990,5,217000,6144.7456
1990-05-27,1990,5,191000,5408.5088
1990-05-28,1990,5,205000,5804.944
1990-05-29,1990,5,213000,6031.4784
1990-05-30,1990,5,268000,7588.9024
1990-05-31,1990,5,289000,8183.5552
1990-06-01,1990,6,313000,8863.1584
1990-06-02,1990,6,345000,9769.296
1990-06-03,1990,6,353000,9995.8304
1990-06-04,1990,6,315000,8919.792
1990-06-05,1990,6,302000,8551.6736
1990-06-06,1990,6,342000,9684.3456
1990-06-07,1990,6,350000,9910.88
1990-06-08,1990,6,362000,10250.6816
1990-06-09,1990,6,391000,11071.8688
1990-06-10,1990,6,381000,10788.7008
1990-06-11,1990,6,329000,9316.2272
1990-06-12,1990,6,327000,9259.5936
1990-06-13,1990,6,360000,10194.048
1990-06-14,1990,6,372000,10533.8496
1990-06-15,1990,6,352000,9967.5136
1990-06-16,1990,6,320000,9061.376
1990-06-17,1990,6,331000,9372.8608
1990-06-18,1990,6,314000,8891.4752
1990-06-19,1990,6,290000,8211.872
1990-06-20,1990,6,289000,8183.5552
1990-06-21,1990,6,272000,7702.1696
1990-06-22,1990,6,272000,7702.1696
1990-06-23,1990,6,288000,8155.2384
1990-06-24,1990,6,246000,6965.9328
1990-06-25,1990,6,279000,7900.3872
1990-06-26,1990,6,260000,7362.368
1990-06-27,1990,6,271000,7673.8528
1990-06-28,1990,6,294000,8325.1392
1990-06-29,1990,6,301000,8523.3568
1990-06-30,1990,6,271000,7673.8528
1990-07-01,1990,7,252000,7135.8336
1990-07-02,1990,7,258000,7305.7344
1990-07-03,1990,7,243000,6880.9824
1990-07-04,1990,7,198000,5606.7264
1990-07-05,1990,7,249000,7050.8832
1990-07-06,1990,7,236000,6682.7648
1990-07-07,1990,7,216000,6116.4288
1990-07-08,1990,7,212000,6003.1616
1990-07-09,1990,7,234000,6626.1312
1990-07-10,1990,7,223000,6314.6464
1990-07-11,1990,7,234000,6626.1312
1990-07-12,1990,7,219000,6201.3792
1990-07-13,1990,7,214000,6059.7952
1990-07-14,1990,7,182000,5153.6576
1990-07-15,1990,7,157000,4445.7376
1990-07-16,1990,7,149000,4219.2032
1990-07-17,1990,7,180000,5097.024
1990-07-18,1990,7,157000,4445.7376
1990-07-19,1990,7,157000,4445.7376
1990-07-20,1990,7,158000,4474.0544
1990-07-21,1990,7,148000,4190.8864
1990-07-22,1990,7,149000,4219.2032
1990-07-23,1990,7,144000,4077.6192
1990-07-24,1990,7,133000,3766.1344
1990-07-25,1990,7,144000,4077.6192
1990-07-26,1990,7,147000,4162.5696
1990-07-27,1990,7,128000,3624.5504
1990-07-28,1990,7,116000,3284.7488
1990-07-29,1990,7,104000,2944.9472
1990-07-30,1990,7,159000,4502.3712
1990-07-31,1990,7,147000,4162.5696
1990-08-01,1990,8,161000,4559.0048
1990-08-02,1990,8,153000,4332.4704
1990-08-03,1990,8,171000,4842.1728
1990-08-04,1990,8,147000,4162.5696
1990-08-05,1990,8,142000,4020.9856
1990-08-06,1990,8,174000,4927.1232
1990-08-07,1990,8,171000,4842.1728
1990-08-08,1990,8,173000,4898.8064
1990-08-09,1990,8,147000,4162.5696
1990-08-10,1990,8,150000,4247.52
1990-08-11,1990,8,142000,4020.9856
1990-08-12,1990,8,112000,3171.4816
1990-08-13,1990,8,134000,3794.4512
1990-08-14,1990,8,124000,3511.2832
1990-08-15,1990,8,128000,3624.5504
1990-08-16,1990,8,126000,3567.9168
1990-08-17,1990,8,132000,3737.8176
1990-08-18,1990,8,127000,3596.2336
1990-08-19,1990,8,99700,2823.18496
1990-08-20,1990,8,137000,3879.4016
1990-08-21,1990,8,122000,3454.6496
1990-08-22,1990,8,134000,3794.4512
1990-08-23,1990,8,142000,4020.9856
1990-08-24,1990,8,161000,4559.0048
1990-08-25,1990,8,151000,4275.8368
1990-08-26,1990,8,155000,4389.104
1990-08-27,1990,8,171000,4842.1728
1990-08-28,1990,8,152000,4304.1536
1990-08-29,1990,8,137000,3879.4016
1990-08-30,1990,8,125000,3539.6
1990-08-31,1990,8,131000,3709.5008
1990-09-01,1990,9,112000,3171.4816
1990-09-02,1990,9,104000,2944.9472
1990-09-03,1990,9,99000,2803.3632
1990-09-04,1990,9,102000,2888.3136
1990-09-05,1990,9,113000,3199.7984
1990-09-06,1990,9,135000,3822.768
1990-09-07,1990,9,94600,2678.76928
1990-09-08,1990,9,113000,3199.7984
1990-09-09,1990,9,95000,2690.096
1990-09-10,1990,9,101000,2859.9968
1990-09-11,1990,9,118000,3341.3824
1990-09-12,1990,9,118000,3341.3824
1990-09-13,1990,9,117000,3313.0656
1990-09-14,1990,9,137000,3879.4016
1990-09-15,1990,9,109000,3086.5312
1990-09-16,1990,9,72300,2047.30464
1990-09-17,1990,9,132000,3737.8176
1990-09-18,1990,9,122000,3454.6496
1990-09-19,1990,9,115000,3256.432
1990-09-20,1990,9,122000,3454.6496
1990-09-21,1990,9,111000,3143.1648
1990-09-22,1990,9,102000,2888.3136
1990-09-23,1990,9,91100,2579.66048
1990-09-24,1990,9,108000,3058.2144
1990-09-25,1990,9,126000,3567.9168
1990-09-26,1990,9,123000,3482.9664
1990-09-27,1990,9,110000,3114.848
1990-09-28,1990,9,132000,3737.8176
1990-09-29,1990,9,105000,2973.264
1990-09-30,1990,9,106000,3001.5808
1990-10-01,1990,10,113000,3199.7984
1990-10-02,1990,10,115000,3256.432
1990-10-03,1990,10,113000,3199.7984
1990-10-04,1990,10,112000,3171.4816
1990-10-05,1990,10,130000,3681.184
1990-10-06,1990,10,132000,3737.8176
1990-10-07,1990,10,108000,3058.2144
1990-10-08,1990,10,121000,3426.3328
1990-10-09,1990,10,115000,3256.432
1990-10-10,1990,10,117000,3313.0656
1990-10-11,1990,10,116000,3284.7488
1990-10-12,1990,10,109000,3086.5312
1990-10-13,1990,10,97700,2766.55136
1990-10-14,1990,10,105000,2973.264
1990-10-15,1990,10,121000,3426.3328
1990-10-16,1990,10,126000,3567.9168
1990-10-17,1990,10,145000,4105.936
1990-10-18,1990,10,93400,2644.78912
1990-10-19,1990,10,93300,2641.95744
1990-10-20,1990,10,104000,2944.9472
1990-10-21,1990,10,1e+05,2831.68
1990-10-22,1990,10,125000,3539.6
1990-10-23,1990,10,101000,2859.9968
1990-10-24,1990,10,125000,3539.6
1990-10-25,1990,10,125000,3539.6
1990-10-26,1990,10,111000,3143.1648
1990-10-27,1990,10,90900,2573.99712
1990-10-28,1990,10,91900,2602.31392
1990-10-29,1990,10,126000,3567.9168
1990-10-30,1990,10,132000,3737.8176
1990-10-31,1990,10,105000,2973.264
1990-11-01,1990,11,130000,3681.184
1990-11-02,1990,11,126000,3567.9168
1990-11-03,1990,11,121000,3426.3328
1990-11-04,1990,11,114000,3228.1152
1990-11-05,1990,11,133000,3766.1344
1990-11-06,1990,11,148000,4190.8864
1990-11-07,1990,11,145000,4105.936
1990-11-08,1990,11,152000,4304.1536
1990-11-09,1990,11,133000,3766.1344
1990-11-10,1990,11,119000,3369.6992
1990-11-11,1990,11,140000,3964.352
1990-11-12,1990,11,152000,4304.1536
1990-11-13,1990,11,145000,4105.936
1990-11-14,1990,11,153000,4332.4704
1990-11-15,1990,11,169000,4785.5392
1990-11-16,1990,11,175000,4955.44
1990-11-17,1990,11,177000,5012.0736
1990-11-18,1990,11,169000,4785.5392
1990-11-19,1990,11,150000,4247.52
1990-11-20,1990,11,168000,4757.2224
1990-11-21,1990,11,164000,4643.9552
1990-11-22,1990,11,153000,4332.4704
1990-11-23,1990,11,186000,5266.9248
1990-11-24,1990,11,147000,4162.5696
1990-11-25,1990,11,177000,5012.0736
1990-11-26,1990,11,220000,6229.696
1990-11-27,1990,11,249000,7050.8832
1990-11-28,1990,11,251000,7107.5168
1990-11-29,1990,11,235000,6654.448
1990-11-30,1990,11,211000,5974.8448
1990-12-01,1990,12,180000,5097.024
1990-12-02,1990,12,214000,6059.7952
1990-12-03,1990,12,213000,6031.4784
1990-12-04,1990,12,193000,5465.1424
1990-12-05,1990,12,194000,5493.4592
1990-12-06,1990,12,229000,6484.5472
1990-12-07,1990,12,228000,6456.2304
1990-12-08,1990,12,199000,5635.0432
1990-12-09,1990,12,195000,5521.776
1990-12-10,1990,12,199000,5635.0432
1990-12-11,1990,12,178000,5040.3904
1990-12-12,1990,12,203000,5748.3104
1990-12-13,1990,12,205000,5804.944
1990-12-14,1990,12,221000,6258.0128
1990-12-15,1990,12,193000,5465.1424
1990-12-16,1990,12,191000,5408.5088
1990-12-17,1990,12,199000,5635.0432
1990-12-18,1990,12,123000,3482.9664
1990-12-19,1990,12,232000,6569.4976
1990-12-20,1990,12,245000,6937.616
1990-12-21,1990,12,259000,7334.0512
1990-12-22,1990,12,233000,6597.8144
1990-12-23,1990,12,221000,6258.0128
1990-12-24,1990,12,226000,6399.5968
1990-12-25,1990,12,230000,6512.864
1990-12-26,1990,12,181000,5125.3408
1990-12-27,1990,12,179000,5068.7072
1990-12-28,1990,12,219000,6201.3792
1990-12-29,1990,12,205000,5804.944
1990-12-30,1990,12,203000,5748.3104
1990-12-31,1990,12,221000,6258.0128
1991-01-01,1991,1,149000,4219.2032
1991-01-02,1991,1,186000,5266.9248
1991-01-03,1991,1,153000,4332.4704
1991-01-04,1991,1,228000,6456.2304
1991-01-05,1991,1,2e+05,5663.36
1991-01-06,1991,1,208000,5889.8944
1991-01-07,1991,1,201000,5691.6768
1991-01-08,1991,1,209000,5918.2112
1991-01-09,1991,1,192000,5436.8256
1991-01-10,1991,1,208000,5889.8944
1991-01-11,1991,1,201000,5691.6768
1991-01-12,1991,1,174000,4927.1232
1991-01-13,1991,1,155000,4389.104
1991-01-14,1991,1,179000,5068.7072
1991-01-15,1991,1,166000,4700.5888
1991-01-16,1991,1,223000,6314.6464
1991-01-17,1991,1,2e+05,5663.36
1991-01-18,1991,1,199000,5635.0432
1991-01-19,1991,1,240000,6796.032
1991-01-20,1991,1,219000,6201.3792
1991-01-21,1991,1,241000,6824.3488
1991-01-22,1991,1,233000,6597.8144
1991-01-23,1991,1,234000,6626.1312
1991-01-24,1991,1,238000,6739.3984
1991-01-25,1991,1,232000,6569.4976
1991-01-26,1991,1,236000,6682.7648
1991-01-27,1991,1,208000,5889.8944
1991-01-28,1991,1,243000,6880.9824
1991-01-29,1991,1,253000,7164.1504
1991-01-30,1991,1,229000,6484.5472
1991-01-31,1991,1,211000,5974.8448
1991-02-01,1991,2,224000,6342.9632
1991-02-02,1991,2,202000,5719.9936
1991-02-03,1991,2,171000,4842.1728
1991-02-04,1991,2,183000,5181.9744
1991-02-05,1991,2,189000,5351.8752
1991-02-06,1991,2,192000,5436.8256
1991-02-07,1991,2,202000,5719.9936
1991-02-08,1991,2,201000,5691.6768
1991-02-09,1991,2,173000,4898.8064
1991-02-10,1991,2,2e+05,5663.36
1991-02-11,1991,2,207000,5861.5776
1991-02-12,1991,2,210000,5946.528
1991-02-13,1991,2,219000,6201.3792
1991-02-14,1991,2,220000,6229.696
1991-02-15,1991,2,231000,6541.1808
1991-02-16,1991,2,209000,5918.2112
1991-02-17,1991,2,215000,6088.112
1991-02-18,1991,2,202000,5719.9936
1991-02-19,1991,2,211000,5974.8448
1991-02-20,1991,2,211000,5974.8448
1991-02-21,1991,2,199000,5635.0432
1991-02-22,1991,2,191000,5408.5088
1991-02-23,1991,2,205000,5804.944
1991-02-24,1991,2,170000,4813.856
1991-02-25,1991,2,212000,6003.1616
1991-02-26,1991,2,224000,6342.9632
1991-02-27,1991,2,214000,6059.7952
1991-02-28,1991,2,221000,6258.0128
1991-03-01,1991,3,229000,6484.5472
1991-03-02,1991,3,227000,6427.9136
1991-03-03,1991,3,223000,6314.6464
1991-03-04,1991,3,216000,6116.4288
1991-03-05,1991,3,208000,5889.8944
1991-03-06,1991,3,255000,7220.784
1991-03-07,1991,3,250000,7079.2
1991-03-08,1991,3,245000,6937.616
1991-03-09,1991,3,220000,6229.696
1991-03-10,1991,3,190000,5380.192
1991-03-11,1991,3,207000,5861.5776
1991-03-12,1991,3,216000,6116.4288
1991-03-13,1991,3,238000,6739.3984
1991-03-14,1991,3,229000,6484.5472
1991-03-15,1991,3,237000,6711.0816
1991-03-16,1991,3,254000,7192.4672
1991-03-17,1991,3,227000,6427.9136
1991-03-18,1991,3,219000,6201.3792
1991-03-19,1991,3,234000,6626.1312
1991-03-20,1991,3,244000,6909.2992
1991-03-21,1991,3,211000,5974.8448
1991-03-22,1991,3,211000,5974.8448
1991-03-23,1991,3,190000,5380.192
1991-03-24,1991,3,248000,7022.5664
1991-03-25,1991,3,222000,6286.3296
1991-03-26,1991,3,220000,6229.696
1991-03-27,1991,3,232000,6569.4976
1991-03-28,1991,3,216000,6116.4288
1991-03-29,1991,3,220000,6229.696
1991-03-30,1991,3,156000,4417.4208
1991-03-31,1991,3,193000,5465.1424
1991-04-01,1991,4,219000,6201.3792
1991-04-02,1991,4,212000,6003.1616
1991-04-03,1991,4,204000,5776.6272
1991-04-04,1991,4,209000,5918.2112
1991-04-05,1991,4,202000,5719.9936
1991-04-06,1991,4,227000,6427.9136
1991-04-07,1991,4,241000,6824.3488
1991-04-08,1991,4,239000,6767.7152
1991-04-09,1991,4,233000,6597.8144
1991-04-10,1991,4,229000,6484.5472
1991-04-11,1991,4,237000,6711.0816
1991-04-12,1991,4,244000,6909.2992
1991-04-13,1991,4,250000,7079.2
1991-04-14,1991,4,215000,6088.112
1991-04-15,1991,4,244000,6909.2992
1991-04-16,1991,4,232000,6569.4976
1991-04-17,1991,4,241000,6824.3488
1991-04-18,1991,4,243000,6880.9824
1991-04-19,1991,4,227000,6427.9136
1991-04-20,1991,4,208000,5889.8944
1991-04-21,1991,4,216000,6116.4288
1991-04-22,1991,4,228000,6456.2304
1991-04-23,1991,4,219000,6201.3792
1991-04-24,1991,4,260000,7362.368
1991-04-25,1991,4,283000,8013.6544
1991-04-26,1991,4,267000,7560.5856
1991-04-27,1991,4,265000,7503.952
1991-04-28,1991,4,271000,7673.8528
1991-04-29,1991,4,288000,8155.2384
1991-04-30,1991,4,248000,7022.5664
1991-05-01,1991,5,249000,7050.8832
1991-05-02,1991,5,261000,7390.6848
1991-05-03,1991,5,243000,6880.9824
1991-05-04,1991,5,260000,7362.368
1991-05-05,1991,5,243000,6880.9824
1991-05-06,1991,5,238000,6739.3984
1991-05-07,1991,5,239000,6767.7152
1991-05-08,1991,5,249000,7050.8832
1991-05-09,1991,5,270000,7645.536
1991-05-10,1991,5,325000,9202.96
1991-05-11,1991,5,247000,6994.2496
1991-05-12,1991,5,215000,6088.112
1991-05-13,1991,5,245000,6937.616
1991-05-14,1991,5,230000,6512.864
1991-05-15,1991,5,257000,7277.4176
1991-05-16,1991,5,313000,8863.1584
1991-05-17,1991,5,266000,7532.2688
1991-05-18,1991,5,294000,8325.1392
1991-05-19,1991,5,347000,9825.9296
1991-05-20,1991,5,362000,10250.6816
1991-05-21,1991,5,362000,10250.6816
1991-05-22,1991,5,359000,10165.7312
1991-05-23,1991,5,364000,10307.3152
1991-05-24,1991,5,369000,10448.8992
1991-05-25,1991,5,365000,10335.632
1991-05-26,1991,5,372000,10533.8496
1991-05-27,1991,5,343000,9712.6624
1991-05-28,1991,5,315000,8919.792
1991-05-29,1991,5,338000,9571.0784
1991-05-30,1991,5,336000,9514.4448
1991-05-31,1991,5,324000,9174.6432
1991-06-01,1991,6,333000,9429.4944
1991-06-02,1991,6,322000,9118.0096
1991-06-03,1991,6,332000,9401.1776
1991-06-04,1991,6,343000,9712.6624
1991-06-05,1991,6,335000,9486.128
1991-06-06,1991,6,329000,9316.2272
1991-06-07,1991,6,335000,9486.128
1991-06-08,1991,6,341000,9656.0288
1991-06-09,1991,6,325000,9202.96
1991-06-10,1991,6,305000,8636.624
1991-06-11,1991,6,324000,9174.6432
1991-06-12,1991,6,325000,9202.96
1991-06-13,1991,6,346000,9797.6128
1991-06-14,1991,6,341000,9656.0288
1991-06-15,1991,6,336000,9514.4448
1991-06-16,1991,6,273000,7730.4864
1991-06-17,1991,6,299000,8466.7232
1991-06-18,1991,6,271000,7673.8528
1991-06-19,1991,6,263000,7447.3184
1991-06-20,1991,6,237000,6711.0816
1991-06-21,1991,6,253000,7164.1504
1991-06-22,1991,6,206000,5833.2608
1991-06-23,1991,6,221000,6258.0128
1991-06-24,1991,6,219000,6201.3792
1991-06-25,1991,6,227000,6427.9136
1991-06-26,1991,6,253000,7164.1504
1991-06-27,1991,6,267000,7560.5856
1991-06-28,1991,6,278000,7872.0704
1991-06-29,1991,6,274000,7758.8032
1991-06-30,1991,6,270000,7645.536
1991-07-01,1991,7,267000,7560.5856
1991-07-02,1991,7,288000,8155.2384
1991-07-03,1991,7,282000,7985.3376
1991-07-04,1991,7,262000,7419.0016
1991-07-05,1991,7,277000,7843.7536
1991-07-06,1991,7,276000,7815.4368
1991-07-07,1991,7,289000,8183.5552
1991-07-08,1991,7,251000,7107.5168
1991-07-09,1991,7,221000,6258.0128
1991-07-10,1991,7,241000,6824.3488
1991-07-11,1991,7,235000,6654.448
1991-07-12,1991,7,233000,6597.8144
1991-07-13,1991,7,222000,6286.3296
1991-07-14,1991,7,247000,6994.2496
1991-07-15,1991,7,198000,5606.7264
1991-07-16,1991,7,209000,5918.2112
1991-07-17,1991,7,166000,4700.5888
1991-07-18,1991,7,151000,4275.8368
1991-07-19,1991,7,161000,4559.0048
1991-07-20,1991,7,166000,4700.5888
1991-07-21,1991,7,144000,4077.6192
1991-07-22,1991,7,167000,4728.9056
1991-07-23,1991,7,169000,4785.5392
1991-07-24,1991,7,195000,5521.776
1991-07-25,1991,7,165000,4672.272
1991-07-26,1991,7,179000,5068.7072
1991-07-27,1991,7,137000,3879.4016
1991-07-28,1991,7,152000,4304.1536
1991-07-29,1991,7,171000,4842.1728
1991-07-30,1991,7,191000,5408.5088
1991-07-31,1991,7,186000,5266.9248
1991-08-01,1991,8,179000,5068.7072
1991-08-02,1991,8,164000,4643.9552
1991-08-03,1991,8,150000,4247.52
1991-08-04,1991,8,134000,3794.4512
1991-08-05,1991,8,164000,4643.9552
1991-08-06,1991,8,164000,4643.9552
1991-08-07,1991,8,176000,4983.7568
1991-08-08,1991,8,187000,5295.2416
1991-08-09,1991,8,177000,5012.0736
1991-08-10,1991,8,2e+05,5663.36
1991-08-11,1991,8,199000,5635.0432
1991-08-12,1991,8,192000,5436.8256
1991-08-13,1991,8,183000,5181.9744
1991-08-14,1991,8,220000,6229.696
1991-08-15,1991,8,192000,5436.8256
1991-08-16,1991,8,166000,4700.5888
1991-08-17,1991,8,157000,4445.7376
1991-08-18,1991,8,129000,3652.8672
1991-08-19,1991,8,151000,4275.8368
1991-08-20,1991,8,160000,4530.688
1991-08-21,1991,8,147000,4162.5696
1991-08-22,1991,8,141000,3992.6688
1991-08-23,1991,8,158000,4474.0544
1991-08-24,1991,8,192000,5436.8256
1991-08-25,1991,8,164000,4643.9552
1991-08-26,1991,8,149000,4219.2032
1991-08-27,1991,8,153000,4332.4704
1991-08-28,1991,8,149000,4219.2032
1991-08-29,1991,8,132000,3737.8176
1991-08-30,1991,8,136000,3851.0848
1991-08-31,1991,8,126000,3567.9168
1991-09-01,1991,9,123000,3482.9664
1991-09-02,1991,9,106000,3001.5808
1991-09-03,1991,9,118000,3341.3824
1991-09-04,1991,9,140000,3964.352
1991-09-05,1991,9,128000,3624.5504
1991-09-06,1991,9,133000,3766.1344
1991-09-07,1991,9,111000,3143.1648
1991-09-08,1991,9,117000,3313.0656
1991-09-09,1991,9,142000,4020.9856
1991-09-10,1991,9,128000,3624.5504
1991-09-11,1991,9,129000,3652.8672
1991-09-12,1991,9,153000,4332.4704
1991-09-13,1991,9,116000,3284.7488
1991-09-14,1991,9,107000,3029.8976
1991-09-15,1991,9,96500,2732.5712
1991-09-16,1991,9,111000,3143.1648
1991-09-17,1991,9,140000,3964.352
1991-09-18,1991,9,139000,3936.0352
1991-09-19,1991,9,140000,3964.352
1991-09-20,1991,9,127000,3596.2336
1991-09-21,1991,9,98200,2780.70976
1991-09-22,1991,9,102000,2888.3136
1991-09-23,1991,9,120000,3398.016
1991-09-24,1991,9,138000,3907.7184
1991-09-25,1991,9,136000,3851.0848
1991-09-26,1991,9,147000,4162.5696
1991-09-27,1991,9,134000,3794.4512
1991-09-28,1991,9,94200,2667.44256
1991-09-29,1991,9,96400,2729.73952
1991-09-30,1991,9,129000,3652.8672
1991-10-01,1991,10,106000,3001.5808
1991-10-02,1991,10,128000,3624.5504
1991-10-03,1991,10,140000,3964.352
1991-10-04,1991,10,145000,4105.936
1991-10-05,1991,10,1e+05,2831.68
1991-10-06,1991,10,88200,2497.54176
1991-10-07,1991,10,97800,2769.38304
1991-10-08,1991,10,131000,3709.5008
1991-10-09,1991,10,109000,3086.5312
1991-10-10,1991,10,149000,4219.2032
1991-10-11,1991,10,136000,3851.0848
1991-10-12,1991,10,105000,2973.264
1991-10-13,1991,10,112000,3171.4816
1991-10-14,1991,10,106000,3001.5808
1991-10-15,1991,10,106000,3001.5808
1991-10-16,1991,10,93400,2644.78912
1991-10-17,1991,10,137000,3879.4016
1991-10-18,1991,10,149000,4219.2032
1991-10-19,1991,10,125000,3539.6
1991-10-20,1991,10,101000,2859.9968
1991-10-21,1991,10,126000,3567.9168
1991-10-22,1991,10,130000,3681.184
1991-10-23,1991,10,125000,3539.6
1991-10-24,1991,10,131000,3709.5008
1991-10-25,1991,10,137000,3879.4016
1991-10-26,1991,10,123000,3482.9664
1991-10-27,1991,10,108000,3058.2144
1991-10-28,1991,10,147000,4162.5696
1991-10-29,1991,10,148000,4190.8864
1991-10-30,1991,10,162000,4587.3216
1991-10-31,1991,10,160000,4530.688
1991-11-01,1991,11,156000,4417.4208
1991-11-02,1991,11,138000,3907.7184
1991-11-03,1991,11,130000,3681.184
1991-11-04,1991,11,153000,4332.4704
1991-11-05,1991,11,132000,3737.8176
1991-11-06,1991,11,143000,4049.3024
1991-11-07,1991,11,139000,3936.0352
1991-11-08,1991,11,156000,4417.4208
1991-11-09,1991,11,135000,3822.768
1991-11-10,1991,11,118000,3341.3824
1991-11-11,1991,11,109000,3086.5312
1991-11-12,1991,11,127000,3596.2336
1991-11-13,1991,11,125000,3539.6
1991-11-14,1991,11,126000,3567.9168
1991-11-15,1991,11,137000,3879.4016
1991-11-16,1991,11,149000,4219.2032
1991-11-17,1991,11,141000,3992.6688
1991-11-18,1991,11,126000,3567.9168
1991-11-19,1991,11,149000,4219.2032
1991-11-20,1991,11,147000,4162.5696
1991-11-21,1991,11,147000,4162.5696
1991-11-22,1991,11,158000,4474.0544
1991-11-23,1991,11,171000,4842.1728
1991-11-24,1991,11,144000,4077.6192
1991-11-25,1991,11,116000,3284.7488
1991-11-26,1991,11,151000,4275.8368
1991-11-27,1991,11,147000,4162.5696
1991-11-28,1991,11,110000,3114.848
1991-11-29,1991,11,131000,3709.5008
1991-11-30,1991,11,123000,3482.9664
1991-12-01,1991,12,104000,2944.9472
1991-12-02,1991,12,150000,4247.52
1991-12-03,1991,12,137000,3879.4016
1991-12-04,1991,12,138000,3907.7184
1991-12-05,1991,12,135000,3822.768
1991-12-06,1991,12,131000,3709.5008
1991-12-07,1991,12,130000,3681.184
1991-12-08,1991,12,130000,3681.184
1991-12-09,1991,12,148000,4190.8864
1991-12-10,1991,12,165000,4672.272
1991-12-11,1991,12,145000,4105.936
1991-12-12,1991,12,124000,3511.2832
1991-12-13,1991,12,172000,4870.4896
1991-12-14,1991,12,143000,4049.3024
1991-12-15,1991,12,136000,3851.0848
1991-12-16,1991,12,175000,4955.44
1991-12-17,1991,12,188000,5323.5584
1991-12-18,1991,12,166000,4700.5888
1991-12-19,1991,12,158000,4474.0544
1991-12-20,1991,12,173000,4898.8064
1991-12-21,1991,12,155000,4389.104
1991-12-22,1991,12,113000,3199.7984
1991-12-23,1991,12,151000,4275.8368
1991-12-24,1991,12,153000,4332.4704
1991-12-25,1991,12,98400,2786.37312
1991-12-26,1991,12,121000,3426.3328
1991-12-27,1991,12,122000,3454.6496
1991-12-28,1991,12,121000,3426.3328
1991-12-29,1991,12,119000,3369.6992
1991-12-30,1991,12,138000,3907.7184
1991-12-31,1991,12,134000,3794.4512
1992-01-01,1992,1,130000,3681.184
1992-01-02,1992,1,141000,3992.6688
1992-01-03,1992,1,170000,4813.856
1992-01-04,1992,1,142000,4020.9856
1992-01-05,1992,1,139000,3936.0352
1992-01-06,1992,1,165000,4672.272
1992-01-07,1992,1,188000,5323.5584
1992-01-08,1992,1,172000,4870.4896
1992-01-09,1992,1,169000,4785.5392
1992-01-10,1992,1,187000,5295.2416
1992-01-11,1992,1,178000,5040.3904
1992-01-12,1992,1,142000,4020.9856
1992-01-13,1992,1,159000,4502.3712
1992-01-14,1992,1,163000,4615.6384
1992-01-15,1992,1,167000,4728.9056
1992-01-16,1992,1,160000,4530.688
1992-01-17,1992,1,152000,4304.1536
1992-01-18,1992,1,156000,4417.4208
1992-01-19,1992,1,126000,3567.9168
1992-01-20,1992,1,158000,4474.0544
1992-01-21,1992,1,150000,4247.52
1992-01-22,1992,1,170000,4813.856
1992-01-23,1992,1,164000,4643.9552
1992-01-24,1992,1,154000,4360.7872
1992-01-25,1992,1,139000,3936.0352
1992-01-26,1992,1,109000,3086.5312
1992-01-27,1992,1,119000,3369.6992
1992-01-28,1992,1,114000,3228.1152
1992-01-29,1992,1,139000,3936.0352
1992-01-30,1992,1,122000,3454.6496
1992-01-31,1992,1,139000,3936.0352
1992-02-01,1992,2,123000,3482.9664
1992-02-02,1992,2,120000,3398.016
1992-02-03,1992,2,124000,3511.2832
1992-02-04,1992,2,115000,3256.432
1992-02-05,1992,2,144000,4077.6192
1992-02-06,1992,2,127000,3596.2336
1992-02-07,1992,2,126000,3567.9168
1992-02-08,1992,2,128000,3624.5504
1992-02-09,1992,2,110000,3114.848
1992-02-10,1992,2,125000,3539.6
1992-02-11,1992,2,121000,3426.3328
1992-02-12,1992,2,118000,3341.3824
1992-02-13,1992,2,124000,3511.2832
1992-02-14,1992,2,116000,3284.7488
1992-02-15,1992,2,117000,3313.0656
1992-02-16,1992,2,102000,2888.3136
1992-02-17,1992,2,131000,3709.5008
1992-02-18,1992,2,137000,3879.4016
1992-02-19,1992,2,147000,4162.5696
1992-02-20,1992,2,146000,4134.2528
1992-02-21,1992,2,172000,4870.4896
1992-02-22,1992,2,155000,4389.104
1992-02-23,1992,2,132000,3737.8176
1992-02-24,1992,2,158000,4474.0544
1992-02-25,1992,2,146000,4134.2528
1992-02-26,1992,2,142000,4020.9856
1992-02-27,1992,2,172000,4870.4896
1992-02-28,1992,2,166000,4700.5888
1992-02-29,1992,2,161000,4559.0048
1992-03-01,1992,3,150000,4247.52
1992-03-02,1992,3,168000,4757.2224
1992-03-03,1992,3,191000,5408.5088
1992-03-04,1992,3,178000,5040.3904
1992-03-05,1992,3,191000,5408.5088
1992-03-06,1992,3,163000,4615.6384
1992-03-07,1992,3,165000,4672.272
1992-03-08,1992,3,187000,5295.2416
1992-03-09,1992,3,193000,5465.1424
1992-03-10,1992,3,186000,5266.9248
1992-03-11,1992,3,202000,5719.9936
1992-03-12,1992,3,161000,4559.0048
1992-03-13,1992,3,173000,4898.8064
1992-03-14,1992,3,166000,4700.5888
1992-03-15,1992,3,153000,4332.4704
1992-03-16,1992,3,163000,4615.6384
1992-03-17,1992,3,147000,4162.5696
1992-03-18,1992,3,179000,5068.7072
1992-03-19,1992,3,197000,5578.4096
1992-03-20,1992,3,176000,4983.7568
1992-03-21,1992,3,120000,3398.016
1992-03-22,1992,3,121000,3426.3328
1992-03-23,1992,3,130000,3681.184
1992-03-24,1992,3,130000,3681.184
1992-03-25,1992,3,132000,3737.8176
1992-03-26,1992,3,124000,3511.2832
1992-03-27,1992,3,144000,4077.6192
1992-03-28,1992,3,127000,3596.2336
1992-03-29,1992,3,96600,2735.40288
1992-03-30,1992,3,116000,3284.7488
1992-03-31,1992,3,124000,3511.2832
1992-04-01,1992,4,131000,3709.5008
1992-04-02,1992,4,126000,3567.9168
1992-04-03,1992,4,137000,3879.4016
1992-04-04,1992,4,125000,3539.6
1992-04-05,1992,4,129000,3652.8672
1992-04-06,1992,4,154000,4360.7872
1992-04-07,1992,4,158000,4474.0544
1992-04-08,1992,4,144000,4077.6192
1992-04-09,1992,4,170000,4813.856
1992-04-10,1992,4,154000,4360.7872
1992-04-11,1992,4,116000,3284.7488
1992-04-12,1992,4,92800,2627.79904
1992-04-13,1992,4,123000,3482.9664
1992-04-14,1992,4,122000,3454.6496
1992-04-15,1992,4,137000,3879.4016
1992-04-16,1992,4,143000,4049.3024
1992-04-17,1992,4,115000,3256.432
1992-04-18,1992,4,136000,3851.0848
1992-04-19,1992,4,150000,4247.52
1992-04-20,1992,4,146000,4134.2528
1992-04-21,1992,4,170000,4813.856
1992-04-22,1992,4,166000,4700.5888
1992-04-23,1992,4,203000,5748.3104
1992-04-24,1992,4,186000,5266.9248
1992-04-25,1992,4,183000,5181.9744
1992-04-26,1992,4,176000,4983.7568
1992-04-27,1992,4,162000,4587.3216
1992-04-28,1992,4,168000,4757.2224
1992-04-29,1992,4,178000,5040.3904
1992-04-30,1992,4,192000,5436.8256
1992-05-01,1992,5,217000,6144.7456
1992-05-02,1992,5,218000,6173.0624
1992-05-03,1992,5,206000,5833.2608
1992-05-04,1992,5,195000,5521.776
1992-05-05,1992,5,212000,6003.1616
1992-05-06,1992,5,214000,6059.7952
1992-05-07,1992,5,221000,6258.0128
1992-05-08,1992,5,234000,6626.1312
1992-05-09,1992,5,228000,6456.2304
1992-05-10,1992,5,156000,4417.4208
1992-05-11,1992,5,229000,6484.5472
1992-05-12,1992,5,221000,6258.0128
1992-05-13,1992,5,218000,6173.0624
1992-05-14,1992,5,218000,6173.0624
1992-05-15,1992,5,224000,6342.9632
1992-05-16,1992,5,227000,6427.9136
1992-05-17,1992,5,202000,5719.9936
1992-05-18,1992,5,205000,5804.944
1992-05-19,1992,5,204000,5776.6272
1992-05-20,1992,5,213000,6031.4784
1992-05-21,1992,5,226000,6399.5968
1992-05-22,1992,5,243000,6880.9824
1992-05-23,1992,5,2e+05,5663.36
1992-05-24,1992,5,176000,4983.7568
1992-05-25,1992,5,175000,4955.44
1992-05-26,1992,5,223000,6314.6464
1992-05-27,1992,5,222000,6286.3296
1992-05-28,1992,5,219000,6201.3792
1992-05-29,1992,5,204000,5776.6272
1992-05-30,1992,5,197000,5578.4096
1992-05-31,1992,5,176000,4983.7568
1992-06-01,1992,6,177000,5012.0736
1992-06-02,1992,6,177000,5012.0736
1992-06-03,1992,6,179000,5068.7072
1992-06-04,1992,6,184000,5210.2912
1992-06-05,1992,6,184000,5210.2912
1992-06-06,1992,6,156000,4417.4208
1992-06-07,1992,6,139000,3936.0352
1992-06-08,1992,6,163000,4615.6384
1992-06-09,1992,6,178000,5040.3904
1992-06-10,1992,6,184000,5210.2912
1992-06-11,1992,6,193000,5465.1424
1992-06-12,1992,6,192000,5436.8256
1992-06-13,1992,6,190000,5380.192
1992-06-14,1992,6,168000,4757.2224
1992-06-15,1992,6,201000,5691.6768
1992-06-16,1992,6,183000,5181.9744
1992-06-17,1992,6,217000,6144.7456
1992-06-18,1992,6,214000,6059.7952
1992-06-19,1992,6,208000,5889.8944
1992-06-20,1992,6,192000,5436.8256
1992-06-21,1992,6,166000,4700.5888
1992-06-22,1992,6,208000,5889.8944
1992-06-23,1992,6,219000,6201.3792
1992-06-24,1992,6,203000,5748.3104
1992-06-25,1992,6,212000,6003.1616
1992-06-26,1992,6,213000,6031.4784
1992-06-27,1992,6,198000,5606.7264
1992-06-28,1992,6,171000,4842.1728
1992-06-29,1992,6,193000,5465.1424
1992-06-30,1992,6,165000,4672.272
1992-07-01,1992,7,94100,2664.61088
1992-07-02,1992,7,120000,3398.016
1992-07-03,1992,7,94900,2687.26432
1992-07-04,1992,7,78700,2228.53216
1992-07-05,1992,7,112000,3171.4816
1992-07-06,1992,7,112000,3171.4816
1992-07-07,1992,7,116000,3284.7488
1992-07-08,1992,7,111000,3143.1648
1992-07-09,1992,7,115000,3256.432
1992-07-10,1992,7,146000,4134.2528
1992-07-11,1992,7,140000,3964.352
1992-07-12,1992,7,103000,2916.6304
1992-07-13,1992,7,128000,3624.5504
1992-07-14,1992,7,148000,4190.8864
1992-07-15,1992,7,135000,3822.768
1992-07-16,1992,7,151000,4275.8368
1992-07-17,1992,7,164000,4643.9552
1992-07-18,1992,7,142000,4020.9856
1992-07-19,1992,7,121000,3426.3328
1992-07-20,1992,7,136000,3851.0848
1992-07-21,1992,7,145000,4105.936
1992-07-22,1992,7,152000,4304.1536
1992-07-23,1992,7,108000,3058.2144
1992-07-24,1992,7,134000,3794.4512
1992-07-25,1992,7,109000,3086.5312
1992-07-26,1992,7,99100,2806.19488
1992-07-27,1992,7,114000,3228.1152
1992-07-28,1992,7,121000,3426.3328
1992-07-29,1992,7,127000,3596.2336
1992-07-30,1992,7,118000,3341.3824
1992-07-31,1992,7,116000,3284.7488
1992-08-01,1992,8,119000,3369.6992
1992-08-02,1992,8,111000,3143.1648
1992-08-03,1992,8,111000,3143.1648
1992-08-04,1992,8,106000,3001.5808
1992-08-05,1992,8,126000,3567.9168
1992-08-06,1992,8,106000,3001.5808
1992-08-07,1992,8,104000,2944.9472
1992-08-08,1992,8,89500,2534.3536
1992-08-09,1992,8,75500,2137.9184
1992-08-10,1992,8,99500,2817.5216
1992-08-11,1992,8,118000,3341.3824
1992-08-12,1992,8,124000,3511.2832
1992-08-13,1992,8,136000,3851.0848
1992-08-14,1992,8,141000,3992.6688
1992-08-15,1992,8,108000,3058.2144
1992-08-16,1992,8,80400,2276.67072
1992-08-17,1992,8,143000,4049.3024
1992-08-18,1992,8,122000,3454.6496
1992-08-19,1992,8,136000,3851.0848
1992-08-20,1992,8,132000,3737.8176
1992-08-21,1992,8,116000,3284.7488
1992-08-22,1992,8,94900,2687.26432
1992-08-23,1992,8,81100,2296.49248
1992-08-24,1992,8,99300,2811.85824
1992-08-25,1992,8,92300,2613.64064
1992-08-26,1992,8,94200,2667.44256
1992-08-27,1992,8,92700,2624.96736
1992-08-28,1992,8,110000,3114.848
1992-08-29,1992,8,105000,2973.264
1992-08-30,1992,8,76000,2152.0768
1992-08-31,1992,8,81000,2293.6608
1992-09-01,1992,9,81100,2296.49248
1992-09-02,1992,9,86700,2455.06656
1992-09-03,1992,9,92400,2616.47232
1992-09-04,1992,9,82700,2341.79936
1992-09-05,1992,9,102000,2888.3136
1992-09-06,1992,9,95400,2701.42272
1992-09-07,1992,9,84600,2395.60128
1992-09-08,1992,9,98600,2792.03648
1992-09-09,1992,9,101000,2859.9968
1992-09-10,1992,9,101000,2859.9968
1992-09-11,1992,9,93500,2647.6208
1992-09-12,1992,9,81100,2296.49248
1992-09-13,1992,9,97700,2766.55136
1992-09-14,1992,9,98300,2783.54144
1992-09-15,1992,9,99300,2811.85824
1992-09-16,1992,9,117000,3313.0656
1992-09-17,1992,9,118000,3341.3824
1992-09-18,1992,9,122000,3454.6496
1992-09-19,1992,9,81100,2296.49248
1992-09-20,1992,9,90100,2551.34368
1992-09-21,1992,9,98500,2789.2048
1992-09-22,1992,9,79600,2254.01728
1992-09-23,1992,9,96100,2721.24448
1992-09-24,1992,9,110000,3114.848
1992-09-25,1992,9,122000,3454.6496
1992-09-26,1992,9,85200,2412.59136
1992-09-27,1992,9,76000,2152.0768
1992-09-28,1992,9,1e+05,2831.68
1992-09-29,1992,9,101000,2859.9968
1992-09-30,1992,9,109000,3086.5312
1992-10-01,1992,10,104000,2944.9472
1992-10-02,1992,10,91900,2602.31392
1992-10-03,1992,10,92700,2624.96736
1992-10-04,1992,10,78200,2214.37376
1992-10-05,1992,10,89600,2537.18528
1992-10-06,1992,10,112000,3171.4816
1992-10-07,1992,10,104000,2944.9472
1992-10-08,1992,10,104000,2944.9472
1992-10-09,1992,10,99900,2828.84832
1992-10-10,1992,10,87000,2463.5616
1992-10-11,1992,10,84300,2387.10624
1992-10-12,1992,10,89800,2542.84864
1992-10-13,1992,10,104000,2944.9472
1992-10-14,1992,10,102000,2888.3136
1992-10-15,1992,10,113000,3199.7984
1992-10-16,1992,10,94600,2678.76928
1992-10-17,1992,10,85700,2426.74976
1992-10-18,1992,10,94600,2678.76928
1992-10-19,1992,10,93300,2641.95744
1992-10-20,1992,10,90200,2554.17536
1992-10-21,1992,10,93400,2644.78912
1992-10-22,1992,10,99100,2806.19488
1992-10-23,1992,10,93100,2636.29408
1992-10-24,1992,10,83600,2367.28448
1992-10-25,1992,10,75300,2132.25504
1992-10-26,1992,10,89100,2523.02688
1992-10-27,1992,10,106000,3001.5808
1992-10-28,1992,10,98300,2783.54144
1992-10-29,1992,10,102000,2888.3136
1992-10-30,1992,10,115000,3256.432
1992-10-31,1992,10,92100,2607.97728
1992-11-01,1992,11,79900,2262.51232
1992-11-02,1992,11,92900,2630.63072
1992-11-03,1992,11,108000,3058.2144
1992-11-04,1992,11,107000,3029.8976
1992-11-05,1992,11,107000,3029.8976
1992-11-06,1992,11,104000,2944.9472
1992-11-07,1992,11,99900,2828.84832
1992-11-08,1992,11,88500,2506.0368
1992-11-09,1992,11,111000,3143.1648
1992-11-10,1992,11,127000,3596.2336
1992-11-11,1992,11,101000,2859.9968
1992-11-12,1992,11,117000,3313.0656
1992-11-13,1992,11,104000,2944.9472
1992-11-14,1992,11,115000,3256.432
1992-11-15,1992,11,103000,2916.6304
1992-11-16,1992,11,98400,2786.37312
1992-11-17,1992,11,118000,3341.3824
1992-11-18,1992,11,123000,3482.9664
1992-11-19,1992,11,105000,2973.264
1992-11-20,1992,11,114000,3228.1152
1992-11-21,1992,11,127000,3596.2336
1992-11-22,1992,11,116000,3284.7488
1992-11-23,1992,11,145000,4105.936
1992-11-24,1992,11,173000,4898.8064
1992-11-25,1992,11,149000,4219.2032
1992-11-26,1992,11,133000,3766.1344
1992-11-27,1992,11,98000,2775.0464
1992-11-28,1992,11,1e+05,2831.68
1992-11-29,1992,11,103000,2916.6304
1992-11-30,1992,11,132000,3737.8176
1992-12-01,1992,12,132000,3737.8176
1992-12-02,1992,12,128000,3624.5504
1992-12-03,1992,12,147000,4162.5696
1992-12-04,1992,12,180000,5097.024
1992-12-05,1992,12,139000,3936.0352
1992-12-06,1992,12,148000,4190.8864
1992-12-07,1992,12,167000,4728.9056
1992-12-08,1992,12,160000,4530.688
1992-12-09,1992,12,147000,4162.5696
1992-12-10,1992,12,166000,4700.5888
1992-12-11,1992,12,159000,4502.3712
1992-12-12,1992,12,134000,3794.4512
1992-12-13,1992,12,124000,3511.2832
1992-12-14,1992,12,135000,3822.768
1992-12-15,1992,12,170000,4813.856
1992-12-16,1992,12,183000,5181.9744
1992-12-17,1992,12,166000,4700.5888
1992-12-18,1992,12,147000,4162.5696
1992-12-19,1992,12,148000,4190.8864
1992-12-20,1992,12,128000,3624.5504
1992-12-21,1992,12,134000,3794.4512
1992-12-22,1992,12,128000,3624.5504
1992-12-23,1992,12,137000,3879.4016
1992-12-24,1992,12,116000,3284.7488
1992-12-25,1992,12,88700,2511.70016
1992-12-26,1992,12,95600,2707.08608
1992-12-27,1992,12,97800,2769.38304
1992-12-28,1992,12,139000,3936.0352
1992-12-29,1992,12,150000,4247.52
1992-12-30,1992,12,156000,4417.4208
1992-12-31,1992,12,165000,4672.272
1993-01-01,1993,1,151000,4275.8368
1993-01-02,1993,1,138000,3907.7184
1993-01-03,1993,1,139000,3936.0352
1993-01-04,1993,1,162000,4587.3216
1993-01-05,1993,1,174000,4927.1232
1993-01-06,1993,1,185000,5238.608
1993-01-07,1993,1,189000,5351.8752
1993-01-08,1993,1,193000,5465.1424
1993-01-09,1993,1,181000,5125.3408
1993-01-10,1993,1,161000,4559.0048
1993-01-11,1993,1,183000,5181.9744
1993-01-12,1993,1,159000,4502.3712
1993-01-13,1993,1,194000,5493.4592
1993-01-14,1993,1,173000,4898.8064
1993-01-15,1993,1,168000,4757.2224
1993-01-16,1993,1,139000,3936.0352
1993-01-17,1993,1,103000,2916.6304
1993-01-18,1993,1,141000,3992.6688
1993-01-19,1993,1,163000,4615.6384
1993-01-20,1993,1,108000,3058.2144
1993-01-21,1993,1,128000,3624.5504
1993-01-22,1993,1,128000,3624.5504
1993-01-23,1993,1,141000,3992.6688
1993-01-24,1993,1,101000,2859.9968
1993-01-25,1993,1,122000,3454.6496
1993-01-26,1993,1,127000,3596.2336
1993-01-27,1993,1,114000,3228.1152
1993-01-28,1993,1,135000,3822.768
1993-01-29,1993,1,115000,3256.432
1993-01-30,1993,1,117000,3313.0656
1993-01-31,1993,1,105000,2973.264
1993-02-01,1993,2,129000,3652.8672
1993-02-02,1993,2,134000,3794.4512
1993-02-03,1993,2,132000,3737.8176
1993-02-04,1993,2,152000,4304.1536
1993-02-05,1993,2,117000,3313.0656
1993-02-06,1993,2,108000,3058.2144
1993-02-07,1993,2,93700,2653.28416
1993-02-08,1993,2,117000,3313.0656
1993-02-09,1993,2,113000,3199.7984
1993-02-10,1993,2,124000,3511.2832
1993-02-11,1993,2,112000,3171.4816
1993-02-12,1993,2,125000,3539.6
1993-02-13,1993,2,119000,3369.6992
1993-02-14,1993,2,85800,2429.58144
1993-02-15,1993,2,129000,3652.8672
1993-02-16,1993,2,169000,4785.5392
1993-02-17,1993,2,166000,4700.5888
1993-02-18,1993,2,168000,4757.2224
1993-02-19,1993,2,169000,4785.5392
1993-02-20,1993,2,143000,4049.3024
1993-02-21,1993,2,116000,3284.7488
1993-02-22,1993,2,148000,4190.8864
1993-02-23,1993,2,147000,4162.5696
1993-02-24,1993,2,163000,4615.6384
1993-02-25,1993,2,154000,4360.7872
1993-02-26,1993,2,156000,4417.4208
1993-02-27,1993,2,138000,3907.7184
1993-02-28,1993,2,121000,3426.3328
1993-03-01,1993,3,131000,3709.5008
1993-03-02,1993,3,138000,3907.7184
1993-03-03,1993,3,109000,3086.5312
1993-03-04,1993,3,97600,2763.71968
1993-03-05,1993,3,105000,2973.264
1993-03-06,1993,3,88200,2497.54176
1993-03-07,1993,3,93800,2656.11584
1993-03-08,1993,3,120000,3398.016
1993-03-09,1993,3,119000,3369.6992
1993-03-10,1993,3,103000,2916.6304
1993-03-11,1993,3,104000,2944.9472
1993-03-12,1993,3,118000,3341.3824
1993-03-13,1993,3,107000,3029.8976
1993-03-14,1993,3,102000,2888.3136
1993-03-15,1993,3,116000,3284.7488
1993-03-16,1993,3,135000,3822.768
1993-03-17,1993,3,130000,3681.184
1993-03-18,1993,3,123000,3482.9664
1993-03-19,1993,3,140000,3964.352
1993-03-20,1993,3,168000,4757.2224
1993-03-21,1993,3,188000,5323.5584
1993-03-22,1993,3,193000,5465.1424
1993-03-23,1993,3,202000,5719.9936
1993-03-24,1993,3,224000,6342.9632
1993-03-25,1993,3,228000,6456.2304
1993-03-26,1993,3,212000,6003.1616
1993-03-27,1993,3,194000,5493.4592
1993-03-28,1993,3,179000,5068.7072
1993-03-29,1993,3,181000,5125.3408
1993-03-30,1993,3,181000,5125.3408
1993-03-31,1993,3,169000,4785.5392
1993-04-01,1993,4,142000,4020.9856
1993-04-02,1993,4,149000,4219.2032
1993-04-03,1993,4,148000,4190.8864
1993-04-04,1993,4,152000,4304.1536
1993-04-05,1993,4,181000,5125.3408
1993-04-06,1993,4,184000,5210.2912
1993-04-07,1993,4,193000,5465.1424
1993-04-08,1993,4,186000,5266.9248
1993-04-09,1993,4,186000,5266.9248
1993-04-10,1993,4,150000,4247.52
1993-04-11,1993,4,172000,4870.4896
1993-04-12,1993,4,176000,4983.7568
1993-04-13,1993,4,166000,4700.5888
1993-04-14,1993,4,159000,4502.3712
1993-04-15,1993,4,116000,3284.7488
1993-04-16,1993,4,155000,4389.104
1993-04-17,1993,4,142000,4020.9856
1993-04-18,1993,4,144000,4077.6192
1993-04-19,1993,4,148000,4190.8864
1993-04-20,1993,4,161000,4559.0048
1993-04-21,1993,4,149000,4219.2032
1993-04-22,1993,4,156000,4417.4208
1993-04-23,1993,4,152000,4304.1536
1993-04-24,1993,4,121000,3426.3328
1993-04-25,1993,4,131000,3709.5008
1993-04-26,1993,4,159000,4502.3712
1993-04-27,1993,4,156000,4417.4208
1993-04-28,1993,4,163000,4615.6384
1993-04-29,1993,4,164000,4643.9552
1993-04-30,1993,4,157000,4445.7376
1993-05-01,1993,5,222000,6286.3296
1993-05-02,1993,5,178000,5040.3904
1993-05-03,1993,5,191000,5408.5088
1993-05-04,1993,5,193000,5465.1424
1993-05-05,1993,5,222000,6286.3296
1993-05-06,1993,5,222000,6286.3296
1993-05-07,1993,5,253000,7164.1504
1993-05-08,1993,5,247000,6994.2496
1993-05-09,1993,5,272000,7702.1696
1993-05-10,1993,5,246000,6965.9328
1993-05-11,1993,5,273000,7730.4864
1993-05-12,1993,5,282000,7985.3376
1993-05-13,1993,5,266000,7532.2688
1993-05-14,1993,5,330000,9344.544
1993-05-15,1993,5,338000,9571.0784
1993-05-16,1993,5,370000,10477.216
1993-05-17,1993,5,401000,11355.0368
1993-05-18,1993,5,392000,11100.1856
1993-05-19,1993,5,374000,10590.4832
1993-05-20,1993,5,387000,10958.6016
1993-05-21,1993,5,382000,10817.0176
1993-05-22,1993,5,393000,11128.5024
1993-05-23,1993,5,384000,10873.6512
1993-05-24,1993,5,380000,10760.384
1993-05-25,1993,5,349000,9882.5632
1993-05-26,1993,5,319000,9033.0592
1993-05-27,1993,5,313000,8863.1584
1993-05-28,1993,5,322000,9118.0096
1993-05-29,1993,5,308000,8721.5744
1993-05-30,1993,5,289000,8183.5552
1993-05-31,1993,5,290000,8211.872
1993-06-01,1993,6,260000,7362.368
1993-06-02,1993,6,294000,8325.1392
1993-06-03,1993,6,278000,7872.0704
1993-06-04,1993,6,290000,8211.872
1993-06-05,1993,6,279000,7900.3872
1993-06-06,1993,6,229000,6484.5472
1993-06-07,1993,6,233000,6597.8144
1993-06-08,1993,6,281000,7957.0208
1993-06-09,1993,6,280000,7928.704
1993-06-10,1993,6,256000,7249.1008
1993-06-11,1993,6,237000,6711.0816
1993-06-12,1993,6,274000,7758.8032
1993-06-13,1993,6,254000,7192.4672
1993-06-14,1993,6,227000,6427.9136
1993-06-15,1993,6,204000,5776.6272
1993-06-16,1993,6,214000,6059.7952
1993-06-17,1993,6,207000,5861.5776
1993-06-18,1993,6,225000,6371.28
1993-06-19,1993,6,211000,5974.8448
1993-06-20,1993,6,201000,5691.6768
1993-06-21,1993,6,2e+05,5663.36
1993-06-22,1993,6,204000,5776.6272
1993-06-23,1993,6,205000,5804.944
1993-06-24,1993,6,212000,6003.1616
1993-06-25,1993,6,211000,5974.8448
1993-06-26,1993,6,170000,4813.856
1993-06-27,1993,6,166000,4700.5888
1993-06-28,1993,6,179000,5068.7072
1993-06-29,1993,6,201000,5691.6768
1993-06-30,1993,6,189000,5351.8752
1993-07-01,1993,7,198000,5606.7264
1993-07-02,1993,7,194000,5493.4592
1993-07-03,1993,7,164000,4643.9552
1993-07-04,1993,7,152000,4304.1536
1993-07-05,1993,7,159000,4502.3712
1993-07-06,1993,7,181000,5125.3408
1993-07-07,1993,7,180000,5097.024
1993-07-08,1993,7,180000,5097.024
1993-07-09,1993,7,163000,4615.6384
1993-07-10,1993,7,163000,4615.6384
1993-07-11,1993,7,128000,3624.5504
1993-07-12,1993,7,171000,4842.1728
1993-07-13,1993,7,164000,4643.9552
1993-07-14,1993,7,163000,4615.6384
1993-07-15,1993,7,167000,4728.9056
1993-07-16,1993,7,158000,4474.0544
1993-07-17,1993,7,183000,5181.9744
1993-07-18,1993,7,178000,5040.3904
1993-07-19,1993,7,171000,4842.1728
1993-07-20,1993,7,165000,4672.272
1993-07-21,1993,7,174000,4927.1232
1993-07-22,1993,7,177000,5012.0736
1993-07-23,1993,7,176000,4983.7568
1993-07-24,1993,7,168000,4757.2224
1993-07-25,1993,7,140000,3964.352
1993-07-26,1993,7,164000,4643.9552
1993-07-27,1993,7,173000,4898.8064
1993-07-28,1993,7,166000,4700.5888
1993-07-29,1993,7,161000,4559.0048
1993-07-30,1993,7,185000,5238.608
1993-07-31,1993,7,165000,4672.272
1993-08-01,1993,8,114000,3228.1152
1993-08-02,1993,8,155000,4389.104
1993-08-03,1993,8,171000,4842.1728
1993-08-04,1993,8,152000,4304.1536
1993-08-05,1993,8,153000,4332.4704
1993-08-06,1993,8,153000,4332.4704
1993-08-07,1993,8,113000,3199.7984
1993-08-08,1993,8,112000,3171.4816
1993-08-09,1993,8,125000,3539.6
1993-08-10,1993,8,116000,3284.7488
1993-08-11,1993,8,134000,3794.4512
1993-08-12,1993,8,138000,3907.7184
1993-08-13,1993,8,97600,2763.71968
1993-08-14,1993,8,113000,3199.7984
1993-08-15,1993,8,108000,3058.2144
1993-08-16,1993,8,118000,3341.3824
1993-08-17,1993,8,133000,3766.1344
1993-08-18,1993,8,150000,4247.52
1993-08-19,1993,8,133000,3766.1344
1993-08-20,1993,8,122000,3454.6496
1993-08-21,1993,8,92200,2610.80896
1993-08-22,1993,8,95000,2690.096
1993-08-23,1993,8,103000,2916.6304
1993-08-24,1993,8,103000,2916.6304
1993-08-25,1993,8,128000,3624.5504
1993-08-26,1993,8,127000,3596.2336
1993-08-27,1993,8,120000,3398.016
1993-08-28,1993,8,93300,2641.95744
1993-08-29,1993,8,102000,2888.3136
1993-08-30,1993,8,98200,2780.70976
1993-08-31,1993,8,104000,2944.9472
1993-09-01,1993,9,124000,3511.2832
1993-09-02,1993,9,120000,3398.016
1993-09-03,1993,9,116000,3284.7488
1993-09-04,1993,9,104000,2944.9472
1993-09-05,1993,9,87900,2489.04672
1993-09-06,1993,9,83800,2372.94784
1993-09-07,1993,9,108000,3058.2144
1993-09-08,1993,9,124000,3511.2832
1993-09-09,1993,9,120000,3398.016
1993-09-10,1993,9,129000,3652.8672
1993-09-11,1993,9,93100,2636.29408
1993-09-12,1993,9,82800,2344.63104
1993-09-13,1993,9,106000,3001.5808
1993-09-14,1993,9,94800,2684.43264
1993-09-15,1993,9,107000,3029.8976
1993-09-16,1993,9,109000,3086.5312
1993-09-17,1993,9,98400,2786.37312
1993-09-18,1993,9,84900,2404.09632
1993-09-19,1993,9,72200,2044.47296
1993-09-20,1993,9,81600,2310.65088
1993-09-21,1993,9,106000,3001.5808
1993-09-22,1993,9,127000,3596.2336
1993-09-23,1993,9,113000,3199.7984
1993-09-24,1993,9,93800,2656.11584
1993-09-25,1993,9,92800,2627.79904
1993-09-26,1993,9,79500,2251.1856
1993-09-27,1993,9,101000,2859.9968
1993-09-28,1993,9,118000,3341.3824
1993-09-29,1993,9,120000,3398.016
1993-09-30,1993,9,123000,3482.9664
1993-10-01,1993,10,129000,3652.8672
1993-10-02,1993,10,99500,2817.5216
1993-10-03,1993,10,72700,2058.63136
1993-10-04,1993,10,108000,3058.2144
1993-10-05,1993,10,102000,2888.3136
1993-10-06,1993,10,104000,2944.9472
1993-10-07,1993,10,126000,3567.9168
1993-10-08,1993,10,127000,3596.2336
1993-10-09,1993,10,110000,3114.848
1993-10-10,1993,10,77700,2200.21536
1993-10-11,1993,10,97700,2766.55136
1993-10-12,1993,10,1e+05,2831.68
1993-10-13,1993,10,92600,2622.13568
1993-10-14,1993,10,116000,3284.7488
1993-10-15,1993,10,101000,2859.9968
1993-10-16,1993,10,95400,2701.42272
1993-10-17,1993,10,64900,1837.76032
1993-10-18,1993,10,110000,3114.848
1993-10-19,1993,10,125000,3539.6
1993-10-20,1993,10,114000,3228.1152
1993-10-21,1993,10,105000,2973.264
1993-10-22,1993,10,93000,2633.4624
1993-10-23,1993,10,98800,2797.69984
1993-10-24,1993,10,72600,2055.79968
1993-10-25,1993,10,110000,3114.848
1993-10-26,1993,10,119000,3369.6992
1993-10-27,1993,10,109000,3086.5312
1993-10-28,1993,10,107000,3029.8976
1993-10-29,1993,10,114000,3228.1152
1993-10-30,1993,10,1e+05,2831.68
1993-10-31,1993,10,94500,2675.9376
1993-11-01,1993,11,112000,3171.4816
1993-11-02,1993,11,136000,3851.0848
1993-11-03,1993,11,112000,3171.4816
1993-11-04,1993,11,118000,3341.3824
1993-11-05,1993,11,124000,3511.2832
1993-11-06,1993,11,85500,2421.0864
1993-11-07,1993,11,81300,2302.15584
1993-11-08,1993,11,128000,3624.5504
1993-11-09,1993,11,141000,3992.6688
1993-11-10,1993,11,107000,3029.8976
1993-11-11,1993,11,96300,2726.90784
1993-11-12,1993,11,81200,2299.32416
1993-11-13,1993,11,78800,2231.36384
1993-11-14,1993,11,90900,2573.99712
1993-11-15,1993,11,112000,3171.4816
1993-11-16,1993,11,110000,3114.848
1993-11-17,1993,11,104000,2944.9472
1993-11-18,1993,11,113000,3199.7984
1993-11-19,1993,11,113000,3199.7984
1993-11-20,1993,11,1e+05,2831.68
1993-11-21,1993,11,65400,1851.91872
1993-11-22,1993,11,127000,3596.2336
1993-11-23,1993,11,147000,4162.5696
1993-11-24,1993,11,183000,5181.9744
1993-11-25,1993,11,146000,4134.2528
1993-11-26,1993,11,146000,4134.2528
1993-11-27,1993,11,110000,3114.848
1993-11-28,1993,11,93300,2641.95744
1993-11-29,1993,11,137000,3879.4016
1993-11-30,1993,11,124000,3511.2832
1993-12-01,1993,12,115000,3256.432
1993-12-02,1993,12,120000,3398.016
1993-12-03,1993,12,98800,2797.69984
1993-12-04,1993,12,96700,2738.23456
1993-12-05,1993,12,86500,2449.4032
1993-12-06,1993,12,133000,3766.1344
1993-12-07,1993,12,110000,3114.848
1993-12-08,1993,12,128000,3624.5504
1993-12-09,1993,12,125000,3539.6
1993-12-10,1993,12,94100,2664.61088
1993-12-11,1993,12,89800,2542.84864
1993-12-12,1993,12,79200,2242.69056
1993-12-13,1993,12,134000,3794.4512
1993-12-14,1993,12,119000,3369.6992
1993-12-15,1993,12,123000,3482.9664
1993-12-16,1993,12,127000,3596.2336
1993-12-17,1993,12,140000,3964.352
1993-12-18,1993,12,134000,3794.4512
1993-12-19,1993,12,107000,3029.8976
1993-12-20,1993,12,144000,4077.6192
1993-12-21,1993,12,142000,4020.9856
1993-12-22,1993,12,138000,3907.7184
1993-12-23,1993,12,132000,3737.8176
1993-12-24,1993,12,115000,3256.432
1993-12-25,1993,12,118000,3341.3824
1993-12-26,1993,12,89900,2545.68032
1993-12-27,1993,12,124000,3511.2832
1993-12-28,1993,12,131000,3709.5008
1993-12-29,1993,12,115000,3256.432
1993-12-30,1993,12,92000,2605.1456
1993-12-31,1993,12,104000,2944.9472
1994-01-01,1994,1,80500,2279.5024
1994-01-02,1994,1,93100,2636.29408
1994-01-03,1994,1,88400,2503.20512
1994-01-04,1994,1,86600,2452.23488
1994-01-05,1994,1,119000,3369.6992
1994-01-06,1994,1,118000,3341.3824
1994-01-07,1994,1,108000,3058.2144
1994-01-08,1994,1,127000,3596.2336
1994-01-09,1994,1,84500,2392.7696
1994-01-10,1994,1,120000,3398.016
1994-01-11,1994,1,108000,3058.2144
1994-01-12,1994,1,113000,3199.7984
1994-01-13,1994,1,118000,3341.3824
1994-01-14,1994,1,115000,3256.432
1994-01-15,1994,1,114000,3228.1152
1994-01-16,1994,1,92700,2624.96736
1994-01-17,1994,1,121000,3426.3328
1994-01-18,1994,1,152000,4304.1536
1994-01-19,1994,1,144000,4077.6192
1994-01-20,1994,1,137000,3879.4016
1994-01-21,1994,1,133000,3766.1344
1994-01-22,1994,1,114000,3228.1152
1994-01-23,1994,1,78400,2220.03712
1994-01-24,1994,1,121000,3426.3328
1994-01-25,1994,1,123000,3482.9664
1994-01-26,1994,1,140000,3964.352
1994-01-27,1994,1,139000,3936.0352
1994-01-28,1994,1,146000,4134.2528
1994-01-29,1994,1,146000,4134.2528
1994-01-30,1994,1,123000,3482.9664
1994-01-31,1994,1,150000,4247.52
1994-02-01,1994,2,164000,4643.9552
1994-02-02,1994,2,176000,4983.7568
1994-02-03,1994,2,171000,4842.1728
1994-02-04,1994,2,160000,4530.688
1994-02-05,1994,2,162000,4587.3216
1994-02-06,1994,2,155000,4389.104
1994-02-07,1994,2,160000,4530.688
1994-02-08,1994,2,161000,4559.0048
1994-02-09,1994,2,173000,4898.8064
1994-02-10,1994,2,157000,4445.7376
1994-02-11,1994,2,134000,3794.4512
1994-02-12,1994,2,157000,4445.7376
1994-02-13,1994,2,116000,3284.7488
1994-02-14,1994,2,144000,4077.6192
1994-02-15,1994,2,135000,3822.768
1994-02-16,1994,2,128000,3624.5504
1994-02-17,1994,2,127000,3596.2336
1994-02-18,1994,2,138000,3907.7184
1994-02-19,1994,2,135000,3822.768
1994-02-20,1994,2,106000,3001.5808
1994-02-21,1994,2,125000,3539.6
1994-02-22,1994,2,142000,4020.9856
1994-02-23,1994,2,127000,3596.2336
1994-02-24,1994,2,156000,4417.4208
1994-02-25,1994,2,145000,4105.936
1994-02-26,1994,2,142000,4020.9856
1994-02-27,1994,2,103000,2916.6304
1994-02-28,1994,2,104000,2944.9472
1994-03-01,1994,3,105000,2973.264
1994-03-02,1994,3,132000,3737.8176
1994-03-03,1994,3,131000,3709.5008
1994-03-04,1994,3,112000,3171.4816
1994-03-05,1994,3,122000,3454.6496
1994-03-06,1994,3,96000,2718.4128
1994-03-07,1994,3,135000,3822.768
1994-03-08,1994,3,152000,4304.1536
1994-03-09,1994,3,134000,3794.4512
1994-03-10,1994,3,122000,3454.6496
1994-03-11,1994,3,120000,3398.016
1994-03-12,1994,3,124000,3511.2832
1994-03-13,1994,3,89600,2537.18528
1994-03-14,1994,3,137000,3879.4016
1994-03-15,1994,3,120000,3398.016
1994-03-16,1994,3,123000,3482.9664
1994-03-17,1994,3,132000,3737.8176
1994-03-18,1994,3,155000,4389.104
1994-03-19,1994,3,158000,4474.0544
1994-03-20,1994,3,149000,4219.2032
1994-03-21,1994,3,147000,4162.5696
1994-03-22,1994,3,156000,4417.4208
1994-03-23,1994,3,152000,4304.1536
1994-03-24,1994,3,160000,4530.688
1994-03-25,1994,3,144000,4077.6192
1994-03-26,1994,3,110000,3114.848
1994-03-27,1994,3,98500,2789.2048
1994-03-28,1994,3,102000,2888.3136
1994-03-29,1994,3,137000,3879.4016
1994-03-30,1994,3,129000,3652.8672
1994-03-31,1994,3,134000,3794.4512
1994-04-01,1994,4,137000,3879.4016
1994-04-02,1994,4,121000,3426.3328
1994-04-03,1994,4,82400,2333.30432
1994-04-04,1994,4,145000,4105.936
1994-04-05,1994,4,174000,4927.1232
1994-04-06,1994,4,147000,4162.5696
1994-04-07,1994,4,148000,4190.8864
1994-04-08,1994,4,150000,4247.52
1994-04-09,1994,4,130000,3681.184
1994-04-10,1994,4,103000,2916.6304
1994-04-11,1994,4,147000,4162.5696
1994-04-12,1994,4,131000,3709.5008
1994-04-13,1994,4,150000,4247.52
1994-04-14,1994,4,140000,3964.352
1994-04-15,1994,4,150000,4247.52
1994-04-16,1994,4,127000,3596.2336
1994-04-17,1994,4,97000,2746.7296
1994-04-18,1994,4,120000,3398.016
1994-04-19,1994,4,146000,4134.2528
1994-04-20,1994,4,163000,4615.6384
1994-04-21,1994,4,165000,4672.272
1994-04-22,1994,4,179000,5068.7072
1994-04-23,1994,4,175000,4955.44
1994-04-24,1994,4,154000,4360.7872
1994-04-25,1994,4,162000,4587.3216
1994-04-26,1994,4,169000,4785.5392
1994-04-27,1994,4,180000,5097.024
1994-04-28,1994,4,198000,5606.7264
1994-04-29,1994,4,192000,5436.8256
1994-04-30,1994,4,206000,5833.2608
1994-05-01,1994,5,209000,5918.2112
1994-05-02,1994,5,209000,5918.2112
1994-05-03,1994,5,211000,5974.8448
1994-05-04,1994,5,212000,6003.1616
1994-05-05,1994,5,222000,6286.3296
1994-05-06,1994,5,228000,6456.2304
1994-05-07,1994,5,214000,6059.7952
1994-05-08,1994,5,205000,5804.944
1994-05-09,1994,5,206000,5833.2608
1994-05-10,1994,5,214000,6059.7952
1994-05-11,1994,5,226000,6399.5968
1994-05-12,1994,5,230000,6512.864
1994-05-13,1994,5,217000,6144.7456
1994-05-14,1994,5,215000,6088.112
1994-05-15,1994,5,183000,5181.9744
1994-05-16,1994,5,193000,5465.1424
1994-05-17,1994,5,213000,6031.4784
1994-05-18,1994,5,206000,5833.2608
1994-05-19,1994,5,203000,5748.3104
1994-05-20,1994,5,202000,5719.9936
1994-05-21,1994,5,192000,5436.8256
1994-05-22,1994,5,190000,5380.192
1994-05-23,1994,5,202000,5719.9936
1994-05-24,1994,5,221000,6258.0128
1994-05-25,1994,5,216000,6116.4288
1994-05-26,1994,5,219000,6201.3792
1994-05-27,1994,5,227000,6427.9136
1994-05-28,1994,5,215000,6088.112
1994-05-29,1994,5,186000,5266.9248
1994-05-30,1994,5,191000,5408.5088
1994-05-31,1994,5,215000,6088.112
1994-06-01,1994,6,211000,5974.8448
1994-06-02,1994,6,197000,5578.4096
1994-06-03,1994,6,213000,6031.4784
1994-06-04,1994,6,205000,5804.944
1994-06-05,1994,6,188000,5323.5584
1994-06-06,1994,6,196000,5550.0928
1994-06-07,1994,6,206000,5833.2608
1994-06-08,1994,6,223000,6314.6464
1994-06-09,1994,6,212000,6003.1616
1994-06-10,1994,6,215000,6088.112
1994-06-11,1994,6,198000,5606.7264
1994-06-12,1994,6,179000,5068.7072
1994-06-13,1994,6,203000,5748.3104
1994-06-14,1994,6,219000,6201.3792
1994-06-15,1994,6,229000,6484.5472
1994-06-16,1994,6,201000,5691.6768
1994-06-17,1994,6,193000,5465.1424
1994-06-18,1994,6,192000,5436.8256
1994-06-19,1994,6,168000,4757.2224
1994-06-20,1994,6,177000,5012.0736
1994-06-21,1994,6,191000,5408.5088
1994-06-22,1994,6,192000,5436.8256
1994-06-23,1994,6,184000,5210.2912
1994-06-24,1994,6,184000,5210.2912
1994-06-25,1994,6,183000,5181.9744
1994-06-26,1994,6,152000,4304.1536
1994-06-27,1994,6,176000,4983.7568
1994-06-28,1994,6,161000,4559.0048
1994-06-29,1994,6,157000,4445.7376
1994-06-30,1994,6,171000,4842.1728
1994-07-01,1994,7,165000,4672.272
1994-07-02,1994,7,148000,4190.8864
1994-07-03,1994,7,129000,3652.8672
1994-07-04,1994,7,122000,3454.6496
1994-07-05,1994,7,150000,4247.52
1994-07-06,1994,7,178000,5040.3904
1994-07-07,1994,7,157000,4445.7376
1994-07-08,1994,7,160000,4530.688
1994-07-09,1994,7,180000,5097.024
1994-07-10,1994,7,134000,3794.4512
1994-07-11,1994,7,171000,4842.1728
1994-07-12,1994,7,170000,4813.856
1994-07-13,1994,7,162000,4587.3216
1994-07-14,1994,7,156000,4417.4208
1994-07-15,1994,7,159000,4502.3712
1994-07-16,1994,7,152000,4304.1536
1994-07-17,1994,7,129000,3652.8672
1994-07-18,1994,7,150000,4247.52
1994-07-19,1994,7,167000,4728.9056
1994-07-20,1994,7,157000,4445.7376
1994-07-21,1994,7,157000,4445.7376
1994-07-22,1994,7,149000,4219.2032
1994-07-23,1994,7,158000,4474.0544
1994-07-24,1994,7,122000,3454.6496
1994-07-25,1994,7,155000,4389.104
1994-07-26,1994,7,152000,4304.1536
1994-07-27,1994,7,149000,4219.2032
1994-07-28,1994,7,142000,4020.9856
1994-07-29,1994,7,135000,3822.768
1994-07-30,1994,7,142000,4020.9856
1994-07-31,1994,7,106000,3001.5808
1994-08-01,1994,8,99600,2820.35328
1994-08-02,1994,8,101000,2859.9968
1994-08-03,1994,8,101000,2859.9968
1994-08-04,1994,8,103000,2916.6304
1994-08-05,1994,8,103000,2916.6304
1994-08-06,1994,8,106000,3001.5808
1994-08-07,1994,8,73800,2089.77984
1994-08-08,1994,8,99500,2817.5216
1994-08-09,1994,8,104000,2944.9472
1994-08-10,1994,8,89600,2537.18528
1994-08-11,1994,8,90600,2565.50208
1994-08-12,1994,8,92600,2622.13568
1994-08-13,1994,8,95900,2715.58112
1994-08-14,1994,8,88700,2511.70016
1994-08-15,1994,8,86800,2457.89824
1994-08-16,1994,8,115000,3256.432
1994-08-17,1994,8,107000,3029.8976
1994-08-18,1994,8,91700,2596.65056
1994-08-19,1994,8,94000,2661.7792
1994-08-20,1994,8,103000,2916.6304
1994-08-21,1994,8,61100,1730.15648
1994-08-22,1994,8,75400,2135.08672
1994-08-23,1994,8,89500,2534.3536
1994-08-24,1994,8,72000,2038.8096
1994-08-25,1994,8,81300,2302.15584
1994-08-26,1994,8,81800,2316.31424
1994-08-27,1994,8,106000,3001.5808
1994-08-28,1994,8,74500,2109.6016
1994-08-29,1994,8,85900,2432.41312
1994-08-30,1994,8,89900,2545.68032
1994-08-31,1994,8,87800,2486.21504
1994-09-01,1994,9,73400,2078.45312
1994-09-02,1994,9,63800,1806.61184
1994-09-03,1994,9,66000,1868.9088
1994-09-04,1994,9,66100,1871.74048
1994-09-05,1994,9,68000,1925.5424
1994-09-06,1994,9,74000,2095.4432
1994-09-07,1994,9,82200,2327.64096
1994-09-08,1994,9,79600,2254.01728
1994-09-09,1994,9,74600,2112.43328
1994-09-10,1994,9,69200,1959.52256
1994-09-11,1994,9,62700,1775.46336
1994-09-12,1994,9,78600,2225.70048
1994-09-13,1994,9,75300,2132.25504
1994-09-14,1994,9,76100,2154.90848
1994-09-15,1994,9,64100,1815.10688
1994-09-16,1994,9,73500,2081.2848
1994-09-17,1994,9,79100,2239.85888
1994-09-18,1994,9,64700,1832.09696
1994-09-19,1994,9,80400,2276.67072
1994-09-20,1994,9,81300,2302.15584
1994-09-21,1994,9,80800,2287.99744
1994-09-22,1994,9,91800,2599.48224
1994-09-23,1994,9,88500,2506.0368
1994-09-24,1994,9,80100,2268.17568
1994-09-25,1994,9,64900,1837.76032
1994-09-26,1994,9,72300,2047.30464
1994-09-27,1994,9,90400,2559.83872
1994-09-28,1994,9,92000,2605.1456
1994-09-29,1994,9,80200,2271.00736
1994-09-30,1994,9,79000,2237.0272
1994-10-01,1994,10,62600,1772.63168
1994-10-02,1994,10,67800,1919.87904
1994-10-03,1994,10,89100,2523.02688
1994-10-04,1994,10,72000,2038.8096
1994-10-05,1994,10,88700,2511.70016
1994-10-06,1994,10,78200,2214.37376
1994-10-07,1994,10,74800,2118.09664
1994-10-08,1994,10,91300,2585.32384
1994-10-09,1994,10,64000,1812.2752
1994-10-10,1994,10,83900,2375.77952
1994-10-11,1994,10,101000,2859.9968
1994-10-12,1994,10,112000,3171.4816
1994-10-13,1994,10,104000,2944.9472
1994-10-14,1994,10,84800,2401.26464
1994-10-15,1994,10,126000,3567.9168
1994-10-16,1994,10,116000,3284.7488
1994-10-17,1994,10,84300,2387.10624
1994-10-18,1994,10,90900,2573.99712
1994-10-19,1994,10,102000,2888.3136
1994-10-20,1994,10,105000,2973.264
1994-10-21,1994,10,90500,2562.6704
1994-10-22,1994,10,113000,3199.7984
1994-10-23,1994,10,82200,2327.64096
1994-10-24,1994,10,108000,3058.2144
1994-10-25,1994,10,106000,3001.5808
1994-10-26,1994,10,92600,2622.13568
1994-10-27,1994,10,97800,2769.38304
1994-10-28,1994,10,111000,3143.1648
1994-10-29,1994,10,102000,2888.3136
1994-10-30,1994,10,91200,2582.49216
1994-10-31,1994,10,107000,3029.8976
1994-11-01,1994,11,96500,2732.5712
1994-11-02,1994,11,113000,3199.7984
1994-11-03,1994,11,135000,3822.768
1994-11-04,1994,11,109000,3086.5312
1994-11-05,1994,11,113000,3199.7984
1994-11-06,1994,11,85500,2421.0864
1994-11-07,1994,11,103000,2916.6304
1994-11-08,1994,11,123000,3482.9664
1994-11-09,1994,11,114000,3228.1152
1994-11-10,1994,11,110000,3114.848
1994-11-11,1994,11,109000,3086.5312
1994-11-12,1994,11,79900,2262.51232
1994-11-13,1994,11,91100,2579.66048
1994-11-14,1994,11,102000,2888.3136
1994-11-15,1994,11,117000,3313.0656
1994-11-16,1994,11,108000,3058.2144
1994-11-17,1994,11,126000,3567.9168
1994-11-18,1994,11,135000,3822.768
1994-11-19,1994,11,101000,2859.9968
1994-11-20,1994,11,66800,1891.56224
1994-11-21,1994,11,122000,3454.6496
1994-11-22,1994,11,133000,3766.1344
1994-11-23,1994,11,121000,3426.3328
1994-11-24,1994,11,81900,2319.14592
1994-11-25,1994,11,1e+05,2831.68
1994-11-26,1994,11,95900,2715.58112
1994-11-27,1994,11,80800,2287.99744
1994-11-28,1994,11,127000,3596.2336
1994-11-29,1994,11,127000,3596.2336
1994-11-30,1994,11,120000,3398.016
1994-12-01,1994,12,120000,3398.016
1994-12-02,1994,12,122000,3454.6496
1994-12-03,1994,12,117000,3313.0656
1994-12-04,1994,12,104000,2944.9472
1994-12-05,1994,12,147000,4162.5696
1994-12-06,1994,12,156000,4417.4208
1994-12-07,1994,12,145000,4105.936
1994-12-08,1994,12,141000,3992.6688
1994-12-09,1994,12,130000,3681.184
1994-12-10,1994,12,131000,3709.5008
1994-12-11,1994,12,101000,2859.9968
1994-12-12,1994,12,137000,3879.4016
1994-12-13,1994,12,135000,3822.768
1994-12-14,1994,12,146000,4134.2528
1994-12-15,1994,12,162000,4587.3216
1994-12-16,1994,12,140000,3964.352
1994-12-17,1994,12,98400,2786.37312
1994-12-18,1994,12,83700,2370.11616
1994-12-19,1994,12,132000,3737.8176
1994-12-20,1994,12,111000,3143.1648
1994-12-21,1994,12,106000,3001.5808
1994-12-22,1994,12,126000,3567.9168
1994-12-23,1994,12,118000,3341.3824
1994-12-24,1994,12,97900,2772.21472
1994-12-25,1994,12,77600,2197.38368
1994-12-26,1994,12,95800,2712.74944
1994-12-27,1994,12,102000,2888.3136
1994-12-28,1994,12,106000,3001.5808
1994-12-29,1994,12,134000,3794.4512
1994-12-30,1994,12,141000,3992.6688
1994-12-31,1994,12,138000,3907.7184
1995-01-01,1995,1,121000,3426.3328
1995-01-02,1995,1,129000,3652.8672
1995-01-03,1995,1,157000,4445.7376
1995-01-04,1995,1,145000,4105.936
1995-01-05,1995,1,146000,4134.2528
1995-01-06,1995,1,143000,4049.3024
1995-01-07,1995,1,147000,4162.5696
1995-01-08,1995,1,101000,2859.9968
1995-01-09,1995,1,152000,4304.1536
1995-01-10,1995,1,136000,3851.0848
1995-01-11,1995,1,130000,3681.184
1995-01-12,1995,1,153000,4332.4704
1995-01-13,1995,1,145000,4105.936
1995-01-14,1995,1,155000,4389.104
1995-01-15,1995,1,150000,4247.52
1995-01-16,1995,1,155000,4389.104
1995-01-17,1995,1,167000,4728.9056
1995-01-18,1995,1,159000,4502.3712
1995-01-19,1995,1,141000,3992.6688
1995-01-20,1995,1,137000,3879.4016
1995-01-21,1995,1,140000,3964.352
1995-01-22,1995,1,139000,3936.0352
1995-01-23,1995,1,146000,4134.2528
1995-01-24,1995,1,141000,3992.6688
1995-01-25,1995,1,153000,4332.4704
1995-01-26,1995,1,149000,4219.2032
1995-01-27,1995,1,157000,4445.7376
1995-01-28,1995,1,134000,3794.4512
1995-01-29,1995,1,127000,3596.2336
1995-01-30,1995,1,150000,4247.52
1995-01-31,1995,1,167000,4728.9056
1995-02-01,1995,2,192000,5436.8256
1995-02-02,1995,2,204000,5776.6272
1995-02-03,1995,2,211000,5974.8448
1995-02-04,1995,2,173000,4898.8064
1995-02-05,1995,2,138000,3907.7184
1995-02-06,1995,2,159000,4502.3712
1995-02-07,1995,2,193000,5465.1424
1995-02-08,1995,2,208000,5889.8944
1995-02-09,1995,2,170000,4813.856
1995-02-10,1995,2,196000,5550.0928
1995-02-11,1995,2,182000,5153.6576
1995-02-12,1995,2,154000,4360.7872
1995-02-13,1995,2,195000,5521.776
1995-02-14,1995,2,184000,5210.2912
1995-02-15,1995,2,201000,5691.6768
1995-02-16,1995,2,198000,5606.7264
1995-02-17,1995,2,194000,5493.4592
1995-02-18,1995,2,2e+05,5663.36
1995-02-19,1995,2,175000,4955.44
1995-02-20,1995,2,194000,5493.4592
1995-02-21,1995,2,171000,4842.1728
1995-02-22,1995,2,223000,6314.6464
1995-02-23,1995,2,209000,5918.2112
1995-02-24,1995,2,214000,6059.7952
1995-02-25,1995,2,199000,5635.0432
1995-02-26,1995,2,190000,5380.192
1995-02-27,1995,2,213000,6031.4784
1995-02-28,1995,2,208000,5889.8944
1995-03-01,1995,3,217000,6144.7456
1995-03-02,1995,3,222000,6286.3296
1995-03-03,1995,3,204000,5776.6272
1995-03-04,1995,3,185000,5238.608
1995-03-05,1995,3,170000,4813.856
1995-03-06,1995,3,189000,5351.8752
1995-03-07,1995,3,183000,5181.9744
1995-03-08,1995,3,175000,4955.44
1995-03-09,1995,3,168000,4757.2224
1995-03-10,1995,3,166000,4700.5888
1995-03-11,1995,3,145000,4105.936
1995-03-12,1995,3,163000,4615.6384
1995-03-13,1995,3,161000,4559.0048
1995-03-14,1995,3,168000,4757.2224
1995-03-15,1995,3,140000,3964.352
1995-03-16,1995,3,167000,4728.9056
1995-03-17,1995,3,162000,4587.3216
1995-03-18,1995,3,167000,4728.9056
1995-03-19,1995,3,158000,4474.0544
1995-03-20,1995,3,163000,4615.6384
1995-03-21,1995,3,176000,4983.7568
1995-03-22,1995,3,188000,5323.5584
1995-03-23,1995,3,250000,7079.2
1995-03-24,1995,3,226000,6399.5968
1995-03-25,1995,3,223000,6314.6464
1995-03-26,1995,3,221000,6258.0128
1995-03-27,1995,3,206000,5833.2608
1995-03-28,1995,3,175000,4955.44
1995-03-29,1995,3,177000,5012.0736
1995-03-30,1995,3,165000,4672.272
1995-03-31,1995,3,149000,4219.2032
1995-04-01,1995,4,131000,3709.5008
1995-04-02,1995,4,148000,4190.8864
1995-04-03,1995,4,144000,4077.6192
1995-04-04,1995,4,153000,4332.4704
1995-04-05,1995,4,189000,5351.8752
1995-04-06,1995,4,169000,4785.5392
1995-04-07,1995,4,182000,5153.6576
1995-04-08,1995,4,152000,4304.1536
1995-04-09,1995,4,150000,4247.52
1995-04-10,1995,4,165000,4672.272
1995-04-11,1995,4,160000,4530.688
1995-04-12,1995,4,181000,5125.3408
1995-04-13,1995,4,160000,4530.688
1995-04-14,1995,4,188000,5323.5584
1995-04-15,1995,4,183000,5181.9744
1995-04-16,1995,4,167000,4728.9056
1995-04-17,1995,4,191000,5408.5088
1995-04-18,1995,4,205000,5804.944
1995-04-19,1995,4,176000,4983.7568
1995-04-20,1995,4,194000,5493.4592
1995-04-21,1995,4,178000,5040.3904
1995-04-22,1995,4,183000,5181.9744
1995-04-23,1995,4,141000,3992.6688
1995-04-24,1995,4,183000,5181.9744
1995-04-25,1995,4,203000,5748.3104
1995-04-26,1995,4,197000,5578.4096
1995-04-27,1995,4,223000,6314.6464
1995-04-28,1995,4,244000,6909.2992
1995-04-29,1995,4,250000,7079.2
1995-04-30,1995,4,244000,6909.2992
1995-05-01,1995,5,227000,6427.9136
1995-05-02,1995,5,248000,7022.5664
1995-05-03,1995,5,243000,6880.9824
1995-05-04,1995,5,228000,6456.2304
1995-05-05,1995,5,253000,7164.1504
1995-05-06,1995,5,257000,7277.4176
1995-05-07,1995,5,238000,6739.3984
1995-05-08,1995,5,261000,7390.6848
1995-05-09,1995,5,274000,7758.8032
1995-05-10,1995,5,259000,7334.0512
1995-05-11,1995,5,279000,7900.3872
1995-05-12,1995,5,266000,7532.2688
1995-05-13,1995,5,251000,7107.5168
1995-05-14,1995,5,239000,6767.7152
1995-05-15,1995,5,241000,6824.3488
1995-05-16,1995,5,271000,7673.8528
1995-05-17,1995,5,294000,8325.1392
1995-05-18,1995,5,299000,8466.7232
1995-05-19,1995,5,303000,8579.9904
1995-05-20,1995,5,270000,7645.536
1995-05-21,1995,5,243000,6880.9824
1995-05-22,1995,5,260000,7362.368
1995-05-23,1995,5,278000,7872.0704
1995-05-24,1995,5,269000,7617.2192
1995-05-25,1995,5,282000,7985.3376
1995-05-26,1995,5,3e+05,8495.04
1995-05-27,1995,5,260000,7362.368
1995-05-28,1995,5,227000,6427.9136
1995-05-29,1995,5,236000,6682.7648
1995-05-30,1995,5,263000,7447.3184
1995-05-31,1995,5,299000,8466.7232
1995-06-01,1995,6,289000,8183.5552
1995-06-02,1995,6,299000,8466.7232
1995-06-03,1995,6,295000,8353.456
1995-06-04,1995,6,274000,7758.8032
1995-06-05,1995,6,266000,7532.2688
1995-06-06,1995,6,289000,8183.5552
1995-06-07,1995,6,288000,8155.2384
1995-06-08,1995,6,282000,7985.3376
1995-06-09,1995,6,278000,7872.0704
1995-06-10,1995,6,278000,7872.0704
1995-06-11,1995,6,274000,7758.8032
1995-06-12,1995,6,281000,7957.0208
1995-06-13,1995,6,299000,8466.7232
1995-06-14,1995,6,3e+05,8495.04
1995-06-15,1995,6,299000,8466.7232
1995-06-16,1995,6,289000,8183.5552
1995-06-17,1995,6,252000,7135.8336
1995-06-18,1995,6,246000,6965.9328
1995-06-19,1995,6,244000,6909.2992
1995-06-20,1995,6,272000,7702.1696
1995-06-21,1995,6,277000,7843.7536
1995-06-22,1995,6,283000,8013.6544
1995-06-23,1995,6,284000,8041.9712
1995-06-24,1995,6,294000,8325.1392
1995-06-25,1995,6,276000,7815.4368
1995-06-26,1995,6,269000,7617.2192
1995-06-27,1995,6,279000,7900.3872
1995-06-28,1995,6,276000,7815.4368
1995-06-29,1995,6,283000,8013.6544
1995-06-30,1995,6,302000,8551.6736
1995-07-01,1995,7,230000,6512.864
1995-07-02,1995,7,272000,7702.1696
1995-07-03,1995,7,217000,6144.7456
1995-07-04,1995,7,217000,6144.7456
1995-07-05,1995,7,227000,6427.9136
1995-07-06,1995,7,227000,6427.9136
1995-07-07,1995,7,240000,6796.032
1995-07-08,1995,7,245000,6937.616
1995-07-09,1995,7,198000,5606.7264
1995-07-10,1995,7,192000,5436.8256
1995-07-11,1995,7,215000,6088.112
1995-07-12,1995,7,205000,5804.944
1995-07-13,1995,7,208000,5889.8944
1995-07-14,1995,7,217000,6144.7456
1995-07-15,1995,7,177000,5012.0736
1995-07-16,1995,7,181000,5125.3408
1995-07-17,1995,7,180000,5097.024
1995-07-18,1995,7,190000,5380.192
1995-07-19,1995,7,193000,5465.1424
1995-07-20,1995,7,175000,4955.44
1995-07-21,1995,7,174000,4927.1232
1995-07-22,1995,7,156000,4417.4208
1995-07-23,1995,7,162000,4587.3216
1995-07-24,1995,7,178000,5040.3904
1995-07-25,1995,7,186000,5266.9248
1995-07-26,1995,7,180000,5097.024
1995-07-27,1995,7,183000,5181.9744
1995-07-28,1995,7,218000,6173.0624
1995-07-29,1995,7,150000,4247.52
1995-07-30,1995,7,186000,5266.9248
1995-07-31,1995,7,170000,4813.856
1995-08-01,1995,8,173000,4898.8064
1995-08-02,1995,8,177000,5012.0736
1995-08-03,1995,8,150000,4247.52
1995-08-04,1995,8,147000,4162.5696
1995-08-05,1995,8,147000,4162.5696
1995-08-06,1995,8,130000,3681.184
1995-08-07,1995,8,128000,3624.5504
1995-08-08,1995,8,143000,4049.3024
1995-08-09,1995,8,164000,4643.9552
1995-08-10,1995,8,151000,4275.8368
1995-08-11,1995,8,142000,4020.9856
1995-08-12,1995,8,154000,4360.7872
1995-08-13,1995,8,125000,3539.6
1995-08-14,1995,8,133000,3766.1344
1995-08-15,1995,8,150000,4247.52
1995-08-16,1995,8,145000,4105.936
1995-08-17,1995,8,137000,3879.4016
1995-08-18,1995,8,142000,4020.9856
1995-08-19,1995,8,127000,3596.2336
1995-08-20,1995,8,128000,3624.5504
1995-08-21,1995,8,126000,3567.9168
1995-08-22,1995,8,147000,4162.5696
1995-08-23,1995,8,137000,3879.4016
1995-08-24,1995,8,148000,4190.8864
1995-08-25,1995,8,139000,3936.0352
1995-08-26,1995,8,114000,3228.1152
1995-08-27,1995,8,128000,3624.5504
1995-08-28,1995,8,126000,3567.9168
1995-08-29,1995,8,144000,4077.6192
1995-08-30,1995,8,144000,4077.6192
1995-08-31,1995,8,138000,3907.7184
1995-09-01,1995,9,116000,3284.7488
1995-09-02,1995,9,97100,2749.56128
1995-09-03,1995,9,81100,2296.49248
1995-09-04,1995,9,89700,2540.01696
1995-09-05,1995,9,101000,2859.9968
1995-09-06,1995,9,98100,2777.87808
1995-09-07,1995,9,107000,3029.8976
1995-09-08,1995,9,1e+05,2831.68
1995-09-09,1995,9,84400,2389.93792
1995-09-10,1995,9,67400,1908.55232
1995-09-11,1995,9,106000,3001.5808
1995-09-12,1995,9,112000,3171.4816
1995-09-13,1995,9,109000,3086.5312
1995-09-14,1995,9,122000,3454.6496
1995-09-15,1995,9,108000,3058.2144
1995-09-16,1995,9,121000,3426.3328
1995-09-17,1995,9,77100,2183.22528
1995-09-18,1995,9,116000,3284.7488
1995-09-19,1995,9,121000,3426.3328
1995-09-20,1995,9,123000,3482.9664
1995-09-21,1995,9,113000,3199.7984
1995-09-22,1995,9,109000,3086.5312
1995-09-23,1995,9,89200,2525.85856
1995-09-24,1995,9,85100,2409.75968
1995-09-25,1995,9,110000,3114.848
1995-09-26,1995,9,108000,3058.2144
1995-09-27,1995,9,107000,3029.8976
1995-09-28,1995,9,119000,3369.6992
1995-09-29,1995,9,104000,2944.9472
1995-09-30,1995,9,132000,3737.8176
1995-10-01,1995,10,98200,2780.70976
1995-10-02,1995,10,110000,3114.848
1995-10-03,1995,10,113000,3199.7984
1995-10-04,1995,10,130000,3681.184
1995-10-05,1995,10,120000,3398.016
1995-10-06,1995,10,117000,3313.0656
1995-10-07,1995,10,117000,3313.0656
1995-10-08,1995,10,111000,3143.1648
1995-10-09,1995,10,120000,3398.016
1995-10-10,1995,10,132000,3737.8176
1995-10-11,1995,10,139000,3936.0352
1995-10-12,1995,10,130000,3681.184
1995-10-13,1995,10,152000,4304.1536
1995-10-14,1995,10,167000,4728.9056
1995-10-15,1995,10,122000,3454.6496
1995-10-16,1995,10,84200,2384.27456
1995-10-17,1995,10,109000,3086.5312
1995-10-18,1995,10,124000,3511.2832
1995-10-19,1995,10,141000,3992.6688
1995-10-20,1995,10,150000,4247.52
1995-10-21,1995,10,119000,3369.6992
1995-10-22,1995,10,121000,3426.3328
1995-10-23,1995,10,120000,3398.016
1995-10-24,1995,10,123000,3482.9664
1995-10-25,1995,10,142000,4020.9856
1995-10-26,1995,10,119000,3369.6992
1995-10-27,1995,10,144000,4077.6192
1995-10-28,1995,10,129000,3652.8672
1995-10-29,1995,10,121000,3426.3328
1995-10-30,1995,10,117000,3313.0656
1995-10-31,1995,10,118000,3341.3824
1995-11-01,1995,11,165000,4672.272
1995-11-02,1995,11,148000,4190.8864
1995-11-03,1995,11,126000,3567.9168
1995-11-04,1995,11,112000,3171.4816
1995-11-05,1995,11,86300,2443.73984
1995-11-06,1995,11,110000,3114.848
1995-11-07,1995,11,123000,3482.9664
1995-11-08,1995,11,116000,3284.7488
1995-11-09,1995,11,111000,3143.1648
1995-11-10,1995,11,127000,3596.2336
1995-11-11,1995,11,131000,3709.5008
1995-11-12,1995,11,150000,4247.52
1995-11-13,1995,11,153000,4332.4704
1995-11-14,1995,11,153000,4332.4704
1995-11-15,1995,11,171000,4842.1728
1995-11-16,1995,11,154000,4360.7872
1995-11-17,1995,11,156000,4417.4208
1995-11-18,1995,11,173000,4898.8064
1995-11-19,1995,11,175000,4955.44
1995-11-20,1995,11,183000,5181.9744
1995-11-21,1995,11,173000,4898.8064
1995-11-22,1995,11,196000,5550.0928
1995-11-23,1995,11,171000,4842.1728
1995-11-24,1995,11,166000,4700.5888
1995-11-25,1995,11,164000,4643.9552
1995-11-26,1995,11,171000,4842.1728
1995-11-27,1995,11,202000,5719.9936
1995-11-28,1995,11,254000,7192.4672
1995-11-29,1995,11,306000,8664.9408
1995-11-30,1995,11,272000,7702.1696
1995-12-01,1995,12,298000,8438.4064
1995-12-02,1995,12,303000,8579.9904
1995-12-03,1995,12,340000,9627.712
1995-12-04,1995,12,316000,8948.1088
1995-12-05,1995,12,251000,7107.5168
1995-12-06,1995,12,245000,6937.616
1995-12-07,1995,12,247000,6994.2496
1995-12-08,1995,12,261000,7390.6848
1995-12-09,1995,12,268000,7588.9024
1995-12-10,1995,12,247000,6994.2496
1995-12-11,1995,12,242000,6852.6656
1995-12-12,1995,12,274000,7758.8032
1995-12-13,1995,12,316000,8948.1088
1995-12-14,1995,12,303000,8579.9904
1995-12-15,1995,12,271000,7673.8528
1995-12-16,1995,12,279000,7900.3872
1995-12-17,1995,12,279000,7900.3872
1995-12-18,1995,12,241000,6824.3488
1995-12-19,1995,12,236000,6682.7648
1995-12-20,1995,12,245000,6937.616
1995-12-21,1995,12,266000,7532.2688
1995-12-22,1995,12,264000,7475.6352
1995-12-23,1995,12,270000,7645.536
1995-12-24,1995,12,253000,7164.1504
1995-12-25,1995,12,245000,6937.616
1995-12-26,1995,12,210000,5946.528
1995-12-27,1995,12,247000,6994.2496
1995-12-28,1995,12,227000,6427.9136
1995-12-29,1995,12,197000,5578.4096
1995-12-30,1995,12,186000,5266.9248
1995-12-31,1995,12,180000,5097.024
1996-01-01,1996,1,192000,5436.8256
1996-01-02,1996,1,195000,5521.776
1996-01-03,1996,1,212000,6003.1616
1996-01-04,1996,1,220000,6229.696
1996-01-05,1996,1,223000,6314.6464
1996-01-06,1996,1,216000,6116.4288
1996-01-07,1996,1,216000,6116.4288
1996-01-08,1996,1,227000,6427.9136
1996-01-09,1996,1,218000,6173.0624
1996-01-10,1996,1,220000,6229.696
1996-01-11,1996,1,273000,7730.4864
1996-01-12,1996,1,279000,7900.3872
1996-01-13,1996,1,247000,6994.2496
1996-01-14,1996,1,265000,7503.952
1996-01-15,1996,1,254000,7192.4672
1996-01-16,1996,1,261000,7390.6848
1996-01-17,1996,1,265000,7503.952
1996-01-18,1996,1,275000,7787.12
1996-01-19,1996,1,277000,7843.7536
1996-01-20,1996,1,288000,8155.2384
1996-01-21,1996,1,275000,7787.12
1996-01-22,1996,1,303000,8579.9904
1996-01-23,1996,1,279000,7900.3872
1996-01-24,1996,1,289000,8183.5552
1996-01-25,1996,1,271000,7673.8528
1996-01-26,1996,1,264000,7475.6352
1996-01-27,1996,1,248000,7022.5664
1996-01-28,1996,1,213000,6031.4784
1996-01-29,1996,1,259000,7334.0512
1996-01-30,1996,1,249000,7050.8832
1996-01-31,1996,1,249000,7050.8832
1996-02-01,1996,2,254000,7192.4672
1996-02-02,1996,2,250000,7079.2
1996-02-03,1996,2,248000,7022.5664
1996-02-04,1996,2,224000,6342.9632
1996-02-05,1996,2,231000,6541.1808
1996-02-06,1996,2,265000,7503.952
1996-02-07,1996,2,266000,7532.2688
1996-02-08,1996,2,350000,9910.88
1996-02-09,1996,2,311000,8806.5248
1996-02-10,1996,2,376000,10647.1168
1996-02-11,1996,2,375000,10618.8
1996-02-12,1996,2,349000,9882.5632
1996-02-13,1996,2,345000,9769.296
1996-02-14,1996,2,373000,10562.1664
1996-02-15,1996,2,337000,9542.7616
1996-02-16,1996,2,353000,9995.8304
1996-02-17,1996,2,369000,10448.8992
1996-02-18,1996,2,372000,10533.8496
1996-02-19,1996,2,376000,10647.1168
1996-02-20,1996,2,408000,11553.2544
1996-02-21,1996,2,368000,10420.5824
1996-02-22,1996,2,370000,10477.216
1996-02-23,1996,2,374000,10590.4832
1996-02-24,1996,2,383000,10845.3344
1996-02-25,1996,2,4e+05,11326.72
1996-02-26,1996,2,383000,10845.3344
1996-02-27,1996,2,381000,10788.7008
1996-02-28,1996,2,382000,10817.0176
1996-02-29,1996,2,398000,11270.0864
1996-03-01,1996,3,364000,10307.3152
1996-03-02,1996,3,325000,9202.96
1996-03-03,1996,3,274000,7758.8032
1996-03-04,1996,3,299000,8466.7232
1996-03-05,1996,3,370000,10477.216
1996-03-06,1996,3,318000,9004.7424
1996-03-07,1996,3,309000,8749.8912
1996-03-08,1996,3,326000,9231.2768
1996-03-09,1996,3,312000,8834.8416
1996-03-10,1996,3,278000,7872.0704
1996-03-11,1996,3,321000,9089.6928
1996-03-12,1996,3,338000,9571.0784
1996-03-13,1996,3,339000,9599.3952
1996-03-14,1996,3,353000,9995.8304
1996-03-15,1996,3,357000,10109.0976
1996-03-16,1996,3,338000,9571.0784
1996-03-17,1996,3,332000,9401.1776
1996-03-18,1996,3,324000,9174.6432
1996-03-19,1996,3,296000,8381.7728
1996-03-20,1996,3,314000,8891.4752
1996-03-21,1996,3,301000,8523.3568
1996-03-22,1996,3,303000,8579.9904
1996-03-23,1996,3,303000,8579.9904
1996-03-24,1996,3,289000,8183.5552
1996-03-25,1996,3,291000,8240.1888
1996-03-26,1996,3,293000,8296.8224
1996-03-27,1996,3,288000,8155.2384
1996-03-28,1996,3,296000,8381.7728
1996-03-29,1996,3,288000,8155.2384
1996-03-30,1996,3,237000,6711.0816
1996-03-31,1996,3,208000,5889.8944
1996-04-01,1996,4,235000,6654.448
1996-04-02,1996,4,240000,6796.032
1996-04-03,1996,4,248000,7022.5664
1996-04-04,1996,4,265000,7503.952
1996-04-05,1996,4,244000,6909.2992
1996-04-06,1996,4,292000,8268.5056
1996-04-07,1996,4,257000,7277.4176
1996-04-08,1996,4,224000,6342.9632
1996-04-09,1996,4,235000,6654.448
1996-04-10,1996,4,313000,8863.1584
1996-04-11,1996,4,349000,9882.5632
1996-04-12,1996,4,353000,9995.8304
1996-04-13,1996,4,344000,9740.9792
1996-04-14,1996,4,339000,9599.3952
1996-04-15,1996,4,342000,9684.3456
1996-04-16,1996,4,319000,9033.0592
1996-04-17,1996,4,333000,9429.4944
1996-04-18,1996,4,360000,10194.048
1996-04-19,1996,4,356000,10080.7808
1996-04-20,1996,4,333000,9429.4944
1996-04-21,1996,4,331000,9372.8608
1996-04-22,1996,4,322000,9118.0096
1996-04-23,1996,4,354000,10024.1472
1996-04-24,1996,4,383000,10845.3344
1996-04-25,1996,4,384000,10873.6512
1996-04-26,1996,4,393000,11128.5024
1996-04-27,1996,4,396000,11213.4528
1996-04-28,1996,4,407000,11524.9376
1996-04-29,1996,4,339000,9599.3952
1996-04-30,1996,4,327000,9259.5936
1996-05-01,1996,5,345000,9769.296
1996-05-02,1996,5,346000,9797.6128
1996-05-03,1996,5,312000,8834.8416
1996-05-04,1996,5,328000,9287.9104
1996-05-05,1996,5,317000,8976.4256
1996-05-06,1996,5,323000,9146.3264
1996-05-07,1996,5,284000,8041.9712
1996-05-08,1996,5,292000,8268.5056
1996-05-09,1996,5,304000,8608.3072
1996-05-10,1996,5,275000,7787.12
1996-05-11,1996,5,247000,6994.2496
1996-05-12,1996,5,261000,7390.6848
1996-05-13,1996,5,241000,6824.3488
1996-05-14,1996,5,288000,8155.2384
1996-05-15,1996,5,322000,9118.0096
1996-05-16,1996,5,319000,9033.0592
1996-05-17,1996,5,337000,9542.7616
1996-05-18,1996,5,386000,10930.2848
1996-05-19,1996,5,409000,11581.5712
1996-05-20,1996,5,416000,11779.7888
1996-05-21,1996,5,406000,11496.6208
1996-05-22,1996,5,379000,10732.0672
1996-05-23,1996,5,404000,11439.9872
1996-05-24,1996,5,386000,10930.2848
1996-05-25,1996,5,385000,10901.968
1996-05-26,1996,5,354000,10024.1472
1996-05-27,1996,5,360000,10194.048
1996-05-28,1996,5,366000,10363.9488
1996-05-29,1996,5,404000,11439.9872
1996-05-30,1996,5,430000,12176.224
1996-05-31,1996,5,372000,10533.8496
1996-06-01,1996,6,399000,11298.4032
1996-06-02,1996,6,391000,11071.8688
1996-06-03,1996,6,372000,10533.8496
1996-06-04,1996,6,393000,11128.5024
1996-06-05,1996,6,416000,11779.7888
1996-06-06,1996,6,420000,11893.056
1996-06-07,1996,6,402000,11383.3536
1996-06-08,1996,6,421000,11921.3728
1996-06-09,1996,6,432000,12232.8576
1996-06-10,1996,6,454000,12855.8272
1996-06-11,1996,6,456000,12912.4608
1996-06-12,1996,6,452000,12799.1936
1996-06-13,1996,6,439000,12431.0752
1996-06-14,1996,6,418000,11836.4224
1996-06-15,1996,6,4e+05,11326.72
1996-06-16,1996,6,424000,12006.3232
1996-06-17,1996,6,418000,11836.4224
1996-06-18,1996,6,426000,12062.9568
1996-06-19,1996,6,406000,11496.6208
1996-06-20,1996,6,366000,10363.9488
1996-06-21,1996,6,334000,9457.8112
1996-06-22,1996,6,292000,8268.5056
1996-06-23,1996,6,276000,7815.4368
1996-06-24,1996,6,288000,8155.2384
1996-06-25,1996,6,282000,7985.3376
1996-06-26,1996,6,327000,9259.5936
1996-06-27,1996,6,3e+05,8495.04
1996-06-28,1996,6,312000,8834.8416
1996-06-29,1996,6,319000,9033.0592
1996-06-30,1996,6,297000,8410.0896
1996-07-01,1996,7,241000,6824.3488
1996-07-02,1996,7,248000,7022.5664
1996-07-03,1996,7,256000,7249.1008
1996-07-04,1996,7,268000,7588.9024
1996-07-05,1996,7,260000,7362.368
1996-07-06,1996,7,255000,7220.784
1996-07-07,1996,7,269000,7617.2192
1996-07-08,1996,7,272000,7702.1696
1996-07-09,1996,7,261000,7390.6848
1996-07-10,1996,7,270000,7645.536
1996-07-11,1996,7,256000,7249.1008
1996-07-12,1996,7,264000,7475.6352
1996-07-13,1996,7,273000,7730.4864
1996-07-14,1996,7,258000,7305.7344
1996-07-15,1996,7,258000,7305.7344
1996-07-16,1996,7,241000,6824.3488
1996-07-17,1996,7,258000,7305.7344
1996-07-18,1996,7,210000,5946.528
1996-07-19,1996,7,235000,6654.448
1996-07-20,1996,7,224000,6342.9632
1996-07-21,1996,7,192000,5436.8256
1996-07-22,1996,7,244000,6909.2992
1996-07-23,1996,7,211000,5974.8448
1996-07-24,1996,7,249000,7050.8832
1996-07-25,1996,7,214000,6059.7952
1996-07-26,1996,7,240000,6796.032
1996-07-27,1996,7,196000,5550.0928
1996-07-28,1996,7,159000,4502.3712
1996-07-29,1996,7,187000,5295.2416
1996-07-30,1996,7,173000,4898.8064
1996-07-31,1996,7,189000,5351.8752
1996-08-01,1996,8,193000,5465.1424
1996-08-02,1996,8,203000,5748.3104
1996-08-03,1996,8,175000,4955.44
1996-08-04,1996,8,136000,3851.0848
1996-08-05,1996,8,181000,5125.3408
1996-08-06,1996,8,222000,6286.3296
1996-08-07,1996,8,201000,5691.6768
1996-08-08,1996,8,207000,5861.5776
1996-08-09,1996,8,199000,5635.0432
1996-08-10,1996,8,170000,4813.856
1996-08-11,1996,8,149000,4219.2032
1996-08-12,1996,8,2e+05,5663.36
1996-08-13,1996,8,206000,5833.2608
1996-08-14,1996,8,216000,6116.4288
1996-08-15,1996,8,208000,5889.8944
1996-08-16,1996,8,185000,5238.608
1996-08-17,1996,8,157000,4445.7376
1996-08-18,1996,8,157000,4445.7376
1996-08-19,1996,8,187000,5295.2416
1996-08-20,1996,8,190000,5380.192
1996-08-21,1996,8,182000,5153.6576
1996-08-22,1996,8,201000,5691.6768
1996-08-23,1996,8,159000,4502.3712
1996-08-24,1996,8,158000,4474.0544
1996-08-25,1996,8,157000,4445.7376
1996-08-26,1996,8,157000,4445.7376
1996-08-27,1996,8,145000,4105.936
1996-08-28,1996,8,160000,4530.688
1996-08-29,1996,8,166000,4700.5888
1996-08-30,1996,8,159000,4502.3712
1996-08-31,1996,8,163000,4615.6384
1996-09-01,1996,9,133000,3766.1344
1996-09-02,1996,9,97600,2763.71968
1996-09-03,1996,9,136000,3851.0848
1996-09-04,1996,9,122000,3454.6496
1996-09-05,1996,9,127000,3596.2336
1996-09-06,1996,9,137000,3879.4016
1996-09-07,1996,9,116000,3284.7488
1996-09-08,1996,9,122000,3454.6496
1996-09-09,1996,9,132000,3737.8176
1996-09-10,1996,9,137000,3879.4016
1996-09-11,1996,9,126000,3567.9168
1996-09-12,1996,9,118000,3341.3824
1996-09-13,1996,9,148000,4190.8864
1996-09-14,1996,9,155000,4389.104
1996-09-15,1996,9,98600,2792.03648
1996-09-16,1996,9,120000,3398.016
1996-09-17,1996,9,122000,3454.6496
1996-09-18,1996,9,116000,3284.7488
1996-09-19,1996,9,127000,3596.2336
1996-09-20,1996,9,141000,3992.6688
1996-09-21,1996,9,138000,3907.7184
1996-09-22,1996,9,137000,3879.4016
1996-09-23,1996,9,135000,3822.768
1996-09-24,1996,9,135000,3822.768
1996-09-25,1996,9,137000,3879.4016
1996-09-26,1996,9,137000,3879.4016
1996-09-27,1996,9,144000,4077.6192
1996-09-28,1996,9,105000,2973.264
1996-09-29,1996,9,103000,2916.6304
1996-09-30,1996,9,114000,3228.1152
1996-10-01,1996,10,133000,3766.1344
1996-10-02,1996,10,121000,3426.3328
1996-10-03,1996,10,129000,3652.8672
1996-10-04,1996,10,136000,3851.0848
1996-10-05,1996,10,117000,3313.0656
1996-10-06,1996,10,107000,3029.8976
1996-10-07,1996,10,110000,3114.848
1996-10-08,1996,10,134000,3794.4512
1996-10-09,1996,10,144000,4077.6192
1996-10-10,1996,10,133000,3766.1344
1996-10-11,1996,10,146000,4134.2528
1996-10-12,1996,10,138000,3907.7184
1996-10-13,1996,10,128000,3624.5504
1996-10-14,1996,10,149000,4219.2032
1996-10-15,1996,10,128000,3624.5504
1996-10-16,1996,10,131000,3709.5008
1996-10-17,1996,10,135000,3822.768
1996-10-18,1996,10,118000,3341.3824
1996-10-19,1996,10,117000,3313.0656
1996-10-20,1996,10,137000,3879.4016
1996-10-21,1996,10,148000,4190.8864
1996-10-22,1996,10,130000,3681.184
1996-10-23,1996,10,129000,3652.8672
1996-10-24,1996,10,139000,3936.0352
1996-10-25,1996,10,139000,3936.0352
1996-10-26,1996,10,122000,3454.6496
1996-10-27,1996,10,93000,2633.4624
1996-10-28,1996,10,128000,3624.5504
1996-10-29,1996,10,134000,3794.4512
1996-10-30,1996,10,131000,3709.5008
1996-10-31,1996,10,120000,3398.016
1996-11-01,1996,11,117000,3313.0656
1996-11-02,1996,11,108000,3058.2144
1996-11-03,1996,11,93800,2656.11584
1996-11-04,1996,11,134000,3794.4512
1996-11-05,1996,11,126000,3567.9168
1996-11-06,1996,11,123000,3482.9664
1996-11-07,1996,11,133000,3766.1344
1996-11-08,1996,11,121000,3426.3328
1996-11-09,1996,11,125000,3539.6
1996-11-10,1996,11,115000,3256.432
1996-11-11,1996,11,136000,3851.0848
1996-11-12,1996,11,126000,3567.9168
1996-11-13,1996,11,125000,3539.6
1996-11-14,1996,11,132000,3737.8176
1996-11-15,1996,11,126000,3567.9168
1996-11-16,1996,11,121000,3426.3328
1996-11-17,1996,11,133000,3766.1344
1996-11-18,1996,11,152000,4304.1536
1996-11-19,1996,11,170000,4813.856
1996-11-20,1996,11,165000,4672.272
1996-11-21,1996,11,156000,4417.4208
1996-11-22,1996,11,156000,4417.4208
1996-11-23,1996,11,147000,4162.5696
1996-11-24,1996,11,162000,4587.3216
1996-11-25,1996,11,146000,4134.2528
1996-11-26,1996,11,133000,3766.1344
1996-11-27,1996,11,144000,4077.6192
1996-11-28,1996,11,121000,3426.3328
1996-11-29,1996,11,122000,3454.6496
1996-11-30,1996,11,153000,4332.4704
1996-12-01,1996,12,148000,4190.8864
1996-12-02,1996,12,174000,4927.1232
1996-12-03,1996,12,179000,5068.7072
1996-12-04,1996,12,187000,5295.2416
1996-12-05,1996,12,210000,5946.528
1996-12-06,1996,12,195000,5521.776
1996-12-07,1996,12,156000,4417.4208
1996-12-08,1996,12,188000,5323.5584
1996-12-09,1996,12,181000,5125.3408
1996-12-10,1996,12,173000,4898.8064
1996-12-11,1996,12,195000,5521.776
1996-12-12,1996,12,181000,5125.3408
1996-12-13,1996,12,169000,4785.5392
1996-12-14,1996,12,144000,4077.6192
1996-12-15,1996,12,143000,4049.3024
1996-12-16,1996,12,173000,4898.8064
1996-12-17,1996,12,176000,4983.7568
1996-12-18,1996,12,181000,5125.3408
1996-12-19,1996,12,171000,4842.1728
1996-12-20,1996,12,204000,5776.6272
1996-12-21,1996,12,202000,5719.9936
1996-12-22,1996,12,197000,5578.4096
1996-12-23,1996,12,179000,5068.7072
1996-12-24,1996,12,182000,5153.6576
1996-12-25,1996,12,192000,5436.8256
1996-12-26,1996,12,218000,6173.0624
1996-12-27,1996,12,208000,5889.8944
1996-12-28,1996,12,240000,6796.032
1996-12-29,1996,12,206000,5833.2608
1996-12-30,1996,12,175000,4955.44
1996-12-31,1996,12,247000,6994.2496
1997-01-01,1997,1,301000,8523.3568
1997-01-02,1997,1,316000,8948.1088
1997-01-03,1997,1,321000,9089.6928
1997-01-04,1997,1,315000,8919.792
1997-01-05,1997,1,322000,9118.0096
1997-01-06,1997,1,307000,8693.2576
1997-01-07,1997,1,269000,7617.2192
1997-01-08,1997,1,279000,7900.3872
1997-01-09,1997,1,278000,7872.0704
1997-01-10,1997,1,285000,8070.288
1997-01-11,1997,1,285000,8070.288
1997-01-12,1997,1,278000,7872.0704
1997-01-13,1997,1,276000,7815.4368
1997-01-14,1997,1,305000,8636.624
1997-01-15,1997,1,275000,7787.12
1997-01-16,1997,1,273000,7730.4864
1997-01-17,1997,1,256000,7249.1008
1997-01-18,1997,1,272000,7702.1696
1997-01-19,1997,1,221000,6258.0128
1997-01-20,1997,1,247000,6994.2496
1997-01-21,1997,1,262000,7419.0016
1997-01-22,1997,1,224000,6342.9632
1997-01-23,1997,1,216000,6116.4288
1997-01-24,1997,1,228000,6456.2304
1997-01-25,1997,1,244000,6909.2992
1997-01-26,1997,1,258000,7305.7344
1997-01-27,1997,1,263000,7447.3184
1997-01-28,1997,1,257000,7277.4176
1997-01-29,1997,1,248000,7022.5664
1997-01-30,1997,1,288000,8155.2384
1997-01-31,1997,1,355000,10052.464
1997-02-01,1997,2,3e+05,8495.04
1997-02-02,1997,2,290000,8211.872
1997-02-03,1997,2,260000,7362.368
1997-02-04,1997,2,286000,8098.6048
1997-02-05,1997,2,296000,8381.7728
1997-02-06,1997,2,297000,8410.0896
1997-02-07,1997,2,298000,8438.4064
1997-02-08,1997,2,247000,6994.2496
1997-02-09,1997,2,292000,8268.5056
1997-02-10,1997,2,281000,7957.0208
1997-02-11,1997,2,230000,6512.864
1997-02-12,1997,2,276000,7815.4368
1997-02-13,1997,2,269000,7617.2192
1997-02-14,1997,2,247000,6994.2496
1997-02-15,1997,2,275000,7787.12
1997-02-16,1997,2,272000,7702.1696
1997-02-17,1997,2,257000,7277.4176
1997-02-18,1997,2,258000,7305.7344
1997-02-19,1997,2,266000,7532.2688
1997-02-20,1997,2,289000,8183.5552
1997-02-21,1997,2,271000,7673.8528
1997-02-22,1997,2,353000,9995.8304
1997-02-23,1997,2,329000,9316.2272
1997-02-24,1997,2,272000,7702.1696
1997-02-25,1997,2,275000,7787.12
1997-02-26,1997,2,279000,7900.3872
1997-02-27,1997,2,274000,7758.8032
1997-02-28,1997,2,262000,7419.0016
1997-03-01,1997,3,258000,7305.7344
1997-03-02,1997,3,250000,7079.2
1997-03-03,1997,3,238000,6739.3984
1997-03-04,1997,3,230000,6512.864
1997-03-05,1997,3,258000,7305.7344
1997-03-06,1997,3,261000,7390.6848
1997-03-07,1997,3,223000,6314.6464
1997-03-08,1997,3,240000,6796.032
1997-03-09,1997,3,202000,5719.9936
1997-03-10,1997,3,219000,6201.3792
1997-03-11,1997,3,246000,6965.9328
1997-03-12,1997,3,251000,7107.5168
1997-03-13,1997,3,256000,7249.1008
1997-03-14,1997,3,265000,7503.952
1997-03-15,1997,3,254000,7192.4672
1997-03-16,1997,3,223000,6314.6464
1997-03-17,1997,3,263000,7447.3184
1997-03-18,1997,3,260000,7362.368
1997-03-19,1997,3,293000,8296.8224
1997-03-20,1997,3,312000,8834.8416
1997-03-21,1997,3,296000,8381.7728
1997-03-22,1997,3,324000,9174.6432
1997-03-23,1997,3,342000,9684.3456
1997-03-24,1997,3,302000,8551.6736
1997-03-25,1997,3,279000,7900.3872
1997-03-26,1997,3,344000,9740.9792
1997-03-27,1997,3,350000,9910.88
1997-03-28,1997,3,412000,11666.5216
1997-03-29,1997,3,401000,11355.0368
1997-03-30,1997,3,381000,10788.7008
1997-03-31,1997,3,322000,9118.0096
1997-04-01,1997,4,323000,9146.3264
1997-04-02,1997,4,366000,10363.9488
1997-04-03,1997,4,293000,8296.8224
1997-04-04,1997,4,307000,8693.2576
1997-04-05,1997,4,297000,8410.0896
1997-04-06,1997,4,242000,6852.6656
1997-04-07,1997,4,267000,7560.5856
1997-04-08,1997,4,264000,7475.6352
1997-04-09,1997,4,261000,7390.6848
1997-04-10,1997,4,274000,7758.8032
1997-04-11,1997,4,274000,7758.8032
1997-04-12,1997,4,254000,7192.4672
1997-04-13,1997,4,205000,5804.944
1997-04-14,1997,4,253000,7164.1504
1997-04-15,1997,4,241000,6824.3488
1997-04-16,1997,4,255000,7220.784
1997-04-17,1997,4,271000,7673.8528
1997-04-18,1997,4,289000,8183.5552
1997-04-19,1997,4,306000,8664.9408
1997-04-20,1997,4,291000,8240.1888
1997-04-21,1997,4,335000,9486.128
1997-04-22,1997,4,432000,12232.8576
1997-04-23,1997,4,450000,12742.56
1997-04-24,1997,4,459000,12997.4112
1997-04-25,1997,4,452000,12799.1936
1997-04-26,1997,4,423000,11978.0064
1997-04-27,1997,4,419000,11864.7392
1997-04-28,1997,4,394000,11156.8192
1997-04-29,1997,4,452000,12799.1936
1997-04-30,1997,4,457000,12940.7776
1997-05-01,1997,5,479000,13563.7472
1997-05-02,1997,5,468000,13252.2624
1997-05-03,1997,5,428000,12119.5904
1997-05-04,1997,5,4e+05,11326.72
1997-05-05,1997,5,384000,10873.6512
1997-05-06,1997,5,404000,11439.9872
1997-05-07,1997,5,404000,11439.9872
1997-05-08,1997,5,404000,11439.9872
1997-05-09,1997,5,404000,11439.9872
1997-05-10,1997,5,387000,10958.6016
1997-05-11,1997,5,379000,10732.0672
1997-05-12,1997,5,453000,12827.5104
1997-05-13,1997,5,510000,14441.568
1997-05-14,1997,5,497000,14073.4496
1997-05-15,1997,5,455000,12884.144
1997-05-16,1997,5,443000,12544.3424
1997-05-17,1997,5,482000,13648.6976
1997-05-18,1997,5,516000,14611.4688
1997-05-19,1997,5,527000,14922.9536
1997-05-20,1997,5,526000,14894.6368
1997-05-21,1997,5,523000,14809.6864
1997-05-22,1997,5,503000,14243.3504
1997-05-23,1997,5,494000,13988.4992
1997-05-24,1997,5,498000,14101.7664
1997-05-25,1997,5,465000,13167.312
1997-05-26,1997,5,468000,13252.2624
1997-05-27,1997,5,455000,12884.144
1997-05-28,1997,5,464000,13138.9952
1997-05-29,1997,5,468000,13252.2624
1997-05-30,1997,5,450000,12742.56
1997-05-31,1997,5,461000,13054.0448
1997-06-01,1997,6,484000,13705.3312
1997-06-02,1997,6,506000,14328.3008
1997-06-03,1997,6,557000,15772.4576
1997-06-04,1997,6,533000,15092.8544
1997-06-05,1997,6,520000,14724.736
1997-06-06,1997,6,501000,14186.7168
1997-06-07,1997,6,512000,14498.2016
1997-06-08,1997,6,512000,14498.2016
1997-06-09,1997,6,497000,14073.4496
1997-06-10,1997,6,517000,14639.7856
1997-06-11,1997,6,517000,14639.7856
1997-06-12,1997,6,541000,15319.3888
1997-06-13,1997,6,566000,16027.3088
1997-06-14,1997,6,564000,15970.6752
1997-06-15,1997,6,571000,16168.8928
1997-06-16,1997,6,554000,15687.5072
1997-06-17,1997,6,557000,15772.4576
1997-06-18,1997,6,543000,15376.0224
1997-06-19,1997,6,529000,14979.5872
1997-06-20,1997,6,503000,14243.3504
1997-06-21,1997,6,487000,13790.2816
1997-06-22,1997,6,464000,13138.9952
1997-06-23,1997,6,442000,12516.0256
1997-06-24,1997,6,453000,12827.5104
1997-06-25,1997,6,401000,11355.0368
1997-06-26,1997,6,369000,10448.8992
1997-06-27,1997,6,385000,10901.968
1997-06-28,1997,6,372000,10533.8496
1997-06-29,1997,6,351000,9939.1968
1997-06-30,1997,6,303000,8579.9904
1997-07-01,1997,7,289000,8183.5552
1997-07-02,1997,7,289000,8183.5552
1997-07-03,1997,7,315000,8919.792
1997-07-04,1997,7,275000,7787.12
1997-07-05,1997,7,288000,8155.2384
1997-07-06,1997,7,285000,8070.288
1997-07-07,1997,7,283000,8013.6544
1997-07-08,1997,7,242000,6852.6656
1997-07-09,1997,7,249000,7050.8832
1997-07-10,1997,7,276000,7815.4368
1997-07-11,1997,7,285000,8070.288
1997-07-12,1997,7,270000,7645.536
1997-07-13,1997,7,258000,7305.7344
1997-07-14,1997,7,261000,7390.6848
1997-07-15,1997,7,277000,7843.7536
1997-07-16,1997,7,290000,8211.872
1997-07-17,1997,7,3e+05,8495.04
1997-07-18,1997,7,295000,8353.456
1997-07-19,1997,7,302000,8551.6736
1997-07-20,1997,7,270000,7645.536
1997-07-21,1997,7,268000,7588.9024
1997-07-22,1997,7,261000,7390.6848
1997-07-23,1997,7,279000,7900.3872
1997-07-24,1997,7,244000,6909.2992
1997-07-25,1997,7,261000,7390.6848
1997-07-26,1997,7,260000,7362.368
1997-07-27,1997,7,213000,6031.4784
1997-07-28,1997,7,261000,7390.6848
1997-07-29,1997,7,228000,6456.2304
1997-07-30,1997,7,206000,5833.2608
1997-07-31,1997,7,190000,5380.192
1997-08-01,1997,8,197000,5578.4096
1997-08-02,1997,8,173000,4898.8064
1997-08-03,1997,8,168000,4757.2224
1997-08-04,1997,8,177000,5012.0736
1997-08-05,1997,8,199000,5635.0432
1997-08-06,1997,8,245000,6937.616
1997-08-07,1997,8,209000,5918.2112
1997-08-08,1997,8,212000,6003.1616
1997-08-09,1997,8,224000,6342.9632
1997-08-10,1997,8,177000,5012.0736
1997-08-11,1997,8,196000,5550.0928
1997-08-12,1997,8,185000,5238.608
1997-08-13,1997,8,196000,5550.0928
1997-08-14,1997,8,204000,5776.6272
1997-08-15,1997,8,204000,5776.6272
1997-08-16,1997,8,198000,5606.7264
1997-08-17,1997,8,177000,5012.0736
1997-08-18,1997,8,187000,5295.2416
1997-08-19,1997,8,202000,5719.9936
1997-08-20,1997,8,193000,5465.1424
1997-08-21,1997,8,220000,6229.696
1997-08-22,1997,8,215000,6088.112
1997-08-23,1997,8,199000,5635.0432
1997-08-24,1997,8,158000,4474.0544
1997-08-25,1997,8,194000,5493.4592
1997-08-26,1997,8,179000,5068.7072
1997-08-27,1997,8,195000,5521.776
1997-08-28,1997,8,169000,4785.5392
1997-08-29,1997,8,180000,5097.024
1997-08-30,1997,8,204000,5776.6272
1997-08-31,1997,8,196000,5550.0928
1997-09-01,1997,9,142000,4020.9856
1997-09-02,1997,9,143000,4049.3024
1997-09-03,1997,9,148000,4190.8864
1997-09-04,1997,9,140000,3964.352
1997-09-05,1997,9,145000,4105.936
1997-09-06,1997,9,148000,4190.8864
1997-09-07,1997,9,110000,3114.848
1997-09-08,1997,9,116000,3284.7488
1997-09-09,1997,9,129000,3652.8672
1997-09-10,1997,9,140000,3964.352
1997-09-11,1997,9,129000,3652.8672
1997-09-12,1997,9,152000,4304.1536
1997-09-13,1997,9,134000,3794.4512
1997-09-14,1997,9,117000,3313.0656
1997-09-15,1997,9,120000,3398.016
1997-09-16,1997,9,144000,4077.6192
1997-09-17,1997,9,150000,4247.52
1997-09-18,1997,9,164000,4643.9552
1997-09-19,1997,9,170000,4813.856
1997-09-20,1997,9,164000,4643.9552
1997-09-21,1997,9,173000,4898.8064
1997-09-22,1997,9,150000,4247.52
1997-09-23,1997,9,164000,4643.9552
1997-09-24,1997,9,196000,5550.0928
1997-09-25,1997,9,183000,5181.9744
1997-09-26,1997,9,167000,4728.9056
1997-09-27,1997,9,164000,4643.9552
1997-09-28,1997,9,168000,4757.2224
1997-09-29,1997,9,132000,3737.8176
1997-09-30,1997,9,155000,4389.104
1997-10-01,1997,10,181000,5125.3408
1997-10-02,1997,10,161000,4559.0048
1997-10-03,1997,10,187000,5295.2416
1997-10-04,1997,10,139000,3936.0352
1997-10-05,1997,10,136000,3851.0848
1997-10-06,1997,10,188000,5323.5584
1997-10-07,1997,10,151000,4275.8368
1997-10-08,1997,10,211000,5974.8448
1997-10-09,1997,10,199000,5635.0432
1997-10-10,1997,10,180000,5097.024
1997-10-11,1997,10,196000,5550.0928
1997-10-12,1997,10,220000,6229.696
1997-10-13,1997,10,181000,5125.3408
1997-10-14,1997,10,192000,5436.8256
1997-10-15,1997,10,209000,5918.2112
1997-10-16,1997,10,206000,5833.2608
1997-10-17,1997,10,214000,6059.7952
1997-10-18,1997,10,183000,5181.9744
1997-10-19,1997,10,160000,4530.688
1997-10-20,1997,10,146000,4134.2528
1997-10-21,1997,10,137000,3879.4016
1997-10-22,1997,10,134000,3794.4512
1997-10-23,1997,10,159000,4502.3712
1997-10-24,1997,10,173000,4898.8064
1997-10-25,1997,10,112000,3171.4816
1997-10-26,1997,10,115000,3256.432
1997-10-27,1997,10,129000,3652.8672
1997-10-28,1997,10,159000,4502.3712
1997-10-29,1997,10,137000,3879.4016
1997-10-30,1997,10,135000,3822.768
1997-10-31,1997,10,146000,4134.2528
1997-11-01,1997,11,128000,3624.5504
1997-11-02,1997,11,123000,3482.9664
1997-11-03,1997,11,152000,4304.1536
1997-11-04,1997,11,165000,4672.272
1997-11-05,1997,11,151000,4275.8368
1997-11-06,1997,11,178000,5040.3904
1997-11-07,1997,11,176000,4983.7568
1997-11-08,1997,11,126000,3567.9168
1997-11-09,1997,11,158000,4474.0544
1997-11-10,1997,11,145000,4105.936
1997-11-11,1997,11,152000,4304.1536
1997-11-12,1997,11,149000,4219.2032
1997-11-13,1997,11,161000,4559.0048
1997-11-14,1997,11,152000,4304.1536
1997-11-15,1997,11,127000,3596.2336
1997-11-16,1997,11,171000,4842.1728
1997-11-17,1997,11,167000,4728.9056
1997-11-18,1997,11,146000,4134.2528
1997-11-19,1997,11,156000,4417.4208
1997-11-20,1997,11,124000,3511.2832
1997-11-21,1997,11,150000,4247.52
1997-11-22,1997,11,150000,4247.52
1997-11-23,1997,11,155000,4389.104
1997-11-24,1997,11,146000,4134.2528
1997-11-25,1997,11,146000,4134.2528
1997-11-26,1997,11,186000,5266.9248
1997-11-27,1997,11,151000,4275.8368
1997-11-28,1997,11,140000,3964.352
1997-11-29,1997,11,136000,3851.0848
1997-11-30,1997,11,140000,3964.352
1997-12-01,1997,12,159000,4502.3712
1997-12-02,1997,12,161000,4559.0048
1997-12-03,1997,12,198000,5606.7264
1997-12-04,1997,12,188000,5323.5584
1997-12-05,1997,12,181000,5125.3408
1997-12-06,1997,12,151000,4275.8368
1997-12-07,1997,12,185000,5238.608
1997-12-08,1997,12,163000,4615.6384
1997-12-09,1997,12,184000,5210.2912
1997-12-10,1997,12,181000,5125.3408
1997-12-11,1997,12,208000,5889.8944
1997-12-12,1997,12,208000,5889.8944
1997-12-13,1997,12,223000,6314.6464
1997-12-14,1997,12,177000,5012.0736
1997-12-15,1997,12,204000,5776.6272
1997-12-16,1997,12,177000,5012.0736
1997-12-17,1997,12,170000,4813.856
1997-12-18,1997,12,190000,5380.192
1997-12-19,1997,12,188000,5323.5584
1997-12-20,1997,12,158000,4474.0544
1997-12-21,1997,12,183000,5181.9744
1997-12-22,1997,12,207000,5861.5776
1997-12-23,1997,12,163000,4615.6384
1997-12-24,1997,12,152000,4304.1536
1997-12-25,1997,12,157000,4445.7376
1997-12-26,1997,12,156000,4417.4208
1997-12-27,1997,12,167000,4728.9056
1997-12-28,1997,12,137000,3879.4016
1997-12-29,1997,12,147000,4162.5696
1997-12-30,1997,12,167000,4728.9056
1997-12-31,1997,12,182000,5153.6576
1998-01-01,1998,1,143000,4049.3024
1998-01-02,1998,1,139000,3936.0352
1998-01-03,1998,1,147000,4162.5696
1998-01-04,1998,1,147000,4162.5696
1998-01-05,1998,1,174000,4927.1232
1998-01-06,1998,1,213000,6031.4784
1998-01-07,1998,1,158000,4474.0544
1998-01-08,1998,1,173000,4898.8064
1998-01-09,1998,1,181000,5125.3408
1998-01-10,1998,1,205000,5804.944
1998-01-11,1998,1,191000,5408.5088
1998-01-12,1998,1,189000,5351.8752
1998-01-13,1998,1,185000,5238.608
1998-01-14,1998,1,187000,5295.2416
1998-01-15,1998,1,171000,4842.1728
1998-01-16,1998,1,156000,4417.4208
1998-01-17,1998,1,164000,4643.9552
1998-01-18,1998,1,141000,3992.6688
1998-01-19,1998,1,137000,3879.4016
1998-01-20,1998,1,169000,4785.5392
1998-01-21,1998,1,190000,5380.192
1998-01-22,1998,1,187000,5295.2416
1998-01-23,1998,1,188000,5323.5584
1998-01-24,1998,1,151000,4275.8368
1998-01-25,1998,1,113000,3199.7984
1998-01-26,1998,1,140000,3964.352
1998-01-27,1998,1,164000,4643.9552
1998-01-28,1998,1,187000,5295.2416
1998-01-29,1998,1,189000,5351.8752
1998-01-30,1998,1,186000,5266.9248
1998-01-31,1998,1,180000,5097.024
1998-02-01,1998,2,176000,4983.7568
1998-02-02,1998,2,196000,5550.0928
1998-02-03,1998,2,204000,5776.6272
1998-02-04,1998,2,190000,5380.192
1998-02-05,1998,2,199000,5635.0432
1998-02-06,1998,2,199000,5635.0432
1998-02-07,1998,2,206000,5833.2608
1998-02-08,1998,2,182000,5153.6576
1998-02-09,1998,2,201000,5691.6768
1998-02-10,1998,2,222000,6286.3296
1998-02-11,1998,2,231000,6541.1808
1998-02-12,1998,2,215000,6088.112
1998-02-13,1998,2,215000,6088.112
1998-02-14,1998,2,196000,5550.0928
1998-02-15,1998,2,168000,4757.2224
1998-02-16,1998,2,190000,5380.192
1998-02-17,1998,2,198000,5606.7264
1998-02-18,1998,2,201000,5691.6768
1998-02-19,1998,2,214000,6059.7952
1998-02-20,1998,2,219000,6201.3792
1998-02-21,1998,2,208000,5889.8944
1998-02-22,1998,2,198000,5606.7264
1998-02-23,1998,2,197000,5578.4096
1998-02-24,1998,2,202000,5719.9936
1998-02-25,1998,2,228000,6456.2304
1998-02-26,1998,2,212000,6003.1616
1998-02-27,1998,2,226000,6399.5968
1998-02-28,1998,2,197000,5578.4096
1998-03-01,1998,3,183000,5181.9744
1998-03-02,1998,3,179000,5068.7072
1998-03-03,1998,3,178000,5040.3904
1998-03-04,1998,3,197000,5578.4096
1998-03-05,1998,3,193000,5465.1424
1998-03-06,1998,3,201000,5691.6768
1998-03-07,1998,3,163000,4615.6384
1998-03-08,1998,3,172000,4870.4896
1998-03-09,1998,3,155000,4389.104
1998-03-10,1998,3,175000,4955.44
1998-03-11,1998,3,182000,5153.6576
1998-03-12,1998,3,162000,4587.3216
1998-03-13,1998,3,191000,5408.5088
1998-03-14,1998,3,163000,4615.6384
1998-03-15,1998,3,138000,3907.7184
1998-03-16,1998,3,171000,4842.1728
1998-03-17,1998,3,191000,5408.5088
1998-03-18,1998,3,211000,5974.8448
1998-03-19,1998,3,2e+05,5663.36
1998-03-20,1998,3,202000,5719.9936
1998-03-21,1998,3,171000,4842.1728
1998-03-22,1998,3,146000,4134.2528
1998-03-23,1998,3,173000,4898.8064
1998-03-24,1998,3,185000,5238.608
1998-03-25,1998,3,213000,6031.4784
1998-03-26,1998,3,259000,7334.0512
1998-03-27,1998,3,298000,8438.4064
1998-03-28,1998,3,235000,6654.448
1998-03-29,1998,3,197000,5578.4096
1998-03-30,1998,3,195000,5521.776
1998-03-31,1998,3,197000,5578.4096
1998-04-01,1998,4,178000,5040.3904
1998-04-02,1998,4,171000,4842.1728
1998-04-03,1998,4,165000,4672.272
1998-04-04,1998,4,148000,4190.8864
1998-04-05,1998,4,148000,4190.8864
1998-04-06,1998,4,163000,4615.6384
1998-04-07,1998,4,165000,4672.272
1998-04-08,1998,4,174000,4927.1232
1998-04-09,1998,4,145000,4105.936
1998-04-10,1998,4,137000,3879.4016
1998-04-11,1998,4,158000,4474.0544
1998-04-12,1998,4,131000,3709.5008
1998-04-13,1998,4,154000,4360.7872
1998-04-14,1998,4,144000,4077.6192
1998-04-15,1998,4,144000,4077.6192
1998-04-16,1998,4,150000,4247.52
1998-04-17,1998,4,173000,4898.8064
1998-04-18,1998,4,143000,4049.3024
1998-04-19,1998,4,149000,4219.2032
1998-04-20,1998,4,158000,4474.0544
1998-04-21,1998,4,166000,4700.5888
1998-04-22,1998,4,153000,4332.4704
1998-04-23,1998,4,195000,5521.776
1998-04-24,1998,4,211000,5974.8448
1998-04-25,1998,4,216000,6116.4288
1998-04-26,1998,4,201000,5691.6768
1998-04-27,1998,4,215000,6088.112
1998-04-28,1998,4,215000,6088.112
1998-04-29,1998,4,205000,5804.944
1998-04-30,1998,4,238000,6739.3984
1998-05-01,1998,5,245000,6937.616
1998-05-02,1998,5,236000,6682.7648
1998-05-03,1998,5,273000,7730.4864
1998-05-04,1998,5,302000,8551.6736
1998-05-05,1998,5,312000,8834.8416
1998-05-06,1998,5,327000,9259.5936
1998-05-07,1998,5,362000,10250.6816
1998-05-08,1998,5,361000,10222.3648
1998-05-09,1998,5,372000,10533.8496
1998-05-10,1998,5,361000,10222.3648
1998-05-11,1998,5,313000,8863.1584
1998-05-12,1998,5,330000,9344.544
1998-05-13,1998,5,321000,9089.6928
1998-05-14,1998,5,351000,9939.1968
1998-05-15,1998,5,345000,9769.296
1998-05-16,1998,5,327000,9259.5936
1998-05-17,1998,5,307000,8693.2576
1998-05-18,1998,5,327000,9259.5936
1998-05-19,1998,5,313000,8863.1584
1998-05-20,1998,5,331000,9372.8608
1998-05-21,1998,5,333000,9429.4944
1998-05-22,1998,5,299000,8466.7232
1998-05-23,1998,5,297000,8410.0896
1998-05-24,1998,5,330000,9344.544
1998-05-25,1998,5,310000,8778.208
1998-05-26,1998,5,317000,8976.4256
1998-05-27,1998,5,399000,11298.4032
1998-05-28,1998,5,420000,11893.056
1998-05-29,1998,5,419000,11864.7392
1998-05-30,1998,5,446000,12629.2928
1998-05-31,1998,5,433000,12261.1744
1998-06-01,1998,6,435000,12317.808
1998-06-02,1998,6,401000,11355.0368
1998-06-03,1998,6,425000,12034.64
1998-06-04,1998,6,426000,12062.9568
1998-06-05,1998,6,369000,10448.8992
1998-06-06,1998,6,387000,10958.6016
1998-06-07,1998,6,359000,10165.7312
1998-06-08,1998,6,332000,9401.1776
1998-06-09,1998,6,354000,10024.1472
1998-06-10,1998,6,328000,9287.9104
1998-06-11,1998,6,316000,8948.1088
1998-06-12,1998,6,317000,8976.4256
1998-06-13,1998,6,302000,8551.6736
1998-06-14,1998,6,306000,8664.9408
1998-06-15,1998,6,279000,7900.3872
1998-06-16,1998,6,234000,6626.1312
1998-06-17,1998,6,249000,7050.8832
1998-06-18,1998,6,256000,7249.1008
1998-06-19,1998,6,256000,7249.1008
1998-06-20,1998,6,282000,7985.3376
1998-06-21,1998,6,253000,7164.1504
1998-06-22,1998,6,232000,6569.4976
1998-06-23,1998,6,210000,5946.528
1998-06-24,1998,6,268000,7588.9024
1998-06-25,1998,6,272000,7702.1696
1998-06-26,1998,6,277000,7843.7536
1998-06-27,1998,6,277000,7843.7536
1998-06-28,1998,6,264000,7475.6352
1998-06-29,1998,6,250000,7079.2
1998-06-30,1998,6,249000,7050.8832
1998-07-01,1998,7,263000,7447.3184
1998-07-02,1998,7,248000,7022.5664
1998-07-03,1998,7,198000,5606.7264
1998-07-04,1998,7,248000,7022.5664
1998-07-05,1998,7,201000,5691.6768
1998-07-06,1998,7,221000,6258.0128
1998-07-07,1998,7,195000,5521.776
1998-07-08,1998,7,223000,6314.6464
1998-07-09,1998,7,216000,6116.4288
1998-07-10,1998,7,213000,6031.4784
1998-07-11,1998,7,177000,5012.0736
1998-07-12,1998,7,180000,5097.024
1998-07-13,1998,7,208000,5889.8944
1998-07-14,1998,7,215000,6088.112
1998-07-15,1998,7,214000,6059.7952
1998-07-16,1998,7,223000,6314.6464
1998-07-17,1998,7,194000,5493.4592
1998-07-18,1998,7,194000,5493.4592
1998-07-19,1998,7,177000,5012.0736
1998-07-20,1998,7,216000,6116.4288
1998-07-21,1998,7,192000,5436.8256
1998-07-22,1998,7,205000,5804.944
1998-07-23,1998,7,182000,5153.6576
1998-07-24,1998,7,184000,5210.2912
1998-07-25,1998,7,198000,5606.7264
1998-07-26,1998,7,165000,4672.272
1998-07-27,1998,7,197000,5578.4096
1998-07-28,1998,7,202000,5719.9936
1998-07-29,1998,7,180000,5097.024
1998-07-30,1998,7,166000,4700.5888
1998-07-31,1998,7,169000,4785.5392
1998-08-01,1998,8,146000,4134.2528
1998-08-02,1998,8,146000,4134.2528
1998-08-03,1998,8,133000,3766.1344
1998-08-04,1998,8,150000,4247.52
1998-08-05,1998,8,169000,4785.5392
1998-08-06,1998,8,167000,4728.9056
1998-08-07,1998,8,179000,5068.7072
1998-08-08,1998,8,175000,4955.44
1998-08-09,1998,8,132000,3737.8176
1998-08-10,1998,8,160000,4530.688
1998-08-11,1998,8,182000,5153.6576
1998-08-12,1998,8,175000,4955.44
1998-08-13,1998,8,2e+05,5663.36
1998-08-14,1998,8,167000,4728.9056
1998-08-15,1998,8,166000,4700.5888
1998-08-16,1998,8,138000,3907.7184
1998-08-17,1998,8,134000,3794.4512
1998-08-18,1998,8,138000,3907.7184
1998-08-19,1998,8,150000,4247.52
1998-08-20,1998,8,163000,4615.6384
1998-08-21,1998,8,148000,4190.8864
1998-08-22,1998,8,132000,3737.8176
1998-08-23,1998,8,129000,3652.8672
1998-08-24,1998,8,148000,4190.8864
1998-08-25,1998,8,134000,3794.4512
1998-08-26,1998,8,120000,3398.016
1998-08-27,1998,8,109000,3086.5312
1998-08-28,1998,8,122000,3454.6496
1998-08-29,1998,8,128000,3624.5504
1998-08-30,1998,8,124000,3511.2832
1998-08-31,1998,8,134000,3794.4512
1998-09-01,1998,9,139000,3936.0352
1998-09-02,1998,9,155000,4389.104
1998-09-03,1998,9,123000,3482.9664
1998-09-04,1998,9,105000,2973.264
1998-09-05,1998,9,99600,2820.35328
1998-09-06,1998,9,117000,3313.0656
1998-09-07,1998,9,101000,2859.9968
1998-09-08,1998,9,94300,2670.27424
1998-09-09,1998,9,90800,2571.16544
1998-09-10,1998,9,88700,2511.70016
1998-09-11,1998,9,114000,3228.1152
1998-09-12,1998,9,130000,3681.184
1998-09-13,1998,9,123000,3482.9664
1998-09-14,1998,9,123000,3482.9664
1998-09-15,1998,9,144000,4077.6192
1998-09-16,1998,9,146000,4134.2528
1998-09-17,1998,9,156000,4417.4208
1998-09-18,1998,9,134000,3794.4512
1998-09-19,1998,9,109000,3086.5312
1998-09-20,1998,9,109000,3086.5312
1998-09-21,1998,9,108000,3058.2144
1998-09-22,1998,9,99100,2806.19488
1998-09-23,1998,9,103000,2916.6304
1998-09-24,1998,9,89400,2531.52192
1998-09-25,1998,9,93300,2641.95744
1998-09-26,1998,9,118000,3341.3824
1998-09-27,1998,9,113000,3199.7984
1998-09-28,1998,9,95100,2692.92768
1998-09-29,1998,9,111000,3143.1648
1998-09-30,1998,9,125000,3539.6
1998-10-01,1998,10,99100,2806.19488
1998-10-02,1998,10,114000,3228.1152
1998-10-03,1998,10,101000,2859.9968
1998-10-04,1998,10,89300,2528.69024
1998-10-05,1998,10,109000,3086.5312
1998-10-06,1998,10,122000,3454.6496
1998-10-07,1998,10,119000,3369.6992
1998-10-08,1998,10,96400,2729.73952
1998-10-09,1998,10,105000,2973.264
1998-10-10,1998,10,115000,3256.432
1998-10-11,1998,10,92200,2610.80896
1998-10-12,1998,10,99200,2809.02656
1998-10-13,1998,10,127000,3596.2336
1998-10-14,1998,10,115000,3256.432
1998-10-15,1998,10,130000,3681.184
1998-10-16,1998,10,110000,3114.848
1998-10-17,1998,10,116000,3284.7488
1998-10-18,1998,10,1e+05,2831.68
1998-10-19,1998,10,86700,2455.06656
1998-10-20,1998,10,91300,2585.32384
1998-10-21,1998,10,116000,3284.7488
1998-10-22,1998,10,102000,2888.3136
1998-10-23,1998,10,104000,2944.9472
1998-10-24,1998,10,93200,2639.12576
1998-10-25,1998,10,91800,2599.48224
1998-10-26,1998,10,102000,2888.3136
1998-10-27,1998,10,92200,2610.80896
1998-10-28,1998,10,92900,2630.63072
1998-10-29,1998,10,102000,2888.3136
1998-10-30,1998,10,115000,3256.432
1998-10-31,1998,10,110000,3114.848
1998-11-01,1998,11,99400,2814.68992
1998-11-02,1998,11,105000,2973.264
1998-11-03,1998,11,115000,3256.432
1998-11-04,1998,11,115000,3256.432
1998-11-05,1998,11,116000,3284.7488
1998-11-06,1998,11,123000,3482.9664
1998-11-07,1998,11,114000,3228.1152
1998-11-08,1998,11,115000,3256.432
1998-11-09,1998,11,126000,3567.9168
1998-11-10,1998,11,122000,3454.6496
1998-11-11,1998,11,121000,3426.3328
1998-11-12,1998,11,131000,3709.5008
1998-11-13,1998,11,133000,3766.1344
1998-11-14,1998,11,123000,3482.9664
1998-11-15,1998,11,112000,3171.4816
1998-11-16,1998,11,111000,3143.1648
1998-11-17,1998,11,124000,3511.2832
1998-11-18,1998,11,120000,3398.016
1998-11-19,1998,11,128000,3624.5504
1998-11-20,1998,11,104000,2944.9472
1998-11-21,1998,11,113000,3199.7984
1998-11-22,1998,11,105000,2973.264
1998-11-23,1998,11,132000,3737.8176
1998-11-24,1998,11,123000,3482.9664
1998-11-25,1998,11,131000,3709.5008
1998-11-26,1998,11,111000,3143.1648
1998-11-27,1998,11,112000,3171.4816
1998-11-28,1998,11,105000,2973.264
1998-11-29,1998,11,121000,3426.3328
1998-11-30,1998,11,109000,3086.5312
1998-12-01,1998,12,115000,3256.432
1998-12-02,1998,12,119000,3369.6992
1998-12-03,1998,12,144000,4077.6192
1998-12-04,1998,12,152000,4304.1536
1998-12-05,1998,12,128000,3624.5504
1998-12-06,1998,12,122000,3454.6496
1998-12-07,1998,12,146000,4134.2528
1998-12-08,1998,12,140000,3964.352
1998-12-09,1998,12,157000,4445.7376
1998-12-10,1998,12,170000,4813.856
1998-12-11,1998,12,143000,4049.3024
1998-12-12,1998,12,146000,4134.2528
1998-12-13,1998,12,133000,3766.1344
1998-12-14,1998,12,150000,4247.52
1998-12-15,1998,12,145000,4105.936
1998-12-16,1998,12,156000,4417.4208
1998-12-17,1998,12,165000,4672.272
1998-12-18,1998,12,177000,5012.0736
1998-12-19,1998,12,188000,5323.5584
1998-12-20,1998,12,158000,4474.0544
1998-12-21,1998,12,212000,6003.1616
1998-12-22,1998,12,209000,5918.2112
1998-12-23,1998,12,207000,5861.5776
1998-12-24,1998,12,197000,5578.4096
1998-12-25,1998,12,145000,4105.936
1998-12-26,1998,12,111000,3143.1648
1998-12-27,1998,12,122000,3454.6496
1998-12-28,1998,12,147000,4162.5696
1998-12-29,1998,12,229000,6484.5472
1998-12-30,1998,12,169000,4785.5392
1998-12-31,1998,12,182000,5153.6576
1999-01-01,1999,1,188000,5323.5584
1999-01-02,1999,1,176000,4983.7568
1999-01-03,1999,1,210000,5946.528
1999-01-04,1999,1,198000,5606.7264
1999-01-05,1999,1,199000,5635.0432
1999-01-06,1999,1,202000,5719.9936
1999-01-07,1999,1,201000,5691.6768
1999-01-08,1999,1,219000,6201.3792
1999-01-09,1999,1,231000,6541.1808
1999-01-10,1999,1,217000,6144.7456
1999-01-11,1999,1,184000,5210.2912
1999-01-12,1999,1,201000,5691.6768
1999-01-13,1999,1,230000,6512.864
1999-01-14,1999,1,232000,6569.4976
1999-01-15,1999,1,232000,6569.4976
1999-01-16,1999,1,234000,6626.1312
1999-01-17,1999,1,242000,6852.6656
1999-01-18,1999,1,232000,6569.4976
1999-01-19,1999,1,216000,6116.4288
1999-01-20,1999,1,219000,6201.3792
1999-01-21,1999,1,228000,6456.2304
1999-01-22,1999,1,236000,6682.7648
1999-01-23,1999,1,237000,6711.0816
1999-01-24,1999,1,227000,6427.9136
1999-01-25,1999,1,220000,6229.696
1999-01-26,1999,1,214000,6059.7952
1999-01-27,1999,1,228000,6456.2304
1999-01-28,1999,1,232000,6569.4976
1999-01-29,1999,1,229000,6484.5472
1999-01-30,1999,1,231000,6541.1808
1999-01-31,1999,1,211000,5974.8448
1999-02-01,1999,2,237000,6711.0816
1999-02-02,1999,2,210000,5946.528
1999-02-03,1999,2,232000,6569.4976
1999-02-04,1999,2,242000,6852.6656
1999-02-05,1999,2,241000,6824.3488
1999-02-06,1999,2,219000,6201.3792
1999-02-07,1999,2,224000,6342.9632
1999-02-08,1999,2,247000,6994.2496
1999-02-09,1999,2,235000,6654.448
1999-02-10,1999,2,233000,6597.8144
1999-02-11,1999,2,229000,6484.5472
1999-02-12,1999,2,226000,6399.5968
1999-02-13,1999,2,235000,6654.448
1999-02-14,1999,2,219000,6201.3792
1999-02-15,1999,2,220000,6229.696
1999-02-16,1999,2,205000,5804.944
1999-02-17,1999,2,204000,5776.6272
1999-02-18,1999,2,218000,6173.0624
1999-02-19,1999,2,222000,6286.3296
1999-02-20,1999,2,228000,6456.2304
1999-02-21,1999,2,214000,6059.7952
1999-02-22,1999,2,202000,5719.9936
1999-02-23,1999,2,226000,6399.5968
1999-02-24,1999,2,217000,6144.7456
1999-02-25,1999,2,244000,6909.2992
1999-02-26,1999,2,242000,6852.6656
1999-02-27,1999,2,245000,6937.616
1999-02-28,1999,2,227000,6427.9136
1999-03-01,1999,3,204000,5776.6272
1999-03-02,1999,3,250000,7079.2
1999-03-03,1999,3,269000,7617.2192
1999-03-04,1999,3,269000,7617.2192
1999-03-05,1999,3,297000,8410.0896
1999-03-06,1999,3,263000,7447.3184
1999-03-07,1999,3,250000,7079.2
1999-03-08,1999,3,238000,6739.3984
1999-03-09,1999,3,230000,6512.864
1999-03-10,1999,3,268000,7588.9024
1999-03-11,1999,3,269000,7617.2192
1999-03-12,1999,3,250000,7079.2
1999-03-13,1999,3,244000,6909.2992
1999-03-14,1999,3,226000,6399.5968
1999-03-15,1999,3,246000,6965.9328
1999-03-16,1999,3,242000,6852.6656
1999-03-17,1999,3,257000,7277.4176
1999-03-18,1999,3,254000,7192.4672
1999-03-19,1999,3,254000,7192.4672
1999-03-20,1999,3,230000,6512.864
1999-03-21,1999,3,233000,6597.8144
1999-03-22,1999,3,241000,6824.3488
1999-03-23,1999,3,261000,7390.6848
1999-03-24,1999,3,281000,7957.0208
1999-03-25,1999,3,265000,7503.952
1999-03-26,1999,3,284000,8041.9712
1999-03-27,1999,3,304000,8608.3072
1999-03-28,1999,3,341000,9656.0288
1999-03-29,1999,3,304000,8608.3072
1999-03-30,1999,3,298000,8438.4064
1999-03-31,1999,3,309000,8749.8912
1999-04-01,1999,4,276000,7815.4368
1999-04-02,1999,4,278000,7872.0704
1999-04-03,1999,4,262000,7419.0016
1999-04-04,1999,4,269000,7617.2192
1999-04-05,1999,4,254000,7192.4672
1999-04-06,1999,4,256000,7249.1008
1999-04-07,1999,4,258000,7305.7344
1999-04-08,1999,4,259000,7334.0512
1999-04-09,1999,4,227000,6427.9136
1999-04-10,1999,4,198000,5606.7264
1999-04-11,1999,4,203000,5748.3104
1999-04-12,1999,4,202000,5719.9936
1999-04-13,1999,4,219000,6201.3792
1999-04-14,1999,4,250000,7079.2
1999-04-15,1999,4,230000,6512.864
1999-04-16,1999,4,204000,5776.6272
1999-04-17,1999,4,183000,5181.9744
1999-04-18,1999,4,214000,6059.7952
1999-04-19,1999,4,229000,6484.5472
1999-04-20,1999,4,259000,7334.0512
1999-04-21,1999,4,280000,7928.704
1999-04-22,1999,4,292000,8268.5056
1999-04-23,1999,4,331000,9372.8608
1999-04-24,1999,4,306000,8664.9408
1999-04-25,1999,4,315000,8919.792
1999-04-26,1999,4,294000,8325.1392
1999-04-27,1999,4,310000,8778.208
1999-04-28,1999,4,337000,9542.7616
1999-04-29,1999,4,332000,9401.1776
1999-04-30,1999,4,320000,9061.376
1999-05-01,1999,5,309000,8749.8912
1999-05-02,1999,5,315000,8919.792
1999-05-03,1999,5,307000,8693.2576
1999-05-04,1999,5,321000,9089.6928
1999-05-05,1999,5,318000,9004.7424
1999-05-06,1999,5,293000,8296.8224
1999-05-07,1999,5,289000,8183.5552
1999-05-08,1999,5,273000,7730.4864
1999-05-09,1999,5,261000,7390.6848
1999-05-10,1999,5,321000,9089.6928
1999-05-11,1999,5,267000,7560.5856
1999-05-12,1999,5,239000,6767.7152
1999-05-13,1999,5,240000,6796.032
1999-05-14,1999,5,279000,7900.3872
1999-05-15,1999,5,253000,7164.1504
1999-05-16,1999,5,262000,7419.0016
1999-05-17,1999,5,266000,7532.2688
1999-05-18,1999,5,270000,7645.536
1999-05-19,1999,5,275000,7787.12
1999-05-20,1999,5,283000,8013.6544
1999-05-21,1999,5,284000,8041.9712
1999-05-22,1999,5,271000,7673.8528
1999-05-23,1999,5,267000,7560.5856
1999-05-24,1999,5,250000,7079.2
1999-05-25,1999,5,3e+05,8495.04
1999-05-26,1999,5,345000,9769.296
1999-05-27,1999,5,371000,10505.5328
1999-05-28,1999,5,381000,10788.7008
1999-05-29,1999,5,369000,10448.8992
1999-05-30,1999,5,369000,10448.8992
1999-05-31,1999,5,342000,9684.3456
1999-06-01,1999,6,356000,10080.7808
1999-06-02,1999,6,368000,10420.5824
1999-06-03,1999,6,374000,10590.4832
1999-06-04,1999,6,389000,11015.2352
1999-06-05,1999,6,367000,10392.2656
1999-06-06,1999,6,383000,10845.3344
1999-06-07,1999,6,354000,10024.1472
1999-06-08,1999,6,346000,9797.6128
1999-06-09,1999,6,368000,10420.5824
1999-06-10,1999,6,346000,9797.6128
1999-06-11,1999,6,319000,9033.0592
1999-06-12,1999,6,337000,9542.7616
1999-06-13,1999,6,301000,8523.3568
1999-06-14,1999,6,329000,9316.2272
1999-06-15,1999,6,287000,8126.9216
1999-06-16,1999,6,346000,9797.6128
1999-06-17,1999,6,375000,10618.8
1999-06-18,1999,6,348000,9854.2464
1999-06-19,1999,6,361000,10222.3648
1999-06-20,1999,6,350000,9910.88
1999-06-21,1999,6,331000,9372.8608
1999-06-22,1999,6,326000,9231.2768
1999-06-23,1999,6,355000,10052.464
1999-06-24,1999,6,359000,10165.7312
1999-06-25,1999,6,319000,9033.0592
1999-06-26,1999,6,346000,9797.6128
1999-06-27,1999,6,323000,9146.3264
1999-06-28,1999,6,293000,8296.8224
1999-06-29,1999,6,306000,8664.9408
1999-06-30,1999,6,319000,9033.0592
1999-07-01,1999,7,293000,8296.8224
1999-07-02,1999,7,306000,8664.9408
1999-07-03,1999,7,282000,7985.3376
1999-07-04,1999,7,260000,7362.368
1999-07-05,1999,7,271000,7673.8528
1999-07-06,1999,7,253000,7164.1504
1999-07-07,1999,7,236000,6682.7648
1999-07-08,1999,7,271000,7673.8528
1999-07-09,1999,7,276000,7815.4368
1999-07-10,1999,7,225000,6371.28
1999-07-11,1999,7,281000,7957.0208
1999-07-12,1999,7,264000,7475.6352
1999-07-13,1999,7,242000,6852.6656
1999-07-14,1999,7,290000,8211.872
1999-07-15,1999,7,304000,8608.3072
1999-07-16,1999,7,261000,7390.6848
1999-07-17,1999,7,243000,6880.9824
1999-07-18,1999,7,265000,7503.952
1999-07-19,1999,7,252000,7135.8336
1999-07-20,1999,7,232000,6569.4976
1999-07-21,1999,7,231000,6541.1808
1999-07-22,1999,7,240000,6796.032
1999-07-23,1999,7,230000,6512.864
1999-07-24,1999,7,228000,6456.2304
1999-07-25,1999,7,252000,7135.8336
1999-07-26,1999,7,229000,6484.5472
1999-07-27,1999,7,231000,6541.1808
1999-07-28,1999,7,217000,6144.7456
1999-07-29,1999,7,226000,6399.5968
1999-07-30,1999,7,194000,5493.4592
1999-07-31,1999,7,195000,5521.776
1999-08-01,1999,8,191000,5408.5088
1999-08-02,1999,8,198000,5606.7264
1999-08-03,1999,8,203000,5748.3104
1999-08-04,1999,8,252000,7135.8336
1999-08-05,1999,8,213000,6031.4784
1999-08-06,1999,8,233000,6597.8144
1999-08-07,1999,8,201000,5691.6768
1999-08-08,1999,8,202000,5719.9936
1999-08-09,1999,8,183000,5181.9744
1999-08-10,1999,8,215000,6088.112
1999-08-11,1999,8,191000,5408.5088
1999-08-12,1999,8,219000,6201.3792
1999-08-13,1999,8,241000,6824.3488
1999-08-14,1999,8,227000,6427.9136
1999-08-15,1999,8,206000,5833.2608
1999-08-16,1999,8,210000,5946.528
1999-08-17,1999,8,231000,6541.1808
1999-08-18,1999,8,225000,6371.28
1999-08-19,1999,8,220000,6229.696
1999-08-20,1999,8,218000,6173.0624
1999-08-21,1999,8,203000,5748.3104
1999-08-22,1999,8,174000,4927.1232
1999-08-23,1999,8,2e+05,5663.36
1999-08-24,1999,8,185000,5238.608
1999-08-25,1999,8,185000,5238.608
1999-08-26,1999,8,193000,5465.1424
1999-08-27,1999,8,220000,6229.696
1999-08-28,1999,8,208000,5889.8944
1999-08-29,1999,8,162000,4587.3216
1999-08-30,1999,8,175000,4955.44
1999-08-31,1999,8,191000,5408.5088
1999-09-01,1999,9,192000,5436.8256
1999-09-02,1999,9,167000,4728.9056
1999-09-03,1999,9,151000,4275.8368
1999-09-04,1999,9,183000,5181.9744
1999-09-05,1999,9,116000,3284.7488
1999-09-06,1999,9,99100,2806.19488
1999-09-07,1999,9,138000,3907.7184
1999-09-08,1999,9,171000,4842.1728
1999-09-09,1999,9,126000,3567.9168
1999-09-10,1999,9,145000,4105.936
1999-09-11,1999,9,154000,4360.7872
1999-09-12,1999,9,103000,2916.6304
1999-09-13,1999,9,132000,3737.8176
1999-09-14,1999,9,128000,3624.5504
1999-09-15,1999,9,119000,3369.6992
1999-09-16,1999,9,146000,4134.2528
1999-09-17,1999,9,150000,4247.52
1999-09-18,1999,9,147000,4162.5696
1999-09-19,1999,9,107000,3029.8976
1999-09-20,1999,9,130000,3681.184
1999-09-21,1999,9,149000,4219.2032
1999-09-22,1999,9,170000,4813.856
1999-09-23,1999,9,153000,4332.4704
1999-09-24,1999,9,162000,4587.3216
1999-09-25,1999,9,124000,3511.2832
1999-09-26,1999,9,127000,3596.2336
1999-09-27,1999,9,130000,3681.184
1999-09-28,1999,9,154000,4360.7872
1999-09-29,1999,9,129000,3652.8672
1999-09-30,1999,9,143000,4049.3024
1999-10-01,1999,10,137000,3879.4016
1999-10-02,1999,10,1e+05,2831.68
1999-10-03,1999,10,91500,2590.9872
1999-10-04,1999,10,135000,3822.768
1999-10-05,1999,10,129000,3652.8672
1999-10-06,1999,10,132000,3737.8176
1999-10-07,1999,10,136000,3851.0848
1999-10-08,1999,10,135000,3822.768
1999-10-09,1999,10,124000,3511.2832
1999-10-10,1999,10,113000,3199.7984
1999-10-11,1999,10,118000,3341.3824
1999-10-12,1999,10,138000,3907.7184
1999-10-13,1999,10,130000,3681.184
1999-10-14,1999,10,141000,3992.6688
1999-10-15,1999,10,148000,4190.8864
1999-10-16,1999,10,144000,4077.6192
1999-10-17,1999,10,105000,2973.264
1999-10-18,1999,10,138000,3907.7184
1999-10-19,1999,10,120000,3398.016
1999-10-20,1999,10,125000,3539.6
1999-10-21,1999,10,137000,3879.4016
1999-10-22,1999,10,144000,4077.6192
1999-10-23,1999,10,123000,3482.9664
1999-10-24,1999,10,130000,3681.184
1999-10-25,1999,10,125000,3539.6
1999-10-26,1999,10,134000,3794.4512
1999-10-27,1999,10,140000,3964.352
1999-10-28,1999,10,142000,4020.9856
1999-10-29,1999,10,123000,3482.9664
1999-10-30,1999,10,121000,3426.3328
1999-10-31,1999,10,108000,3058.2144
1999-11-01,1999,11,134000,3794.4512
1999-11-02,1999,11,130000,3681.184
1999-11-03,1999,11,126000,3567.9168
1999-11-04,1999,11,123000,3482.9664
1999-11-05,1999,11,133000,3766.1344
1999-11-06,1999,11,123000,3482.9664
1999-11-07,1999,11,133000,3766.1344
1999-11-08,1999,11,135000,3822.768
1999-11-09,1999,11,147000,4162.5696
1999-11-10,1999,11,135000,3822.768
1999-11-11,1999,11,133000,3766.1344
1999-11-12,1999,11,142000,4020.9856
1999-11-13,1999,11,133000,3766.1344
1999-11-14,1999,11,141000,3992.6688
1999-11-15,1999,11,146000,4134.2528
1999-11-16,1999,11,140000,3964.352
1999-11-17,1999,11,136000,3851.0848
1999-11-18,1999,11,187000,5295.2416
1999-11-19,1999,11,166000,4700.5888
1999-11-20,1999,11,164000,4643.9552
1999-11-21,1999,11,152000,4304.1536
1999-11-22,1999,11,165000,4672.272
1999-11-23,1999,11,154000,4360.7872
1999-11-24,1999,11,195000,5521.776
1999-11-25,1999,11,143000,4049.3024
1999-11-26,1999,11,184000,5210.2912
1999-11-27,1999,11,191000,5408.5088
1999-11-28,1999,11,164000,4643.9552
1999-11-29,1999,11,165000,4672.272
1999-11-30,1999,11,178000,5040.3904
1999-12-01,1999,12,193000,5465.1424
1999-12-02,1999,12,172000,4870.4896
1999-12-03,1999,12,197000,5578.4096
1999-12-04,1999,12,188000,5323.5584
1999-12-05,1999,12,195000,5521.776
1999-12-06,1999,12,2e+05,5663.36
1999-12-07,1999,12,193000,5465.1424
1999-12-08,1999,12,198000,5606.7264
1999-12-09,1999,12,207000,5861.5776
1999-12-10,1999,12,191000,5408.5088
1999-12-11,1999,12,205000,5804.944
1999-12-12,1999,12,189000,5351.8752
1999-12-13,1999,12,169000,4785.5392
1999-12-14,1999,12,195000,5521.776
1999-12-15,1999,12,170000,4813.856
1999-12-16,1999,12,218000,6173.0624
1999-12-17,1999,12,203000,5748.3104
1999-12-18,1999,12,196000,5550.0928
1999-12-19,1999,12,224000,6342.9632
1999-12-20,1999,12,197000,5578.4096
1999-12-21,1999,12,216000,6116.4288
1999-12-22,1999,12,234000,6626.1312
1999-12-23,1999,12,222000,6286.3296
1999-12-24,1999,12,212000,6003.1616
1999-12-25,1999,12,223000,6314.6464
1999-12-26,1999,12,170000,4813.856
1999-12-27,1999,12,221000,6258.0128
1999-12-28,1999,12,226000,6399.5968
1999-12-29,1999,12,211000,5974.8448
1999-12-30,1999,12,191000,5408.5088
1999-12-31,1999,12,177000,5012.0736
2000-01-01,2000,1,171000,4842.1728
2000-01-02,2000,1,184000,5210.2912
2000-01-03,2000,1,212000,6003.1616
2000-01-04,2000,1,181000,5125.3408
2000-01-05,2000,1,178000,5040.3904
2000-01-06,2000,1,215000,6088.112
2000-01-07,2000,1,196000,5550.0928
2000-01-08,2000,1,178000,5040.3904
2000-01-09,2000,1,218000,6173.0624
2000-01-10,2000,1,219000,6201.3792
2000-01-11,2000,1,210000,5946.528
2000-01-12,2000,1,195000,5521.776
2000-01-13,2000,1,204000,5776.6272
2000-01-14,2000,1,204000,5776.6272
2000-01-15,2000,1,211000,5974.8448
2000-01-16,2000,1,192000,5436.8256
2000-01-17,2000,1,190000,5380.192
2000-01-18,2000,1,203000,5748.3104
2000-01-19,2000,1,203000,5748.3104
2000-01-20,2000,1,2e+05,5663.36
2000-01-21,2000,1,199000,5635.0432
2000-01-22,2000,1,196000,5550.0928
2000-01-23,2000,1,164000,4643.9552
2000-01-24,2000,1,208000,5889.8944
2000-01-25,2000,1,204000,5776.6272
2000-01-26,2000,1,190000,5380.192
2000-01-27,2000,1,224000,6342.9632
2000-01-28,2000,1,225000,6371.28
2000-01-29,2000,1,233000,6597.8144
2000-01-30,2000,1,221000,6258.0128
2000-01-31,2000,1,195000,5521.776
2000-02-01,2000,2,198000,5606.7264
2000-02-02,2000,2,211000,5974.8448
2000-02-03,2000,2,222000,6286.3296
2000-02-04,2000,2,221000,6258.0128
2000-02-05,2000,2,192000,5436.8256
2000-02-06,2000,2,183000,5181.9744
2000-02-07,2000,2,188000,5323.5584
2000-02-08,2000,2,192000,5436.8256
2000-02-09,2000,2,174000,4927.1232
2000-02-10,2000,2,183000,5181.9744
2000-02-11,2000,2,190000,5380.192
2000-02-12,2000,2,237000,6711.0816
2000-02-13,2000,2,189000,5351.8752
2000-02-14,2000,2,188000,5323.5584
2000-02-15,2000,2,198000,5606.7264
2000-02-16,2000,2,215000,6088.112
2000-02-17,2000,2,221000,6258.0128
2000-02-18,2000,2,209000,5918.2112
2000-02-19,2000,2,170000,4813.856
2000-02-20,2000,2,155000,4389.104
2000-02-21,2000,2,144000,4077.6192
2000-02-22,2000,2,165000,4672.272
2000-02-23,2000,2,152000,4304.1536
2000-02-24,2000,2,194000,5493.4592
2000-02-25,2000,2,195000,5521.776
2000-02-26,2000,2,189000,5351.8752
2000-02-27,2000,2,172000,4870.4896
2000-02-28,2000,2,167000,4728.9056
2000-02-29,2000,2,203000,5748.3104
2000-03-01,2000,3,189000,5351.8752
2000-03-02,2000,3,183000,5181.9744
2000-03-03,2000,3,199000,5635.0432
2000-03-04,2000,3,176000,4983.7568
2000-03-05,2000,3,151000,4275.8368
2000-03-06,2000,3,182000,5153.6576
2000-03-07,2000,3,212000,6003.1616
2000-03-08,2000,3,215000,6088.112
2000-03-09,2000,3,199000,5635.0432
2000-03-10,2000,3,196000,5550.0928
2000-03-11,2000,3,212000,6003.1616
2000-03-12,2000,3,196000,5550.0928
2000-03-13,2000,3,203000,5748.3104
2000-03-14,2000,3,194000,5493.4592
2000-03-15,2000,3,197000,5578.4096
2000-03-16,2000,3,210000,5946.528
2000-03-17,2000,3,204000,5776.6272
2000-03-18,2000,3,184000,5210.2912
2000-03-19,2000,3,160000,4530.688
2000-03-20,2000,3,172000,4870.4896
2000-03-21,2000,3,164000,4643.9552
2000-03-22,2000,3,180000,5097.024
2000-03-23,2000,3,181000,5125.3408
2000-03-24,2000,3,205000,5804.944
2000-03-25,2000,3,178000,5040.3904
2000-03-26,2000,3,138000,3907.7184
2000-03-27,2000,3,164000,4643.9552
2000-03-28,2000,3,162000,4587.3216
2000-03-29,2000,3,210000,5946.528
2000-03-30,2000,3,196000,5550.0928
2000-03-31,2000,3,213000,6031.4784
2000-04-01,2000,4,172000,4870.4896
2000-04-02,2000,4,174000,4927.1232
2000-04-03,2000,4,186000,5266.9248
2000-04-04,2000,4,182000,5153.6576
2000-04-05,2000,4,216000,6116.4288
2000-04-06,2000,4,244000,6909.2992
2000-04-07,2000,4,256000,7249.1008
2000-04-08,2000,4,261000,7390.6848
2000-04-09,2000,4,188000,5323.5584
2000-04-10,2000,4,228000,6456.2304
2000-04-11,2000,4,263000,7447.3184
2000-04-12,2000,4,253000,7164.1504
2000-04-13,2000,4,269000,7617.2192
2000-04-14,2000,4,305000,8636.624
2000-04-15,2000,4,3e+05,8495.04
2000-04-16,2000,4,244000,6909.2992
2000-04-17,2000,4,260000,7362.368
2000-04-18,2000,4,303000,8579.9904
2000-04-19,2000,4,318000,9004.7424
2000-04-20,2000,4,334000,9457.8112
2000-04-21,2000,4,299000,8466.7232
2000-04-22,2000,4,341000,9656.0288
2000-04-23,2000,4,384000,10873.6512
2000-04-24,2000,4,362000,10250.6816
2000-04-25,2000,4,324000,9174.6432
2000-04-26,2000,4,339000,9599.3952
2000-04-27,2000,4,308000,8721.5744
2000-04-28,2000,4,286000,8098.6048
2000-04-29,2000,4,311000,8806.5248
2000-04-30,2000,4,282000,7985.3376
2000-05-01,2000,5,283000,8013.6544
2000-05-02,2000,5,3e+05,8495.04
2000-05-03,2000,5,287000,8126.9216
2000-05-04,2000,5,298000,8438.4064
2000-05-05,2000,5,305000,8636.624
2000-05-06,2000,5,294000,8325.1392
2000-05-07,2000,5,277000,7843.7536
2000-05-08,2000,5,276000,7815.4368
2000-05-09,2000,5,285000,8070.288
2000-05-10,2000,5,257000,7277.4176
2000-05-11,2000,5,265000,7503.952
2000-05-12,2000,5,279000,7900.3872
2000-05-13,2000,5,238000,6739.3984
2000-05-14,2000,5,265000,7503.952
2000-05-15,2000,5,264000,7475.6352
2000-05-16,2000,5,237000,6711.0816
2000-05-17,2000,5,242000,6852.6656
2000-05-18,2000,5,257000,7277.4176
2000-05-19,2000,5,236000,6682.7648
2000-05-20,2000,5,240000,6796.032
2000-05-21,2000,5,250000,7079.2
2000-05-22,2000,5,244000,6909.2992
2000-05-23,2000,5,289000,8183.5552
2000-05-24,2000,5,279000,7900.3872
2000-05-25,2000,5,276000,7815.4368
2000-05-26,2000,5,219000,6201.3792
2000-05-27,2000,5,235000,6654.448
2000-05-28,2000,5,231000,6541.1808
2000-05-29,2000,5,195000,5521.776
2000-05-30,2000,5,227000,6427.9136
2000-05-31,2000,5,241000,6824.3488
2000-06-01,2000,6,273000,7730.4864
2000-06-02,2000,6,221000,6258.0128
2000-06-03,2000,6,190000,5380.192
2000-06-04,2000,6,2e+05,5663.36
2000-06-05,2000,6,215000,6088.112
2000-06-06,2000,6,251000,7107.5168
2000-06-07,2000,6,237000,6711.0816
2000-06-08,2000,6,219000,6201.3792
2000-06-09,2000,6,212000,6003.1616
2000-06-10,2000,6,180000,5097.024
2000-06-11,2000,6,184000,5210.2912
2000-06-12,2000,6,187000,5295.2416
2000-06-13,2000,6,234000,6626.1312
2000-06-14,2000,6,215000,6088.112
2000-06-15,2000,6,238000,6739.3984
2000-06-16,2000,6,243000,6880.9824
2000-06-17,2000,6,194000,5493.4592
2000-06-18,2000,6,186000,5266.9248
2000-06-19,2000,6,185000,5238.608
2000-06-20,2000,6,210000,5946.528
2000-06-21,2000,6,211000,5974.8448
2000-06-22,2000,6,209000,5918.2112
2000-06-23,2000,6,205000,5804.944
2000-06-24,2000,6,182000,5153.6576
2000-06-25,2000,6,208000,5889.8944
2000-06-26,2000,6,180000,5097.024
2000-06-27,2000,6,183000,5181.9744
2000-06-28,2000,6,213000,6031.4784
2000-06-29,2000,6,210000,5946.528
2000-06-30,2000,6,204000,5776.6272
2000-07-01,2000,7,158000,4474.0544
2000-07-02,2000,7,153000,4332.4704
2000-07-03,2000,7,127000,3596.2336
2000-07-04,2000,7,159000,4502.3712
2000-07-05,2000,7,156000,4417.4208
2000-07-06,2000,7,179000,5068.7072
2000-07-07,2000,7,235000,6654.448
2000-07-08,2000,7,180000,5097.024
2000-07-09,2000,7,178000,5040.3904
2000-07-10,2000,7,177000,5012.0736
2000-07-11,2000,7,187000,5295.2416
2000-07-12,2000,7,174000,4927.1232
2000-07-13,2000,7,180000,5097.024
2000-07-14,2000,7,192000,5436.8256
2000-07-15,2000,7,179000,5068.7072
2000-07-16,2000,7,145000,4105.936
2000-07-17,2000,7,155000,4389.104
2000-07-18,2000,7,179000,5068.7072
2000-07-19,2000,7,174000,4927.1232
2000-07-20,2000,7,178000,5040.3904
2000-07-21,2000,7,182000,5153.6576
2000-07-22,2000,7,143000,4049.3024
2000-07-23,2000,7,144000,4077.6192
2000-07-24,2000,7,171000,4842.1728
2000-07-25,2000,7,163000,4615.6384
2000-07-26,2000,7,164000,4643.9552
2000-07-27,2000,7,168000,4757.2224
2000-07-28,2000,7,165000,4672.272
2000-07-29,2000,7,164000,4643.9552
2000-07-30,2000,7,135000,3822.768
2000-07-31,2000,7,167000,4728.9056
2000-08-01,2000,8,166000,4700.5888
2000-08-02,2000,8,181000,5125.3408
2000-08-03,2000,8,184000,5210.2912
2000-08-04,2000,8,161000,4559.0048
2000-08-05,2000,8,141000,3992.6688
2000-08-06,2000,8,131000,3709.5008
2000-08-07,2000,8,159000,4502.3712
2000-08-08,2000,8,172000,4870.4896
2000-08-09,2000,8,157000,4445.7376
2000-08-10,2000,8,177000,5012.0736
2000-08-11,2000,8,158000,4474.0544
2000-08-12,2000,8,164000,4643.9552
2000-08-13,2000,8,141000,3992.6688
2000-08-14,2000,8,160000,4530.688
2000-08-15,2000,8,166000,4700.5888
2000-08-16,2000,8,162000,4587.3216
2000-08-17,2000,8,176000,4983.7568
2000-08-18,2000,8,135000,3822.768
2000-08-19,2000,8,157000,4445.7376
2000-08-20,2000,8,111000,3143.1648
2000-08-21,2000,8,117000,3313.0656
2000-08-22,2000,8,120000,3398.016
2000-08-23,2000,8,138000,3907.7184
2000-08-24,2000,8,91400,2588.15552
2000-08-25,2000,8,98500,2789.2048
2000-08-26,2000,8,107000,3029.8976
2000-08-27,2000,8,99400,2814.68992
2000-08-28,2000,8,97400,2758.05632
2000-08-29,2000,8,127000,3596.2336
2000-08-30,2000,8,142000,4020.9856
2000-08-31,2000,8,127000,3596.2336
2000-09-01,2000,9,104000,2944.9472
2000-09-02,2000,9,126000,3567.9168
2000-09-03,2000,9,104000,2944.9472
2000-09-04,2000,9,97400,2758.05632
2000-09-05,2000,9,104000,2944.9472
2000-09-06,2000,9,107000,3029.8976
2000-09-07,2000,9,134000,3794.4512
2000-09-08,2000,9,113000,3199.7984
2000-09-09,2000,9,83500,2364.4528
2000-09-10,2000,9,81400,2304.98752
2000-09-11,2000,9,106000,3001.5808
2000-09-12,2000,9,137000,3879.4016
2000-09-13,2000,9,134000,3794.4512
2000-09-14,2000,9,130000,3681.184
2000-09-15,2000,9,120000,3398.016
2000-09-16,2000,9,129000,3652.8672
2000-09-17,2000,9,111000,3143.1648
2000-09-18,2000,9,116000,3284.7488
2000-09-19,2000,9,138000,3907.7184
2000-09-20,2000,9,133000,3766.1344
2000-09-21,2000,9,165000,4672.272
2000-09-22,2000,9,134000,3794.4512
2000-09-23,2000,9,111000,3143.1648
2000-09-24,2000,9,97900,2772.21472
2000-09-25,2000,9,111000,3143.1648
2000-09-26,2000,9,124000,3511.2832
2000-09-27,2000,9,108000,3058.2144
2000-09-28,2000,9,97900,2772.21472
2000-09-29,2000,9,95500,2704.2544
2000-09-30,2000,9,102000,2888.3136
2000-10-01,2000,10,91600,2593.81888
2000-10-02,2000,10,106000,3001.5808
2000-10-03,2000,10,106000,3001.5808
2000-10-04,2000,10,132000,3737.8176
2000-10-05,2000,10,121000,3426.3328
2000-10-06,2000,10,112000,3171.4816
2000-10-07,2000,10,120000,3398.016
2000-10-08,2000,10,93300,2641.95744
2000-10-09,2000,10,108000,3058.2144
2000-10-10,2000,10,118000,3341.3824
2000-10-11,2000,10,112000,3171.4816
2000-10-12,2000,10,122000,3454.6496
2000-10-13,2000,10,105000,2973.264
2000-10-14,2000,10,96800,2741.06624
2000-10-15,2000,10,112000,3171.4816
2000-10-16,2000,10,115000,3256.432
2000-10-17,2000,10,101000,2859.9968
2000-10-18,2000,10,99000,2803.3632
2000-10-19,2000,10,105000,2973.264
2000-10-20,2000,10,120000,3398.016
2000-10-21,2000,10,121000,3426.3328
2000-10-22,2000,10,80200,2271.00736
2000-10-23,2000,10,96700,2738.23456
2000-10-24,2000,10,107000,3029.8976
2000-10-25,2000,10,112000,3171.4816
2000-10-26,2000,10,124000,3511.2832
2000-10-27,2000,10,115000,3256.432
2000-10-28,2000,10,103000,2916.6304
2000-10-29,2000,10,114000,3228.1152
2000-10-30,2000,10,119000,3369.6992
2000-10-31,2000,10,121000,3426.3328
2000-11-01,2000,11,127000,3596.2336
2000-11-02,2000,11,133000,3766.1344
2000-11-03,2000,11,114000,3228.1152
2000-11-04,2000,11,124000,3511.2832
2000-11-05,2000,11,116000,3284.7488
2000-11-06,2000,11,124000,3511.2832
2000-11-07,2000,11,131000,3709.5008
2000-11-08,2000,11,121000,3426.3328
2000-11-09,2000,11,126000,3567.9168
2000-11-10,2000,11,134000,3794.4512
2000-11-11,2000,11,134000,3794.4512
2000-11-12,2000,11,128000,3624.5504
2000-11-13,2000,11,126000,3567.9168
2000-11-14,2000,11,124000,3511.2832
2000-11-15,2000,11,139000,3936.0352
2000-11-16,2000,11,139000,3936.0352
2000-11-17,2000,11,129000,3652.8672
2000-11-18,2000,11,133000,3766.1344
2000-11-19,2000,11,119000,3369.6992
2000-11-20,2000,11,110000,3114.848
2000-11-21,2000,11,154000,4360.7872
2000-11-22,2000,11,118000,3341.3824
2000-11-23,2000,11,126000,3567.9168
2000-11-24,2000,11,125000,3539.6
2000-11-25,2000,11,123000,3482.9664
2000-11-26,2000,11,116000,3284.7488
2000-11-27,2000,11,122000,3454.6496
2000-11-28,2000,11,129000,3652.8672
2000-11-29,2000,11,136000,3851.0848
2000-11-30,2000,11,144000,4077.6192
2000-12-01,2000,12,129000,3652.8672
2000-12-02,2000,12,122000,3454.6496
2000-12-03,2000,12,137000,3879.4016
2000-12-04,2000,12,141000,3992.6688
2000-12-05,2000,12,137000,3879.4016
2000-12-06,2000,12,141000,3992.6688
2000-12-07,2000,12,148000,4190.8864
2000-12-08,2000,12,164000,4643.9552
2000-12-09,2000,12,137000,3879.4016
2000-12-10,2000,12,128000,3624.5504
2000-12-11,2000,12,155000,4389.104
2000-12-12,2000,12,173000,4898.8064
2000-12-13,2000,12,181000,5125.3408
2000-12-14,2000,12,170000,4813.856
2000-12-15,2000,12,154000,4360.7872
2000-12-16,2000,12,128000,3624.5504
2000-12-17,2000,12,129000,3652.8672
2000-12-18,2000,12,143000,4049.3024
2000-12-19,2000,12,154000,4360.7872
2000-12-20,2000,12,158000,4474.0544
2000-12-21,2000,12,149000,4219.2032
2000-12-22,2000,12,130000,3681.184
2000-12-23,2000,12,139000,3936.0352
2000-12-24,2000,12,130000,3681.184
2000-12-25,2000,12,128000,3624.5504
2000-12-26,2000,12,134000,3794.4512
2000-12-27,2000,12,138000,3907.7184
2000-12-28,2000,12,147000,4162.5696
2000-12-29,2000,12,133000,3766.1344
2000-12-30,2000,12,147000,4162.5696
2000-12-31,2000,12,140000,3964.352
2001-01-01,2001,1,127000,3596.2336
2001-01-02,2001,1,123000,3482.9664
2001-01-03,2001,1,143000,4049.3024
2001-01-04,2001,1,143000,4049.3024
2001-01-05,2001,1,136000,3851.0848
2001-01-06,2001,1,124000,3511.2832
2001-01-07,2001,1,129000,3652.8672
2001-01-08,2001,1,140000,3964.352
2001-01-09,2001,1,138000,3907.7184
2001-01-10,2001,1,118000,3341.3824
2001-01-11,2001,1,140000,3964.352
2001-01-12,2001,1,129000,3652.8672
2001-01-13,2001,1,124000,3511.2832
2001-01-14,2001,1,118000,3341.3824
2001-01-15,2001,1,125000,3539.6
2001-01-16,2001,1,133000,3766.1344
2001-01-17,2001,1,134000,3794.4512
2001-01-18,2001,1,139000,3936.0352
2001-01-19,2001,1,146000,4134.2528
2001-01-20,2001,1,127000,3596.2336
2001-01-21,2001,1,101000,2859.9968
2001-01-22,2001,1,155000,4389.104
2001-01-23,2001,1,140000,3964.352
2001-01-24,2001,1,122000,3454.6496
2001-01-25,2001,1,125000,3539.6
2001-01-26,2001,1,126000,3567.9168
2001-01-27,2001,1,126000,3567.9168
2001-01-28,2001,1,124000,3511.2832
2001-01-29,2001,1,114000,3228.1152
2001-01-30,2001,1,135000,3822.768
2001-01-31,2001,1,122000,3454.6496
2001-02-01,2001,2,126000,3567.9168
2001-02-02,2001,2,116000,3284.7488
2001-02-03,2001,2,119000,3369.6992
2001-02-04,2001,2,119000,3369.6992
2001-02-05,2001,2,114000,3228.1152
2001-02-06,2001,2,119000,3369.6992
2001-02-07,2001,2,130000,3681.184
2001-02-08,2001,2,115000,3256.432
2001-02-09,2001,2,124000,3511.2832
2001-02-10,2001,2,125000,3539.6
2001-02-11,2001,2,117000,3313.0656
2001-02-12,2001,2,132000,3737.8176
2001-02-13,2001,2,119000,3369.6992
2001-02-14,2001,2,139000,3936.0352
2001-02-15,2001,2,142000,4020.9856
2001-02-16,2001,2,145000,4105.936
2001-02-17,2001,2,136000,3851.0848
2001-02-18,2001,2,117000,3313.0656
2001-02-19,2001,2,126000,3567.9168
2001-02-20,2001,2,136000,3851.0848
2001-02-21,2001,2,123000,3482.9664
2001-02-22,2001,2,124000,3511.2832
2001-02-23,2001,2,139000,3936.0352
2001-02-24,2001,2,110000,3114.848
2001-02-25,2001,2,112000,3171.4816
2001-02-26,2001,2,134000,3794.4512
2001-02-27,2001,2,137000,3879.4016
2001-02-28,2001,2,129000,3652.8672
2001-03-01,2001,3,127000,3596.2336
2001-03-02,2001,3,119000,3369.6992
2001-03-03,2001,3,119000,3369.6992
2001-03-04,2001,3,107000,3029.8976
2001-03-05,2001,3,134000,3794.4512
2001-03-06,2001,3,128000,3624.5504
2001-03-07,2001,3,113000,3199.7984
2001-03-08,2001,3,99900,2828.84832
2001-03-09,2001,3,124000,3511.2832
2001-03-10,2001,3,113000,3199.7984
2001-03-11,2001,3,112000,3171.4816
2001-03-12,2001,3,114000,3228.1152
2001-03-13,2001,3,110000,3114.848
2001-03-14,2001,3,122000,3454.6496
2001-03-15,2001,3,123000,3482.9664
2001-03-16,2001,3,137000,3879.4016
2001-03-17,2001,3,115000,3256.432
2001-03-18,2001,3,107000,3029.8976
2001-03-19,2001,3,107000,3029.8976
2001-03-20,2001,3,123000,3482.9664
2001-03-21,2001,3,127000,3596.2336
2001-03-22,2001,3,141000,3992.6688
2001-03-23,2001,3,143000,4049.3024
2001-03-24,2001,3,91300,2585.32384
2001-03-25,2001,3,90600,2565.50208
2001-03-26,2001,3,119000,3369.6992
2001-03-27,2001,3,137000,3879.4016
2001-03-28,2001,3,116000,3284.7488
2001-03-29,2001,3,129000,3652.8672
2001-03-30,2001,3,140000,3964.352
2001-03-31,2001,3,113000,3199.7984
2001-04-01,2001,4,95400,2701.42272
2001-04-02,2001,4,119000,3369.6992
2001-04-03,2001,4,128000,3624.5504
2001-04-04,2001,4,124000,3511.2832
2001-04-05,2001,4,118000,3341.3824
2001-04-06,2001,4,128000,3624.5504
2001-04-07,2001,4,116000,3284.7488
2001-04-08,2001,4,94200,2667.44256
2001-04-09,2001,4,123000,3482.9664
2001-04-10,2001,4,130000,3681.184
2001-04-11,2001,4,126000,3567.9168
2001-04-12,2001,4,129000,3652.8672
2001-04-13,2001,4,120000,3398.016
2001-04-14,2001,4,92700,2624.96736
2001-04-15,2001,4,86800,2457.89824
2001-04-16,2001,4,117000,3313.0656
2001-04-17,2001,4,114000,3228.1152
2001-04-18,2001,4,133000,3766.1344
2001-04-19,2001,4,114000,3228.1152
2001-04-20,2001,4,115000,3256.432
2001-04-21,2001,4,95200,2695.75936
2001-04-22,2001,4,89100,2523.02688
2001-04-23,2001,4,104000,2944.9472
2001-04-24,2001,4,114000,3228.1152
2001-04-25,2001,4,122000,3454.6496
2001-04-26,2001,4,122000,3454.6496
2001-04-27,2001,4,130000,3681.184
2001-04-28,2001,4,92600,2622.13568
2001-04-29,2001,4,140000,3964.352
2001-04-30,2001,4,138000,3907.7184
2001-05-01,2001,5,150000,4247.52
2001-05-02,2001,5,164000,4643.9552
2001-05-03,2001,5,142000,4020.9856
2001-05-04,2001,5,139000,3936.0352
2001-05-05,2001,5,130000,3681.184
2001-05-06,2001,5,137000,3879.4016
2001-05-07,2001,5,136000,3851.0848
2001-05-08,2001,5,119000,3369.6992
2001-05-09,2001,5,118000,3341.3824
2001-05-10,2001,5,102000,2888.3136
2001-05-11,2001,5,120000,3398.016
2001-05-12,2001,5,118000,3341.3824
2001-05-13,2001,5,104000,2944.9472
2001-05-14,2001,5,121000,3426.3328
2001-05-15,2001,5,132000,3737.8176
2001-05-16,2001,5,144000,4077.6192
2001-05-17,2001,5,173000,4898.8064
2001-05-18,2001,5,169000,4785.5392
2001-05-19,2001,5,124000,3511.2832
2001-05-20,2001,5,119000,3369.6992
2001-05-21,2001,5,135000,3822.768
2001-05-22,2001,5,144000,4077.6192
2001-05-23,2001,5,163000,4615.6384
2001-05-24,2001,5,163000,4615.6384
2001-05-25,2001,5,149000,4219.2032
2001-05-26,2001,5,140000,3964.352
2001-05-27,2001,5,119000,3369.6992
2001-05-28,2001,5,113000,3199.7984
2001-05-29,2001,5,157000,4445.7376
2001-05-30,2001,5,164000,4643.9552
2001-05-31,2001,5,171000,4842.1728
2001-06-01,2001,6,164000,4643.9552
2001-06-02,2001,6,122000,3454.6496
2001-06-03,2001,6,104000,2944.9472
2001-06-04,2001,6,147000,4162.5696
2001-06-05,2001,6,154000,4360.7872
2001-06-06,2001,6,154000,4360.7872
2001-06-07,2001,6,131000,3709.5008
2001-06-08,2001,6,161000,4559.0048
2001-06-09,2001,6,138000,3907.7184
2001-06-10,2001,6,111000,3143.1648
2001-06-11,2001,6,141000,3992.6688
2001-06-12,2001,6,167000,4728.9056
2001-06-13,2001,6,140000,3964.352
2001-06-14,2001,6,119000,3369.6992
2001-06-15,2001,6,136000,3851.0848
2001-06-16,2001,6,126000,3567.9168
2001-06-17,2001,6,91500,2590.9872
2001-06-18,2001,6,127000,3596.2336
2001-06-19,2001,6,140000,3964.352
2001-06-20,2001,6,140000,3964.352
2001-06-21,2001,6,141000,3992.6688
2001-06-22,2001,6,132000,3737.8176
2001-06-23,2001,6,134000,3794.4512
2001-06-24,2001,6,105000,2973.264
2001-06-25,2001,6,106000,3001.5808
2001-06-26,2001,6,124000,3511.2832
2001-06-27,2001,6,119000,3369.6992
2001-06-28,2001,6,128000,3624.5504
2001-06-29,2001,6,144000,4077.6192
2001-06-30,2001,6,103000,2916.6304
2001-07-01,2001,7,84300,2387.10624
2001-07-02,2001,7,128000,3624.5504
2001-07-03,2001,7,124000,3511.2832
2001-07-04,2001,7,98800,2797.69984
2001-07-05,2001,7,83500,2364.4528
2001-07-06,2001,7,82500,2336.136
2001-07-07,2001,7,84200,2384.27456
2001-07-08,2001,7,74000,2095.4432
2001-07-09,2001,7,89800,2542.84864
2001-07-10,2001,7,98800,2797.69984
2001-07-11,2001,7,102000,2888.3136
2001-07-12,2001,7,80700,2285.16576
2001-07-13,2001,7,73200,2072.78976
2001-07-14,2001,7,69800,1976.51264
2001-07-15,2001,7,63100,1786.79008
2001-07-16,2001,7,83500,2364.4528
2001-07-17,2001,7,86000,2435.2448
2001-07-18,2001,7,107000,3029.8976
2001-07-19,2001,7,86000,2435.2448
2001-07-20,2001,7,80900,2290.82912
2001-07-21,2001,7,86200,2440.90816
2001-07-22,2001,7,69100,1956.69088
2001-07-23,2001,7,90300,2557.00704
2001-07-24,2001,7,88100,2494.71008
2001-07-25,2001,7,87200,2469.22496
2001-07-26,2001,7,91300,2585.32384
2001-07-27,2001,7,91400,2588.15552
2001-07-28,2001,7,78300,2217.20544
2001-07-29,2001,7,74700,2115.26496
2001-07-30,2001,7,73400,2078.45312
2001-07-31,2001,7,80100,2268.17568
2001-08-01,2001,8,77600,2197.38368
2001-08-02,2001,8,78100,2211.54208
2001-08-03,2001,8,78300,2217.20544
2001-08-04,2001,8,75700,2143.58176
2001-08-05,2001,8,86100,2438.07648
2001-08-06,2001,8,95100,2692.92768
2001-08-07,2001,8,98200,2780.70976
2001-08-08,2001,8,122000,3454.6496
2001-08-09,2001,8,116000,3284.7488
2001-08-10,2001,8,108000,3058.2144
2001-08-11,2001,8,101000,2859.9968
2001-08-12,2001,8,102000,2888.3136
2001-08-13,2001,8,91200,2582.49216
2001-08-14,2001,8,109000,3086.5312
2001-08-15,2001,8,115000,3256.432
2001-08-16,2001,8,115000,3256.432
2001-08-17,2001,8,104000,2944.9472
2001-08-18,2001,8,93300,2641.95744
2001-08-19,2001,8,89900,2545.68032
2001-08-20,2001,8,94500,2675.9376
2001-08-21,2001,8,87000,2463.5616
2001-08-22,2001,8,103000,2916.6304
2001-08-23,2001,8,88900,2517.36352
2001-08-24,2001,8,79500,2251.1856
2001-08-25,2001,8,111000,3143.1648
2001-08-26,2001,8,109000,3086.5312
2001-08-27,2001,8,118000,3341.3824
2001-08-28,2001,8,119000,3369.6992
2001-08-29,2001,8,116000,3284.7488
2001-08-30,2001,8,109000,3086.5312
2001-08-31,2001,8,92700,2624.96736
2001-09-01,2001,9,89000,2520.1952
2001-09-02,2001,9,86300,2443.73984
2001-09-03,2001,9,89500,2534.3536
2001-09-04,2001,9,79600,2254.01728
2001-09-05,2001,9,92400,2616.47232
2001-09-06,2001,9,81500,2307.8192
2001-09-07,2001,9,71600,2027.48288
2001-09-08,2001,9,70000,1982.176
2001-09-09,2001,9,71500,2024.6512
2001-09-10,2001,9,79800,2259.68064
2001-09-11,2001,9,82700,2341.79936
2001-09-12,2001,9,107000,3029.8976
2001-09-13,2001,9,96000,2718.4128
2001-09-14,2001,9,91000,2576.8288
2001-09-15,2001,9,72700,2058.63136
2001-09-16,2001,9,62800,1778.29504
2001-09-17,2001,9,75400,2135.08672
2001-09-18,2001,9,66500,1883.0672
2001-09-19,2001,9,83400,2361.62112
2001-09-20,2001,9,87800,2486.21504
2001-09-21,2001,9,83600,2367.28448
2001-09-22,2001,9,94600,2678.76928
2001-09-23,2001,9,77500,2194.552
2001-09-24,2001,9,86300,2443.73984
2001-09-25,2001,9,103000,2916.6304
2001-09-26,2001,9,102000,2888.3136
2001-09-27,2001,9,92600,2622.13568
2001-09-28,2001,9,82300,2330.47264
2001-09-29,2001,9,74500,2109.6016
2001-09-30,2001,9,76700,2171.89856
2001-10-01,2001,10,94000,2661.7792
2001-10-02,2001,10,107000,3029.8976
2001-10-03,2001,10,86100,2438.07648
2001-10-04,2001,10,72400,2050.13632
2001-10-05,2001,10,85600,2423.91808
2001-10-06,2001,10,74800,2118.09664
2001-10-07,2001,10,69500,1968.0176
2001-10-08,2001,10,72100,2041.64128
2001-10-09,2001,10,79500,2251.1856
2001-10-10,2001,10,97200,2752.39296
2001-10-11,2001,10,81100,2296.49248
2001-10-12,2001,10,84100,2381.44288
2001-10-13,2001,10,64800,1834.92864
2001-10-14,2001,10,68800,1948.19584
2001-10-15,2001,10,101000,2859.9968
2001-10-16,2001,10,87000,2463.5616
2001-10-17,2001,10,114000,3228.1152
2001-10-18,2001,10,113000,3199.7984
2001-10-19,2001,10,85800,2429.58144
2001-10-20,2001,10,76800,2174.73024
2001-10-21,2001,10,75400,2135.08672
2001-10-22,2001,10,79100,2239.85888
2001-10-23,2001,10,88200,2497.54176
2001-10-24,2001,10,110000,3114.848
2001-10-25,2001,10,84400,2389.93792
2001-10-26,2001,10,89800,2542.84864
2001-10-27,2001,10,89400,2531.52192
2001-10-28,2001,10,90500,2562.6704
2001-10-29,2001,10,91400,2588.15552
2001-10-30,2001,10,91500,2590.9872
2001-10-31,2001,10,91600,2593.81888
2001-11-01,2001,11,97700,2766.55136
2001-11-02,2001,11,93400,2644.78912
2001-11-03,2001,11,87100,2466.39328
2001-11-04,2001,11,86000,2435.2448
2001-11-05,2001,11,82400,2333.30432
2001-11-06,2001,11,116000,3284.7488
2001-11-07,2001,11,115000,3256.432
2001-11-08,2001,11,124000,3511.2832
2001-11-09,2001,11,114000,3228.1152
2001-11-10,2001,11,1e+05,2831.68
2001-11-11,2001,11,79500,2251.1856
2001-11-12,2001,11,96200,2724.07616
2001-11-13,2001,11,105000,2973.264
2001-11-14,2001,11,98400,2786.37312
2001-11-15,2001,11,90000,2548.512
2001-11-16,2001,11,98000,2775.0464
2001-11-17,2001,11,111000,3143.1648
2001-11-18,2001,11,93400,2644.78912
2001-11-19,2001,11,109000,3086.5312
2001-11-20,2001,11,112000,3171.4816
2001-11-21,2001,11,119000,3369.6992
2001-11-22,2001,11,99900,2828.84832
2001-11-23,2001,11,98300,2783.54144
2001-11-24,2001,11,120000,3398.016
2001-11-25,2001,11,112000,3171.4816
2001-11-26,2001,11,116000,3284.7488
2001-11-27,2001,11,132000,3737.8176
2001-11-28,2001,11,150000,4247.52
2001-11-29,2001,11,123000,3482.9664
2001-11-30,2001,11,133000,3766.1344
2001-12-01,2001,12,110000,3114.848
2001-12-02,2001,12,106000,3001.5808
2001-12-03,2001,12,96500,2732.5712
2001-12-04,2001,12,116000,3284.7488
2001-12-05,2001,12,124000,3511.2832
2001-12-06,2001,12,111000,3143.1648
2001-12-07,2001,12,106000,3001.5808
2001-12-08,2001,12,116000,3284.7488
2001-12-09,2001,12,96700,2738.23456
2001-12-10,2001,12,117000,3313.0656
2001-12-11,2001,12,127000,3596.2336
2001-12-12,2001,12,132000,3737.8176
2001-12-13,2001,12,125000,3539.6
2001-12-14,2001,12,119000,3369.6992
2001-12-15,2001,12,118000,3341.3824
2001-12-16,2001,12,101000,2859.9968
2001-12-17,2001,12,110000,3114.848
2001-12-18,2001,12,151000,4275.8368
2001-12-19,2001,12,136000,3851.0848
2001-12-20,2001,12,148000,4190.8864
2001-12-21,2001,12,154000,4360.7872
2001-12-22,2001,12,137000,3879.4016
2001-12-23,2001,12,131000,3709.5008
2001-12-24,2001,12,119000,3369.6992
2001-12-25,2001,12,127000,3596.2336
2001-12-26,2001,12,125000,3539.6
2001-12-27,2001,12,140000,3964.352
2001-12-28,2001,12,127000,3596.2336
2001-12-29,2001,12,117000,3313.0656
2001-12-30,2001,12,118000,3341.3824
2001-12-31,2001,12,119000,3369.6992
2002-01-01,2002,1,120000,3398.016
2002-01-02,2002,1,116000,3284.7488
2002-01-03,2002,1,115000,3256.432
2002-01-04,2002,1,125000,3539.6
2002-01-05,2002,1,140000,3964.352
2002-01-06,2002,1,135000,3822.768
2002-01-07,2002,1,130000,3681.184
2002-01-08,2002,1,105000,2973.264
2002-01-09,2002,1,151000,4275.8368
2002-01-10,2002,1,157000,4445.7376
2002-01-11,2002,1,135000,3822.768
2002-01-12,2002,1,115000,3256.432
2002-01-13,2002,1,115000,3256.432
2002-01-14,2002,1,130000,3681.184
2002-01-15,2002,1,165000,4672.272
2002-01-16,2002,1,190000,5380.192
2002-01-17,2002,1,161000,4559.0048
2002-01-18,2002,1,158000,4474.0544
2002-01-19,2002,1,112000,3171.4816
2002-01-20,2002,1,135000,3822.768
2002-01-21,2002,1,136000,3851.0848
2002-01-22,2002,1,135000,3822.768
2002-01-23,2002,1,174000,4927.1232
2002-01-24,2002,1,171000,4842.1728
2002-01-25,2002,1,128000,3624.5504
2002-01-26,2002,1,152000,4304.1536
2002-01-27,2002,1,122000,3454.6496
2002-01-28,2002,1,144000,4077.6192
2002-01-29,2002,1,164000,4643.9552
2002-01-30,2002,1,167000,4728.9056
2002-01-31,2002,1,171000,4842.1728
2002-02-01,2002,2,173000,4898.8064
2002-02-02,2002,2,147000,4162.5696
2002-02-03,2002,2,125000,3539.6
2002-02-04,2002,2,161000,4559.0048
2002-02-05,2002,2,154000,4360.7872
2002-02-06,2002,2,157000,4445.7376
2002-02-07,2002,2,161000,4559.0048
2002-02-08,2002,2,165000,4672.272
2002-02-09,2002,2,168000,4757.2224
2002-02-10,2002,2,124000,3511.2832
2002-02-11,2002,2,145000,4105.936
2002-02-12,2002,2,168000,4757.2224
2002-02-13,2002,2,144000,4077.6192
2002-02-14,2002,2,184000,5210.2912
2002-02-15,2002,2,159000,4502.3712
2002-02-16,2002,2,126000,3567.9168
2002-02-17,2002,2,114000,3228.1152
2002-02-18,2002,2,130000,3681.184
2002-02-19,2002,2,134000,3794.4512
2002-02-20,2002,2,151000,4275.8368
2002-02-21,2002,2,144000,4077.6192
2002-02-22,2002,2,132000,3737.8176
2002-02-23,2002,2,105000,2973.264
2002-02-24,2002,2,124000,3511.2832
2002-02-25,2002,2,155000,4389.104
2002-02-26,2002,2,165000,4672.272
2002-02-27,2002,2,149000,4219.2032
2002-02-28,2002,2,159000,4502.3712
2002-03-01,2002,3,143000,4049.3024
2002-03-02,2002,3,133000,3766.1344
2002-03-03,2002,3,104000,2944.9472
2002-03-04,2002,3,125000,3539.6
2002-03-05,2002,3,116000,3284.7488
2002-03-06,2002,3,124000,3511.2832
2002-03-07,2002,3,131000,3709.5008
2002-03-08,2002,3,115000,3256.432
2002-03-09,2002,3,128000,3624.5504
2002-03-10,2002,3,91300,2585.32384
2002-03-11,2002,3,113000,3199.7984
2002-03-12,2002,3,132000,3737.8176
2002-03-13,2002,3,169000,4785.5392
2002-03-14,2002,3,141000,3992.6688
2002-03-15,2002,3,152000,4304.1536
2002-03-16,2002,3,140000,3964.352
2002-03-17,2002,3,118000,3341.3824
2002-03-18,2002,3,131000,3709.5008
2002-03-19,2002,3,129000,3652.8672
2002-03-20,2002,3,115000,3256.432
2002-03-21,2002,3,145000,4105.936
2002-03-22,2002,3,132000,3737.8176
2002-03-23,2002,3,114000,3228.1152
2002-03-24,2002,3,83300,2358.78944
2002-03-25,2002,3,143000,4049.3024
2002-03-26,2002,3,125000,3539.6
2002-03-27,2002,3,125000,3539.6
2002-03-28,2002,3,122000,3454.6496
2002-03-29,2002,3,135000,3822.768
2002-03-30,2002,3,140000,3964.352
2002-03-31,2002,3,121000,3426.3328
2002-04-01,2002,4,158000,4474.0544
2002-04-02,2002,4,177000,5012.0736
2002-04-03,2002,4,147000,4162.5696
2002-04-04,2002,4,139000,3936.0352
2002-04-05,2002,4,135000,3822.768
2002-04-06,2002,4,120000,3398.016
2002-04-07,2002,4,114000,3228.1152
2002-04-08,2002,4,170000,4813.856
2002-04-09,2002,4,155000,4389.104
2002-04-10,2002,4,178000,5040.3904
2002-04-11,2002,4,190000,5380.192
2002-04-12,2002,4,184000,5210.2912
2002-04-13,2002,4,216000,6116.4288
2002-04-14,2002,4,212000,6003.1616
2002-04-15,2002,4,269000,7617.2192
2002-04-16,2002,4,346000,9797.6128
2002-04-17,2002,4,350000,9910.88
2002-04-18,2002,4,322000,9118.0096
2002-04-19,2002,4,296000,8381.7728
2002-04-20,2002,4,277000,7843.7536
2002-04-21,2002,4,287000,8126.9216
2002-04-22,2002,4,255000,7220.784
2002-04-23,2002,4,280000,7928.704
2002-04-24,2002,4,267000,7560.5856
2002-04-25,2002,4,244000,6909.2992
2002-04-26,2002,4,225000,6371.28
2002-04-27,2002,4,235000,6654.448
2002-04-28,2002,4,179000,5068.7072
2002-04-29,2002,4,215000,6088.112
2002-04-30,2002,4,234000,6626.1312
2002-05-01,2002,5,215000,6088.112
2002-05-02,2002,5,2e+05,5663.36
2002-05-03,2002,5,249000,7050.8832
2002-05-04,2002,5,235000,6654.448
2002-05-05,2002,5,221000,6258.0128
2002-05-06,2002,5,219000,6201.3792
2002-05-07,2002,5,240000,6796.032
2002-05-08,2002,5,257000,7277.4176
2002-05-09,2002,5,215000,6088.112
2002-05-10,2002,5,191000,5408.5088
2002-05-11,2002,5,209000,5918.2112
2002-05-12,2002,5,183000,5181.9744
2002-05-13,2002,5,211000,5974.8448
2002-05-14,2002,5,205000,5804.944
2002-05-15,2002,5,212000,6003.1616
2002-05-16,2002,5,191000,5408.5088
2002-05-17,2002,5,229000,6484.5472
2002-05-18,2002,5,206000,5833.2608
2002-05-19,2002,5,220000,6229.696
2002-05-20,2002,5,224000,6342.9632
2002-05-21,2002,5,260000,7362.368
2002-05-22,2002,5,278000,7872.0704
2002-05-23,2002,5,265000,7503.952
2002-05-24,2002,5,283000,8013.6544
2002-05-25,2002,5,251000,7107.5168
2002-05-26,2002,5,238000,6739.3984
2002-05-27,2002,5,237000,6711.0816
2002-05-28,2002,5,283000,8013.6544
2002-05-29,2002,5,309000,8749.8912
2002-05-30,2002,5,294000,8325.1392
2002-05-31,2002,5,303000,8579.9904
2002-06-01,2002,6,351000,9939.1968
2002-06-02,2002,6,320000,9061.376
2002-06-03,2002,6,306000,8664.9408
2002-06-04,2002,6,331000,9372.8608
2002-06-05,2002,6,367000,10392.2656
2002-06-06,2002,6,377000,10675.4336
2002-06-07,2002,6,340000,9627.712
2002-06-08,2002,6,371000,10505.5328
2002-06-09,2002,6,334000,9457.8112
2002-06-10,2002,6,293000,8296.8224
2002-06-11,2002,6,351000,9939.1968
2002-06-12,2002,6,298000,8438.4064
2002-06-13,2002,6,314000,8891.4752
2002-06-14,2002,6,274000,7758.8032
2002-06-15,2002,6,290000,8211.872
2002-06-16,2002,6,256000,7249.1008
2002-06-17,2002,6,303000,8579.9904
2002-06-18,2002,6,305000,8636.624
2002-06-19,2002,6,348000,9854.2464
2002-06-20,2002,6,368000,10420.5824
2002-06-21,2002,6,358000,10137.4144
2002-06-22,2002,6,319000,9033.0592
2002-06-23,2002,6,295000,8353.456
2002-06-24,2002,6,327000,9259.5936
2002-06-25,2002,6,284000,8041.9712
2002-06-26,2002,6,283000,8013.6544
2002-06-27,2002,6,313000,8863.1584
2002-06-28,2002,6,329000,9316.2272
2002-06-29,2002,6,361000,10222.3648
2002-06-30,2002,6,297000,8410.0896
2002-07-01,2002,7,315000,8919.792
2002-07-02,2002,7,318000,9004.7424
2002-07-03,2002,7,307000,8693.2576
2002-07-04,2002,7,319000,9033.0592
2002-07-05,2002,7,266000,7532.2688
2002-07-06,2002,7,264000,7475.6352
2002-07-07,2002,7,239000,6767.7152
2002-07-08,2002,7,228000,6456.2304
2002-07-09,2002,7,216000,6116.4288
2002-07-10,2002,7,211000,5974.8448
2002-07-11,2002,7,238000,6739.3984
2002-07-12,2002,7,257000,7277.4176
2002-07-13,2002,7,249000,7050.8832
2002-07-14,2002,7,240000,6796.032
2002-07-15,2002,7,249000,7050.8832
2002-07-16,2002,7,191000,5408.5088
2002-07-17,2002,7,252000,7135.8336
2002-07-18,2002,7,243000,6880.9824
2002-07-19,2002,7,220000,6229.696
2002-07-20,2002,7,212000,6003.1616
2002-07-21,2002,7,222000,6286.3296
2002-07-22,2002,7,241000,6824.3488
2002-07-23,2002,7,195000,5521.776
2002-07-24,2002,7,202000,5719.9936
2002-07-25,2002,7,185000,5238.608
2002-07-26,2002,7,154000,4360.7872
2002-07-27,2002,7,156000,4417.4208
2002-07-28,2002,7,147000,4162.5696
2002-07-29,2002,7,179000,5068.7072
2002-07-30,2002,7,188000,5323.5584
2002-07-31,2002,7,165000,4672.272
2002-08-01,2002,8,169000,4785.5392
2002-08-02,2002,8,159000,4502.3712
2002-08-03,2002,8,172000,4870.4896
2002-08-04,2002,8,144000,4077.6192
2002-08-05,2002,8,164000,4643.9552
2002-08-06,2002,8,160000,4530.688
2002-08-07,2002,8,155000,4389.104
2002-08-08,2002,8,172000,4870.4896
2002-08-09,2002,8,174000,4927.1232
2002-08-10,2002,8,143000,4049.3024
2002-08-11,2002,8,153000,4332.4704
2002-08-12,2002,8,155000,4389.104
2002-08-13,2002,8,163000,4615.6384
2002-08-14,2002,8,152000,4304.1536
2002-08-15,2002,8,163000,4615.6384
2002-08-16,2002,8,162000,4587.3216
2002-08-17,2002,8,133000,3766.1344
2002-08-18,2002,8,127000,3596.2336
2002-08-19,2002,8,140000,3964.352
2002-08-20,2002,8,151000,4275.8368
2002-08-21,2002,8,163000,4615.6384
2002-08-22,2002,8,159000,4502.3712
2002-08-23,2002,8,139000,3936.0352
2002-08-24,2002,8,150000,4247.52
2002-08-25,2002,8,123000,3482.9664
2002-08-26,2002,8,138000,3907.7184
2002-08-27,2002,8,145000,4105.936
2002-08-28,2002,8,147000,4162.5696
2002-08-29,2002,8,130000,3681.184
2002-08-30,2002,8,133000,3766.1344
2002-08-31,2002,8,145000,4105.936
2002-09-01,2002,9,117000,3313.0656
2002-09-02,2002,9,103000,2916.6304
2002-09-03,2002,9,103000,2916.6304
2002-09-04,2002,9,126000,3567.9168
2002-09-05,2002,9,113000,3199.7984
2002-09-06,2002,9,118000,3341.3824
2002-09-07,2002,9,95100,2692.92768
2002-09-08,2002,9,79400,2248.35392
2002-09-09,2002,9,89000,2520.1952
2002-09-10,2002,9,114000,3228.1152
2002-09-11,2002,9,115000,3256.432
2002-09-12,2002,9,83100,2353.12608
2002-09-13,2002,9,84700,2398.43296
2002-09-14,2002,9,112000,3171.4816
2002-09-15,2002,9,86700,2455.06656
2002-09-16,2002,9,74300,2103.93824
2002-09-17,2002,9,105000,2973.264
2002-09-18,2002,9,114000,3228.1152
2002-09-19,2002,9,113000,3199.7984
2002-09-20,2002,9,123000,3482.9664
2002-09-21,2002,9,116000,3284.7488
2002-09-22,2002,9,104000,2944.9472
2002-09-23,2002,9,139000,3936.0352
2002-09-24,2002,9,110000,3114.848
2002-09-25,2002,9,124000,3511.2832
2002-09-26,2002,9,127000,3596.2336
2002-09-27,2002,9,126000,3567.9168
2002-09-28,2002,9,86200,2440.90816
2002-09-29,2002,9,75600,2140.75008
2002-09-30,2002,9,102000,2888.3136
2002-10-01,2002,10,91400,2588.15552
2002-10-02,2002,10,95400,2701.42272
2002-10-03,2002,10,103000,2916.6304
2002-10-04,2002,10,127000,3596.2336
2002-10-05,2002,10,78300,2217.20544
2002-10-06,2002,10,87100,2466.39328
2002-10-07,2002,10,109000,3086.5312
2002-10-08,2002,10,87500,2477.72
2002-10-09,2002,10,136000,3851.0848
2002-10-10,2002,10,131000,3709.5008
2002-10-11,2002,10,125000,3539.6
2002-10-12,2002,10,103000,2916.6304
2002-10-13,2002,10,85900,2432.41312
2002-10-14,2002,10,106000,3001.5808
2002-10-15,2002,10,118000,3341.3824
2002-10-16,2002,10,95700,2709.91776
2002-10-17,2002,10,105000,2973.264
2002-10-18,2002,10,102000,2888.3136
2002-10-19,2002,10,76600,2169.06688
2002-10-20,2002,10,75300,2132.25504
2002-10-21,2002,10,108000,3058.2144
2002-10-22,2002,10,96700,2738.23456
2002-10-23,2002,10,117000,3313.0656
2002-10-24,2002,10,104000,2944.9472
2002-10-25,2002,10,126000,3567.9168
2002-10-26,2002,10,122000,3454.6496
2002-10-27,2002,10,106000,3001.5808
2002-10-28,2002,10,117000,3313.0656
2002-10-29,2002,10,121000,3426.3328
2002-10-30,2002,10,132000,3737.8176
2002-10-31,2002,10,141000,3992.6688
2002-11-01,2002,11,143000,4049.3024
2002-11-02,2002,11,146000,4134.2528
2002-11-03,2002,11,113000,3199.7984
2002-11-04,2002,11,129000,3652.8672
2002-11-05,2002,11,112000,3171.4816
2002-11-06,2002,11,120000,3398.016
2002-11-07,2002,11,123000,3482.9664
2002-11-08,2002,11,127000,3596.2336
2002-11-09,2002,11,115000,3256.432
2002-11-10,2002,11,119000,3369.6992
2002-11-11,2002,11,130000,3681.184
2002-11-12,2002,11,133000,3766.1344
2002-11-13,2002,11,130000,3681.184
2002-11-14,2002,11,106000,3001.5808
2002-11-15,2002,11,138000,3907.7184
2002-11-16,2002,11,111000,3143.1648
2002-11-17,2002,11,119000,3369.6992
2002-11-18,2002,11,148000,4190.8864
2002-11-19,2002,11,118000,3341.3824
2002-11-20,2002,11,126000,3567.9168
2002-11-21,2002,11,121000,3426.3328
2002-11-22,2002,11,134000,3794.4512
2002-11-23,2002,11,128000,3624.5504
2002-11-24,2002,11,122000,3454.6496
2002-11-25,2002,11,130000,3681.184
2002-11-26,2002,11,145000,4105.936
2002-11-27,2002,11,145000,4105.936
2002-11-28,2002,11,130000,3681.184
2002-11-29,2002,11,123000,3482.9664
2002-11-30,2002,11,135000,3822.768
2002-12-01,2002,12,133000,3766.1344
2002-12-02,2002,12,128000,3624.5504
2002-12-03,2002,12,146000,4134.2528
2002-12-04,2002,12,114000,3228.1152
2002-12-05,2002,12,139000,3936.0352
2002-12-06,2002,12,139000,3936.0352
2002-12-07,2002,12,127000,3596.2336
2002-12-08,2002,12,124000,3511.2832
2002-12-09,2002,12,128000,3624.5504
2002-12-10,2002,12,139000,3936.0352
2002-12-11,2002,12,127000,3596.2336
2002-12-12,2002,12,123000,3482.9664
2002-12-13,2002,12,118000,3341.3824
2002-12-14,2002,12,116000,3284.7488
2002-12-15,2002,12,105000,2973.264
2002-12-16,2002,12,118000,3341.3824
2002-12-17,2002,12,111000,3143.1648
2002-12-18,2002,12,134000,3794.4512
2002-12-19,2002,12,149000,4219.2032
2002-12-20,2002,12,117000,3313.0656
2002-12-21,2002,12,116000,3284.7488
2002-12-22,2002,12,105000,2973.264
2002-12-23,2002,12,127000,3596.2336
2002-12-24,2002,12,125000,3539.6
2002-12-25,2002,12,109000,3086.5312
2002-12-26,2002,12,121000,3426.3328
2002-12-27,2002,12,119000,3369.6992
2002-12-28,2002,12,112000,3171.4816
2002-12-29,2002,12,117000,3313.0656
2002-12-30,2002,12,110000,3114.848
2002-12-31,2002,12,106000,3001.5808
2003-01-01,2003,1,119000,3369.6992
2003-01-02,2003,1,108000,3058.2144
2003-01-03,2003,1,107000,3029.8976
2003-01-04,2003,1,104000,2944.9472
2003-01-05,2003,1,1e+05,2831.68
2003-01-06,2003,1,114000,3228.1152
2003-01-07,2003,1,116000,3284.7488
2003-01-08,2003,1,136000,3851.0848
2003-01-09,2003,1,141000,3992.6688
2003-01-10,2003,1,125000,3539.6
2003-01-11,2003,1,129000,3652.8672
2003-01-12,2003,1,103000,2916.6304
2003-01-13,2003,1,106000,3001.5808
2003-01-14,2003,1,122000,3454.6496
2003-01-15,2003,1,120000,3398.016
2003-01-16,2003,1,121000,3426.3328
2003-01-17,2003,1,132000,3737.8176
2003-01-18,2003,1,142000,4020.9856
2003-01-19,2003,1,117000,3313.0656
2003-01-20,2003,1,130000,3681.184
2003-01-21,2003,1,108000,3058.2144
2003-01-22,2003,1,124000,3511.2832
2003-01-23,2003,1,116000,3284.7488
2003-01-24,2003,1,123000,3482.9664
2003-01-25,2003,1,110000,3114.848
2003-01-26,2003,1,86900,2460.72992
2003-01-27,2003,1,109000,3086.5312
2003-01-28,2003,1,148000,4190.8864
2003-01-29,2003,1,155000,4389.104
2003-01-30,2003,1,134000,3794.4512
2003-01-31,2003,1,146000,4134.2528
2003-02-01,2003,2,182000,5153.6576
2003-02-02,2003,2,208000,5889.8944
2003-02-03,2003,2,170000,4813.856
2003-02-04,2003,2,171000,4842.1728
2003-02-05,2003,2,141000,3992.6688
2003-02-06,2003,2,141000,3992.6688
2003-02-07,2003,2,155000,4389.104
2003-02-08,2003,2,144000,4077.6192
2003-02-09,2003,2,122000,3454.6496
2003-02-10,2003,2,122000,3454.6496
2003-02-11,2003,2,132000,3737.8176
2003-02-12,2003,2,124000,3511.2832
2003-02-13,2003,2,132000,3737.8176
2003-02-14,2003,2,127000,3596.2336
2003-02-15,2003,2,110000,3114.848
2003-02-16,2003,2,110000,3114.848
2003-02-17,2003,2,116000,3284.7488
2003-02-18,2003,2,117000,3313.0656
2003-02-19,2003,2,127000,3596.2336
2003-02-20,2003,2,113000,3199.7984
2003-02-21,2003,2,123000,3482.9664
2003-02-22,2003,2,101000,2859.9968
2003-02-23,2003,2,120000,3398.016
2003-02-24,2003,2,121000,3426.3328
2003-02-25,2003,2,132000,3737.8176
2003-02-26,2003,2,131000,3709.5008
2003-02-27,2003,2,105000,2973.264
2003-02-28,2003,2,134000,3794.4512
2003-03-01,2003,3,132000,3737.8176
2003-03-02,2003,3,117000,3313.0656
2003-03-03,2003,3,139000,3936.0352
2003-03-04,2003,3,137000,3879.4016
2003-03-05,2003,3,156000,4417.4208
2003-03-06,2003,3,137000,3879.4016
2003-03-07,2003,3,149000,4219.2032
2003-03-08,2003,3,150000,4247.52
2003-03-09,2003,3,130000,3681.184
2003-03-10,2003,3,137000,3879.4016
2003-03-11,2003,3,126000,3567.9168
2003-03-12,2003,3,125000,3539.6
2003-03-13,2003,3,134000,3794.4512
2003-03-14,2003,3,143000,4049.3024
2003-03-15,2003,3,144000,4077.6192
2003-03-16,2003,3,151000,4275.8368
2003-03-17,2003,3,175000,4955.44
2003-03-18,2003,3,186000,5266.9248
2003-03-19,2003,3,192000,5436.8256
2003-03-20,2003,3,172000,4870.4896
2003-03-21,2003,3,153000,4332.4704
2003-03-22,2003,3,133000,3766.1344
2003-03-23,2003,3,115000,3256.432
2003-03-24,2003,3,130000,3681.184
2003-03-25,2003,3,160000,4530.688
2003-03-26,2003,3,175000,4955.44
2003-03-27,2003,3,221000,6258.0128
2003-03-28,2003,3,231000,6541.1808
2003-03-29,2003,3,199000,5635.0432
2003-03-30,2003,3,192000,5436.8256
2003-03-31,2003,3,183000,5181.9744
2003-04-01,2003,4,179000,5068.7072
2003-04-02,2003,4,195000,5521.776
2003-04-03,2003,4,178000,5040.3904
2003-04-04,2003,4,173000,4898.8064
2003-04-05,2003,4,190000,5380.192
2003-04-06,2003,4,191000,5408.5088
2003-04-07,2003,4,187000,5295.2416
2003-04-08,2003,4,182000,5153.6576
2003-04-09,2003,4,2e+05,5663.36
2003-04-10,2003,4,191000,5408.5088
2003-04-11,2003,4,186000,5266.9248
2003-04-12,2003,4,183000,5181.9744
2003-04-13,2003,4,183000,5181.9744
2003-04-14,2003,4,184000,5210.2912
2003-04-15,2003,4,2e+05,5663.36
2003-04-16,2003,4,196000,5550.0928
2003-04-17,2003,4,220000,6229.696
2003-04-18,2003,4,239000,6767.7152
2003-04-19,2003,4,217000,6144.7456
2003-04-20,2003,4,189000,5351.8752
2003-04-21,2003,4,184000,5210.2912
2003-04-22,2003,4,219000,6201.3792
2003-04-23,2003,4,246000,6965.9328
2003-04-24,2003,4,214000,6059.7952
2003-04-25,2003,4,198000,5606.7264
2003-04-26,2003,4,258000,7305.7344
2003-04-27,2003,4,201000,5691.6768
2003-04-28,2003,4,239000,6767.7152
2003-04-29,2003,4,220000,6229.696
2003-04-30,2003,4,228000,6456.2304
2003-05-01,2003,5,239000,6767.7152
2003-05-02,2003,5,199000,5635.0432
2003-05-03,2003,5,201000,5691.6768
2003-05-04,2003,5,194000,5493.4592
2003-05-05,2003,5,222000,6286.3296
2003-05-06,2003,5,226000,6399.5968
2003-05-07,2003,5,249000,7050.8832
2003-05-08,2003,5,201000,5691.6768
2003-05-09,2003,5,239000,6767.7152
2003-05-10,2003,5,222000,6286.3296
2003-05-11,2003,5,174000,4927.1232
2003-05-12,2003,5,202000,5719.9936
2003-05-13,2003,5,2e+05,5663.36
2003-05-14,2003,5,262000,7419.0016
2003-05-15,2003,5,222000,6286.3296
2003-05-16,2003,5,244000,6909.2992
2003-05-17,2003,5,238000,6739.3984
2003-05-18,2003,5,244000,6909.2992
2003-05-19,2003,5,229000,6484.5472
2003-05-20,2003,5,219000,6201.3792
2003-05-21,2003,5,221000,6258.0128
2003-05-22,2003,5,251000,7107.5168
2003-05-23,2003,5,250000,7079.2
2003-05-24,2003,5,253000,7164.1504
2003-05-25,2003,5,232000,6569.4976
2003-05-26,2003,5,248000,7022.5664
2003-05-27,2003,5,315000,8919.792
2003-05-28,2003,5,328000,9287.9104
2003-05-29,2003,5,273000,7730.4864
2003-05-30,2003,5,347000,9825.9296
2003-05-31,2003,5,355000,10052.464
2003-06-01,2003,6,328000,9287.9104
2003-06-02,2003,6,299000,8466.7232
2003-06-03,2003,6,295000,8353.456
2003-06-04,2003,6,305000,8636.624
2003-06-05,2003,6,286000,8098.6048
2003-06-06,2003,6,276000,7815.4368
2003-06-07,2003,6,268000,7588.9024
2003-06-08,2003,6,281000,7957.0208
2003-06-09,2003,6,260000,7362.368
2003-06-10,2003,6,268000,7588.9024
2003-06-11,2003,6,298000,8438.4064
2003-06-12,2003,6,303000,8579.9904
2003-06-13,2003,6,263000,7447.3184
2003-06-14,2003,6,282000,7985.3376
2003-06-15,2003,6,225000,6371.28
2003-06-16,2003,6,248000,7022.5664
2003-06-17,2003,6,264000,7475.6352
2003-06-18,2003,6,257000,7277.4176
2003-06-19,2003,6,240000,6796.032
2003-06-20,2003,6,181000,5125.3408
2003-06-21,2003,6,191000,5408.5088
2003-06-22,2003,6,176000,4983.7568
2003-06-23,2003,6,179000,5068.7072
2003-06-24,2003,6,190000,5380.192
2003-06-25,2003,6,209000,5918.2112
2003-06-26,2003,6,228000,6456.2304
2003-06-27,2003,6,220000,6229.696
2003-06-28,2003,6,169000,4785.5392
2003-06-29,2003,6,191000,5408.5088
2003-06-30,2003,6,171000,4842.1728
2003-07-01,2003,7,174000,4927.1232
2003-07-02,2003,7,170000,4813.856
2003-07-03,2003,7,115000,3256.432
2003-07-04,2003,7,136000,3851.0848
2003-07-05,2003,7,157000,4445.7376
2003-07-06,2003,7,114000,3228.1152
2003-07-07,2003,7,133000,3766.1344
2003-07-08,2003,7,116000,3284.7488
2003-07-09,2003,7,187000,5295.2416
2003-07-10,2003,7,175000,4955.44
2003-07-11,2003,7,160000,4530.688
2003-07-12,2003,7,164000,4643.9552
2003-07-13,2003,7,140000,3964.352
2003-07-14,2003,7,174000,4927.1232
2003-07-15,2003,7,152000,4304.1536
2003-07-16,2003,7,146000,4134.2528
2003-07-17,2003,7,172000,4870.4896
2003-07-18,2003,7,142000,4020.9856
2003-07-19,2003,7,102000,2888.3136
2003-07-20,2003,7,143000,4049.3024
2003-07-21,2003,7,152000,4304.1536
2003-07-22,2003,7,146000,4134.2528
2003-07-23,2003,7,159000,4502.3712
2003-07-24,2003,7,162000,4587.3216
2003-07-25,2003,7,152000,4304.1536
2003-07-26,2003,7,126000,3567.9168
2003-07-27,2003,7,116000,3284.7488
2003-07-28,2003,7,146000,4134.2528
2003-07-29,2003,7,162000,4587.3216
2003-07-30,2003,7,135000,3822.768
2003-07-31,2003,7,125000,3539.6
2003-08-01,2003,8,151000,4275.8368
2003-08-02,2003,8,145000,4105.936
2003-08-03,2003,8,102000,2888.3136
2003-08-04,2003,8,137000,3879.4016
2003-08-05,2003,8,121000,3426.3328
2003-08-06,2003,8,122000,3454.6496
2003-08-07,2003,8,125000,3539.6
2003-08-08,2003,8,115000,3256.432
2003-08-09,2003,8,133000,3766.1344
2003-08-10,2003,8,117000,3313.0656
2003-08-11,2003,8,129000,3652.8672
2003-08-12,2003,8,151000,4275.8368
2003-08-13,2003,8,137000,3879.4016
2003-08-14,2003,8,131000,3709.5008
2003-08-15,2003,8,132000,3737.8176
2003-08-16,2003,8,110000,3114.848
2003-08-17,2003,8,123000,3482.9664
2003-08-18,2003,8,130000,3681.184
2003-08-19,2003,8,145000,4105.936
2003-08-20,2003,8,142000,4020.9856
2003-08-21,2003,8,148000,4190.8864
2003-08-22,2003,8,147000,4162.5696
2003-08-23,2003,8,123000,3482.9664
2003-08-24,2003,8,124000,3511.2832
2003-08-25,2003,8,142000,4020.9856
2003-08-26,2003,8,147000,4162.5696
2003-08-27,2003,8,173000,4898.8064
2003-08-28,2003,8,123000,3482.9664
2003-08-29,2003,8,107000,3029.8976
2003-08-30,2003,8,117000,3313.0656
2003-08-31,2003,8,122000,3454.6496
2003-09-01,2003,9,115000,3256.432
2003-09-02,2003,9,97000,2746.7296
2003-09-03,2003,9,98100,2777.87808
2003-09-04,2003,9,102000,2888.3136
2003-09-05,2003,9,93300,2641.95744
2003-09-06,2003,9,94100,2664.61088
2003-09-07,2003,9,78700,2228.53216
2003-09-08,2003,9,81200,2299.32416
2003-09-09,2003,9,98600,2792.03648
2003-09-10,2003,9,90400,2559.83872
2003-09-11,2003,9,68300,1934.03744
2003-09-12,2003,9,81100,2296.49248
2003-09-13,2003,9,84200,2384.27456
2003-09-14,2003,9,82800,2344.63104
2003-09-15,2003,9,81200,2299.32416
2003-09-16,2003,9,1e+05,2831.68
2003-09-17,2003,9,99400,2814.68992
2003-09-18,2003,9,92800,2627.79904
2003-09-19,2003,9,86100,2438.07648
2003-09-20,2003,9,80600,2282.33408
2003-09-21,2003,9,83200,2355.95776
2003-09-22,2003,9,112000,3171.4816
2003-09-23,2003,9,120000,3398.016
2003-09-24,2003,9,104000,2944.9472
2003-09-25,2003,9,104000,2944.9472
2003-09-26,2003,9,113000,3199.7984
2003-09-27,2003,9,127000,3596.2336
2003-09-28,2003,9,75500,2137.9184
2003-09-29,2003,9,86600,2452.23488
2003-09-30,2003,9,107000,3029.8976
2003-10-01,2003,10,102000,2888.3136
2003-10-02,2003,10,120000,3398.016
2003-10-03,2003,10,95100,2692.92768
2003-10-04,2003,10,83200,2355.95776
2003-10-05,2003,10,73700,2086.94816
2003-10-06,2003,10,83500,2364.4528
2003-10-07,2003,10,101000,2859.9968
2003-10-08,2003,10,108000,3058.2144
2003-10-09,2003,10,112000,3171.4816
2003-10-10,2003,10,101000,2859.9968
2003-10-11,2003,10,111000,3143.1648
2003-10-12,2003,10,85300,2415.42304
2003-10-13,2003,10,89900,2545.68032
2003-10-14,2003,10,106000,3001.5808
2003-10-15,2003,10,112000,3171.4816
2003-10-16,2003,10,114000,3228.1152
2003-10-17,2003,10,107000,3029.8976
2003-10-18,2003,10,92000,2605.1456
2003-10-19,2003,10,74400,2106.76992
2003-10-20,2003,10,95000,2690.096
2003-10-21,2003,10,94700,2681.60096
2003-10-22,2003,10,99300,2811.85824
2003-10-23,2003,10,122000,3454.6496
2003-10-24,2003,10,137000,3879.4016
2003-10-25,2003,10,137000,3879.4016
2003-10-26,2003,10,126000,3567.9168
2003-10-27,2003,10,115000,3256.432
2003-10-28,2003,10,114000,3228.1152
2003-10-29,2003,10,132000,3737.8176
2003-10-30,2003,10,132000,3737.8176
2003-10-31,2003,10,134000,3794.4512
2003-11-01,2003,11,127000,3596.2336
2003-11-02,2003,11,123000,3482.9664
2003-11-03,2003,11,132000,3737.8176
2003-11-04,2003,11,131000,3709.5008
2003-11-05,2003,11,136000,3851.0848
2003-11-06,2003,11,140000,3964.352
2003-11-07,2003,11,140000,3964.352
2003-11-08,2003,11,125000,3539.6
2003-11-09,2003,11,106000,3001.5808
2003-11-10,2003,11,129000,3652.8672
2003-11-11,2003,11,122000,3454.6496
2003-11-12,2003,11,124000,3511.2832
2003-11-13,2003,11,140000,3964.352
2003-11-14,2003,11,114000,3228.1152
2003-11-15,2003,11,121000,3426.3328
2003-11-16,2003,11,108000,3058.2144
2003-11-17,2003,11,124000,3511.2832
2003-11-18,2003,11,118000,3341.3824
2003-11-19,2003,11,122000,3454.6496
2003-11-20,2003,11,121000,3426.3328
2003-11-21,2003,11,139000,3936.0352
2003-11-22,2003,11,146000,4134.2528
2003-11-23,2003,11,135000,3822.768
2003-11-24,2003,11,110000,3114.848
2003-11-25,2003,11,120000,3398.016
2003-11-26,2003,11,110000,3114.848
2003-11-27,2003,11,117000,3313.0656
2003-11-28,2003,11,110000,3114.848
2003-11-29,2003,11,109000,3086.5312
2003-11-30,2003,11,120000,3398.016
2003-12-01,2003,12,117000,3313.0656
2003-12-02,2003,12,122000,3454.6496
2003-12-03,2003,12,129000,3652.8672
2003-12-04,2003,12,135000,3822.768
2003-12-05,2003,12,123000,3482.9664
2003-12-06,2003,12,131000,3709.5008
2003-12-07,2003,12,124000,3511.2832
2003-12-08,2003,12,131000,3709.5008
2003-12-09,2003,12,145000,4105.936
2003-12-10,2003,12,156000,4417.4208
2003-12-11,2003,12,166000,4700.5888
2003-12-12,2003,12,156000,4417.4208
2003-12-13,2003,12,143000,4049.3024
2003-12-14,2003,12,125000,3539.6
2003-12-15,2003,12,159000,4502.3712
2003-12-16,2003,12,157000,4445.7376
2003-12-17,2003,12,163000,4615.6384
2003-12-18,2003,12,172000,4870.4896
2003-12-19,2003,12,156000,4417.4208
2003-12-20,2003,12,147000,4162.5696
2003-12-21,2003,12,131000,3709.5008
2003-12-22,2003,12,146000,4134.2528
2003-12-23,2003,12,141000,3992.6688
2003-12-24,2003,12,139000,3936.0352
2003-12-25,2003,12,115000,3256.432
2003-12-26,2003,12,117000,3313.0656
2003-12-27,2003,12,124000,3511.2832
2003-12-28,2003,12,123000,3482.9664
2003-12-29,2003,12,166000,4700.5888
2003-12-30,2003,12,157000,4445.7376
2003-12-31,2003,12,175000,4955.44
2004-01-01,2004,1,133000,3766.1344
2004-01-02,2004,1,119000,3369.6992
2004-01-03,2004,1,145000,4105.936
2004-01-04,2004,1,133000,3766.1344
2004-01-05,2004,1,179000,5068.7072
2004-01-06,2004,1,182000,5153.6576
2004-01-07,2004,1,170000,4813.856
2004-01-08,2004,1,168000,4757.2224
2004-01-09,2004,1,155000,4389.104
2004-01-10,2004,1,116000,3284.7488
2004-01-11,2004,1,107000,3029.8976
2004-01-12,2004,1,145000,4105.936
2004-01-13,2004,1,146000,4134.2528
2004-01-14,2004,1,136000,3851.0848
2004-01-15,2004,1,129000,3652.8672
2004-01-16,2004,1,148000,4190.8864
2004-01-17,2004,1,115000,3256.432
2004-01-18,2004,1,110000,3114.848
2004-01-19,2004,1,127000,3596.2336
2004-01-20,2004,1,132000,3737.8176
2004-01-21,2004,1,148000,4190.8864
2004-01-22,2004,1,131000,3709.5008
2004-01-23,2004,1,132000,3737.8176
2004-01-24,2004,1,132000,3737.8176
2004-01-25,2004,1,110000,3114.848
2004-01-26,2004,1,138000,3907.7184
2004-01-27,2004,1,151000,4275.8368
2004-01-28,2004,1,155000,4389.104
2004-01-29,2004,1,148000,4190.8864
2004-01-30,2004,1,145000,4105.936
2004-01-31,2004,1,177000,5012.0736
2004-02-01,2004,2,127000,3596.2336
2004-02-02,2004,2,160000,4530.688
2004-02-03,2004,2,150000,4247.52
2004-02-04,2004,2,144000,4077.6192
2004-02-05,2004,2,164000,4643.9552
2004-02-06,2004,2,136000,3851.0848
2004-02-07,2004,2,130000,3681.184
2004-02-08,2004,2,119000,3369.6992
2004-02-09,2004,2,135000,3822.768
2004-02-10,2004,2,131000,3709.5008
2004-02-11,2004,2,146000,4134.2528
2004-02-12,2004,2,135000,3822.768
2004-02-13,2004,2,152000,4304.1536
2004-02-14,2004,2,139000,3936.0352
2004-02-15,2004,2,119000,3369.6992
2004-02-16,2004,2,132000,3737.8176
2004-02-17,2004,2,133000,3766.1344
2004-02-18,2004,2,115000,3256.432
2004-02-19,2004,2,125000,3539.6
2004-02-20,2004,2,148000,4190.8864
2004-02-21,2004,2,136000,3851.0848
2004-02-22,2004,2,93100,2636.29408
2004-02-23,2004,2,147000,4162.5696
2004-02-24,2004,2,144000,4077.6192
2004-02-25,2004,2,160000,4530.688
2004-02-26,2004,2,112000,3171.4816
2004-02-27,2004,2,161000,4559.0048
2004-02-28,2004,2,123000,3482.9664
2004-02-29,2004,2,117000,3313.0656
2004-03-01,2004,3,145000,4105.936
2004-03-02,2004,3,148000,4190.8864
2004-03-03,2004,3,149000,4219.2032
2004-03-04,2004,3,129000,3652.8672
2004-03-05,2004,3,124000,3511.2832
2004-03-06,2004,3,132000,3737.8176
2004-03-07,2004,3,105000,2973.264
2004-03-08,2004,3,128000,3624.5504
2004-03-09,2004,3,125000,3539.6
2004-03-10,2004,3,128000,3624.5504
2004-03-11,2004,3,144000,4077.6192
2004-03-12,2004,3,134000,3794.4512
2004-03-13,2004,3,140000,3964.352
2004-03-14,2004,3,103000,2916.6304
2004-03-15,2004,3,148000,4190.8864
2004-03-16,2004,3,163000,4615.6384
2004-03-17,2004,3,128000,3624.5504
2004-03-18,2004,3,147000,4162.5696
2004-03-19,2004,3,155000,4389.104
2004-03-20,2004,3,149000,4219.2032
2004-03-21,2004,3,127000,3596.2336
2004-03-22,2004,3,159000,4502.3712
2004-03-23,2004,3,138000,3907.7184
2004-03-24,2004,3,186000,5266.9248
2004-03-25,2004,3,167000,4728.9056
2004-03-26,2004,3,174000,4927.1232
2004-03-27,2004,3,144000,4077.6192
2004-03-28,2004,3,122000,3454.6496
2004-03-29,2004,3,164000,4643.9552
2004-03-30,2004,3,140000,3964.352
2004-03-31,2004,3,176000,4983.7568
2004-04-01,2004,4,161000,4559.0048
2004-04-02,2004,4,144000,4077.6192
2004-04-03,2004,4,151000,4275.8368
2004-04-04,2004,4,126000,3567.9168
2004-04-05,2004,4,131000,3709.5008
2004-04-06,2004,4,141000,3992.6688
2004-04-07,2004,4,149000,4219.2032
2004-04-08,2004,4,155000,4389.104
2004-04-09,2004,4,156000,4417.4208
2004-04-10,2004,4,149000,4219.2032
2004-04-11,2004,4,123000,3482.9664
2004-04-12,2004,4,171000,4842.1728
2004-04-13,2004,4,147000,4162.5696
2004-04-14,2004,4,151000,4275.8368
2004-04-15,2004,4,188000,5323.5584
2004-04-16,2004,4,197000,5578.4096
2004-04-17,2004,4,191000,5408.5088
2004-04-18,2004,4,149000,4219.2032
2004-04-19,2004,4,170000,4813.856
2004-04-20,2004,4,182000,5153.6576
2004-04-21,2004,4,213000,6031.4784
2004-04-22,2004,4,175000,4955.44
2004-04-23,2004,4,174000,4927.1232
2004-04-24,2004,4,168000,4757.2224
2004-04-25,2004,4,167000,4728.9056
2004-04-26,2004,4,158000,4474.0544
2004-04-27,2004,4,136000,3851.0848
2004-04-28,2004,4,2e+05,5663.36
2004-04-29,2004,4,171000,4842.1728
2004-04-30,2004,4,172000,4870.4896
2004-05-01,2004,5,179000,5068.7072
2004-05-02,2004,5,160000,4530.688
2004-05-03,2004,5,173000,4898.8064
2004-05-04,2004,5,204000,5776.6272
2004-05-05,2004,5,217000,6144.7456
2004-05-06,2004,5,224000,6342.9632
2004-05-07,2004,5,217000,6144.7456
2004-05-08,2004,5,209000,5918.2112
2004-05-09,2004,5,203000,5748.3104
2004-05-10,2004,5,208000,5889.8944
2004-05-11,2004,5,227000,6427.9136
2004-05-12,2004,5,230000,6512.864
2004-05-13,2004,5,217000,6144.7456
2004-05-14,2004,5,205000,5804.944
2004-05-15,2004,5,2e+05,5663.36
2004-05-16,2004,5,185000,5238.608
2004-05-17,2004,5,219000,6201.3792
2004-05-18,2004,5,205000,5804.944
2004-05-19,2004,5,219000,6201.3792
2004-05-20,2004,5,228000,6456.2304
2004-05-21,2004,5,221000,6258.0128
2004-05-22,2004,5,217000,6144.7456
2004-05-23,2004,5,218000,6173.0624
2004-05-24,2004,5,233000,6597.8144
2004-05-25,2004,5,227000,6427.9136
2004-05-26,2004,5,237000,6711.0816
2004-05-27,2004,5,259000,7334.0512
2004-05-28,2004,5,260000,7362.368
2004-05-29,2004,5,291000,8240.1888
2004-05-30,2004,5,239000,6767.7152
2004-05-31,2004,5,283000,8013.6544
2004-06-01,2004,6,262000,7419.0016
2004-06-02,2004,6,268000,7588.9024
2004-06-03,2004,6,237000,6711.0816
2004-06-04,2004,6,252000,7135.8336
2004-06-05,2004,6,269000,7617.2192
2004-06-06,2004,6,240000,6796.032
2004-06-07,2004,6,240000,6796.032
2004-06-08,2004,6,244000,6909.2992
2004-06-09,2004,6,242000,6852.6656
2004-06-10,2004,6,224000,6342.9632
2004-06-11,2004,6,261000,7390.6848
2004-06-12,2004,6,260000,7362.368
2004-06-13,2004,6,236000,6682.7648
2004-06-14,2004,6,245000,6937.616
2004-06-15,2004,6,247000,6994.2496
2004-06-16,2004,6,255000,7220.784
2004-06-17,2004,6,197000,5578.4096
2004-06-18,2004,6,212000,6003.1616
2004-06-19,2004,6,215000,6088.112
2004-06-20,2004,6,177000,5012.0736
2004-06-21,2004,6,212000,6003.1616
2004-06-22,2004,6,2e+05,5663.36
2004-06-23,2004,6,216000,6116.4288
2004-06-24,2004,6,171000,4842.1728
2004-06-25,2004,6,170000,4813.856
2004-06-26,2004,6,179000,5068.7072
2004-06-27,2004,6,174000,4927.1232
2004-06-28,2004,6,184000,5210.2912
2004-06-29,2004,6,181000,5125.3408
2004-06-30,2004,6,202000,5719.9936
2004-07-01,2004,7,184000,5210.2912
2004-07-02,2004,7,178000,5040.3904
2004-07-03,2004,7,135000,3822.768
2004-07-04,2004,7,154000,4360.7872
2004-07-05,2004,7,167000,4728.9056
2004-07-06,2004,7,173000,4898.8064
2004-07-07,2004,7,166000,4700.5888
2004-07-08,2004,7,172000,4870.4896
2004-07-09,2004,7,172000,4870.4896
2004-07-10,2004,7,165000,4672.272
2004-07-11,2004,7,137000,3879.4016
2004-07-12,2004,7,164000,4643.9552
2004-07-13,2004,7,159000,4502.3712
2004-07-14,2004,7,176000,4983.7568
2004-07-15,2004,7,147000,4162.5696
2004-07-16,2004,7,126000,3567.9168
2004-07-17,2004,7,136000,3851.0848
2004-07-18,2004,7,109000,3086.5312
2004-07-19,2004,7,141000,3992.6688
2004-07-20,2004,7,130000,3681.184
2004-07-21,2004,7,120000,3398.016
2004-07-22,2004,7,123000,3482.9664
2004-07-23,2004,7,132000,3737.8176
2004-07-24,2004,7,118000,3341.3824
2004-07-25,2004,7,115000,3256.432
2004-07-26,2004,7,141000,3992.6688
2004-07-27,2004,7,133000,3766.1344
2004-07-28,2004,7,135000,3822.768
2004-07-29,2004,7,138000,3907.7184
2004-07-30,2004,7,151000,4275.8368
2004-07-31,2004,7,150000,4247.52
2004-08-01,2004,8,114000,3228.1152
2004-08-02,2004,8,126000,3567.9168
2004-08-03,2004,8,122000,3454.6496
2004-08-04,2004,8,130000,3681.184
2004-08-05,2004,8,126000,3567.9168
2004-08-06,2004,8,105000,2973.264
2004-08-07,2004,8,109000,3086.5312
2004-08-08,2004,8,92200,2610.80896
2004-08-09,2004,8,111000,3143.1648
2004-08-10,2004,8,132000,3737.8176
2004-08-11,2004,8,157000,4445.7376
2004-08-12,2004,8,142000,4020.9856
2004-08-13,2004,8,132000,3737.8176
2004-08-14,2004,8,105000,2973.264
2004-08-15,2004,8,104000,2944.9472
2004-08-16,2004,8,141000,3992.6688
2004-08-17,2004,8,128000,3624.5504
2004-08-18,2004,8,151000,4275.8368
2004-08-19,2004,8,142000,4020.9856
2004-08-20,2004,8,140000,3964.352
2004-08-21,2004,8,145000,4105.936
2004-08-22,2004,8,104000,2944.9472
2004-08-23,2004,8,111000,3143.1648
2004-08-24,2004,8,114000,3228.1152
2004-08-25,2004,8,116000,3284.7488
2004-08-26,2004,8,135000,3822.768
2004-08-27,2004,8,158000,4474.0544
2004-08-28,2004,8,148000,4190.8864
2004-08-29,2004,8,130000,3681.184
2004-08-30,2004,8,183000,5181.9744
2004-08-31,2004,8,163000,4615.6384
2004-09-01,2004,9,138000,3907.7184
2004-09-02,2004,9,161000,4559.0048
2004-09-03,2004,9,118000,3341.3824
2004-09-04,2004,9,90500,2562.6704
2004-09-05,2004,9,98200,2780.70976
2004-09-06,2004,9,93300,2641.95744
2004-09-07,2004,9,102000,2888.3136
2004-09-08,2004,9,107000,3029.8976
2004-09-09,2004,9,109000,3086.5312
2004-09-10,2004,9,134000,3794.4512
2004-09-11,2004,9,117000,3313.0656
2004-09-12,2004,9,104000,2944.9472
2004-09-13,2004,9,101000,2859.9968
2004-09-14,2004,9,106000,3001.5808
2004-09-15,2004,9,116000,3284.7488
2004-09-16,2004,9,89800,2542.84864
2004-09-17,2004,9,112000,3171.4816
2004-09-18,2004,9,115000,3256.432
2004-09-19,2004,9,97200,2752.39296
2004-09-20,2004,9,120000,3398.016
2004-09-21,2004,9,101000,2859.9968
2004-09-22,2004,9,113000,3199.7984
2004-09-23,2004,9,132000,3737.8176
2004-09-24,2004,9,130000,3681.184
2004-09-25,2004,9,118000,3341.3824
2004-09-26,2004,9,114000,3228.1152
2004-09-27,2004,9,129000,3652.8672
2004-09-28,2004,9,118000,3341.3824
2004-09-29,2004,9,127000,3596.2336
2004-09-30,2004,9,112000,3171.4816
2004-10-01,2004,10,97000,2746.7296
2004-10-02,2004,10,89700,2540.01696
2004-10-03,2004,10,104000,2944.9472
2004-10-04,2004,10,121000,3426.3328
2004-10-05,2004,10,114000,3228.1152
2004-10-06,2004,10,109000,3086.5312
2004-10-07,2004,10,124000,3511.2832
2004-10-08,2004,10,155000,4389.104
2004-10-09,2004,10,107000,3029.8976
2004-10-10,2004,10,81000,2293.6608
2004-10-11,2004,10,103000,2916.6304
2004-10-12,2004,10,1e+05,2831.68
2004-10-13,2004,10,103000,2916.6304
2004-10-14,2004,10,91700,2596.65056
2004-10-15,2004,10,128000,3624.5504
2004-10-16,2004,10,86300,2443.73984
2004-10-17,2004,10,86700,2455.06656
2004-10-18,2004,10,103000,2916.6304
2004-10-19,2004,10,118000,3341.3824
2004-10-20,2004,10,136000,3851.0848
2004-10-21,2004,10,136000,3851.0848
2004-10-22,2004,10,137000,3879.4016
2004-10-23,2004,10,126000,3567.9168
2004-10-24,2004,10,107000,3029.8976
2004-10-25,2004,10,121000,3426.3328
2004-10-26,2004,10,124000,3511.2832
2004-10-27,2004,10,118000,3341.3824
2004-10-28,2004,10,98900,2800.53152
2004-10-29,2004,10,112000,3171.4816
2004-10-30,2004,10,1e+05,2831.68
2004-10-31,2004,10,113000,3199.7984
2004-11-01,2004,11,120000,3398.016
2004-11-02,2004,11,123000,3482.9664
2004-11-03,2004,11,114000,3228.1152
2004-11-04,2004,11,128000,3624.5504
2004-11-05,2004,11,126000,3567.9168
2004-11-06,2004,11,132000,3737.8176
2004-11-07,2004,11,108000,3058.2144
2004-11-08,2004,11,116000,3284.7488
2004-11-09,2004,11,131000,3709.5008
2004-11-10,2004,11,116000,3284.7488
2004-11-11,2004,11,115000,3256.432
2004-11-12,2004,11,124000,3511.2832
2004-11-13,2004,11,119000,3369.6992
2004-11-14,2004,11,124000,3511.2832
2004-11-15,2004,11,125000,3539.6
2004-11-16,2004,11,123000,3482.9664
2004-11-17,2004,11,130000,3681.184
2004-11-18,2004,11,133000,3766.1344
2004-11-19,2004,11,124000,3511.2832
2004-11-20,2004,11,132000,3737.8176
2004-11-21,2004,11,133000,3766.1344
2004-11-22,2004,11,132000,3737.8176
2004-11-23,2004,11,131000,3709.5008
2004-11-24,2004,11,118000,3341.3824
2004-11-25,2004,11,105000,2973.264
2004-11-26,2004,11,137000,3879.4016
2004-11-27,2004,11,122000,3454.6496
2004-11-28,2004,11,106000,3001.5808
2004-11-29,2004,11,146000,4134.2528
2004-11-30,2004,11,132000,3737.8176
2004-12-01,2004,12,150000,4247.52
2004-12-02,2004,12,149000,4219.2032
2004-12-03,2004,12,140000,3964.352
2004-12-04,2004,12,143000,4049.3024
2004-12-05,2004,12,145000,4105.936
2004-12-06,2004,12,157000,4445.7376
2004-12-07,2004,12,146000,4134.2528
2004-12-08,2004,12,166000,4700.5888
2004-12-09,2004,12,151000,4275.8368
2004-12-10,2004,12,126000,3567.9168
2004-12-11,2004,12,128000,3624.5504
2004-12-12,2004,12,135000,3822.768
2004-12-13,2004,12,141000,3992.6688
2004-12-14,2004,12,150000,4247.52
2004-12-15,2004,12,139000,3936.0352
2004-12-16,2004,12,171000,4842.1728
2004-12-17,2004,12,196000,5550.0928
2004-12-18,2004,12,175000,4955.44
2004-12-19,2004,12,149000,4219.2032
2004-12-20,2004,12,170000,4813.856
2004-12-21,2004,12,179000,5068.7072
2004-12-22,2004,12,184000,5210.2912
2004-12-23,2004,12,214000,6059.7952
2004-12-24,2004,12,165000,4672.272
2004-12-25,2004,12,140000,3964.352
2004-12-26,2004,12,137000,3879.4016
2004-12-27,2004,12,147000,4162.5696
2004-12-28,2004,12,142000,4020.9856
2004-12-29,2004,12,151000,4275.8368
2004-12-30,2004,12,147000,4162.5696
2004-12-31,2004,12,146000,4134.2528
2005-01-01,2005,1,131000,3709.5008
2005-01-02,2005,1,127000,3596.2336
2005-01-03,2005,1,165000,4672.272
2005-01-04,2005,1,163000,4615.6384
2005-01-05,2005,1,165000,4672.272
2005-01-06,2005,1,177000,5012.0736
2005-01-07,2005,1,171000,4842.1728
2005-01-08,2005,1,166000,4700.5888
2005-01-09,2005,1,113000,3199.7984
2005-01-10,2005,1,152000,4304.1536
2005-01-11,2005,1,148000,4190.8864
2005-01-12,2005,1,125000,3539.6
2005-01-13,2005,1,178000,5040.3904
2005-01-14,2005,1,205000,5804.944
2005-01-15,2005,1,165000,4672.272
2005-01-16,2005,1,133000,3766.1344
2005-01-17,2005,1,153000,4332.4704
2005-01-18,2005,1,122000,3454.6496
2005-01-19,2005,1,152000,4304.1536
2005-01-20,2005,1,131000,3709.5008
2005-01-21,2005,1,139000,3936.0352
2005-01-22,2005,1,137000,3879.4016
2005-01-23,2005,1,133000,3766.1344
2005-01-24,2005,1,135000,3822.768
2005-01-25,2005,1,150000,4247.52
2005-01-26,2005,1,164000,4643.9552
2005-01-27,2005,1,163000,4615.6384
2005-01-28,2005,1,152000,4304.1536
2005-01-29,2005,1,151000,4275.8368
2005-01-30,2005,1,123000,3482.9664
2005-01-31,2005,1,134000,3794.4512
2005-02-01,2005,2,144000,4077.6192
2005-02-02,2005,2,155000,4389.104
2005-02-03,2005,2,152000,4304.1536
2005-02-04,2005,2,152000,4304.1536
2005-02-05,2005,2,161000,4559.0048
2005-02-06,2005,2,156000,4417.4208
2005-02-07,2005,2,167000,4728.9056
2005-02-08,2005,2,156000,4417.4208
2005-02-09,2005,2,154000,4360.7872
2005-02-10,2005,2,169000,4785.5392
2005-02-11,2005,2,166000,4700.5888
2005-02-12,2005,2,154000,4360.7872
2005-02-13,2005,2,112000,3171.4816
2005-02-14,2005,2,132000,3737.8176
2005-02-15,2005,2,157000,4445.7376
2005-02-16,2005,2,166000,4700.5888
2005-02-17,2005,2,166000,4700.5888
2005-02-18,2005,2,168000,4757.2224
2005-02-19,2005,2,146000,4134.2528
2005-02-20,2005,2,122000,3454.6496
2005-02-21,2005,2,125000,3539.6
2005-02-22,2005,2,145000,4105.936
2005-02-23,2005,2,136000,3851.0848
2005-02-24,2005,2,120000,3398.016
2005-02-25,2005,2,112000,3171.4816
2005-02-26,2005,2,113000,3199.7984
2005-02-27,2005,2,133000,3766.1344
2005-02-28,2005,2,136000,3851.0848
2005-03-01,2005,3,124000,3511.2832
2005-03-02,2005,3,137000,3879.4016
2005-03-03,2005,3,126000,3567.9168
2005-03-04,2005,3,146000,4134.2528
2005-03-05,2005,3,146000,4134.2528
2005-03-06,2005,3,108000,3058.2144
2005-03-07,2005,3,132000,3737.8176
2005-03-08,2005,3,127000,3596.2336
2005-03-09,2005,3,124000,3511.2832
2005-03-10,2005,3,142000,4020.9856
2005-03-11,2005,3,135000,3822.768
2005-03-12,2005,3,128000,3624.5504
2005-03-13,2005,3,128000,3624.5504
2005-03-14,2005,3,119000,3369.6992
2005-03-15,2005,3,118000,3341.3824
2005-03-16,2005,3,138000,3907.7184
2005-03-17,2005,3,115000,3256.432
2005-03-18,2005,3,159000,4502.3712
2005-03-19,2005,3,140000,3964.352
2005-03-20,2005,3,116000,3284.7488
2005-03-21,2005,3,141000,3992.6688
2005-03-22,2005,3,143000,4049.3024
2005-03-23,2005,3,149000,4219.2032
2005-03-24,2005,3,136000,3851.0848
2005-03-25,2005,3,138000,3907.7184
2005-03-26,2005,3,118000,3341.3824
2005-03-27,2005,3,96800,2741.06624
2005-03-28,2005,3,124000,3511.2832
2005-03-29,2005,3,151000,4275.8368
2005-03-30,2005,3,143000,4049.3024
2005-03-31,2005,3,167000,4728.9056
2005-04-01,2005,4,152000,4304.1536
2005-04-02,2005,4,149000,4219.2032
2005-04-03,2005,4,125000,3539.6
2005-04-04,2005,4,129000,3652.8672
2005-04-05,2005,4,155000,4389.104
2005-04-06,2005,4,176000,4983.7568
2005-04-07,2005,4,140000,3964.352
2005-04-08,2005,4,124000,3511.2832
2005-04-09,2005,4,113000,3199.7984
2005-04-10,2005,4,128000,3624.5504
2005-04-11,2005,4,133000,3766.1344
2005-04-12,2005,4,145000,4105.936
2005-04-13,2005,4,152000,4304.1536
2005-04-14,2005,4,136000,3851.0848
2005-04-15,2005,4,155000,4389.104
2005-04-16,2005,4,121000,3426.3328
2005-04-17,2005,4,124000,3511.2832
2005-04-18,2005,4,123000,3482.9664
2005-04-19,2005,4,133000,3766.1344
2005-04-20,2005,4,131000,3709.5008
2005-04-21,2005,4,125000,3539.6
2005-04-22,2005,4,173000,4898.8064
2005-04-23,2005,4,146000,4134.2528
2005-04-24,2005,4,131000,3709.5008
2005-04-25,2005,4,134000,3794.4512
2005-04-26,2005,4,184000,5210.2912
2005-04-27,2005,4,185000,5238.608
2005-04-28,2005,4,198000,5606.7264
2005-04-29,2005,4,166000,4700.5888
2005-04-30,2005,4,171000,4842.1728
2005-05-01,2005,5,166000,4700.5888
2005-05-02,2005,5,185000,5238.608
2005-05-03,2005,5,184000,5210.2912
2005-05-04,2005,5,177000,5012.0736
2005-05-05,2005,5,192000,5436.8256
2005-05-06,2005,5,195000,5521.776
2005-05-07,2005,5,197000,5578.4096
2005-05-08,2005,5,213000,6031.4784
2005-05-09,2005,5,241000,6824.3488
2005-05-10,2005,5,228000,6456.2304
2005-05-11,2005,5,259000,7334.0512
2005-05-12,2005,5,270000,7645.536
2005-05-13,2005,5,246000,6965.9328
2005-05-14,2005,5,242000,6852.6656
2005-05-15,2005,5,231000,6541.1808
2005-05-16,2005,5,228000,6456.2304
2005-05-17,2005,5,261000,7390.6848
2005-05-18,2005,5,291000,8240.1888
2005-05-19,2005,5,267000,7560.5856
2005-05-20,2005,5,259000,7334.0512
2005-05-21,2005,5,277000,7843.7536
2005-05-22,2005,5,262000,7419.0016
2005-05-23,2005,5,267000,7560.5856
2005-05-24,2005,5,253000,7164.1504
2005-05-25,2005,5,237000,6711.0816
2005-05-26,2005,5,256000,7249.1008
2005-05-27,2005,5,263000,7447.3184
2005-05-28,2005,5,275000,7787.12
2005-05-29,2005,5,226000,6399.5968
2005-05-30,2005,5,178000,5040.3904
2005-05-31,2005,5,187000,5295.2416
2005-06-01,2005,6,218000,6173.0624
2005-06-02,2005,6,232000,6569.4976
2005-06-03,2005,6,218000,6173.0624
2005-06-04,2005,6,233000,6597.8144
2005-06-05,2005,6,170000,4813.856
2005-06-06,2005,6,209000,5918.2112
2005-06-07,2005,6,183000,5181.9744
2005-06-08,2005,6,183000,5181.9744
2005-06-09,2005,6,212000,6003.1616
2005-06-10,2005,6,187000,5295.2416
2005-06-11,2005,6,204000,5776.6272
2005-06-12,2005,6,164000,4643.9552
2005-06-13,2005,6,169000,4785.5392
2005-06-14,2005,6,182000,5153.6576
2005-06-15,2005,6,190000,5380.192
2005-06-16,2005,6,177000,5012.0736
2005-06-17,2005,6,182000,5153.6576
2005-06-18,2005,6,194000,5493.4592
2005-06-19,2005,6,143000,4049.3024
2005-06-20,2005,6,188000,5323.5584
2005-06-21,2005,6,181000,5125.3408
2005-06-22,2005,6,2e+05,5663.36
2005-06-23,2005,6,231000,6541.1808
2005-06-24,2005,6,202000,5719.9936
2005-06-25,2005,6,212000,6003.1616
2005-06-26,2005,6,192000,5436.8256
2005-06-27,2005,6,206000,5833.2608
2005-06-28,2005,6,187000,5295.2416
2005-06-29,2005,6,201000,5691.6768
2005-06-30,2005,6,206000,5833.2608
2005-07-01,2005,7,212000,6003.1616
2005-07-02,2005,7,197000,5578.4096
2005-07-03,2005,7,181000,5125.3408
2005-07-04,2005,7,143000,4049.3024
2005-07-05,2005,7,190000,5380.192
2005-07-06,2005,7,154000,4360.7872
2005-07-07,2005,7,170000,4813.856
2005-07-08,2005,7,179000,5068.7072
2005-07-09,2005,7,194000,5493.4592
2005-07-10,2005,7,172000,4870.4896
2005-07-11,2005,7,175000,4955.44
2005-07-12,2005,7,170000,4813.856
2005-07-13,2005,7,178000,5040.3904
2005-07-14,2005,7,197000,5578.4096
2005-07-15,2005,7,208000,5889.8944
2005-07-16,2005,7,194000,5493.4592
2005-07-17,2005,7,198000,5606.7264
2005-07-18,2005,7,169000,4785.5392
2005-07-19,2005,7,163000,4615.6384
2005-07-20,2005,7,150000,4247.52
2005-07-21,2005,7,180000,5097.024
2005-07-22,2005,7,180000,5097.024
2005-07-23,2005,7,159000,4502.3712
2005-07-24,2005,7,143000,4049.3024
2005-07-25,2005,7,171000,4842.1728
2005-07-26,2005,7,179000,5068.7072
2005-07-27,2005,7,156000,4417.4208
2005-07-28,2005,7,164000,4643.9552
2005-07-29,2005,7,167000,4728.9056
2005-07-30,2005,7,169000,4785.5392
2005-07-31,2005,7,190000,5380.192
2005-08-01,2005,8,171000,4842.1728
2005-08-02,2005,8,173000,4898.8064
2005-08-03,2005,8,140000,3964.352
2005-08-04,2005,8,141000,3992.6688
2005-08-05,2005,8,136000,3851.0848
2005-08-06,2005,8,145000,4105.936
2005-08-07,2005,8,134000,3794.4512
2005-08-08,2005,8,156000,4417.4208
2005-08-09,2005,8,131000,3709.5008
2005-08-10,2005,8,148000,4190.8864
2005-08-11,2005,8,146000,4134.2528
2005-08-12,2005,8,133000,3766.1344
2005-08-13,2005,8,139000,3936.0352
2005-08-14,2005,8,110000,3114.848
2005-08-15,2005,8,125000,3539.6
2005-08-16,2005,8,125000,3539.6
2005-08-17,2005,8,148000,4190.8864
2005-08-18,2005,8,146000,4134.2528
2005-08-19,2005,8,149000,4219.2032
2005-08-20,2005,8,130000,3681.184
2005-08-21,2005,8,116000,3284.7488
2005-08-22,2005,8,130000,3681.184
2005-08-23,2005,8,140000,3964.352
2005-08-24,2005,8,134000,3794.4512
2005-08-25,2005,8,122000,3454.6496
2005-08-26,2005,8,118000,3341.3824
2005-08-27,2005,8,129000,3652.8672
2005-08-28,2005,8,125000,3539.6
2005-08-29,2005,8,115000,3256.432
2005-08-30,2005,8,137000,3879.4016
2005-08-31,2005,8,124000,3511.2832
2005-09-01,2005,9,119000,3369.6992
2005-09-02,2005,9,101000,2859.9968
2005-09-03,2005,9,98100,2777.87808
2005-09-04,2005,9,85500,2421.0864
2005-09-05,2005,9,93400,2644.78912
2005-09-06,2005,9,94800,2684.43264
2005-09-07,2005,9,87800,2486.21504
2005-09-08,2005,9,94900,2687.26432
2005-09-09,2005,9,99600,2820.35328
2005-09-10,2005,9,85600,2423.91808
2005-09-11,2005,9,76500,2166.2352
2005-09-12,2005,9,92000,2605.1456
2005-09-13,2005,9,94700,2681.60096
2005-09-14,2005,9,84200,2384.27456
2005-09-15,2005,9,85100,2409.75968
2005-09-16,2005,9,90100,2551.34368
2005-09-17,2005,9,95800,2712.74944
2005-09-18,2005,9,88700,2511.70016
2005-09-19,2005,9,75400,2135.08672
2005-09-20,2005,9,88500,2506.0368
2005-09-21,2005,9,115000,3256.432
2005-09-22,2005,9,97400,2758.05632
2005-09-23,2005,9,103000,2916.6304
2005-09-24,2005,9,96400,2729.73952
2005-09-25,2005,9,82300,2330.47264
2005-09-26,2005,9,93700,2653.28416
2005-09-27,2005,9,115000,3256.432
2005-09-28,2005,9,85200,2412.59136
2005-09-29,2005,9,103000,2916.6304
2005-09-30,2005,9,115000,3256.432
2005-10-01,2005,10,99300,2811.85824
2005-10-02,2005,10,75300,2132.25504
2005-10-03,2005,10,99200,2809.02656
2005-10-04,2005,10,119000,3369.6992
2005-10-05,2005,10,128000,3624.5504
2005-10-06,2005,10,107000,3029.8976
2005-10-07,2005,10,131000,3709.5008
2005-10-08,2005,10,106000,3001.5808
2005-10-09,2005,10,104000,2944.9472
2005-10-10,2005,10,112000,3171.4816
2005-10-11,2005,10,123000,3482.9664
2005-10-12,2005,10,117000,3313.0656
2005-10-13,2005,10,110000,3114.848
2005-10-14,2005,10,117000,3313.0656
2005-10-15,2005,10,114000,3228.1152
2005-10-16,2005,10,73100,2069.95808
2005-10-17,2005,10,93800,2656.11584
2005-10-18,2005,10,137000,3879.4016
2005-10-19,2005,10,120000,3398.016
2005-10-20,2005,10,121000,3426.3328
2005-10-21,2005,10,107000,3029.8976
2005-10-22,2005,10,103000,2916.6304
2005-10-23,2005,10,88900,2517.36352
2005-10-24,2005,10,121000,3426.3328
2005-10-25,2005,10,122000,3454.6496
2005-10-26,2005,10,112000,3171.4816
2005-10-27,2005,10,125000,3539.6
2005-10-28,2005,10,118000,3341.3824
2005-10-29,2005,10,117000,3313.0656
2005-10-30,2005,10,86700,2455.06656
2005-10-31,2005,10,121000,3426.3328
2005-11-01,2005,11,114000,3228.1152
2005-11-02,2005,11,115000,3256.432
2005-11-03,2005,11,123000,3482.9664
2005-11-04,2005,11,123000,3482.9664
2005-11-05,2005,11,122000,3454.6496
2005-11-06,2005,11,90100,2551.34368
2005-11-07,2005,11,119000,3369.6992
2005-11-08,2005,11,145000,4105.936
2005-11-09,2005,11,133000,3766.1344
2005-11-10,2005,11,105000,2973.264
2005-11-11,2005,11,106000,3001.5808
2005-11-12,2005,11,111000,3143.1648
2005-11-13,2005,11,107000,3029.8976
2005-11-14,2005,11,107000,3029.8976
2005-11-15,2005,11,122000,3454.6496
2005-11-16,2005,11,128000,3624.5504
2005-11-17,2005,11,125000,3539.6
2005-11-18,2005,11,127000,3596.2336
2005-11-19,2005,11,134000,3794.4512
2005-11-20,2005,11,129000,3652.8672
2005-11-21,2005,11,140000,3964.352
2005-11-22,2005,11,137000,3879.4016
2005-11-23,2005,11,132000,3737.8176
2005-11-24,2005,11,139000,3936.0352
2005-11-25,2005,11,136000,3851.0848
2005-11-26,2005,11,121000,3426.3328
2005-11-27,2005,11,133000,3766.1344
2005-11-28,2005,11,136000,3851.0848
2005-11-29,2005,11,111000,3143.1648
2005-11-30,2005,11,129000,3652.8672
2005-12-01,2005,12,131000,3709.5008
2005-12-02,2005,12,144000,4077.6192
2005-12-03,2005,12,111000,3143.1648
2005-12-04,2005,12,112000,3171.4816
2005-12-05,2005,12,137000,3879.4016
2005-12-06,2005,12,140000,3964.352
2005-12-07,2005,12,133000,3766.1344
2005-12-08,2005,12,139000,3936.0352
2005-12-09,2005,12,118000,3341.3824
2005-12-10,2005,12,141000,3992.6688
2005-12-11,2005,12,125000,3539.6
2005-12-12,2005,12,122000,3454.6496
2005-12-13,2005,12,124000,3511.2832
2005-12-14,2005,12,139000,3936.0352
2005-12-15,2005,12,153000,4332.4704
2005-12-16,2005,12,164000,4643.9552
2005-12-17,2005,12,147000,4162.5696
2005-12-18,2005,12,156000,4417.4208
2005-12-19,2005,12,132000,3737.8176
2005-12-20,2005,12,122000,3454.6496
2005-12-21,2005,12,129000,3652.8672
2005-12-22,2005,12,124000,3511.2832
2005-12-23,2005,12,108000,3058.2144
2005-12-24,2005,12,105000,2973.264
2005-12-25,2005,12,105000,2973.264
2005-12-26,2005,12,116000,3284.7488
2005-12-27,2005,12,114000,3228.1152
2005-12-28,2005,12,166000,4700.5888
2005-12-29,2005,12,158000,4474.0544
2005-12-30,2005,12,179000,5068.7072
2005-12-31,2005,12,167000,4728.9056
2006-01-01,2006,1,207000,5861.5776
2006-01-02,2006,1,205000,5804.944
2006-01-03,2006,1,204000,5776.6272
2006-01-04,2006,1,171000,4842.1728
2006-01-05,2006,1,172000,4870.4896
2006-01-06,2006,1,156000,4417.4208
2006-01-07,2006,1,159000,4502.3712
2006-01-08,2006,1,141000,3992.6688
2006-01-09,2006,1,165000,4672.272
2006-01-10,2006,1,139000,3936.0352
2006-01-11,2006,1,160000,4530.688
2006-01-12,2006,1,196000,5550.0928
2006-01-13,2006,1,222000,6286.3296
2006-01-14,2006,1,197000,5578.4096
2006-01-15,2006,1,182000,5153.6576
2006-01-16,2006,1,194000,5493.4592
2006-01-17,2006,1,195000,5521.776
2006-01-18,2006,1,208000,5889.8944
2006-01-19,2006,1,203000,5748.3104
2006-01-20,2006,1,230000,6512.864
2006-01-21,2006,1,212000,6003.1616
2006-01-22,2006,1,176000,4983.7568
2006-01-23,2006,1,195000,5521.776
2006-01-24,2006,1,165000,4672.272
2006-01-25,2006,1,183000,5181.9744
2006-01-26,2006,1,179000,5068.7072
2006-01-27,2006,1,171000,4842.1728
2006-01-28,2006,1,160000,4530.688
2006-01-29,2006,1,137000,3879.4016
2006-01-30,2006,1,180000,5097.024
2006-01-31,2006,1,182000,5153.6576
2006-02-01,2006,2,190000,5380.192
2006-02-02,2006,2,190000,5380.192
2006-02-03,2006,2,180000,5097.024
2006-02-04,2006,2,138000,3907.7184
2006-02-05,2006,2,180000,5097.024
2006-02-06,2006,2,199000,5635.0432
2006-02-07,2006,2,209000,5918.2112
2006-02-08,2006,2,169000,4785.5392
2006-02-09,2006,2,188000,5323.5584
2006-02-10,2006,2,185000,5238.608
2006-02-11,2006,2,174000,4927.1232
2006-02-12,2006,2,153000,4332.4704
2006-02-13,2006,2,193000,5465.1424
2006-02-14,2006,2,188000,5323.5584
2006-02-15,2006,2,179000,5068.7072
2006-02-16,2006,2,190000,5380.192
2006-02-17,2006,2,196000,5550.0928
2006-02-18,2006,2,180000,5097.024
2006-02-19,2006,2,166000,4700.5888
2006-02-20,2006,2,175000,4955.44
2006-02-21,2006,2,168000,4757.2224
2006-02-22,2006,2,171000,4842.1728
2006-02-23,2006,2,176000,4983.7568
2006-02-24,2006,2,192000,5436.8256
2006-02-25,2006,2,178000,5040.3904
2006-02-26,2006,2,128000,3624.5504
2006-02-27,2006,2,164000,4643.9552
2006-02-28,2006,2,183000,5181.9744
2006-03-01,2006,3,208000,5889.8944
2006-03-02,2006,3,169000,4785.5392
2006-03-03,2006,3,149000,4219.2032
2006-03-04,2006,3,126000,3567.9168
2006-03-05,2006,3,145000,4105.936
2006-03-06,2006,3,171000,4842.1728
2006-03-07,2006,3,182000,5153.6576
2006-03-08,2006,3,167000,4728.9056
2006-03-09,2006,3,185000,5238.608
2006-03-10,2006,3,187000,5295.2416
2006-03-11,2006,3,183000,5181.9744
2006-03-12,2006,3,165000,4672.272
2006-03-13,2006,3,166000,4700.5888
2006-03-14,2006,3,143000,4049.3024
2006-03-15,2006,3,183000,5181.9744
2006-03-16,2006,3,184000,5210.2912
2006-03-17,2006,3,144000,4077.6192
2006-03-18,2006,3,126000,3567.9168
2006-03-19,2006,3,145000,4105.936
2006-03-20,2006,3,160000,4530.688
2006-03-21,2006,3,147000,4162.5696
2006-03-22,2006,3,182000,5153.6576
2006-03-23,2006,3,173000,4898.8064
2006-03-24,2006,3,112000,3171.4816
2006-03-25,2006,3,137000,3879.4016
2006-03-26,2006,3,139000,3936.0352
2006-03-27,2006,3,176000,4983.7568
2006-03-28,2006,3,191000,5408.5088
2006-03-29,2006,3,163000,4615.6384
2006-03-30,2006,3,186000,5266.9248
2006-03-31,2006,3,201000,5691.6768
2006-04-01,2006,4,170000,4813.856
2006-04-02,2006,4,186000,5266.9248
2006-04-03,2006,4,204000,5776.6272
2006-04-04,2006,4,221000,6258.0128
2006-04-05,2006,4,221000,6258.0128
2006-04-06,2006,4,282000,7985.3376
2006-04-07,2006,4,330000,9344.544
2006-04-08,2006,4,269000,7617.2192
2006-04-09,2006,4,285000,8070.288
2006-04-10,2006,4,335000,9486.128
2006-04-11,2006,4,338000,9571.0784
2006-04-12,2006,4,312000,8834.8416
2006-04-13,2006,4,313000,8863.1584
2006-04-14,2006,4,307000,8693.2576
2006-04-15,2006,4,336000,9514.4448
2006-04-16,2006,4,368000,10420.5824
2006-04-17,2006,4,360000,10194.048
2006-04-18,2006,4,376000,10647.1168
2006-04-19,2006,4,353000,9995.8304
2006-04-20,2006,4,366000,10363.9488
2006-04-21,2006,4,329000,9316.2272
2006-04-22,2006,4,297000,8410.0896
2006-04-23,2006,4,324000,9174.6432
2006-04-24,2006,4,342000,9684.3456
2006-04-25,2006,4,320000,9061.376
2006-04-26,2006,4,323000,9146.3264
2006-04-27,2006,4,351000,9939.1968
2006-04-28,2006,4,317000,8976.4256
2006-04-29,2006,4,303000,8579.9904
2006-04-30,2006,4,320000,9061.376
2006-05-01,2006,5,341000,9656.0288
2006-05-02,2006,5,381000,10788.7008
2006-05-03,2006,5,364000,10307.3152
2006-05-04,2006,5,362000,10250.6816
2006-05-05,2006,5,313000,8863.1584
2006-05-06,2006,5,272000,7702.1696
2006-05-07,2006,5,328000,9287.9104
2006-05-08,2006,5,318000,9004.7424
2006-05-09,2006,5,296000,8381.7728
2006-05-10,2006,5,312000,8834.8416
2006-05-11,2006,5,267000,7560.5856
2006-05-12,2006,5,285000,8070.288
2006-05-13,2006,5,307000,8693.2576
2006-05-14,2006,5,256000,7249.1008
2006-05-15,2006,5,269000,7617.2192
2006-05-16,2006,5,279000,7900.3872
2006-05-17,2006,5,308000,8721.5744
2006-05-18,2006,5,352000,9967.5136
2006-05-19,2006,5,370000,10477.216
2006-05-20,2006,5,378000,10703.7504
2006-05-21,2006,5,378000,10703.7504
2006-05-22,2006,5,376000,10647.1168
2006-05-23,2006,5,380000,10760.384
2006-05-24,2006,5,397000,11241.7696
2006-05-25,2006,5,387000,10958.6016
2006-05-26,2006,5,371000,10505.5328
2006-05-27,2006,5,384000,10873.6512
2006-05-28,2006,5,387000,10958.6016
2006-05-29,2006,5,401000,11355.0368
2006-05-30,2006,5,394000,11156.8192
2006-05-31,2006,5,365000,10335.632
2006-06-01,2006,6,329000,9316.2272
2006-06-02,2006,6,315000,8919.792
2006-06-03,2006,6,318000,9004.7424
2006-06-04,2006,6,327000,9259.5936
2006-06-05,2006,6,334000,9457.8112
2006-06-06,2006,6,350000,9910.88
2006-06-07,2006,6,359000,10165.7312
2006-06-08,2006,6,356000,10080.7808
2006-06-09,2006,6,364000,10307.3152
2006-06-10,2006,6,376000,10647.1168
2006-06-11,2006,6,347000,9825.9296
2006-06-12,2006,6,357000,10109.0976
2006-06-13,2006,6,341000,9656.0288
2006-06-14,2006,6,347000,9825.9296
2006-06-15,2006,6,371000,10505.5328
2006-06-16,2006,6,349000,9882.5632
2006-06-17,2006,6,334000,9457.8112
2006-06-18,2006,6,331000,9372.8608
2006-06-19,2006,6,295000,8353.456
2006-06-20,2006,6,326000,9231.2768
2006-06-21,2006,6,280000,7928.704
2006-06-22,2006,6,258000,7305.7344
2006-06-23,2006,6,298000,8438.4064
2006-06-24,2006,6,281000,7957.0208
2006-06-25,2006,6,221000,6258.0128
2006-06-26,2006,6,266000,7532.2688
2006-06-27,2006,6,258000,7305.7344
2006-06-28,2006,6,224000,6342.9632
2006-06-29,2006,6,270000,7645.536
2006-06-30,2006,6,224000,6342.9632
2006-07-01,2006,7,191000,5408.5088
2006-07-02,2006,7,188000,5323.5584
2006-07-03,2006,7,188000,5323.5584
2006-07-04,2006,7,181000,5125.3408
2006-07-05,2006,7,166000,4700.5888
2006-07-06,2006,7,181000,5125.3408
2006-07-07,2006,7,217000,6144.7456
2006-07-08,2006,7,218000,6173.0624
2006-07-09,2006,7,213000,6031.4784
2006-07-10,2006,7,210000,5946.528
2006-07-11,2006,7,231000,6541.1808
2006-07-12,2006,7,184000,5210.2912
2006-07-13,2006,7,190000,5380.192
2006-07-14,2006,7,180000,5097.024
2006-07-15,2006,7,157000,4445.7376
2006-07-16,2006,7,177000,5012.0736
2006-07-17,2006,7,203000,5748.3104
2006-07-18,2006,7,172000,4870.4896
2006-07-19,2006,7,164000,4643.9552
2006-07-20,2006,7,186000,5266.9248
2006-07-21,2006,7,182000,5153.6576
2006-07-22,2006,7,152000,4304.1536
2006-07-23,2006,7,157000,4445.7376
2006-07-24,2006,7,184000,5210.2912
2006-07-25,2006,7,160000,4530.688
2006-07-26,2006,7,195000,5521.776
2006-07-27,2006,7,160000,4530.688
2006-07-28,2006,7,151000,4275.8368
2006-07-29,2006,7,162000,4587.3216
2006-07-30,2006,7,159000,4502.3712
2006-07-31,2006,7,137000,3879.4016
2006-08-01,2006,8,141000,3992.6688
2006-08-02,2006,8,140000,3964.352
2006-08-03,2006,8,155000,4389.104
2006-08-04,2006,8,143000,4049.3024
2006-08-05,2006,8,135000,3822.768
2006-08-06,2006,8,136000,3851.0848
2006-08-07,2006,8,134000,3794.4512
2006-08-08,2006,8,128000,3624.5504
2006-08-09,2006,8,153000,4332.4704
2006-08-10,2006,8,142000,4020.9856
2006-08-11,2006,8,134000,3794.4512
2006-08-12,2006,8,121000,3426.3328
2006-08-13,2006,8,111000,3143.1648
2006-08-14,2006,8,109000,3086.5312
2006-08-15,2006,8,114000,3228.1152
2006-08-16,2006,8,136000,3851.0848
2006-08-17,2006,8,130000,3681.184
2006-08-18,2006,8,166000,4700.5888
2006-08-19,2006,8,133000,3766.1344
2006-08-20,2006,8,132000,3737.8176
2006-08-21,2006,8,130000,3681.184
2006-08-22,2006,8,140000,3964.352
2006-08-23,2006,8,139000,3936.0352
2006-08-24,2006,8,144000,4077.6192
2006-08-25,2006,8,153000,4332.4704
2006-08-26,2006,8,179000,5068.7072
2006-08-27,2006,8,132000,3737.8176
2006-08-28,2006,8,131000,3709.5008
2006-08-29,2006,8,139000,3936.0352
2006-08-30,2006,8,132000,3737.8176
2006-08-31,2006,8,123000,3482.9664
2006-09-01,2006,9,95500,2704.2544
2006-09-02,2006,9,75100,2126.59168
2006-09-03,2006,9,96400,2729.73952
2006-09-04,2006,9,102000,2888.3136
2006-09-05,2006,9,99800,2826.01664
2006-09-06,2006,9,102000,2888.3136
2006-09-07,2006,9,101000,2859.9968
2006-09-08,2006,9,86400,2446.57152
2006-09-09,2006,9,91900,2602.31392
2006-09-10,2006,9,90100,2551.34368
2006-09-11,2006,9,107000,3029.8976
2006-09-12,2006,9,93700,2653.28416
2006-09-13,2006,9,93800,2656.11584
2006-09-14,2006,9,105000,2973.264
2006-09-15,2006,9,103000,2916.6304
2006-09-16,2006,9,82100,2324.80928
2006-09-17,2006,9,70700,2001.99776
2006-09-18,2006,9,82600,2338.96768
2006-09-19,2006,9,84800,2401.26464
2006-09-20,2006,9,96200,2724.07616
2006-09-21,2006,9,95000,2690.096
2006-09-22,2006,9,125000,3539.6
2006-09-23,2006,9,101000,2859.9968
2006-09-24,2006,9,77700,2200.21536
2006-09-25,2006,9,79300,2245.52224
2006-09-26,2006,9,77900,2205.87872
2006-09-27,2006,9,107000,3029.8976
2006-09-28,2006,9,110000,3114.848
2006-09-29,2006,9,77200,2186.05696
2006-09-30,2006,9,77600,2197.38368
2006-10-01,2006,10,73900,2092.61152
2006-10-02,2006,10,89200,2525.85856
2006-10-03,2006,10,91600,2593.81888
2006-10-04,2006,10,113000,3199.7984
2006-10-05,2006,10,94300,2670.27424
2006-10-06,2006,10,84900,2404.09632
2006-10-07,2006,10,93300,2641.95744
2006-10-08,2006,10,103000,2916.6304
2006-10-09,2006,10,106000,3001.5808
2006-10-10,2006,10,102000,2888.3136
2006-10-11,2006,10,99900,2828.84832
2006-10-12,2006,10,117000,3313.0656
2006-10-13,2006,10,115000,3256.432
2006-10-14,2006,10,90000,2548.512
2006-10-15,2006,10,61100,1730.15648
2006-10-16,2006,10,84300,2387.10624
2006-10-17,2006,10,90400,2559.83872
2006-10-18,2006,10,99700,2823.18496
2006-10-19,2006,10,82900,2347.46272
2006-10-20,2006,10,88100,2494.71008
2006-10-21,2006,10,102000,2888.3136
2006-10-22,2006,10,83000,2350.2944
2006-10-23,2006,10,1e+05,2831.68
2006-10-24,2006,10,92400,2616.47232
2006-10-25,2006,10,106000,3001.5808
2006-10-26,2006,10,108000,3058.2144
2006-10-27,2006,10,111000,3143.1648
2006-10-28,2006,10,91800,2599.48224
2006-10-29,2006,10,75500,2137.9184
2006-10-30,2006,10,123000,3482.9664
2006-10-31,2006,10,136000,3851.0848
2006-11-01,2006,11,131000,3709.5008
2006-11-02,2006,11,131000,3709.5008
2006-11-03,2006,11,87500,2477.72
2006-11-04,2006,11,96800,2741.06624
2006-11-05,2006,11,105000,2973.264
2006-11-06,2006,11,104000,2944.9472
2006-11-07,2006,11,102000,2888.3136
2006-11-08,2006,11,185000,5238.608
2006-11-09,2006,11,159000,4502.3712
2006-11-10,2006,11,174000,4927.1232
2006-11-11,2006,11,149000,4219.2032
2006-11-12,2006,11,144000,4077.6192
2006-11-13,2006,11,156000,4417.4208
2006-11-14,2006,11,121000,3426.3328
2006-11-15,2006,11,140000,3964.352
2006-11-16,2006,11,146000,4134.2528
2006-11-17,2006,11,130000,3681.184
2006-11-18,2006,11,130000,3681.184
2006-11-19,2006,11,102000,2888.3136
2006-11-20,2006,11,110000,3114.848
2006-11-21,2006,11,127000,3596.2336
2006-11-22,2006,11,121000,3426.3328
2006-11-23,2006,11,101000,2859.9968
2006-11-24,2006,11,123000,3482.9664
2006-11-25,2006,11,104000,2944.9472
2006-11-26,2006,11,129000,3652.8672
2006-11-27,2006,11,121000,3426.3328
2006-11-28,2006,11,146000,4134.2528
2006-11-29,2006,11,157000,4445.7376
2006-11-30,2006,11,159000,4502.3712
2006-12-01,2006,12,125000,3539.6
2006-12-02,2006,12,126000,3567.9168
2006-12-03,2006,12,145000,4105.936
2006-12-04,2006,12,144000,4077.6192
2006-12-05,2006,12,144000,4077.6192
2006-12-06,2006,12,152000,4304.1536
2006-12-07,2006,12,149000,4219.2032
2006-12-08,2006,12,148000,4190.8864
2006-12-09,2006,12,133000,3766.1344
2006-12-10,2006,12,135000,3822.768
2006-12-11,2006,12,146000,4134.2528
2006-12-12,2006,12,119000,3369.6992
2006-12-13,2006,12,131000,3709.5008
2006-12-14,2006,12,142000,4020.9856
2006-12-15,2006,12,194000,5493.4592
2006-12-16,2006,12,146000,4134.2528
2006-12-17,2006,12,97300,2755.22464
2006-12-18,2006,12,161000,4559.0048
2006-12-19,2006,12,164000,4643.9552
2006-12-20,2006,12,159000,4502.3712
2006-12-21,2006,12,140000,3964.352
2006-12-22,2006,12,157000,4445.7376
2006-12-23,2006,12,140000,3964.352
2006-12-24,2006,12,128000,3624.5504
2006-12-25,2006,12,115000,3256.432
2006-12-26,2006,12,140000,3964.352
2006-12-27,2006,12,122000,3454.6496
2006-12-28,2006,12,160000,4530.688
2006-12-29,2006,12,140000,3964.352
2006-12-30,2006,12,147000,4162.5696
2006-12-31,2006,12,130000,3681.184
2007-01-01,2007,1,125000,3539.6
2007-01-02,2007,1,125000,3539.6
2007-01-03,2007,1,128000,3624.5504
2007-01-04,2007,1,153000,4332.4704
2007-01-05,2007,1,175000,4955.44
2007-01-06,2007,1,154000,4360.7872
2007-01-07,2007,1,168000,4757.2224
2007-01-08,2007,1,156000,4417.4208
2007-01-09,2007,1,139000,3936.0352
2007-01-10,2007,1,168000,4757.2224
2007-01-11,2007,1,161000,4559.0048
2007-01-12,2007,1,202000,5719.9936
2007-01-13,2007,1,183000,5181.9744
2007-01-14,2007,1,194000,5493.4592
2007-01-15,2007,1,206000,5833.2608
2007-01-16,2007,1,198000,5606.7264
2007-01-17,2007,1,181000,5125.3408
2007-01-18,2007,1,207000,5861.5776
2007-01-19,2007,1,178000,5040.3904
2007-01-20,2007,1,170000,4813.856
2007-01-21,2007,1,152000,4304.1536
2007-01-22,2007,1,182000,5153.6576
2007-01-23,2007,1,169000,4785.5392
2007-01-24,2007,1,182000,5153.6576
2007-01-25,2007,1,187000,5295.2416
2007-01-26,2007,1,190000,5380.192
2007-01-27,2007,1,185000,5238.608
2007-01-28,2007,1,153000,4332.4704
2007-01-29,2007,1,195000,5521.776
2007-01-30,2007,1,160000,4530.688
2007-01-31,2007,1,170000,4813.856
2007-02-01,2007,2,174000,4927.1232
2007-02-02,2007,2,156000,4417.4208
2007-02-03,2007,2,163000,4615.6384
2007-02-04,2007,2,126000,3567.9168
2007-02-05,2007,2,149000,4219.2032
2007-02-06,2007,2,147000,4162.5696
2007-02-07,2007,2,143000,4049.3024
2007-02-08,2007,2,148000,4190.8864
2007-02-09,2007,2,138000,3907.7184
2007-02-10,2007,2,163000,4615.6384
2007-02-11,2007,2,141000,3992.6688
2007-02-12,2007,2,137000,3879.4016
2007-02-13,2007,2,146000,4134.2528
2007-02-14,2007,2,171000,4842.1728
2007-02-15,2007,2,154000,4360.7872
2007-02-16,2007,2,148000,4190.8864
2007-02-17,2007,2,143000,4049.3024
2007-02-18,2007,2,126000,3567.9168
2007-02-19,2007,2,152000,4304.1536
2007-02-20,2007,2,148000,4190.8864
2007-02-21,2007,2,147000,4162.5696
2007-02-22,2007,2,126000,3567.9168
2007-02-23,2007,2,120000,3398.016
2007-02-24,2007,2,138000,3907.7184
2007-02-25,2007,2,128000,3624.5504
2007-02-26,2007,2,129000,3652.8672
2007-02-27,2007,2,146000,4134.2528
2007-02-28,2007,2,127000,3596.2336
2007-03-01,2007,3,165000,4672.272
2007-03-02,2007,3,168000,4757.2224
2007-03-03,2007,3,165000,4672.272
2007-03-04,2007,3,137000,3879.4016
2007-03-05,2007,3,131000,3709.5008
2007-03-06,2007,3,142000,4020.9856
2007-03-07,2007,3,141000,3992.6688
2007-03-08,2007,3,158000,4474.0544
2007-03-09,2007,3,174000,4927.1232
2007-03-10,2007,3,153000,4332.4704
2007-03-11,2007,3,125000,3539.6
2007-03-12,2007,3,144000,4077.6192
2007-03-13,2007,3,170000,4813.856
2007-03-14,2007,3,205000,5804.944
2007-03-15,2007,3,222000,6286.3296
2007-03-16,2007,3,222000,6286.3296
2007-03-17,2007,3,209000,5918.2112
2007-03-18,2007,3,188000,5323.5584
2007-03-19,2007,3,208000,5889.8944
2007-03-20,2007,3,225000,6371.28
2007-03-21,2007,3,264000,7475.6352
2007-03-22,2007,3,256000,7249.1008
2007-03-23,2007,3,198000,5606.7264
2007-03-24,2007,3,250000,7079.2
2007-03-25,2007,3,237000,6711.0816
2007-03-26,2007,3,277000,7843.7536
2007-03-27,2007,3,223000,6314.6464
2007-03-28,2007,3,227000,6427.9136
2007-03-29,2007,3,268000,7588.9024
2007-03-30,2007,3,277000,7843.7536
2007-03-31,2007,3,286000,8098.6048
2007-04-01,2007,4,276000,7815.4368
2007-04-02,2007,4,240000,6796.032
2007-04-03,2007,4,278000,7872.0704
2007-04-04,2007,4,248000,7022.5664
2007-04-05,2007,4,258000,7305.7344
2007-04-06,2007,4,244000,6909.2992
2007-04-07,2007,4,218000,6173.0624
2007-04-08,2007,4,206000,5833.2608
2007-04-09,2007,4,199000,5635.0432
2007-04-10,2007,4,215000,6088.112
2007-04-11,2007,4,239000,6767.7152
2007-04-12,2007,4,193000,5465.1424
2007-04-13,2007,4,257000,7277.4176
2007-04-14,2007,4,213000,6031.4784
2007-04-15,2007,4,237000,6711.0816
2007-04-16,2007,4,219000,6201.3792
2007-04-17,2007,4,235000,6654.448
2007-04-18,2007,4,216000,6116.4288
2007-04-19,2007,4,222000,6286.3296
2007-04-20,2007,4,226000,6399.5968
2007-04-21,2007,4,225000,6371.28
2007-04-22,2007,4,222000,6286.3296
2007-04-23,2007,4,225000,6371.28
2007-04-24,2007,4,199000,5635.0432
2007-04-25,2007,4,211000,5974.8448
2007-04-26,2007,4,225000,6371.28
2007-04-27,2007,4,235000,6654.448
2007-04-28,2007,4,224000,6342.9632
2007-04-29,2007,4,234000,6626.1312
2007-04-30,2007,4,233000,6597.8144
2007-05-01,2007,5,255000,7220.784
2007-05-02,2007,5,261000,7390.6848
2007-05-03,2007,5,270000,7645.536
2007-05-04,2007,5,281000,7957.0208
2007-05-05,2007,5,280000,7928.704
2007-05-06,2007,5,280000,7928.704
2007-05-07,2007,5,245000,6937.616
2007-05-08,2007,5,256000,7249.1008
2007-05-09,2007,5,281000,7957.0208
2007-05-10,2007,5,276000,7815.4368
2007-05-11,2007,5,280000,7928.704
2007-05-12,2007,5,272000,7702.1696
2007-05-13,2007,5,249000,7050.8832
2007-05-14,2007,5,294000,8325.1392
2007-05-15,2007,5,280000,7928.704
2007-05-16,2007,5,256000,7249.1008
2007-05-17,2007,5,256000,7249.1008
2007-05-18,2007,5,262000,7419.0016
2007-05-19,2007,5,262000,7419.0016
2007-05-20,2007,5,265000,7503.952
2007-05-21,2007,5,260000,7362.368
2007-05-22,2007,5,265000,7503.952
2007-05-23,2007,5,268000,7588.9024
2007-05-24,2007,5,254000,7192.4672
2007-05-25,2007,5,259000,7334.0512
2007-05-26,2007,5,246000,6965.9328
2007-05-27,2007,5,212000,6003.1616
2007-05-28,2007,5,264000,7475.6352
2007-05-29,2007,5,246000,6965.9328
2007-05-30,2007,5,233000,6597.8144
2007-05-31,2007,5,241000,6824.3488
2007-06-01,2007,6,230000,6512.864
2007-06-02,2007,6,212000,6003.1616
2007-06-03,2007,6,230000,6512.864
2007-06-04,2007,6,232000,6569.4976
2007-06-05,2007,6,213000,6031.4784
2007-06-06,2007,6,252000,7135.8336
2007-06-07,2007,6,216000,6116.4288
2007-06-08,2007,6,259000,7334.0512
2007-06-09,2007,6,285000,8070.288
2007-06-10,2007,6,231000,6541.1808
2007-06-11,2007,6,256000,7249.1008
2007-06-12,2007,6,238000,6739.3984
2007-06-13,2007,6,244000,6909.2992
2007-06-14,2007,6,242000,6852.6656
2007-06-15,2007,6,234000,6626.1312
2007-06-16,2007,6,206000,5833.2608
2007-06-17,2007,6,184000,5210.2912
2007-06-18,2007,6,229000,6484.5472
2007-06-19,2007,6,228000,6456.2304
2007-06-20,2007,6,193000,5465.1424
2007-06-21,2007,6,181000,5125.3408
2007-06-22,2007,6,194000,5493.4592
2007-06-23,2007,6,198000,5606.7264
2007-06-24,2007,6,168000,4757.2224
2007-06-25,2007,6,192000,5436.8256
2007-06-26,2007,6,195000,5521.776
2007-06-27,2007,6,171000,4842.1728
2007-06-28,2007,6,168000,4757.2224
2007-06-29,2007,6,170000,4813.856
2007-06-30,2007,6,186000,5266.9248
2007-07-01,2007,7,151000,4275.8368
2007-07-02,2007,7,136000,3851.0848
2007-07-03,2007,7,176000,4983.7568
2007-07-04,2007,7,151000,4275.8368
2007-07-05,2007,7,167000,4728.9056
2007-07-06,2007,7,183000,5181.9744
2007-07-07,2007,7,155000,4389.104
2007-07-08,2007,7,160000,4530.688
2007-07-09,2007,7,182000,5153.6576
2007-07-10,2007,7,176000,4983.7568
2007-07-11,2007,7,181000,5125.3408
2007-07-12,2007,7,182000,5153.6576
2007-07-13,2007,7,203000,5748.3104
2007-07-14,2007,7,206000,5833.2608
2007-07-15,2007,7,191000,5408.5088
2007-07-16,2007,7,208000,5889.8944
2007-07-17,2007,7,168000,4757.2224
2007-07-18,2007,7,167000,4728.9056
2007-07-19,2007,7,170000,4813.856
2007-07-20,2007,7,162000,4587.3216
2007-07-21,2007,7,164000,4643.9552
2007-07-22,2007,7,178000,5040.3904
2007-07-23,2007,7,164000,4643.9552
2007-07-24,2007,7,165000,4672.272
2007-07-25,2007,7,159000,4502.3712
2007-07-26,2007,7,168000,4757.2224
2007-07-27,2007,7,182000,5153.6576
2007-07-28,2007,7,169000,4785.5392
2007-07-29,2007,7,144000,4077.6192
2007-07-30,2007,7,174000,4927.1232
2007-07-31,2007,7,163000,4615.6384
2007-08-01,2007,8,179000,5068.7072
2007-08-02,2007,8,192000,5436.8256
2007-08-03,2007,8,145000,4105.936
2007-08-04,2007,8,144000,4077.6192
2007-08-05,2007,8,138000,3907.7184
2007-08-06,2007,8,131000,3709.5008
2007-08-07,2007,8,134000,3794.4512
2007-08-08,2007,8,150000,4247.52
2007-08-09,2007,8,153000,4332.4704
2007-08-10,2007,8,164000,4643.9552
2007-08-11,2007,8,149000,4219.2032
2007-08-12,2007,8,137000,3879.4016
2007-08-13,2007,8,157000,4445.7376
2007-08-14,2007,8,163000,4615.6384
2007-08-15,2007,8,157000,4445.7376
2007-08-16,2007,8,158000,4474.0544
2007-08-17,2007,8,131000,3709.5008
2007-08-18,2007,8,121000,3426.3328
2007-08-19,2007,8,117000,3313.0656
2007-08-20,2007,8,124000,3511.2832
2007-08-21,2007,8,124000,3511.2832
2007-08-22,2007,8,148000,4190.8864
2007-08-23,2007,8,137000,3879.4016
2007-08-24,2007,8,130000,3681.184
2007-08-25,2007,8,110000,3114.848
2007-08-26,2007,8,120000,3398.016
2007-08-27,2007,8,121000,3426.3328
2007-08-28,2007,8,135000,3822.768
2007-08-29,2007,8,142000,4020.9856
2007-08-30,2007,8,146000,4134.2528
2007-08-31,2007,8,138000,3907.7184
2007-09-01,2007,9,123000,3482.9664
2007-09-02,2007,9,98200,2780.70976
2007-09-03,2007,9,101000,2859.9968
2007-09-04,2007,9,99500,2817.5216
2007-09-05,2007,9,113000,3199.7984
2007-09-06,2007,9,118000,3341.3824
2007-09-07,2007,9,88500,2506.0368
2007-09-08,2007,9,85000,2406.928
2007-09-09,2007,9,72000,2038.8096
2007-09-10,2007,9,89700,2540.01696
2007-09-11,2007,9,98200,2780.70976
2007-09-12,2007,9,1e+05,2831.68
2007-09-13,2007,9,91200,2582.49216
2007-09-14,2007,9,95700,2709.91776
2007-09-15,2007,9,86500,2449.4032
2007-09-16,2007,9,72400,2050.13632
2007-09-17,2007,9,85700,2426.74976
2007-09-18,2007,9,86000,2435.2448
2007-09-19,2007,9,89900,2545.68032
2007-09-20,2007,9,98000,2775.0464
2007-09-21,2007,9,93100,2636.29408
2007-09-22,2007,9,79300,2245.52224
2007-09-23,2007,9,63800,1806.61184
2007-09-24,2007,9,76500,2166.2352
2007-09-25,2007,9,88300,2500.37344
2007-09-26,2007,9,96400,2729.73952
2007-09-27,2007,9,87000,2463.5616
2007-09-28,2007,9,72800,2061.46304
2007-09-29,2007,9,68900,1951.02752
2007-09-30,2007,9,66600,1885.89888
2007-10-01,2007,10,80000,2265.344
2007-10-02,2007,10,94500,2675.9376
2007-10-03,2007,10,87700,2483.38336
2007-10-04,2007,10,107000,3029.8976
2007-10-05,2007,10,96800,2741.06624
2007-10-06,2007,10,94200,2667.44256
2007-10-07,2007,10,69800,1976.51264
2007-10-08,2007,10,87900,2489.04672
2007-10-09,2007,10,104000,2944.9472
2007-10-10,2007,10,101000,2859.9968
2007-10-11,2007,10,112000,3171.4816
2007-10-12,2007,10,117000,3313.0656
2007-10-13,2007,10,96900,2743.89792
2007-10-14,2007,10,85100,2409.75968
2007-10-15,2007,10,85100,2409.75968
2007-10-16,2007,10,97300,2755.22464
2007-10-17,2007,10,89200,2525.85856
2007-10-18,2007,10,130000,3681.184
2007-10-19,2007,10,85400,2418.25472
2007-10-20,2007,10,89800,2542.84864
2007-10-21,2007,10,1e+05,2831.68
2007-10-22,2007,10,95400,2701.42272
2007-10-23,2007,10,108000,3058.2144
2007-10-24,2007,10,99600,2820.35328
2007-10-25,2007,10,106000,3001.5808
2007-10-26,2007,10,102000,2888.3136
2007-10-27,2007,10,102000,2888.3136
2007-10-28,2007,10,76000,2152.0768
2007-10-29,2007,10,104000,2944.9472
2007-10-30,2007,10,98700,2794.86816
2007-10-31,2007,10,102000,2888.3136
2007-11-01,2007,11,99900,2828.84832
2007-11-02,2007,11,104000,2944.9472
2007-11-03,2007,11,94200,2667.44256
2007-11-04,2007,11,75400,2135.08672
2007-11-05,2007,11,114000,3228.1152
2007-11-06,2007,11,112000,3171.4816
2007-11-07,2007,11,107000,3029.8976
2007-11-08,2007,11,81600,2310.65088
2007-11-09,2007,11,82800,2344.63104
2007-11-10,2007,11,119000,3369.6992
2007-11-11,2007,11,125000,3539.6
2007-11-12,2007,11,122000,3454.6496
2007-11-13,2007,11,124000,3511.2832
2007-11-14,2007,11,126000,3567.9168
2007-11-15,2007,11,120000,3398.016
2007-11-16,2007,11,127000,3596.2336
2007-11-17,2007,11,112000,3171.4816
2007-11-18,2007,11,111000,3143.1648
2007-11-19,2007,11,107000,3029.8976
2007-11-20,2007,11,102000,2888.3136
2007-11-21,2007,11,132000,3737.8176
2007-11-22,2007,11,118000,3341.3824
2007-11-23,2007,11,125000,3539.6
2007-11-24,2007,11,122000,3454.6496
2007-11-25,2007,11,118000,3341.3824
2007-11-26,2007,11,130000,3681.184
2007-11-27,2007,11,130000,3681.184
2007-11-28,2007,11,119000,3369.6992
2007-11-29,2007,11,130000,3681.184
2007-11-30,2007,11,132000,3737.8176
2007-12-01,2007,12,130000,3681.184
2007-12-02,2007,12,113000,3199.7984
2007-12-03,2007,12,105000,2973.264
2007-12-04,2007,12,109000,3086.5312
2007-12-05,2007,12,141000,3992.6688
2007-12-06,2007,12,124000,3511.2832
2007-12-07,2007,12,108000,3058.2144
2007-12-08,2007,12,119000,3369.6992
2007-12-09,2007,12,140000,3964.352
2007-12-10,2007,12,144000,4077.6192
2007-12-11,2007,12,170000,4813.856
2007-12-12,2007,12,135000,3822.768
2007-12-13,2007,12,116000,3284.7488
2007-12-14,2007,12,155000,4389.104
2007-12-15,2007,12,131000,3709.5008
2007-12-16,2007,12,113000,3199.7984
2007-12-17,2007,12,116000,3284.7488
2007-12-18,2007,12,123000,3482.9664
2007-12-19,2007,12,111000,3143.1648
2007-12-20,2007,12,115000,3256.432
2007-12-21,2007,12,138000,3907.7184
2007-12-22,2007,12,135000,3822.768
2007-12-23,2007,12,148000,4190.8864
2007-12-24,2007,12,119000,3369.6992
2007-12-25,2007,12,132000,3737.8176
2007-12-26,2007,12,111000,3143.1648
2007-12-27,2007,12,171000,4842.1728
2007-12-28,2007,12,167000,4728.9056
2007-12-29,2007,12,143000,4049.3024
2007-12-30,2007,12,114000,3228.1152
2007-12-31,2007,12,116000,3284.7488
2008-01-01,2008,1,151000,4275.8368
2008-01-02,2008,1,153000,4332.4704
2008-01-03,2008,1,130000,3681.184
2008-01-04,2008,1,148000,4190.8864
2008-01-05,2008,1,153000,4332.4704
2008-01-06,2008,1,142000,4020.9856
2008-01-07,2008,1,140000,3964.352
2008-01-08,2008,1,170000,4813.856
2008-01-09,2008,1,155000,4389.104
2008-01-10,2008,1,149000,4219.2032
2008-01-11,2008,1,164000,4643.9552
2008-01-12,2008,1,139000,3936.0352
2008-01-13,2008,1,106000,3001.5808
2008-01-14,2008,1,134000,3794.4512
2008-01-15,2008,1,142000,4020.9856
2008-01-16,2008,1,164000,4643.9552
2008-01-17,2008,1,159000,4502.3712
2008-01-18,2008,1,139000,3936.0352
2008-01-19,2008,1,162000,4587.3216
2008-01-20,2008,1,105000,2973.264
2008-01-21,2008,1,153000,4332.4704
2008-01-22,2008,1,151000,4275.8368
2008-01-23,2008,1,175000,4955.44
2008-01-24,2008,1,161000,4559.0048
2008-01-25,2008,1,150000,4247.52
2008-01-26,2008,1,184000,5210.2912
2008-01-27,2008,1,118000,3341.3824
2008-01-28,2008,1,159000,4502.3712
2008-01-29,2008,1,134000,3794.4512
2008-01-30,2008,1,141000,3992.6688
2008-01-31,2008,1,124000,3511.2832
2008-02-01,2008,2,98500,2789.2048
2008-02-02,2008,2,154000,4360.7872
2008-02-03,2008,2,119000,3369.6992
2008-02-04,2008,2,148000,4190.8864
2008-02-05,2008,2,150000,4247.52
2008-02-06,2008,2,131000,3709.5008
2008-02-07,2008,2,113000,3199.7984
2008-02-08,2008,2,134000,3794.4512
2008-02-09,2008,2,135000,3822.768
2008-02-10,2008,2,83900,2375.77952
2008-02-11,2008,2,122000,3454.6496
2008-02-12,2008,2,134000,3794.4512
2008-02-13,2008,2,164000,4643.9552
2008-02-14,2008,2,173000,4898.8064
2008-02-15,2008,2,165000,4672.272
2008-02-16,2008,2,121000,3426.3328
2008-02-17,2008,2,126000,3567.9168
2008-02-18,2008,2,137000,3879.4016
2008-02-19,2008,2,160000,4530.688
2008-02-20,2008,2,163000,4615.6384
2008-02-21,2008,2,127000,3596.2336
2008-02-22,2008,2,155000,4389.104
2008-02-23,2008,2,113000,3199.7984
2008-02-24,2008,2,113000,3199.7984
2008-02-25,2008,2,127000,3596.2336
2008-02-26,2008,2,115000,3256.432
2008-02-27,2008,2,155000,4389.104
2008-02-28,2008,2,138000,3907.7184
2008-02-29,2008,2,120000,3398.016
2008-03-01,2008,3,111000,3143.1648
2008-03-02,2008,3,119000,3369.6992
2008-03-03,2008,3,145000,4105.936
2008-03-04,2008,3,149000,4219.2032
2008-03-05,2008,3,175000,4955.44
2008-03-06,2008,3,147000,4162.5696
2008-03-07,2008,3,149000,4219.2032
2008-03-08,2008,3,142000,4020.9856
2008-03-09,2008,3,118000,3341.3824
2008-03-10,2008,3,128000,3624.5504
2008-03-11,2008,3,122000,3454.6496
2008-03-12,2008,3,148000,4190.8864
2008-03-13,2008,3,150000,4247.52
2008-03-14,2008,3,167000,4728.9056
2008-03-15,2008,3,141000,3992.6688
2008-03-16,2008,3,122000,3454.6496
2008-03-17,2008,3,144000,4077.6192
2008-03-18,2008,3,138000,3907.7184
2008-03-19,2008,3,166000,4700.5888
2008-03-20,2008,3,151000,4275.8368
2008-03-21,2008,3,157000,4445.7376
2008-03-22,2008,3,131000,3709.5008
2008-03-23,2008,3,119000,3369.6992
2008-03-24,2008,3,135000,3822.768
2008-03-25,2008,3,151000,4275.8368
2008-03-26,2008,3,161000,4559.0048
2008-03-27,2008,3,163000,4615.6384
2008-03-28,2008,3,168000,4757.2224
2008-03-29,2008,3,128000,3624.5504
2008-03-30,2008,3,135000,3822.768
2008-03-31,2008,3,151000,4275.8368
2008-04-01,2008,4,159000,4502.3712
2008-04-02,2008,4,162000,4587.3216
2008-04-03,2008,4,153000,4332.4704
2008-04-04,2008,4,137000,3879.4016
2008-04-05,2008,4,107000,3029.8976
2008-04-06,2008,4,134000,3794.4512
2008-04-07,2008,4,142000,4020.9856
2008-04-08,2008,4,137000,3879.4016
2008-04-09,2008,4,136000,3851.0848
2008-04-10,2008,4,129000,3652.8672
2008-04-11,2008,4,152000,4304.1536
2008-04-12,2008,4,164000,4643.9552
2008-04-13,2008,4,114000,3228.1152
2008-04-14,2008,4,136000,3851.0848
2008-04-15,2008,4,165000,4672.272
2008-04-16,2008,4,197000,5578.4096
2008-04-17,2008,4,170000,4813.856
2008-04-18,2008,4,149000,4219.2032
2008-04-19,2008,4,149000,4219.2032
2008-04-20,2008,4,158000,4474.0544
2008-04-21,2008,4,186000,5266.9248
2008-04-22,2008,4,181000,5125.3408
2008-04-23,2008,4,176000,4983.7568
2008-04-24,2008,4,192000,5436.8256
2008-04-25,2008,4,223000,6314.6464
2008-04-26,2008,4,211000,5974.8448
2008-04-27,2008,4,166000,4700.5888
2008-04-28,2008,4,188000,5323.5584
2008-04-29,2008,4,174000,4927.1232
2008-04-30,2008,4,189000,5351.8752
2008-05-01,2008,5,210000,5946.528
2008-05-02,2008,5,222000,6286.3296
2008-05-03,2008,5,179000,5068.7072
2008-05-04,2008,5,150000,4247.52
2008-05-05,2008,5,198000,5606.7264
2008-05-06,2008,5,198000,5606.7264
2008-05-07,2008,5,240000,6796.032
2008-05-08,2008,5,233000,6597.8144
2008-05-09,2008,5,296000,8381.7728
2008-05-10,2008,5,275000,7787.12
2008-05-11,2008,5,211000,5974.8448
2008-05-12,2008,5,290000,8211.872
2008-05-13,2008,5,275000,7787.12
2008-05-14,2008,5,236000,6682.7648
2008-05-15,2008,5,264000,7475.6352
2008-05-16,2008,5,276000,7815.4368
2008-05-17,2008,5,270000,7645.536
2008-05-18,2008,5,352000,9967.5136
2008-05-19,2008,5,394000,11156.8192
2008-05-20,2008,5,396000,11213.4528
2008-05-21,2008,5,414000,11723.1552
2008-05-22,2008,5,417000,11808.1056
2008-05-23,2008,5,405000,11468.304
2008-05-24,2008,5,396000,11213.4528
2008-05-25,2008,5,401000,11355.0368
2008-05-26,2008,5,368000,10420.5824
2008-05-27,2008,5,366000,10363.9488
2008-05-28,2008,5,404000,11439.9872
2008-05-29,2008,5,406000,11496.6208
2008-05-30,2008,5,413000,11694.8384
2008-05-31,2008,5,421000,11921.3728
2008-06-01,2008,6,405000,11468.304
2008-06-02,2008,6,415000,11751.472
2008-06-03,2008,6,416000,11779.7888
2008-06-04,2008,6,413000,11694.8384
2008-06-05,2008,6,425000,12034.64
2008-06-06,2008,6,404000,11439.9872
2008-06-07,2008,6,372000,10533.8496
2008-06-08,2008,6,373000,10562.1664
2008-06-09,2008,6,325000,9202.96
2008-06-10,2008,6,341000,9656.0288
2008-06-11,2008,6,387000,10958.6016
2008-06-12,2008,6,411000,11638.2048
2008-06-13,2008,6,368000,10420.5824
2008-06-14,2008,6,352000,9967.5136
2008-06-15,2008,6,313000,8863.1584
2008-06-16,2008,6,324000,9174.6432
2008-06-17,2008,6,343000,9712.6624
2008-06-18,2008,6,383000,10845.3344
2008-06-19,2008,6,374000,10590.4832
2008-06-20,2008,6,350000,9910.88
2008-06-21,2008,6,317000,8976.4256
2008-06-22,2008,6,331000,9372.8608
2008-06-23,2008,6,293000,8296.8224
2008-06-24,2008,6,330000,9344.544
2008-06-25,2008,6,350000,9910.88
2008-06-26,2008,6,329000,9316.2272
2008-06-27,2008,6,364000,10307.3152
2008-06-28,2008,6,342000,9684.3456
2008-06-29,2008,6,335000,9486.128
2008-06-30,2008,6,322000,9118.0096
2008-07-01,2008,7,308000,8721.5744
2008-07-02,2008,7,322000,9118.0096
2008-07-03,2008,7,322000,9118.0096
2008-07-04,2008,7,293000,8296.8224
2008-07-05,2008,7,267000,7560.5856
2008-07-06,2008,7,243000,6880.9824
2008-07-07,2008,7,274000,7758.8032
2008-07-08,2008,7,258000,7305.7344
2008-07-09,2008,7,262000,7419.0016
2008-07-10,2008,7,231000,6541.1808
2008-07-11,2008,7,235000,6654.448
2008-07-12,2008,7,233000,6597.8144
2008-07-13,2008,7,192000,5436.8256
2008-07-14,2008,7,185000,5238.608
2008-07-15,2008,7,172000,4870.4896
2008-07-16,2008,7,165000,4672.272
2008-07-17,2008,7,164000,4643.9552
2008-07-18,2008,7,168000,4757.2224
2008-07-19,2008,7,176000,4983.7568
2008-07-20,2008,7,152000,4304.1536
2008-07-21,2008,7,182000,5153.6576
2008-07-22,2008,7,141000,3992.6688
2008-07-23,2008,7,150000,4247.52
2008-07-24,2008,7,155000,4389.104
2008-07-25,2008,7,179000,5068.7072
2008-07-26,2008,7,175000,4955.44
2008-07-27,2008,7,152000,4304.1536
2008-07-28,2008,7,168000,4757.2224
2008-07-29,2008,7,146000,4134.2528
2008-07-30,2008,7,165000,4672.272
2008-07-31,2008,7,171000,4842.1728
2008-08-01,2008,8,140000,3964.352
2008-08-02,2008,8,134000,3794.4512
2008-08-03,2008,8,133000,3766.1344
2008-08-04,2008,8,134000,3794.4512
2008-08-05,2008,8,144000,4077.6192
2008-08-06,2008,8,153000,4332.4704
2008-08-07,2008,8,146000,4134.2528
2008-08-08,2008,8,132000,3737.8176
2008-08-09,2008,8,114000,3228.1152
2008-08-10,2008,8,107000,3029.8976
2008-08-11,2008,8,133000,3766.1344
2008-08-12,2008,8,130000,3681.184
2008-08-13,2008,8,140000,3964.352
2008-08-14,2008,8,137000,3879.4016
2008-08-15,2008,8,133000,3766.1344
2008-08-16,2008,8,113000,3199.7984
2008-08-17,2008,8,114000,3228.1152
2008-08-18,2008,8,132000,3737.8176
2008-08-19,2008,8,114000,3228.1152
2008-08-20,2008,8,122000,3454.6496
2008-08-21,2008,8,124000,3511.2832
2008-08-22,2008,8,135000,3822.768
2008-08-23,2008,8,139000,3936.0352
2008-08-24,2008,8,148000,4190.8864
2008-08-25,2008,8,142000,4020.9856
2008-08-26,2008,8,129000,3652.8672
2008-08-27,2008,8,117000,3313.0656
2008-08-28,2008,8,124000,3511.2832
2008-08-29,2008,8,143000,4049.3024
2008-08-30,2008,8,128000,3624.5504
2008-08-31,2008,8,126000,3567.9168
2008-09-01,2008,9,92900,2630.63072
2008-09-02,2008,9,119000,3369.6992
2008-09-03,2008,9,110000,3114.848
2008-09-04,2008,9,109000,3086.5312
2008-09-05,2008,9,120000,3398.016
2008-09-06,2008,9,98700,2794.86816
2008-09-07,2008,9,86300,2443.73984
2008-09-08,2008,9,106000,3001.5808
2008-09-09,2008,9,94900,2687.26432
2008-09-10,2008,9,115000,3256.432
2008-09-11,2008,9,96200,2724.07616
2008-09-12,2008,9,81100,2296.49248
2008-09-13,2008,9,78300,2217.20544
2008-09-14,2008,9,76300,2160.57184
2008-09-15,2008,9,81700,2313.48256
2008-09-16,2008,9,104000,2944.9472
2008-09-17,2008,9,105000,2973.264
2008-09-18,2008,9,91300,2585.32384
2008-09-19,2008,9,81900,2319.14592
2008-09-20,2008,9,75400,2135.08672
2008-09-21,2008,9,69300,1962.35424
2008-09-22,2008,9,70800,2004.82944
2008-09-23,2008,9,93400,2644.78912
2008-09-24,2008,9,104000,2944.9472
2008-09-25,2008,9,86900,2460.72992
2008-09-26,2008,9,106000,3001.5808
2008-09-27,2008,9,84200,2384.27456
2008-09-28,2008,9,79000,2237.0272
2008-09-29,2008,9,96300,2726.90784
2008-09-30,2008,9,81800,2316.31424
2008-10-01,2008,10,77900,2205.87872
2008-10-02,2008,10,83500,2364.4528
2008-10-03,2008,10,107000,3029.8976
2008-10-04,2008,10,69500,1968.0176
2008-10-05,2008,10,68200,1931.20576
2008-10-06,2008,10,74000,2095.4432
2008-10-07,2008,10,75700,2143.58176
2008-10-08,2008,10,104000,2944.9472
2008-10-09,2008,10,109000,3086.5312
2008-10-10,2008,10,104000,2944.9472
2008-10-11,2008,10,92100,2607.97728
2008-10-12,2008,10,74900,2120.92832
2008-10-13,2008,10,88400,2503.20512
2008-10-14,2008,10,97900,2772.21472
2008-10-15,2008,10,131000,3709.5008
2008-10-16,2008,10,94800,2684.43264
2008-10-17,2008,10,112000,3171.4816
2008-10-18,2008,10,101000,2859.9968
2008-10-19,2008,10,89100,2523.02688
2008-10-20,2008,10,96200,2724.07616
2008-10-21,2008,10,122000,3454.6496
2008-10-22,2008,10,120000,3398.016
2008-10-23,2008,10,104000,2944.9472
2008-10-24,2008,10,98200,2780.70976
2008-10-25,2008,10,85000,2406.928
2008-10-26,2008,10,78400,2220.03712
2008-10-27,2008,10,103000,2916.6304
2008-10-28,2008,10,103000,2916.6304
2008-10-29,2008,10,97900,2772.21472
2008-10-30,2008,10,114000,3228.1152
2008-10-31,2008,10,111000,3143.1648
2008-11-01,2008,11,93600,2650.45248
2008-11-02,2008,11,74400,2106.76992
2008-11-03,2008,11,95300,2698.59104
2008-11-04,2008,11,90200,2554.17536
2008-11-05,2008,11,134000,3794.4512
2008-11-06,2008,11,118000,3341.3824
2008-11-07,2008,11,120000,3398.016
2008-11-08,2008,11,119000,3369.6992
2008-11-09,2008,11,123000,3482.9664
2008-11-10,2008,11,123000,3482.9664
2008-11-11,2008,11,118000,3341.3824
2008-11-12,2008,11,113000,3199.7984
2008-11-13,2008,11,107000,3029.8976
2008-11-14,2008,11,163000,4615.6384
2008-11-15,2008,11,115000,3256.432
2008-11-16,2008,11,120000,3398.016
2008-11-17,2008,11,119000,3369.6992
2008-11-18,2008,11,120000,3398.016
2008-11-19,2008,11,135000,3822.768
2008-11-20,2008,11,140000,3964.352
2008-11-21,2008,11,132000,3737.8176
2008-11-22,2008,11,119000,3369.6992
2008-11-23,2008,11,132000,3737.8176
2008-11-24,2008,11,121000,3426.3328
2008-11-25,2008,11,136000,3851.0848
2008-11-26,2008,11,133000,3766.1344
2008-11-27,2008,11,125000,3539.6
2008-11-28,2008,11,126000,3567.9168
2008-11-29,2008,11,122000,3454.6496
2008-11-30,2008,11,121000,3426.3328
2008-12-01,2008,12,124000,3511.2832
2008-12-02,2008,12,136000,3851.0848
2008-12-03,2008,12,122000,3454.6496
2008-12-04,2008,12,145000,4105.936
2008-12-05,2008,12,150000,4247.52
2008-12-06,2008,12,137000,3879.4016
2008-12-07,2008,12,122000,3454.6496
2008-12-08,2008,12,126000,3567.9168
2008-12-09,2008,12,127000,3596.2336
2008-12-10,2008,12,119000,3369.6992
2008-12-11,2008,12,134000,3794.4512
2008-12-12,2008,12,119000,3369.6992
2008-12-13,2008,12,124000,3511.2832
2008-12-14,2008,12,130000,3681.184
2008-12-15,2008,12,162000,4587.3216
2008-12-16,2008,12,156000,4417.4208
2008-12-17,2008,12,142000,4020.9856
2008-12-18,2008,12,129000,3652.8672
2008-12-19,2008,12,139000,3936.0352
2008-12-20,2008,12,175000,4955.44
2008-12-21,2008,12,154000,4360.7872
2008-12-22,2008,12,135000,3822.768
2008-12-23,2008,12,150000,4247.52
2008-12-24,2008,12,145000,4105.936
2008-12-25,2008,12,130000,3681.184
2008-12-26,2008,12,130000,3681.184
2008-12-27,2008,12,124000,3511.2832
2008-12-28,2008,12,115000,3256.432
2008-12-29,2008,12,117000,3313.0656
2008-12-30,2008,12,147000,4162.5696
2008-12-31,2008,12,132000,3737.8176
2009-01-01,2009,1,117000,3313.0656
2009-01-02,2009,1,125000,3539.6
2009-01-03,2009,1,165000,4672.272
2009-01-04,2009,1,175000,4955.44
2009-01-05,2009,1,167000,4728.9056
2009-01-06,2009,1,174000,4927.1232
2009-01-07,2009,1,182000,5153.6576
2009-01-08,2009,1,163000,4615.6384
2009-01-09,2009,1,191000,5408.5088
2009-01-10,2009,1,174000,4927.1232
2009-01-11,2009,1,156000,4417.4208
2009-01-12,2009,1,179000,5068.7072
2009-01-13,2009,1,166000,4700.5888
2009-01-14,2009,1,208000,5889.8944
2009-01-15,2009,1,212000,6003.1616
2009-01-16,2009,1,228000,6456.2304
2009-01-17,2009,1,209000,5918.2112
2009-01-18,2009,1,2e+05,5663.36
2009-01-19,2009,1,203000,5748.3104
2009-01-20,2009,1,184000,5210.2912
2009-01-21,2009,1,197000,5578.4096
2009-01-22,2009,1,180000,5097.024
2009-01-23,2009,1,182000,5153.6576
2009-01-24,2009,1,174000,4927.1232
2009-01-25,2009,1,160000,4530.688
2009-01-26,2009,1,182000,5153.6576
2009-01-27,2009,1,206000,5833.2608
2009-01-28,2009,1,186000,5266.9248
2009-01-29,2009,1,170000,4813.856
2009-01-30,2009,1,180000,5097.024
2009-01-31,2009,1,152000,4304.1536
2009-02-01,2009,2,144000,4077.6192
2009-02-02,2009,2,137000,3879.4016
2009-02-03,2009,2,125000,3539.6
2009-02-04,2009,2,139000,3936.0352
2009-02-05,2009,2,130000,3681.184
2009-02-06,2009,2,117000,3313.0656
2009-02-07,2009,2,125000,3539.6
2009-02-08,2009,2,124000,3511.2832
2009-02-09,2009,2,133000,3766.1344
2009-02-10,2009,2,128000,3624.5504
2009-02-11,2009,2,149000,4219.2032
2009-02-12,2009,2,166000,4700.5888
2009-02-13,2009,2,123000,3482.9664
2009-02-14,2009,2,124000,3511.2832
2009-02-15,2009,2,125000,3539.6
2009-02-16,2009,2,127000,3596.2336
2009-02-17,2009,2,126000,3567.9168
2009-02-18,2009,2,124000,3511.2832
2009-02-19,2009,2,136000,3851.0848
2009-02-20,2009,2,135000,3822.768
2009-02-21,2009,2,138000,3907.7184
2009-02-22,2009,2,136000,3851.0848
2009-02-23,2009,2,134000,3794.4512
2009-02-24,2009,2,114000,3228.1152
2009-02-25,2009,2,106000,3001.5808
2009-02-26,2009,2,135000,3822.768
2009-02-27,2009,2,156000,4417.4208
2009-02-28,2009,2,122000,3454.6496
2009-03-01,2009,3,122000,3454.6496
2009-03-02,2009,3,123000,3482.9664
2009-03-03,2009,3,118000,3341.3824
2009-03-04,2009,3,135000,3822.768
2009-03-05,2009,3,128000,3624.5504
2009-03-06,2009,3,149000,4219.2032
2009-03-07,2009,3,112000,3171.4816
2009-03-08,2009,3,123000,3482.9664
2009-03-09,2009,3,118000,3341.3824
2009-03-10,2009,3,123000,3482.9664
2009-03-11,2009,3,124000,3511.2832
2009-03-12,2009,3,130000,3681.184
2009-03-13,2009,3,125000,3539.6
2009-03-14,2009,3,118000,3341.3824
2009-03-15,2009,3,109000,3086.5312
2009-03-16,2009,3,124000,3511.2832
2009-03-17,2009,3,140000,3964.352
2009-03-18,2009,3,149000,4219.2032
2009-03-19,2009,3,129000,3652.8672
2009-03-20,2009,3,120000,3398.016
2009-03-21,2009,3,122000,3454.6496
2009-03-22,2009,3,122000,3454.6496
2009-03-23,2009,3,149000,4219.2032
2009-03-24,2009,3,164000,4643.9552
2009-03-25,2009,3,141000,3992.6688
2009-03-26,2009,3,176000,4983.7568
2009-03-27,2009,3,172000,4870.4896
2009-03-28,2009,3,157000,4445.7376
2009-03-29,2009,3,168000,4757.2224
2009-03-30,2009,3,193000,5465.1424
2009-03-31,2009,3,170000,4813.856
2009-04-01,2009,4,163000,4615.6384
2009-04-02,2009,4,161000,4559.0048
2009-04-03,2009,4,156000,4417.4208
2009-04-04,2009,4,168000,4757.2224
2009-04-05,2009,4,151000,4275.8368
2009-04-06,2009,4,164000,4643.9552
2009-04-07,2009,4,175000,4955.44
2009-04-08,2009,4,137000,3879.4016
2009-04-09,2009,4,182000,5153.6576
2009-04-10,2009,4,226000,6399.5968
2009-04-11,2009,4,218000,6173.0624
2009-04-12,2009,4,241000,6824.3488
2009-04-13,2009,4,209000,5918.2112
2009-04-14,2009,4,263000,7447.3184
2009-04-15,2009,4,265000,7503.952
2009-04-16,2009,4,234000,6626.1312
2009-04-17,2009,4,252000,7135.8336
2009-04-18,2009,4,245000,6937.616
2009-04-19,2009,4,224000,6342.9632
2009-04-20,2009,4,256000,7249.1008
2009-04-21,2009,4,247000,6994.2496
2009-04-22,2009,4,256000,7249.1008
2009-04-23,2009,4,306000,8664.9408
2009-04-24,2009,4,336000,9514.4448
2009-04-25,2009,4,299000,8466.7232
2009-04-26,2009,4,310000,8778.208
2009-04-27,2009,4,291000,8240.1888
2009-04-28,2009,4,283000,8013.6544
2009-04-29,2009,4,259000,7334.0512
2009-04-30,2009,4,271000,7673.8528
2009-05-01,2009,5,238000,6739.3984
2009-05-02,2009,5,217000,6144.7456
2009-05-03,2009,5,192000,5436.8256
2009-05-04,2009,5,206000,5833.2608
2009-05-05,2009,5,211000,5974.8448
2009-05-06,2009,5,253000,7164.1504
2009-05-07,2009,5,259000,7334.0512
2009-05-08,2009,5,233000,6597.8144
2009-05-09,2009,5,256000,7249.1008
2009-05-10,2009,5,222000,6286.3296
2009-05-11,2009,5,242000,6852.6656
2009-05-12,2009,5,253000,7164.1504
2009-05-13,2009,5,279000,7900.3872
2009-05-14,2009,5,234000,6626.1312
2009-05-15,2009,5,245000,6937.616
2009-05-16,2009,5,255000,7220.784
2009-05-17,2009,5,246000,6965.9328
2009-05-18,2009,5,269000,7617.2192
2009-05-19,2009,5,280000,7928.704
2009-05-20,2009,5,307000,8693.2576
2009-05-21,2009,5,324000,9174.6432
2009-05-22,2009,5,328000,9287.9104
2009-05-23,2009,5,289000,8183.5552
2009-05-24,2009,5,306000,8664.9408
2009-05-25,2009,5,332000,9401.1776
2009-05-26,2009,5,344000,9740.9792
2009-05-27,2009,5,345000,9769.296
2009-05-28,2009,5,342000,9684.3456
2009-05-29,2009,5,357000,10109.0976
2009-05-30,2009,5,354000,10024.1472
2009-05-31,2009,5,354000,10024.1472
2009-06-01,2009,6,355000,10052.464
2009-06-02,2009,6,350000,9910.88
2009-06-03,2009,6,350000,9910.88
2009-06-04,2009,6,348000,9854.2464
2009-06-05,2009,6,351000,9939.1968
2009-06-06,2009,6,354000,10024.1472
2009-06-07,2009,6,354000,10024.1472
2009-06-08,2009,6,362000,10250.6816
2009-06-09,2009,6,369000,10448.8992
2009-06-10,2009,6,322000,9118.0096
2009-06-11,2009,6,303000,8579.9904
2009-06-12,2009,6,257000,7277.4176
2009-06-13,2009,6,267000,7560.5856
2009-06-14,2009,6,252000,7135.8336
2009-06-15,2009,6,238000,6739.3984
2009-06-16,2009,6,254000,7192.4672
2009-06-17,2009,6,229000,6484.5472
2009-06-18,2009,6,256000,7249.1008
2009-06-19,2009,6,276000,7815.4368
2009-06-20,2009,6,268000,7588.9024
2009-06-21,2009,6,259000,7334.0512
2009-06-22,2009,6,237000,6711.0816
2009-06-23,2009,6,284000,8041.9712
2009-06-24,2009,6,287000,8126.9216
2009-06-25,2009,6,260000,7362.368
2009-06-26,2009,6,227000,6427.9136
2009-06-27,2009,6,254000,7192.4672
2009-06-28,2009,6,248000,7022.5664
2009-06-29,2009,6,232000,6569.4976
2009-06-30,2009,6,227000,6427.9136
2009-07-01,2009,7,210000,5946.528
2009-07-02,2009,7,145000,4105.936
2009-07-03,2009,7,173000,4898.8064
2009-07-04,2009,7,142000,4020.9856
2009-07-05,2009,7,151000,4275.8368
2009-07-06,2009,7,169000,4785.5392
2009-07-07,2009,7,187000,5295.2416
2009-07-08,2009,7,205000,5804.944
2009-07-09,2009,7,203000,5748.3104
2009-07-10,2009,7,210000,5946.528
2009-07-11,2009,7,216000,6116.4288
2009-07-12,2009,7,146000,4134.2528
2009-07-13,2009,7,175000,4955.44
2009-07-14,2009,7,189000,5351.8752
2009-07-15,2009,7,172000,4870.4896
2009-07-16,2009,7,162000,4587.3216
2009-07-17,2009,7,168000,4757.2224
2009-07-18,2009,7,145000,4105.936
2009-07-19,2009,7,152000,4304.1536
2009-07-20,2009,7,157000,4445.7376
2009-07-21,2009,7,151000,4275.8368
2009-07-22,2009,7,144000,4077.6192
2009-07-23,2009,7,116000,3284.7488
2009-07-24,2009,7,138000,3907.7184
2009-07-25,2009,7,145000,4105.936
2009-07-26,2009,7,129000,3652.8672
2009-07-27,2009,7,156000,4417.4208
2009-07-28,2009,7,178000,5040.3904
2009-07-29,2009,7,175000,4955.44
2009-07-30,2009,7,160000,4530.688
2009-07-31,2009,7,142000,4020.9856
2009-08-01,2009,8,150000,4247.52
2009-08-02,2009,8,135000,3822.768
2009-08-03,2009,8,119000,3369.6992
2009-08-04,2009,8,117000,3313.0656
2009-08-05,2009,8,149000,4219.2032
2009-08-06,2009,8,126000,3567.9168
2009-08-07,2009,8,126000,3567.9168
2009-08-08,2009,8,110000,3114.848
2009-08-09,2009,8,114000,3228.1152
2009-08-10,2009,8,118000,3341.3824
2009-08-11,2009,8,109000,3086.5312
2009-08-12,2009,8,124000,3511.2832
2009-08-13,2009,8,122000,3454.6496
2009-08-14,2009,8,108000,3058.2144
2009-08-15,2009,8,96100,2721.24448
2009-08-16,2009,8,96100,2721.24448
2009-08-17,2009,8,92900,2630.63072
2009-08-18,2009,8,103000,2916.6304
2009-08-19,2009,8,129000,3652.8672
2009-08-20,2009,8,145000,4105.936
2009-08-21,2009,8,119000,3369.6992
2009-08-22,2009,8,121000,3426.3328
2009-08-23,2009,8,128000,3624.5504
2009-08-24,2009,8,112000,3171.4816
2009-08-25,2009,8,111000,3143.1648
2009-08-26,2009,8,119000,3369.6992
2009-08-27,2009,8,121000,3426.3328
2009-08-28,2009,8,119000,3369.6992
2009-08-29,2009,8,118000,3341.3824
2009-08-30,2009,8,123000,3482.9664
2009-08-31,2009,8,119000,3369.6992
2009-09-01,2009,9,84200,2384.27456
2009-09-02,2009,9,94300,2670.27424
2009-09-03,2009,9,88400,2503.20512
2009-09-04,2009,9,82200,2327.64096
2009-09-05,2009,9,78900,2234.19552
2009-09-06,2009,9,73000,2067.1264
2009-09-07,2009,9,82600,2338.96768
2009-09-08,2009,9,74600,2112.43328
2009-09-09,2009,9,70900,2007.66112
2009-09-10,2009,9,93600,2650.45248
2009-09-11,2009,9,91800,2599.48224
2009-09-12,2009,9,91900,2602.31392
2009-09-13,2009,9,68400,1936.86912
2009-09-14,2009,9,65800,1863.24544
2009-09-15,2009,9,88400,2503.20512
2009-09-16,2009,9,82100,2324.80928
2009-09-17,2009,9,72300,2047.30464
2009-09-18,2009,9,83200,2355.95776
2009-09-19,2009,9,71700,2030.31456
2009-09-20,2009,9,67500,1911.384
2009-09-21,2009,9,82500,2336.136
2009-09-22,2009,9,90300,2557.00704
2009-09-23,2009,9,89900,2545.68032
2009-09-24,2009,9,88400,2503.20512
2009-09-25,2009,9,110000,3114.848
2009-09-26,2009,9,89100,2523.02688
2009-09-27,2009,9,67600,1914.21568
2009-09-28,2009,9,78300,2217.20544
2009-09-29,2009,9,87300,2472.05664
2009-09-30,2009,9,80800,2287.99744
2009-10-01,2009,10,92300,2613.64064
2009-10-02,2009,10,82700,2341.79936
2009-10-03,2009,10,75500,2137.9184
2009-10-04,2009,10,75400,2135.08672
2009-10-05,2009,10,79700,2256.84896
2009-10-06,2009,10,81800,2316.31424
2009-10-07,2009,10,88500,2506.0368
2009-10-08,2009,10,101000,2859.9968
2009-10-09,2009,10,105000,2973.264
2009-10-10,2009,10,86200,2440.90816
2009-10-11,2009,10,84300,2387.10624
2009-10-12,2009,10,97400,2758.05632
2009-10-13,2009,10,110000,3114.848
2009-10-14,2009,10,93700,2653.28416
2009-10-15,2009,10,117000,3313.0656
2009-10-16,2009,10,81300,2302.15584
2009-10-17,2009,10,87300,2472.05664
2009-10-18,2009,10,70400,1993.50272
2009-10-19,2009,10,86700,2455.06656
2009-10-20,2009,10,90900,2573.99712
2009-10-21,2009,10,105000,2973.264
2009-10-22,2009,10,102000,2888.3136
2009-10-23,2009,10,69900,1979.34432
2009-10-24,2009,10,70400,1993.50272
2009-10-25,2009,10,114000,3228.1152
2009-10-26,2009,10,90600,2565.50208
2009-10-27,2009,10,94300,2670.27424
2009-10-28,2009,10,124000,3511.2832
2009-10-29,2009,10,113000,3199.7984
2009-10-30,2009,10,69100,1956.69088
2009-10-31,2009,10,74300,2103.93824
2009-11-01,2009,11,93000,2633.4624
2009-11-02,2009,11,113000,3199.7984
2009-11-03,2009,11,127000,3596.2336
2009-11-04,2009,11,119000,3369.6992
2009-11-05,2009,11,124000,3511.2832
2009-11-06,2009,11,114000,3228.1152
2009-11-07,2009,11,114000,3228.1152
2009-11-08,2009,11,122000,3454.6496
2009-11-09,2009,11,148000,4190.8864
2009-11-10,2009,11,117000,3313.0656
2009-11-11,2009,11,112000,3171.4816
2009-11-12,2009,11,120000,3398.016
2009-11-13,2009,11,121000,3426.3328
2009-11-14,2009,11,116000,3284.7488
2009-11-15,2009,11,131000,3709.5008
2009-11-16,2009,11,125000,3539.6
2009-11-17,2009,11,105000,2973.264
2009-11-18,2009,11,112000,3171.4816
2009-11-19,2009,11,128000,3624.5504
2009-11-20,2009,11,109000,3086.5312
2009-11-21,2009,11,121000,3426.3328
2009-11-22,2009,11,95400,2701.42272
2009-11-23,2009,11,120000,3398.016
2009-11-24,2009,11,119000,3369.6992
2009-11-25,2009,11,126000,3567.9168
2009-11-26,2009,11,119000,3369.6992
2009-11-27,2009,11,114000,3228.1152
2009-11-28,2009,11,116000,3284.7488
2009-11-29,2009,11,119000,3369.6992
2009-11-30,2009,11,122000,3454.6496
2009-12-01,2009,12,120000,3398.016
2009-12-02,2009,12,118000,3341.3824
2009-12-03,2009,12,134000,3794.4512
2009-12-04,2009,12,125000,3539.6
2009-12-05,2009,12,135000,3822.768
2009-12-06,2009,12,140000,3964.352
2009-12-07,2009,12,153000,4332.4704
2009-12-08,2009,12,149000,4219.2032
2009-12-09,2009,12,160000,4530.688
2009-12-10,2009,12,150000,4247.52
2009-12-11,2009,12,149000,4219.2032
2009-12-12,2009,12,151000,4275.8368
2009-12-13,2009,12,144000,4077.6192
2009-12-14,2009,12,137000,3879.4016
2009-12-15,2009,12,148000,4190.8864
2009-12-16,2009,12,133000,3766.1344
2009-12-17,2009,12,124000,3511.2832
2009-12-18,2009,12,131000,3709.5008
2009-12-19,2009,12,110000,3114.848
2009-12-20,2009,12,108000,3058.2144
2009-12-21,2009,12,106000,3001.5808
2009-12-22,2009,12,104000,2944.9472
2009-12-23,2009,12,123000,3482.9664
2009-12-24,2009,12,146000,4134.2528
2009-12-25,2009,12,137000,3879.4016
2009-12-26,2009,12,139000,3936.0352
2009-12-27,2009,12,128000,3624.5504
2009-12-28,2009,12,150000,4247.52
2009-12-29,2009,12,144000,4077.6192
2009-12-30,2009,12,142000,4020.9856
2009-12-31,2009,12,134000,3794.4512
2010-01-01,2010,1,110000,3114.848
2010-01-02,2010,1,97600,2763.71968
2010-01-03,2010,1,107000,3029.8976
2010-01-04,2010,1,121000,3426.3328
2010-01-05,2010,1,125000,3539.6
2010-01-06,2010,1,136000,3851.0848
2010-01-07,2010,1,157000,4445.7376
2010-01-08,2010,1,142000,4020.9856
2010-01-09,2010,1,141000,3992.6688
2010-01-10,2010,1,112000,3171.4816
2010-01-11,2010,1,120000,3398.016
2010-01-12,2010,1,127000,3596.2336
2010-01-13,2010,1,124000,3511.2832
2010-01-14,2010,1,132000,3737.8176
2010-01-15,2010,1,104000,2944.9472
2010-01-16,2010,1,115000,3256.432
2010-01-17,2010,1,115000,3256.432
2010-01-18,2010,1,103000,2916.6304
2010-01-19,2010,1,105000,2973.264
2010-01-20,2010,1,115000,3256.432
2010-01-21,2010,1,113000,3199.7984
2010-01-22,2010,1,107000,3029.8976
2010-01-23,2010,1,109000,3086.5312
2010-01-24,2010,1,124000,3511.2832
2010-01-25,2010,1,135000,3822.768
2010-01-26,2010,1,121000,3426.3328
2010-01-27,2010,1,116000,3284.7488
2010-01-28,2010,1,126000,3567.9168
2010-01-29,2010,1,119000,3369.6992
2010-01-30,2010,1,118000,3341.3824
2010-01-31,2010,1,109000,3086.5312
2010-02-01,2010,2,122000,3454.6496
2010-02-02,2010,2,113000,3199.7984
2010-02-03,2010,2,117000,3313.0656
2010-02-04,2010,2,115000,3256.432
2010-02-05,2010,2,118000,3341.3824
2010-02-06,2010,2,118000,3341.3824
2010-02-07,2010,2,114000,3228.1152
2010-02-08,2010,2,133000,3766.1344
2010-02-09,2010,2,124000,3511.2832
2010-02-10,2010,2,123000,3482.9664
2010-02-11,2010,2,122000,3454.6496
2010-02-12,2010,2,115000,3256.432
2010-02-13,2010,2,121000,3426.3328
2010-02-14,2010,2,115000,3256.432
2010-02-15,2010,2,110000,3114.848
2010-02-16,2010,2,113000,3199.7984
2010-02-17,2010,2,121000,3426.3328
2010-02-18,2010,2,125000,3539.6
2010-02-19,2010,2,125000,3539.6
2010-02-20,2010,2,122000,3454.6496
2010-02-21,2010,2,123000,3482.9664
2010-02-22,2010,2,132000,3737.8176
2010-02-23,2010,2,133000,3766.1344
2010-02-24,2010,2,116000,3284.7488
2010-02-25,2010,2,113000,3199.7984
2010-02-26,2010,2,116000,3284.7488
2010-02-27,2010,2,103000,2916.6304
2010-02-28,2010,2,108000,3058.2144
2010-03-01,2010,3,109000,3086.5312
2010-03-02,2010,3,106000,3001.5808
2010-03-03,2010,3,111000,3143.1648
2010-03-04,2010,3,103000,2916.6304
2010-03-05,2010,3,118000,3341.3824
2010-03-06,2010,3,112000,3171.4816
2010-03-07,2010,3,117000,3313.0656
2010-03-08,2010,3,118000,3341.3824
2010-03-09,2010,3,135000,3822.768
2010-03-10,2010,3,124000,3511.2832
2010-03-11,2010,3,123000,3482.9664
2010-03-12,2010,3,106000,3001.5808
2010-03-13,2010,3,101000,2859.9968
2010-03-14,2010,3,122000,3454.6496
2010-03-15,2010,3,123000,3482.9664
2010-03-16,2010,3,109000,3086.5312
2010-03-17,2010,3,102000,2888.3136
2010-03-18,2010,3,112000,3171.4816
2010-03-19,2010,3,115000,3256.432
2010-03-20,2010,3,113000,3199.7984
2010-03-21,2010,3,95000,2690.096
2010-03-22,2010,3,97200,2752.39296
2010-03-23,2010,3,112000,3171.4816
2010-03-24,2010,3,105000,2973.264
2010-03-25,2010,3,112000,3171.4816
2010-03-26,2010,3,87300,2472.05664
2010-03-27,2010,3,109000,3086.5312
2010-03-28,2010,3,112000,3171.4816
2010-03-29,2010,3,117000,3313.0656
2010-03-30,2010,3,125000,3539.6
2010-03-31,2010,3,125000,3539.6
2010-04-01,2010,4,107000,3029.8976
2010-04-02,2010,4,105000,2973.264
2010-04-03,2010,4,119000,3369.6992
2010-04-04,2010,4,118000,3341.3824
2010-04-05,2010,4,117000,3313.0656
2010-04-06,2010,4,97800,2769.38304
2010-04-07,2010,4,111000,3143.1648
2010-04-08,2010,4,81500,2307.8192
2010-04-09,2010,4,95300,2698.59104
2010-04-10,2010,4,118000,3341.3824
2010-04-11,2010,4,110000,3114.848
2010-04-12,2010,4,111000,3143.1648
2010-04-13,2010,4,106000,3001.5808
2010-04-14,2010,4,108000,3058.2144
2010-04-15,2010,4,106000,3001.5808
2010-04-16,2010,4,111000,3143.1648
2010-04-17,2010,4,109000,3086.5312
2010-04-18,2010,4,108000,3058.2144
2010-04-19,2010,4,121000,3426.3328
2010-04-20,2010,4,143000,4049.3024
2010-04-21,2010,4,158000,4474.0544
2010-04-22,2010,4,178000,5040.3904
2010-04-23,2010,4,212000,6003.1616
2010-04-24,2010,4,181000,5125.3408
2010-04-25,2010,4,2e+05,5663.36
2010-04-26,2010,4,187000,5295.2416
2010-04-27,2010,4,188000,5323.5584
2010-04-28,2010,4,167000,4728.9056
2010-04-29,2010,4,173000,4898.8064
2010-04-30,2010,4,169000,4785.5392
2010-05-01,2010,5,185000,5238.608
2010-05-02,2010,5,182000,5153.6576
2010-05-03,2010,5,185000,5238.608
2010-05-04,2010,5,194000,5493.4592
2010-05-05,2010,5,197000,5578.4096
2010-05-06,2010,5,167000,4728.9056
2010-05-07,2010,5,201000,5691.6768
2010-05-08,2010,5,172000,4870.4896
2010-05-09,2010,5,180000,5097.024
2010-05-10,2010,5,185000,5238.608
2010-05-11,2010,5,157000,4445.7376
2010-05-12,2010,5,205000,5804.944
2010-05-13,2010,5,215000,6088.112
2010-05-14,2010,5,195000,5521.776
2010-05-15,2010,5,178000,5040.3904
2010-05-16,2010,5,188000,5323.5584
2010-05-17,2010,5,213000,6031.4784
2010-05-18,2010,5,203000,5748.3104
2010-05-19,2010,5,250000,7079.2
2010-05-20,2010,5,228000,6456.2304
2010-05-21,2010,5,284000,8041.9712
2010-05-22,2010,5,244000,6909.2992
2010-05-23,2010,5,226000,6399.5968
2010-05-24,2010,5,255000,7220.784
2010-05-25,2010,5,233000,6597.8144
2010-05-26,2010,5,212000,6003.1616
2010-05-27,2010,5,225000,6371.28
2010-05-28,2010,5,188000,5323.5584
2010-05-29,2010,5,170000,4813.856
2010-05-30,2010,5,234000,6626.1312
2010-05-31,2010,5,203000,5748.3104
2010-06-01,2010,6,216000,6116.4288
2010-06-02,2010,6,231000,6541.1808
2010-06-03,2010,6,299000,8466.7232
2010-06-04,2010,6,320000,9061.376
2010-06-05,2010,6,342000,9684.3456
2010-06-06,2010,6,357000,10109.0976
2010-06-07,2010,6,366000,10363.9488
2010-06-08,2010,6,371000,10505.5328
2010-06-09,2010,6,395000,11185.136
2010-06-10,2010,6,398000,11270.0864
2010-06-11,2010,6,419000,11864.7392
2010-06-12,2010,6,409000,11581.5712
2010-06-13,2010,6,341000,9656.0288
2010-06-14,2010,6,317000,8976.4256
2010-06-15,2010,6,332000,9401.1776
2010-06-16,2010,6,361000,10222.3648
2010-06-17,2010,6,362000,10250.6816
2010-06-18,2010,6,369000,10448.8992
2010-06-19,2010,6,326000,9231.2768
2010-06-20,2010,6,293000,8296.8224
2010-06-21,2010,6,309000,8749.8912
2010-06-22,2010,6,365000,10335.632
2010-06-23,2010,6,357000,10109.0976
2010-06-24,2010,6,350000,9910.88
2010-06-25,2010,6,330000,9344.544
2010-06-26,2010,6,335000,9486.128
2010-06-27,2010,6,331000,9372.8608
2010-06-28,2010,6,312000,8834.8416
2010-06-29,2010,6,312000,8834.8416
2010-06-30,2010,6,335000,9486.128
2010-07-01,2010,7,272000,7702.1696
2010-07-02,2010,7,260000,7362.368
2010-07-03,2010,7,250000,7079.2
2010-07-04,2010,7,207000,5861.5776
2010-07-05,2010,7,226000,6399.5968
2010-07-06,2010,7,206000,5833.2608
2010-07-07,2010,7,216000,6116.4288
2010-07-08,2010,7,210000,5946.528
2010-07-09,2010,7,215000,6088.112
2010-07-10,2010,7,197000,5578.4096
2010-07-11,2010,7,225000,6371.28
2010-07-12,2010,7,179000,5068.7072
2010-07-13,2010,7,215000,6088.112
2010-07-14,2010,7,181000,5125.3408
2010-07-15,2010,7,184000,5210.2912
2010-07-16,2010,7,189000,5351.8752
2010-07-17,2010,7,180000,5097.024
2010-07-18,2010,7,162000,4587.3216
2010-07-19,2010,7,2e+05,5663.36
2010-07-20,2010,7,158000,4474.0544
2010-07-21,2010,7,153000,4332.4704
2010-07-22,2010,7,148000,4190.8864
2010-07-23,2010,7,180000,5097.024
2010-07-24,2010,7,175000,4955.44
2010-07-25,2010,7,147000,4162.5696
2010-07-26,2010,7,143000,4049.3024
2010-07-27,2010,7,133000,3766.1344
2010-07-28,2010,7,174000,4927.1232
2010-07-29,2010,7,166000,4700.5888
2010-07-30,2010,7,150000,4247.52
2010-07-31,2010,7,134000,3794.4512
2010-08-01,2010,8,127000,3596.2336
2010-08-02,2010,8,121000,3426.3328
2010-08-03,2010,8,129000,3652.8672
2010-08-04,2010,8,163000,4615.6384
2010-08-05,2010,8,155000,4389.104
2010-08-06,2010,8,132000,3737.8176
2010-08-07,2010,8,130000,3681.184
2010-08-08,2010,8,130000,3681.184
2010-08-09,2010,8,126000,3567.9168
2010-08-10,2010,8,124000,3511.2832
2010-08-11,2010,8,145000,4105.936
2010-08-12,2010,8,133000,3766.1344
2010-08-13,2010,8,134000,3794.4512
2010-08-14,2010,8,135000,3822.768
2010-08-15,2010,8,114000,3228.1152
2010-08-16,2010,8,134000,3794.4512
2010-08-17,2010,8,133000,3766.1344
2010-08-18,2010,8,133000,3766.1344
2010-08-19,2010,8,135000,3822.768
2010-08-20,2010,8,123000,3482.9664
2010-08-21,2010,8,114000,3228.1152
2010-08-22,2010,8,113000,3199.7984
2010-08-23,2010,8,122000,3454.6496
2010-08-24,2010,8,124000,3511.2832
2010-08-25,2010,8,125000,3539.6
2010-08-26,2010,8,111000,3143.1648
2010-08-27,2010,8,116000,3284.7488
2010-08-28,2010,8,107000,3029.8976
2010-08-29,2010,8,106000,3001.5808
2010-08-30,2010,8,101000,2859.9968
2010-08-31,2010,8,98500,2789.2048
2010-09-01,2010,9,87200,2469.22496
2010-09-02,2010,9,110000,3114.848
2010-09-03,2010,9,89200,2525.85856
2010-09-04,2010,9,67000,1897.2256
2010-09-05,2010,9,66600,1885.89888
2010-09-06,2010,9,70900,2007.66112
2010-09-07,2010,9,96000,2718.4128
2010-09-08,2010,9,1e+05,2831.68
2010-09-09,2010,9,89500,2534.3536
2010-09-10,2010,9,74000,2095.4432
2010-09-11,2010,9,72100,2041.64128
2010-09-12,2010,9,72000,2038.8096
2010-09-13,2010,9,84000,2378.6112
2010-09-14,2010,9,94600,2678.76928
2010-09-15,2010,9,103000,2916.6304
2010-09-16,2010,9,96600,2735.40288
2010-09-17,2010,9,103000,2916.6304
2010-09-18,2010,9,78800,2231.36384
2010-09-19,2010,9,71600,2027.48288
2010-09-20,2010,9,66500,1883.0672
2010-09-21,2010,9,97900,2772.21472
2010-09-22,2010,9,95900,2715.58112
2010-09-23,2010,9,85700,2426.74976
2010-09-24,2010,9,81200,2299.32416
2010-09-25,2010,9,89700,2540.01696
2010-09-26,2010,9,79900,2262.51232
2010-09-27,2010,9,101000,2859.9968
2010-09-28,2010,9,101000,2859.9968
2010-09-29,2010,9,107000,3029.8976
2010-09-30,2010,9,109000,3086.5312
2010-10-01,2010,10,101000,2859.9968
2010-10-02,2010,10,97500,2760.888
2010-10-03,2010,10,78600,2225.70048
2010-10-04,2010,10,82700,2341.79936
2010-10-05,2010,10,116000,3284.7488
2010-10-06,2010,10,126000,3567.9168
2010-10-07,2010,10,114000,3228.1152
2010-10-08,2010,10,111000,3143.1648
2010-10-09,2010,10,118000,3341.3824
2010-10-10,2010,10,104000,2944.9472
2010-10-11,2010,10,96600,2735.40288
2010-10-12,2010,10,120000,3398.016
2010-10-13,2010,10,134000,3794.4512
2010-10-14,2010,10,140000,3964.352
2010-10-15,2010,10,108000,3058.2144
2010-10-16,2010,10,114000,3228.1152
2010-10-17,2010,10,1e+05,2831.68
2010-10-18,2010,10,118000,3341.3824
2010-10-19,2010,10,113000,3199.7984
2010-10-20,2010,10,115000,3256.432
2010-10-21,2010,10,87200,2469.22496
2010-10-22,2010,10,86500,2449.4032
2010-10-23,2010,10,81400,2304.98752
2010-10-24,2010,10,76300,2160.57184
2010-10-25,2010,10,79100,2239.85888
2010-10-26,2010,10,96600,2735.40288
2010-10-27,2010,10,1e+05,2831.68
2010-10-28,2010,10,114000,3228.1152
2010-10-29,2010,10,101000,2859.9968
2010-10-30,2010,10,106000,3001.5808
2010-10-31,2010,10,86700,2455.06656
2010-11-01,2010,11,137000,3879.4016
2010-11-02,2010,11,113000,3199.7984
2010-11-03,2010,11,123000,3482.9664
2010-11-04,2010,11,128000,3624.5504
2010-11-05,2010,11,119000,3369.6992
2010-11-06,2010,11,118000,3341.3824
2010-11-07,2010,11,99900,2828.84832
2010-11-08,2010,11,119000,3369.6992
2010-11-09,2010,11,123000,3482.9664
2010-11-10,2010,11,115000,3256.432
2010-11-11,2010,11,122000,3454.6496
2010-11-12,2010,11,113000,3199.7984
2010-11-13,2010,11,124000,3511.2832
2010-11-14,2010,11,124000,3511.2832
2010-11-15,2010,11,123000,3482.9664
2010-11-16,2010,11,115000,3256.432
2010-11-17,2010,11,125000,3539.6
2010-11-18,2010,11,124000,3511.2832
2010-11-19,2010,11,119000,3369.6992
2010-11-20,2010,11,124000,3511.2832
2010-11-21,2010,11,116000,3284.7488
2010-11-22,2010,11,142000,4020.9856
2010-11-23,2010,11,143000,4049.3024
2010-11-24,2010,11,162000,4587.3216
2010-11-25,2010,11,144000,4077.6192
2010-11-26,2010,11,124000,3511.2832
2010-11-27,2010,11,122000,3454.6496
2010-11-28,2010,11,124000,3511.2832
2010-11-29,2010,11,153000,4332.4704
2010-11-30,2010,11,152000,4304.1536
2010-12-01,2010,12,143000,4049.3024
2010-12-02,2010,12,137000,3879.4016
2010-12-03,2010,12,130000,3681.184
2010-12-04,2010,12,147000,4162.5696
2010-12-05,2010,12,129000,3652.8672
2010-12-06,2010,12,143000,4049.3024
2010-12-07,2010,12,138000,3907.7184
2010-12-08,2010,12,140000,3964.352
2010-12-09,2010,12,140000,3964.352
2010-12-10,2010,12,121000,3426.3328
2010-12-11,2010,12,150000,4247.52
2010-12-12,2010,12,96300,2726.90784
2010-12-13,2010,12,122000,3454.6496
2010-12-14,2010,12,143000,4049.3024
2010-12-15,2010,12,172000,4870.4896
2010-12-16,2010,12,150000,4247.52
2010-12-17,2010,12,126000,3567.9168
2010-12-18,2010,12,152000,4304.1536
2010-12-19,2010,12,143000,4049.3024
2010-12-20,2010,12,132000,3737.8176
2010-12-21,2010,12,141000,3992.6688
2010-12-22,2010,12,157000,4445.7376
2010-12-23,2010,12,127000,3596.2336
2010-12-24,2010,12,140000,3964.352
2010-12-25,2010,12,121000,3426.3328
2010-12-26,2010,12,121000,3426.3328
2010-12-27,2010,12,138000,3907.7184
2010-12-28,2010,12,140000,3964.352
2010-12-29,2010,12,161000,4559.0048
2010-12-30,2010,12,175000,4955.44
2010-12-31,2010,12,190000,5380.192
2011-01-01,2011,1,168000,4757.2224
2011-01-02,2011,1,153000,4332.4704
2011-01-03,2011,1,192000,5436.8256
2011-01-04,2011,1,190000,5380.192
2011-01-05,2011,1,148000,4190.8864
2011-01-06,2011,1,143000,4049.3024
2011-01-07,2011,1,138000,3907.7184
2011-01-08,2011,1,136000,3851.0848
2011-01-09,2011,1,143000,4049.3024
2011-01-10,2011,1,162000,4587.3216
2011-01-11,2011,1,175000,4955.44
2011-01-12,2011,1,197000,5578.4096
2011-01-13,2011,1,154000,4360.7872
2011-01-14,2011,1,174000,4927.1232
2011-01-15,2011,1,164000,4643.9552
2011-01-16,2011,1,133000,3766.1344
2011-01-17,2011,1,192000,5436.8256
2011-01-18,2011,1,248000,7022.5664
2011-01-19,2011,1,279000,7900.3872
2011-01-20,2011,1,254000,7192.4672
2011-01-21,2011,1,237000,6711.0816
2011-01-22,2011,1,248000,7022.5664
2011-01-23,2011,1,275000,7787.12
2011-01-24,2011,1,278000,7872.0704
2011-01-25,2011,1,269000,7617.2192
2011-01-26,2011,1,245000,6937.616
2011-01-27,2011,1,271000,7673.8528
2011-01-28,2011,1,270000,7645.536
2011-01-29,2011,1,239000,6767.7152
2011-01-30,2011,1,204000,5776.6272
2011-01-31,2011,1,252000,7135.8336
2011-02-01,2011,2,247000,6994.2496
2011-02-02,2011,2,224000,6342.9632
2011-02-03,2011,2,213000,6031.4784
2011-02-04,2011,2,216000,6116.4288
2011-02-05,2011,2,176000,4983.7568
2011-02-06,2011,2,164000,4643.9552
2011-02-07,2011,2,166000,4700.5888
2011-02-08,2011,2,227000,6427.9136
2011-02-09,2011,2,232000,6569.4976
2011-02-10,2011,2,233000,6597.8144
2011-02-11,2011,2,234000,6626.1312
2011-02-12,2011,2,229000,6484.5472
2011-02-13,2011,2,192000,5436.8256
2011-02-14,2011,2,218000,6173.0624
2011-02-15,2011,2,239000,6767.7152
2011-02-16,2011,2,230000,6512.864
2011-02-17,2011,2,235000,6654.448
2011-02-18,2011,2,230000,6512.864
2011-02-19,2011,2,226000,6399.5968
2011-02-20,2011,2,214000,6059.7952
2011-02-21,2011,2,208000,5889.8944
2011-02-22,2011,2,195000,5521.776
2011-02-23,2011,2,229000,6484.5472
2011-02-24,2011,2,207000,5861.5776
2011-02-25,2011,2,210000,5946.528
2011-02-26,2011,2,198000,5606.7264
2011-02-27,2011,2,210000,5946.528
2011-02-28,2011,2,226000,6399.5968
2011-03-01,2011,3,239000,6767.7152
2011-03-02,2011,3,230000,6512.864
2011-03-03,2011,3,222000,6286.3296
2011-03-04,2011,3,234000,6626.1312
2011-03-05,2011,3,202000,5719.9936
2011-03-06,2011,3,201000,5691.6768
2011-03-07,2011,3,225000,6371.28
2011-03-08,2011,3,209000,5918.2112
2011-03-09,2011,3,239000,6767.7152
2011-03-10,2011,3,219000,6201.3792
2011-03-11,2011,3,221000,6258.0128
2011-03-12,2011,3,245000,6937.616
2011-03-13,2011,3,201000,5691.6768
2011-03-14,2011,3,237000,6711.0816
2011-03-15,2011,3,228000,6456.2304
2011-03-16,2011,3,197000,5578.4096
2011-03-17,2011,3,238000,6739.3984
2011-03-18,2011,3,246000,6965.9328
2011-03-19,2011,3,235000,6654.448
2011-03-20,2011,3,215000,6088.112
2011-03-21,2011,3,190000,5380.192
2011-03-22,2011,3,212000,6003.1616
2011-03-23,2011,3,257000,7277.4176
2011-03-24,2011,3,247000,6994.2496
2011-03-25,2011,3,245000,6937.616
2011-03-26,2011,3,230000,6512.864
2011-03-27,2011,3,262000,7419.0016
2011-03-28,2011,3,225000,6371.28
2011-03-29,2011,3,241000,6824.3488
2011-03-30,2011,3,243000,6880.9824
2011-03-31,2011,3,260000,7362.368
2011-04-01,2011,4,313000,8863.1584
2011-04-02,2011,4,340000,9627.712
2011-04-03,2011,4,378000,10703.7504
2011-04-04,2011,4,377000,10675.4336
2011-04-05,2011,4,4e+05,11326.72
2011-04-06,2011,4,367000,10392.2656
2011-04-07,2011,4,327000,9259.5936
2011-04-08,2011,4,303000,8579.9904
2011-04-09,2011,4,336000,9514.4448
2011-04-10,2011,4,341000,9656.0288
2011-04-11,2011,4,310000,8778.208
2011-04-12,2011,4,325000,9202.96
2011-04-13,2011,4,303000,8579.9904
2011-04-14,2011,4,283000,8013.6544
2011-04-15,2011,4,299000,8466.7232
2011-04-16,2011,4,221000,6258.0128
2011-04-17,2011,4,261000,7390.6848
2011-04-18,2011,4,286000,8098.6048
2011-04-19,2011,4,269000,7617.2192
2011-04-20,2011,4,292000,8268.5056
2011-04-21,2011,4,289000,8183.5552
2011-04-22,2011,4,306000,8664.9408
2011-04-23,2011,4,280000,7928.704
2011-04-24,2011,4,263000,7447.3184
2011-04-25,2011,4,274000,7758.8032
2011-04-26,2011,4,255000,7220.784
2011-04-27,2011,4,281000,7957.0208
2011-04-28,2011,4,281000,7957.0208
2011-04-29,2011,4,246000,6965.9328
2011-04-30,2011,4,235000,6654.448
2011-05-01,2011,5,280000,7928.704
2011-05-02,2011,5,261000,7390.6848
2011-05-03,2011,5,265000,7503.952
2011-05-04,2011,5,273000,7730.4864
2011-05-05,2011,5,249000,7050.8832
2011-05-06,2011,5,268000,7588.9024
2011-05-07,2011,5,248000,7022.5664
2011-05-08,2011,5,257000,7277.4176
2011-05-09,2011,5,286000,8098.6048
2011-05-10,2011,5,308000,8721.5744
2011-05-11,2011,5,270000,7645.536
2011-05-12,2011,5,290000,8211.872
2011-05-13,2011,5,362000,10250.6816
2011-05-14,2011,5,361000,10222.3648
2011-05-15,2011,5,392000,11100.1856
2011-05-16,2011,5,448000,12685.9264
2011-05-17,2011,5,471000,13337.2128
2011-05-18,2011,5,470000,13308.896
2011-05-19,2011,5,476000,13478.7968
2011-05-20,2011,5,482000,13648.6976
2011-05-21,2011,5,484000,13705.3312
2011-05-22,2011,5,481000,13620.3808
2011-05-23,2011,5,496000,14045.1328
2011-05-24,2011,5,509000,14413.2512
2011-05-25,2011,5,505000,14299.984
2011-05-26,2011,5,489000,13846.9152
2011-05-27,2011,5,512000,14498.2016
2011-05-28,2011,5,515000,14583.152
2011-05-29,2011,5,517000,14639.7856
2011-05-30,2011,5,524000,14838.0032
2011-05-31,2011,5,519000,14696.4192
2011-06-01,2011,6,509000,14413.2512
2011-06-02,2011,6,503000,14243.3504
2011-06-03,2011,6,509000,14413.2512
2011-06-04,2011,6,529000,14979.5872
2011-06-05,2011,6,524000,14838.0032
2011-06-06,2011,6,513000,14526.5184
2011-06-07,2011,6,506000,14328.3008
2011-06-08,2011,6,516000,14611.4688
2011-06-09,2011,6,529000,14979.5872
2011-06-10,2011,6,523000,14809.6864
2011-06-11,2011,6,510000,14441.568
2011-06-12,2011,6,508000,14384.9344
2011-06-13,2011,6,504000,14271.6672
2011-06-14,2011,6,504000,14271.6672
2011-06-15,2011,6,498000,14101.7664
2011-06-16,2011,6,523000,14809.6864
2011-06-17,2011,6,517000,14639.7856
2011-06-18,2011,6,488000,13818.5984
2011-06-19,2011,6,469000,13280.5792
2011-06-20,2011,6,451000,12770.8768
2011-06-21,2011,6,460000,13025.728
2011-06-22,2011,6,465000,13167.312
2011-06-23,2011,6,460000,13025.728
2011-06-24,2011,6,505000,14299.984
2011-06-25,2011,6,484000,13705.3312
2011-06-26,2011,6,453000,12827.5104
2011-06-27,2011,6,421000,11921.3728
2011-06-28,2011,6,422000,11949.6896
2011-06-29,2011,6,405000,11468.304
2011-06-30,2011,6,414000,11723.1552
2011-07-01,2011,7,446000,12629.2928
2011-07-02,2011,7,458000,12969.0944
2011-07-03,2011,7,432000,12232.8576
2011-07-04,2011,7,438000,12402.7584
2011-07-05,2011,7,385000,10901.968
2011-07-06,2011,7,395000,11185.136
2011-07-07,2011,7,410000,11609.888
2011-07-08,2011,7,402000,11383.3536
2011-07-09,2011,7,403000,11411.6704
2011-07-10,2011,7,391000,11071.8688
2011-07-11,2011,7,366000,10363.9488
2011-07-12,2011,7,327000,9259.5936
2011-07-13,2011,7,318000,9004.7424
2011-07-14,2011,7,344000,9740.9792
2011-07-15,2011,7,355000,10052.464
2011-07-16,2011,7,311000,8806.5248
2011-07-17,2011,7,286000,8098.6048
2011-07-18,2011,7,314000,8891.4752
2011-07-19,2011,7,301000,8523.3568
2011-07-20,2011,7,305000,8636.624
2011-07-21,2011,7,282000,7985.3376
2011-07-22,2011,7,280000,7928.704
2011-07-23,2011,7,274000,7758.8032
2011-07-24,2011,7,269000,7617.2192
2011-07-25,2011,7,264000,7475.6352
2011-07-26,2011,7,258000,7305.7344
2011-07-27,2011,7,246000,6965.9328
2011-07-28,2011,7,257000,7277.4176
2011-07-29,2011,7,230000,6512.864
2011-07-30,2011,7,221000,6258.0128
2011-07-31,2011,7,244000,6909.2992
2011-08-01,2011,8,242000,6852.6656
2011-08-02,2011,8,211000,5974.8448
2011-08-03,2011,8,215000,6088.112
2011-08-04,2011,8,223000,6314.6464
2011-08-05,2011,8,212000,6003.1616
2011-08-06,2011,8,189000,5351.8752
2011-08-07,2011,8,2e+05,5663.36
2011-08-08,2011,8,217000,6144.7456
2011-08-09,2011,8,205000,5804.944
2011-08-10,2011,8,213000,6031.4784
2011-08-11,2011,8,216000,6116.4288
2011-08-12,2011,8,220000,6229.696
2011-08-13,2011,8,179000,5068.7072
2011-08-14,2011,8,166000,4700.5888
2011-08-15,2011,8,208000,5889.8944
2011-08-16,2011,8,208000,5889.8944
2011-08-17,2011,8,212000,6003.1616
2011-08-18,2011,8,209000,5918.2112
2011-08-19,2011,8,214000,6059.7952
2011-08-20,2011,8,196000,5550.0928
2011-08-21,2011,8,177000,5012.0736
2011-08-22,2011,8,180000,5097.024
2011-08-23,2011,8,191000,5408.5088
2011-08-24,2011,8,209000,5918.2112
2011-08-25,2011,8,215000,6088.112
2011-08-26,2011,8,186000,5266.9248
2011-08-27,2011,8,187000,5295.2416
2011-08-28,2011,8,166000,4700.5888
2011-08-29,2011,8,163000,4615.6384
2011-08-30,2011,8,157000,4445.7376
2011-08-31,2011,8,182000,5153.6576
2011-09-01,2011,9,157000,4445.7376
2011-09-02,2011,9,133000,3766.1344
2011-09-03,2011,9,113000,3199.7984
2011-09-04,2011,9,107000,3029.8976
2011-09-05,2011,9,125000,3539.6
2011-09-06,2011,9,128000,3624.5504
2011-09-07,2011,9,132000,3737.8176
2011-09-08,2011,9,134000,3794.4512
2011-09-09,2011,9,150000,4247.52
2011-09-10,2011,9,133000,3766.1344
2011-09-11,2011,9,120000,3398.016
2011-09-12,2011,9,137000,3879.4016
2011-09-13,2011,9,118000,3341.3824
2011-09-14,2011,9,112000,3171.4816
2011-09-15,2011,9,118000,3341.3824
2011-09-16,2011,9,126000,3567.9168
2011-09-17,2011,9,121000,3426.3328
2011-09-18,2011,9,114000,3228.1152
2011-09-19,2011,9,110000,3114.848
2011-09-20,2011,9,135000,3822.768
2011-09-21,2011,9,134000,3794.4512
2011-09-22,2011,9,115000,3256.432
2011-09-23,2011,9,113000,3199.7984
2011-09-24,2011,9,1e+05,2831.68
2011-09-25,2011,9,104000,2944.9472
2011-09-26,2011,9,127000,3596.2336
2011-09-27,2011,9,120000,3398.016
2011-09-28,2011,9,122000,3454.6496
2011-09-29,2011,9,115000,3256.432
2011-09-30,2011,9,117000,3313.0656
2011-10-01,2011,10,84100,2381.44288
2011-10-02,2011,10,85400,2418.25472
2011-10-03,2011,10,99700,2823.18496
2011-10-04,2011,10,110000,3114.848
2011-10-05,2011,10,120000,3398.016
2011-10-06,2011,10,127000,3596.2336
2011-10-07,2011,10,104000,2944.9472
2011-10-08,2011,10,103000,2916.6304
2011-10-09,2011,10,105000,2973.264
2011-10-10,2011,10,144000,4077.6192
2011-10-11,2011,10,125000,3539.6
2011-10-12,2011,10,110000,3114.848
2011-10-13,2011,10,123000,3482.9664
2011-10-14,2011,10,144000,4077.6192
2011-10-15,2011,10,149000,4219.2032
2011-10-16,2011,10,138000,3907.7184
2011-10-17,2011,10,135000,3822.768
2011-10-18,2011,10,133000,3766.1344
2011-10-19,2011,10,114000,3228.1152
2011-10-20,2011,10,123000,3482.9664
2011-10-21,2011,10,127000,3596.2336
2011-10-22,2011,10,126000,3567.9168
2011-10-23,2011,10,96300,2726.90784
2011-10-24,2011,10,119000,3369.6992
2011-10-25,2011,10,130000,3681.184
2011-10-26,2011,10,119000,3369.6992
2011-10-27,2011,10,143000,4049.3024
2011-10-28,2011,10,140000,3964.352
2011-10-29,2011,10,133000,3766.1344
2011-10-30,2011,10,105000,2973.264
2011-10-31,2011,10,105000,2973.264
2011-11-01,2011,11,146000,4134.2528
2011-11-02,2011,11,144000,4077.6192
2011-11-03,2011,11,135000,3822.768
2011-11-04,2011,11,129000,3652.8672
2011-11-05,2011,11,129000,3652.8672
2011-11-06,2011,11,131000,3709.5008
2011-11-07,2011,11,129000,3652.8672
2011-11-08,2011,11,144000,4077.6192
2011-11-09,2011,11,126000,3567.9168
2011-11-10,2011,11,125000,3539.6
2011-11-11,2011,11,138000,3907.7184
2011-11-12,2011,11,119000,3369.6992
2011-11-13,2011,11,120000,3398.016
2011-11-14,2011,11,139000,3936.0352
2011-11-15,2011,11,130000,3681.184
2011-11-16,2011,11,153000,4332.4704
2011-11-17,2011,11,145000,4105.936
2011-11-18,2011,11,137000,3879.4016
2011-11-19,2011,11,135000,3822.768
2011-11-20,2011,11,154000,4360.7872
2011-11-21,2011,11,143000,4049.3024
2011-11-22,2011,11,138000,3907.7184
2011-11-23,2011,11,129000,3652.8672
2011-11-24,2011,11,127000,3596.2336
2011-11-25,2011,11,125000,3539.6
2011-11-26,2011,11,129000,3652.8672
2011-11-27,2011,11,120000,3398.016
2011-11-28,2011,11,134000,3794.4512
2011-11-29,2011,11,134000,3794.4512
2011-11-30,2011,11,140000,3964.352
2011-12-01,2011,12,140000,3964.352
2011-12-02,2011,12,135000,3822.768
2011-12-03,2011,12,136000,3851.0848
2011-12-04,2011,12,140000,3964.352
2011-12-05,2011,12,147000,4162.5696
2011-12-06,2011,12,149000,4219.2032
2011-12-07,2011,12,153000,4332.4704
2011-12-08,2011,12,145000,4105.936
2011-12-09,2011,12,153000,4332.4704
2011-12-10,2011,12,156000,4417.4208
2011-12-11,2011,12,139000,3936.0352
2011-12-12,2011,12,154000,4360.7872
2011-12-13,2011,12,143000,4049.3024
2011-12-14,2011,12,158000,4474.0544
2011-12-15,2011,12,144000,4077.6192
2011-12-16,2011,12,130000,3681.184
2011-12-17,2011,12,147000,4162.5696
2011-12-18,2011,12,124000,3511.2832
2011-12-19,2011,12,135000,3822.768
2011-12-20,2011,12,145000,4105.936
2011-12-21,2011,12,134000,3794.4512
2011-12-22,2011,12,141000,3992.6688
2011-12-23,2011,12,135000,3822.768
2011-12-24,2011,12,136000,3851.0848
2011-12-25,2011,12,129000,3652.8672
2011-12-26,2011,12,143000,4049.3024
2011-12-27,2011,12,151000,4275.8368
2011-12-28,2011,12,140000,3964.352
2011-12-29,2011,12,122000,3454.6496
2011-12-30,2011,12,136000,3851.0848
2011-12-31,2011,12,133000,3766.1344
2012-01-01,2012,1,162000,4587.3216
2012-01-02,2012,1,127000,3596.2336
2012-01-03,2012,1,151000,4275.8368
2012-01-04,2012,1,172000,4870.4896
2012-01-05,2012,1,136000,3851.0848
2012-01-06,2012,1,150000,4247.52
2012-01-07,2012,1,118000,3341.3824
2012-01-08,2012,1,120000,3398.016
2012-01-09,2012,1,150000,4247.52
2012-01-10,2012,1,146000,4134.2528
2012-01-11,2012,1,165000,4672.272
2012-01-12,2012,1,136000,3851.0848
2012-01-13,2012,1,151000,4275.8368
2012-01-14,2012,1,120000,3398.016
2012-01-15,2012,1,134000,3794.4512
2012-01-16,2012,1,148000,4190.8864
2012-01-17,2012,1,143000,4049.3024
2012-01-18,2012,1,174000,4927.1232
2012-01-19,2012,1,176000,4983.7568
2012-01-20,2012,1,177000,5012.0736
2012-01-21,2012,1,158000,4474.0544
2012-01-22,2012,1,133000,3766.1344
2012-01-23,2012,1,161000,4559.0048
2012-01-24,2012,1,160000,4530.688
2012-01-25,2012,1,147000,4162.5696
2012-01-26,2012,1,141000,3992.6688
2012-01-27,2012,1,164000,4643.9552
2012-01-28,2012,1,164000,4643.9552
2012-01-29,2012,1,146000,4134.2528
2012-01-30,2012,1,131000,3709.5008
2012-01-31,2012,1,143000,4049.3024
2012-02-01,2012,2,132000,3737.8176
2012-02-02,2012,2,141000,3992.6688
2012-02-03,2012,2,135000,3822.768
2012-02-04,2012,2,137000,3879.4016
2012-02-05,2012,2,133000,3766.1344
2012-02-06,2012,2,142000,4020.9856
2012-02-07,2012,2,148000,4190.8864
2012-02-08,2012,2,140000,3964.352
2012-02-09,2012,2,132000,3737.8176
2012-02-10,2012,2,137000,3879.4016
2012-02-11,2012,2,141000,3992.6688
2012-02-12,2012,2,144000,4077.6192
2012-02-13,2012,2,137000,3879.4016
2012-02-14,2012,2,144000,4077.6192
2012-02-15,2012,2,161000,4559.0048
2012-02-16,2012,2,172000,4870.4896
2012-02-17,2012,2,133000,3766.1344
2012-02-18,2012,2,124000,3511.2832
2012-02-19,2012,2,126000,3567.9168
2012-02-20,2012,2,147000,4162.5696
2012-02-21,2012,2,139000,3936.0352
2012-02-22,2012,2,132000,3737.8176
2012-02-23,2012,2,178000,5040.3904
2012-02-24,2012,2,174000,4927.1232
2012-02-25,2012,2,130000,3681.184
2012-02-26,2012,2,151000,4275.8368
2012-02-27,2012,2,179000,5068.7072
2012-02-28,2012,2,182000,5153.6576
2012-02-29,2012,2,135000,3822.768
2012-03-01,2012,3,143000,4049.3024
2012-03-02,2012,3,160000,4530.688
2012-03-03,2012,3,144000,4077.6192
2012-03-04,2012,3,155000,4389.104
2012-03-05,2012,3,147000,4162.5696
2012-03-06,2012,3,153000,4332.4704
2012-03-07,2012,3,178000,5040.3904
2012-03-08,2012,3,179000,5068.7072
2012-03-09,2012,3,167000,4728.9056
2012-03-10,2012,3,158000,4474.0544
2012-03-11,2012,3,147000,4162.5696
2012-03-12,2012,3,182000,5153.6576
2012-03-13,2012,3,198000,5606.7264
2012-03-14,2012,3,202000,5719.9936
2012-03-15,2012,3,188000,5323.5584
2012-03-16,2012,3,208000,5889.8944
2012-03-17,2012,3,206000,5833.2608
2012-03-18,2012,3,215000,6088.112
2012-03-19,2012,3,220000,6229.696
2012-03-20,2012,3,190000,5380.192
2012-03-21,2012,3,239000,6767.7152
2012-03-22,2012,3,236000,6682.7648
2012-03-23,2012,3,243000,6880.9824
2012-03-24,2012,3,251000,7107.5168
2012-03-25,2012,3,255000,7220.784
2012-03-26,2012,3,238000,6739.3984
2012-03-27,2012,3,258000,7305.7344
2012-03-28,2012,3,287000,8126.9216
2012-03-29,2012,3,303000,8579.9904
2012-03-30,2012,3,312000,8834.8416
2012-03-31,2012,3,309000,8749.8912
2012-04-01,2012,4,341000,9656.0288
2012-04-02,2012,4,334000,9457.8112
2012-04-03,2012,4,341000,9656.0288
2012-04-04,2012,4,315000,8919.792
2012-04-05,2012,4,292000,8268.5056
2012-04-06,2012,4,311000,8806.5248
2012-04-07,2012,4,326000,9231.2768
2012-04-08,2012,4,316000,8948.1088
2012-04-09,2012,4,291000,8240.1888
2012-04-10,2012,4,281000,7957.0208
2012-04-11,2012,4,307000,8693.2576
2012-04-12,2012,4,303000,8579.9904
2012-04-13,2012,4,299000,8466.7232
2012-04-14,2012,4,313000,8863.1584
2012-04-15,2012,4,305000,8636.624
2012-04-16,2012,4,291000,8240.1888
2012-04-17,2012,4,302000,8551.6736
2012-04-18,2012,4,311000,8806.5248
2012-04-19,2012,4,323000,9146.3264
2012-04-20,2012,4,324000,9174.6432
2012-04-21,2012,4,318000,9004.7424
2012-04-22,2012,4,337000,9542.7616
2012-04-23,2012,4,350000,9910.88
2012-04-24,2012,4,357000,10109.0976
2012-04-25,2012,4,411000,11638.2048
2012-04-26,2012,4,423000,11978.0064
2012-04-27,2012,4,421000,11921.3728
2012-04-28,2012,4,437000,12374.4416
2012-04-29,2012,4,405000,11468.304
2012-04-30,2012,4,376000,10647.1168
2012-05-01,2012,5,410000,11609.888
2012-05-02,2012,5,420000,11893.056
2012-05-03,2012,5,413000,11694.8384
2012-05-04,2012,5,413000,11694.8384
2012-05-05,2012,5,395000,11185.136
2012-05-06,2012,5,386000,10930.2848
2012-05-07,2012,5,368000,10420.5824
2012-05-08,2012,5,346000,9797.6128
2012-05-09,2012,5,337000,9542.7616
2012-05-10,2012,5,350000,9910.88
2012-05-11,2012,5,373000,10562.1664
2012-05-12,2012,5,351000,9939.1968
2012-05-13,2012,5,328000,9287.9104
2012-05-14,2012,5,305000,8636.624
2012-05-15,2012,5,339000,9599.3952
2012-05-16,2012,5,329000,9316.2272
2012-05-17,2012,5,349000,9882.5632
2012-05-18,2012,5,390000,11043.552
2012-05-19,2012,5,391000,11071.8688
2012-05-20,2012,5,358000,10137.4144
2012-05-21,2012,5,372000,10533.8496
2012-05-22,2012,5,363000,10278.9984
2012-05-23,2012,5,373000,10562.1664
2012-05-24,2012,5,384000,10873.6512
2012-05-25,2012,5,363000,10278.9984
2012-05-26,2012,5,356000,10080.7808
2012-05-27,2012,5,324000,9174.6432
2012-05-28,2012,5,322000,9118.0096
2012-05-29,2012,5,292000,8268.5056
2012-05-30,2012,5,320000,9061.376
2012-05-31,2012,5,283000,8013.6544
2012-06-01,2012,6,285000,8070.288
2012-06-02,2012,6,278000,7872.0704
2012-06-03,2012,6,291000,8240.1888
2012-06-04,2012,6,309000,8749.8912
2012-06-05,2012,6,301000,8523.3568
2012-06-06,2012,6,344000,9740.9792
2012-06-07,2012,6,356000,10080.7808
2012-06-08,2012,6,351000,9939.1968
2012-06-09,2012,6,354000,10024.1472
2012-06-10,2012,6,356000,10080.7808
2012-06-11,2012,6,348000,9854.2464
2012-06-12,2012,6,350000,9910.88
2012-06-13,2012,6,348000,9854.2464
2012-06-14,2012,6,341000,9656.0288
2012-06-15,2012,6,363000,10278.9984
2012-06-16,2012,6,305000,8636.624
2012-06-17,2012,6,330000,9344.544
2012-06-18,2012,6,328000,9287.9104
2012-06-19,2012,6,370000,10477.216
2012-06-20,2012,6,367000,10392.2656
2012-06-21,2012,6,367000,10392.2656
2012-06-22,2012,6,351000,9939.1968
2012-06-23,2012,6,370000,10477.216
2012-06-24,2012,6,361000,10222.3648
2012-06-25,2012,6,427000,12091.2736
2012-06-26,2012,6,398000,11270.0864
2012-06-27,2012,6,439000,12431.0752
2012-06-28,2012,6,404000,11439.9872
2012-06-29,2012,6,393000,11128.5024
2012-06-30,2012,6,4e+05,11326.72
2012-07-01,2012,7,416000,11779.7888
2012-07-02,2012,7,377000,10675.4336
2012-07-03,2012,7,360000,10194.048
2012-07-04,2012,7,349000,9882.5632
2012-07-05,2012,7,376000,10647.1168
2012-07-06,2012,7,372000,10533.8496
2012-07-07,2012,7,324000,9174.6432
2012-07-08,2012,7,324000,9174.6432
2012-07-09,2012,7,344000,9740.9792
2012-07-10,2012,7,341000,9656.0288
2012-07-11,2012,7,345000,9769.296
2012-07-12,2012,7,334000,9457.8112
2012-07-13,2012,7,343000,9712.6624
2012-07-14,2012,7,338000,9571.0784
2012-07-15,2012,7,316000,8948.1088
2012-07-16,2012,7,372000,10533.8496
2012-07-17,2012,7,342000,9684.3456
2012-07-18,2012,7,304000,8608.3072
2012-07-19,2012,7,301000,8523.3568
2012-07-20,2012,7,308000,8721.5744
2012-07-21,2012,7,343000,9712.6624
2012-07-22,2012,7,334000,9457.8112
2012-07-23,2012,7,331000,9372.8608
2012-07-24,2012,7,315000,8919.792
2012-07-25,2012,7,295000,8353.456
2012-07-26,2012,7,303000,8579.9904
2012-07-27,2012,7,288000,8155.2384
2012-07-28,2012,7,257000,7277.4176
2012-07-29,2012,7,263000,7447.3184
2012-07-30,2012,7,257000,7277.4176
2012-07-31,2012,7,274000,7758.8032
2012-08-01,2012,8,252000,7135.8336
2012-08-02,2012,8,244000,6909.2992
2012-08-03,2012,8,246000,6965.9328
2012-08-04,2012,8,233000,6597.8144
2012-08-05,2012,8,226000,6399.5968
2012-08-06,2012,8,233000,6597.8144
2012-08-07,2012,8,224000,6342.9632
2012-08-08,2012,8,216000,6116.4288
2012-08-09,2012,8,218000,6173.0624
2012-08-10,2012,8,203000,5748.3104
2012-08-11,2012,8,214000,6059.7952
2012-08-12,2012,8,230000,6512.864
2012-08-13,2012,8,222000,6286.3296
2012-08-14,2012,8,191000,5408.5088
2012-08-15,2012,8,197000,5578.4096
2012-08-16,2012,8,189000,5351.8752
2012-08-17,2012,8,203000,5748.3104
2012-08-18,2012,8,197000,5578.4096
2012-08-19,2012,8,178000,5040.3904
2012-08-20,2012,8,203000,5748.3104
2012-08-21,2012,8,181000,5125.3408
2012-08-22,2012,8,206000,5833.2608
2012-08-23,2012,8,182000,5153.6576
2012-08-24,2012,8,203000,5748.3104
2012-08-25,2012,8,191000,5408.5088
2012-08-26,2012,8,156000,4417.4208
2012-08-27,2012,8,185000,5238.608
2012-08-28,2012,8,151000,4275.8368
2012-08-29,2012,8,174000,4927.1232
2012-08-30,2012,8,167000,4728.9056
2012-08-31,2012,8,178000,5040.3904
2012-09-01,2012,9,153000,4332.4704
2012-09-02,2012,9,113000,3199.7984
2012-09-03,2012,9,1e+05,2831.68
2012-09-04,2012,9,125000,3539.6
2012-09-05,2012,9,147000,4162.5696
2012-09-06,2012,9,164000,4643.9552
2012-09-07,2012,9,124000,3511.2832
2012-09-08,2012,9,124000,3511.2832
2012-09-09,2012,9,97500,2760.888
2012-09-10,2012,9,114000,3228.1152
2012-09-11,2012,9,125000,3539.6
2012-09-12,2012,9,141000,3992.6688
2012-09-13,2012,9,109000,3086.5312
2012-09-14,2012,9,114000,3228.1152
2012-09-15,2012,9,115000,3256.432
2012-09-16,2012,9,112000,3171.4816
2012-09-17,2012,9,114000,3228.1152
2012-09-18,2012,9,126000,3567.9168
2012-09-19,2012,9,134000,3794.4512
2012-09-20,2012,9,112000,3171.4816
2012-09-21,2012,9,120000,3398.016
2012-09-22,2012,9,1e+05,2831.68
2012-09-23,2012,9,112000,3171.4816
2012-09-24,2012,9,99000,2803.3632
2012-09-25,2012,9,111000,3143.1648
2012-09-26,2012,9,111000,3143.1648
2012-09-27,2012,9,95300,2698.59104
2012-09-28,2012,9,122000,3454.6496
2012-09-29,2012,9,111000,3143.1648
2012-09-30,2012,9,95000,2690.096
2012-10-01,2012,10,83600,2367.28448
2012-10-02,2012,10,84300,2387.10624
2012-10-03,2012,10,119000,3369.6992
2012-10-04,2012,10,107000,3029.8976
2012-10-05,2012,10,81100,2296.49248
2012-10-06,2012,10,79500,2251.1856
2012-10-07,2012,10,74400,2106.76992
2012-10-08,2012,10,80100,2268.17568
2012-10-09,2012,10,107000,3029.8976
2012-10-10,2012,10,107000,3029.8976
2012-10-11,2012,10,89900,2545.68032
2012-10-12,2012,10,77500,2194.552
2012-10-13,2012,10,71800,2033.14624
2012-10-14,2012,10,65700,1860.41376
2012-10-15,2012,10,81200,2299.32416
2012-10-16,2012,10,74000,2095.4432
2012-10-17,2012,10,84000,2378.6112
2012-10-18,2012,10,85000,2406.928
2012-10-19,2012,10,79400,2248.35392
2012-10-20,2012,10,80400,2276.67072
2012-10-21,2012,10,90100,2551.34368
2012-10-22,2012,10,115000,3256.432
2012-10-23,2012,10,118000,3341.3824
2012-10-24,2012,10,116000,3284.7488
2012-10-25,2012,10,126000,3567.9168
2012-10-26,2012,10,142000,4020.9856
2012-10-27,2012,10,116000,3284.7488
2012-10-28,2012,10,108000,3058.2144
2012-10-29,2012,10,121000,3426.3328
2012-10-30,2012,10,127000,3596.2336
2012-10-31,2012,10,123000,3482.9664
2012-11-01,2012,11,126000,3567.9168
2012-11-02,2012,11,127000,3596.2336
2012-11-03,2012,11,123000,3482.9664
2012-11-04,2012,11,122000,3454.6496
2012-11-05,2012,11,119000,3369.6992
2012-11-06,2012,11,127000,3596.2336
2012-11-07,2012,11,120000,3398.016
2012-11-08,2012,11,137000,3879.4016
2012-11-09,2012,11,128000,3624.5504
2012-11-10,2012,11,132000,3737.8176
2012-11-11,2012,11,142000,4020.9856
2012-11-12,2012,11,146000,4134.2528
2012-11-13,2012,11,138000,3907.7184
2012-11-14,2012,11,138000,3907.7184
2012-11-15,2012,11,146000,4134.2528
2012-11-16,2012,11,148000,4190.8864
2012-11-17,2012,11,136000,3851.0848
2012-11-18,2012,11,149000,4219.2032
2012-11-19,2012,11,137000,3879.4016
2012-11-20,2012,11,96100,2721.24448
2012-11-21,2012,11,129000,3652.8672
2012-11-22,2012,11,123000,3482.9664
2012-11-23,2012,11,138000,3907.7184
2012-11-24,2012,11,120000,3398.016
2012-11-25,2012,11,125000,3539.6
2012-11-26,2012,11,148000,4190.8864
2012-11-27,2012,11,169000,4785.5392
2012-11-28,2012,11,150000,4247.52
2012-11-29,2012,11,148000,4190.8864
2012-11-30,2012,11,151000,4275.8368
2012-12-01,2012,12,153000,4332.4704
2012-12-02,2012,12,155000,4389.104
2012-12-03,2012,12,157000,4445.7376
2012-12-04,2012,12,174000,4927.1232
2012-12-05,2012,12,167000,4728.9056
2012-12-06,2012,12,188000,5323.5584
2012-12-07,2012,12,194000,5493.4592
2012-12-08,2012,12,2e+05,5663.36
2012-12-09,2012,12,203000,5748.3104
2012-12-10,2012,12,180000,5097.024
2012-12-11,2012,12,194000,5493.4592
2012-12-12,2012,12,212000,6003.1616
2012-12-13,2012,12,219000,6201.3792
2012-12-14,2012,12,218000,6173.0624
2012-12-15,2012,12,198000,5606.7264
2012-12-16,2012,12,174000,4927.1232
2012-12-17,2012,12,182000,5153.6576
2012-12-18,2012,12,217000,6144.7456
2012-12-19,2012,12,182000,5153.6576
2012-12-20,2012,12,165000,4672.272
2012-12-21,2012,12,176000,4983.7568
2012-12-22,2012,12,189000,5351.8752
2012-12-23,2012,12,160000,4530.688
2012-12-24,2012,12,154000,4360.7872
2012-12-25,2012,12,145000,4105.936
2012-12-26,2012,12,165000,4672.272
2012-12-27,2012,12,169000,4785.5392
2012-12-28,2012,12,182000,5153.6576
2012-12-29,2012,12,187000,5295.2416
2012-12-30,2012,12,201000,5691.6768
2012-12-31,2012,12,206000,5833.2608
2013-01-01,2013,1,197000,5578.4096
2013-01-02,2013,1,221000,6258.0128
2013-01-03,2013,1,205000,5804.944
2013-01-04,2013,1,193000,5465.1424
2013-01-05,2013,1,185000,5238.608
2013-01-06,2013,1,173000,4898.8064
2013-01-07,2013,1,160000,4530.688
2013-01-08,2013,1,181000,5125.3408
2013-01-09,2013,1,212000,6003.1616
2013-01-10,2013,1,189000,5351.8752
2013-01-11,2013,1,189000,5351.8752
2013-01-12,2013,1,197000,5578.4096
2013-01-13,2013,1,184000,5210.2912
2013-01-14,2013,1,196000,5550.0928
2013-01-15,2013,1,205000,5804.944
2013-01-16,2013,1,212000,6003.1616
2013-01-17,2013,1,2e+05,5663.36
2013-01-18,2013,1,182000,5153.6576
2013-01-19,2013,1,194000,5493.4592
2013-01-20,2013,1,175000,4955.44
2013-01-21,2013,1,201000,5691.6768
2013-01-22,2013,1,210000,5946.528
2013-01-23,2013,1,193000,5465.1424
2013-01-24,2013,1,176000,4983.7568
2013-01-25,2013,1,187000,5295.2416
2013-01-26,2013,1,154000,4360.7872
2013-01-27,2013,1,148000,4190.8864
2013-01-28,2013,1,153000,4332.4704
2013-01-29,2013,1,134000,3794.4512
2013-01-30,2013,1,149000,4219.2032
2013-01-31,2013,1,170000,4813.856
2013-02-01,2013,2,146000,4134.2528
2013-02-02,2013,2,141000,3992.6688
2013-02-03,2013,2,144000,4077.6192
2013-02-04,2013,2,157000,4445.7376
2013-02-05,2013,2,136000,3851.0848
2013-02-06,2013,2,153000,4332.4704
2013-02-07,2013,2,148000,4190.8864
2013-02-08,2013,2,153000,4332.4704
2013-02-09,2013,2,152000,4304.1536
2013-02-10,2013,2,141000,3992.6688
2013-02-11,2013,2,150000,4247.52
2013-02-12,2013,2,158000,4474.0544
2013-02-13,2013,2,143000,4049.3024
2013-02-14,2013,2,144000,4077.6192
2013-02-15,2013,2,159000,4502.3712
2013-02-16,2013,2,151000,4275.8368
2013-02-17,2013,2,155000,4389.104
2013-02-18,2013,2,157000,4445.7376
2013-02-19,2013,2,156000,4417.4208
2013-02-20,2013,2,159000,4502.3712
2013-02-21,2013,2,146000,4134.2528
2013-02-22,2013,2,141000,3992.6688
2013-02-23,2013,2,132000,3737.8176
2013-02-24,2013,2,132000,3737.8176
2013-02-25,2013,2,123000,3482.9664
2013-02-26,2013,2,134000,3794.4512
2013-02-27,2013,2,128000,3624.5504
2013-02-28,2013,2,138000,3907.7184
2013-03-01,2013,3,113000,3199.7984
2013-03-02,2013,3,131000,3709.5008
2013-03-03,2013,3,115000,3256.432
2013-03-04,2013,3,132000,3737.8176
2013-03-05,2013,3,125000,3539.6
2013-03-06,2013,3,132000,3737.8176
2013-03-07,2013,3,118000,3341.3824
2013-03-08,2013,3,121000,3426.3328
2013-03-09,2013,3,143000,4049.3024
2013-03-10,2013,3,114000,3228.1152
2013-03-11,2013,3,131000,3709.5008
2013-03-12,2013,3,133000,3766.1344
2013-03-13,2013,3,127000,3596.2336
2013-03-14,2013,3,121000,3426.3328
2013-03-15,2013,3,126000,3567.9168
2013-03-16,2013,3,115000,3256.432
2013-03-17,2013,3,120000,3398.016
2013-03-18,2013,3,148000,4190.8864
2013-03-19,2013,3,142000,4020.9856
2013-03-20,2013,3,115000,3256.432
2013-03-21,2013,3,137000,3879.4016
2013-03-22,2013,3,141000,3992.6688
2013-03-23,2013,3,136000,3851.0848
2013-03-24,2013,3,135000,3822.768
2013-03-25,2013,3,144000,4077.6192
2013-03-26,2013,3,132000,3737.8176
2013-03-27,2013,3,155000,4389.104
2013-03-28,2013,3,135000,3822.768
2013-03-29,2013,3,135000,3822.768
2013-03-30,2013,3,172000,4870.4896
2013-03-31,2013,3,178000,5040.3904
2013-04-01,2013,4,171000,4842.1728
2013-04-02,2013,4,171000,4842.1728
2013-04-03,2013,4,185000,5238.608
2013-04-04,2013,4,198000,5606.7264
2013-04-05,2013,4,223000,6314.6464
2013-04-06,2013,4,227000,6427.9136
2013-04-07,2013,4,243000,6880.9824
2013-04-08,2013,4,245000,6937.616
2013-04-09,2013,4,285000,8070.288
2013-04-10,2013,4,271000,7673.8528
2013-04-11,2013,4,293000,8296.8224
2013-04-12,2013,4,309000,8749.8912
2013-04-13,2013,4,244000,6909.2992
2013-04-14,2013,4,268000,7588.9024
2013-04-15,2013,4,291000,8240.1888
2013-04-16,2013,4,290000,8211.872
2013-04-17,2013,4,256000,7249.1008
2013-04-18,2013,4,247000,6994.2496
2013-04-19,2013,4,214000,6059.7952
2013-04-20,2013,4,231000,6541.1808
2013-04-21,2013,4,235000,6654.448
2013-04-22,2013,4,255000,7220.784
2013-04-23,2013,4,224000,6342.9632
2013-04-24,2013,4,221000,6258.0128
2013-04-25,2013,4,215000,6088.112
2013-04-26,2013,4,224000,6342.9632
2013-04-27,2013,4,228000,6456.2304
2013-04-28,2013,4,222000,6286.3296
2013-04-29,2013,4,222000,6286.3296
2013-04-30,2013,4,230000,6512.864
2013-05-01,2013,5,253000,7164.1504
2013-05-02,2013,5,234000,6626.1312
2013-05-03,2013,5,249000,7050.8832
2013-05-04,2013,5,236000,6682.7648
2013-05-05,2013,5,218000,6173.0624
2013-05-06,2013,5,228000,6456.2304
2013-05-07,2013,5,239000,6767.7152
2013-05-08,2013,5,265000,7503.952
2013-05-09,2013,5,276000,7815.4368
2013-05-10,2013,5,329000,9316.2272
2013-05-11,2013,5,362000,10250.6816
2013-05-12,2013,5,346000,9797.6128
2013-05-13,2013,5,323000,9146.3264
2013-05-14,2013,5,345000,9769.296
2013-05-15,2013,5,351000,9939.1968
2013-05-16,2013,5,347000,9825.9296
2013-05-17,2013,5,306000,8664.9408
2013-05-18,2013,5,337000,9542.7616
2013-05-19,2013,5,329000,9316.2272
2013-05-20,2013,5,317000,8976.4256
2013-05-21,2013,5,290000,8211.872
2013-05-22,2013,5,286000,8098.6048
2013-05-23,2013,5,319000,9033.0592
2013-05-24,2013,5,297000,8410.0896
2013-05-25,2013,5,297000,8410.0896
2013-05-26,2013,5,306000,8664.9408
2013-05-27,2013,5,308000,8721.5744
2013-05-28,2013,5,295000,8353.456
2013-05-29,2013,5,280000,7928.704
2013-05-30,2013,5,256000,7249.1008
2013-05-31,2013,5,258000,7305.7344
2013-06-01,2013,6,258000,7305.7344
2013-06-02,2013,6,214000,6059.7952
2013-06-03,2013,6,275000,7787.12
2013-06-04,2013,6,245000,6937.616
2013-06-05,2013,6,258000,7305.7344
2013-06-06,2013,6,268000,7588.9024
2013-06-07,2013,6,237000,6711.0816
2013-06-08,2013,6,251000,7107.5168
2013-06-09,2013,6,244000,6909.2992
2013-06-10,2013,6,254000,7192.4672
2013-06-11,2013,6,217000,6144.7456
2013-06-12,2013,6,256000,7249.1008
2013-06-13,2013,6,260000,7362.368
2013-06-14,2013,6,244000,6909.2992
2013-06-15,2013,6,245000,6937.616
2013-06-16,2013,6,211000,5974.8448
2013-06-17,2013,6,207000,5861.5776
2013-06-18,2013,6,221000,6258.0128
2013-06-19,2013,6,212000,6003.1616
2013-06-20,2013,6,214000,6059.7952
2013-06-21,2013,6,226000,6399.5968
2013-06-22,2013,6,274000,7758.8032
2013-06-23,2013,6,266000,7532.2688
2013-06-24,2013,6,254000,7192.4672
2013-06-25,2013,6,268000,7588.9024
2013-06-26,2013,6,272000,7702.1696
2013-06-27,2013,6,274000,7758.8032
2013-06-28,2013,6,269000,7617.2192
2013-06-29,2013,6,304000,8608.3072
2013-06-30,2013,6,270000,7645.536
2013-07-01,2013,7,285000,8070.288
2013-07-02,2013,7,286000,8098.6048
2013-07-03,2013,7,278000,7872.0704
2013-07-04,2013,7,277000,7843.7536
2013-07-05,2013,7,257000,7277.4176
2013-07-06,2013,7,267000,7560.5856
2013-07-07,2013,7,257000,7277.4176
2013-07-08,2013,7,254000,7192.4672
2013-07-09,2013,7,220000,6229.696
2013-07-10,2013,7,206000,5833.2608
2013-07-11,2013,7,202000,5719.9936
2013-07-12,2013,7,204000,5776.6272
2013-07-13,2013,7,213000,6031.4784
2013-07-14,2013,7,209000,5918.2112
2013-07-15,2013,7,218000,6173.0624
2013-07-16,2013,7,202000,5719.9936
2013-07-17,2013,7,192000,5436.8256
2013-07-18,2013,7,194000,5493.4592
2013-07-19,2013,7,195000,5521.776
2013-07-20,2013,7,207000,5861.5776
2013-07-21,2013,7,179000,5068.7072
2013-07-22,2013,7,201000,5691.6768
2013-07-23,2013,7,170000,4813.856
2013-07-24,2013,7,155000,4389.104
2013-07-25,2013,7,172000,4870.4896
2013-07-26,2013,7,194000,5493.4592
2013-07-27,2013,7,152000,4304.1536
2013-07-28,2013,7,148000,4190.8864
2013-07-29,2013,7,165000,4672.272
2013-07-30,2013,7,170000,4813.856
2013-07-31,2013,7,185000,5238.608
2013-08-01,2013,8,183000,5181.9744
2013-08-02,2013,8,166000,4700.5888
2013-08-03,2013,8,171000,4842.1728
2013-08-04,2013,8,175000,4955.44
2013-08-05,2013,8,161000,4559.0048
2013-08-06,2013,8,182000,5153.6576
2013-08-07,2013,8,162000,4587.3216
2013-08-08,2013,8,160000,4530.688
2013-08-09,2013,8,165000,4672.272
2013-08-10,2013,8,152000,4304.1536
2013-08-11,2013,8,118000,3341.3824
2013-08-12,2013,8,156000,4417.4208
2013-08-13,2013,8,175000,4955.44
2013-08-14,2013,8,173000,4898.8064
2013-08-15,2013,8,147000,4162.5696
2013-08-16,2013,8,166000,4700.5888
2013-08-17,2013,8,155000,4389.104
2013-08-18,2013,8,140000,3964.352
2013-08-19,2013,8,145000,4105.936
2013-08-20,2013,8,152000,4304.1536
2013-08-21,2013,8,150000,4247.52
2013-08-22,2013,8,153000,4332.4704
2013-08-23,2013,8,142000,4020.9856
2013-08-24,2013,8,135000,3822.768
2013-08-25,2013,8,118000,3341.3824
2013-08-26,2013,8,139000,3936.0352
2013-08-27,2013,8,130000,3681.184
2013-08-28,2013,8,137000,3879.4016
2013-08-29,2013,8,140000,3964.352
2013-08-30,2013,8,141000,3992.6688
2013-08-31,2013,8,140000,3964.352
2013-09-01,2013,9,107000,3029.8976
2013-09-02,2013,9,93600,2650.45248
2013-09-03,2013,9,98100,2777.87808
2013-09-04,2013,9,103000,2916.6304
2013-09-05,2013,9,102000,2888.3136
2013-09-06,2013,9,99300,2811.85824
2013-09-07,2013,9,98800,2797.69984
2013-09-08,2013,9,80400,2276.67072
2013-09-09,2013,9,85900,2432.41312
2013-09-10,2013,9,124000,3511.2832
2013-09-11,2013,9,136000,3851.0848
2013-09-12,2013,9,118000,3341.3824
2013-09-13,2013,9,126000,3567.9168
2013-09-14,2013,9,107000,3029.8976
2013-09-15,2013,9,75600,2140.75008
2013-09-16,2013,9,89700,2540.01696
2013-09-17,2013,9,123000,3482.9664
2013-09-18,2013,9,91400,2588.15552
2013-09-19,2013,9,110000,3114.848
2013-09-20,2013,9,120000,3398.016
2013-09-21,2013,9,77600,2197.38368
2013-09-22,2013,9,79000,2237.0272
2013-09-23,2013,9,104000,2944.9472
2013-09-24,2013,9,92800,2627.79904
2013-09-25,2013,9,105000,2973.264
2013-09-26,2013,9,104000,2944.9472
2013-09-27,2013,9,105000,2973.264
2013-09-28,2013,9,105000,2973.264
2013-09-29,2013,9,95000,2690.096
2013-09-30,2013,9,89900,2545.68032
2013-10-01,2013,10,123000,3482.9664
2013-10-02,2013,10,136000,3851.0848
2013-10-03,2013,10,111000,3143.1648
2013-10-04,2013,10,111000,3143.1648
2013-10-05,2013,10,86200,2440.90816
2013-10-06,2013,10,81300,2302.15584
2013-10-07,2013,10,81000,2293.6608
2013-10-08,2013,10,102000,2888.3136
2013-10-09,2013,10,103000,2916.6304
2013-10-10,2013,10,107000,3029.8976
2013-10-11,2013,10,119000,3369.6992
2013-10-12,2013,10,113000,3199.7984
2013-10-13,2013,10,110000,3114.848
2013-10-14,2013,10,120000,3398.016
2013-10-15,2013,10,109000,3086.5312
2013-10-16,2013,10,122000,3454.6496
2013-10-17,2013,10,136000,3851.0848
2013-10-18,2013,10,128000,3624.5504
2013-10-19,2013,10,114000,3228.1152
2013-10-20,2013,10,110000,3114.848
2013-10-21,2013,10,127000,3596.2336
2013-10-22,2013,10,117000,3313.0656
2013-10-23,2013,10,126000,3567.9168
2013-10-24,2013,10,108000,3058.2144
2013-10-25,2013,10,106000,3001.5808
2013-10-26,2013,10,102000,2888.3136
2013-10-27,2013,10,89300,2528.69024
2013-10-28,2013,10,113000,3199.7984
2013-10-29,2013,10,113000,3199.7984
2013-10-30,2013,10,103000,2916.6304
2013-10-31,2013,10,105000,2973.264
2013-11-01,2013,11,95600,2707.08608
2013-11-02,2013,11,95800,2712.74944
2013-11-03,2013,11,92700,2624.96736
2013-11-04,2013,11,131000,3709.5008
2013-11-05,2013,11,120000,3398.016
2013-11-06,2013,11,130000,3681.184
2013-11-07,2013,11,112000,3171.4816
2013-11-08,2013,11,108000,3058.2144
2013-11-09,2013,11,121000,3426.3328
2013-11-10,2013,11,123000,3482.9664
2013-11-11,2013,11,125000,3539.6
2013-11-12,2013,11,115000,3256.432
2013-11-13,2013,11,120000,3398.016
2013-11-14,2013,11,118000,3341.3824
2013-11-15,2013,11,115000,3256.432
2013-11-16,2013,11,109000,3086.5312
2013-11-17,2013,11,107000,3029.8976
2013-11-18,2013,11,117000,3313.0656
2013-11-19,2013,11,106000,3001.5808
2013-11-20,2013,11,114000,3228.1152
2013-11-21,2013,11,127000,3596.2336
2013-11-22,2013,11,150000,4247.52
2013-11-23,2013,11,133000,3766.1344
2013-11-24,2013,11,118000,3341.3824
2013-11-25,2013,11,137000,3879.4016
2013-11-26,2013,11,125000,3539.6
2013-11-27,2013,11,132000,3737.8176
2013-11-28,2013,11,126000,3567.9168
2013-11-29,2013,11,130000,3681.184
2013-11-30,2013,11,114000,3228.1152
2013-12-01,2013,12,103000,2916.6304
2013-12-02,2013,12,90900,2573.99712
2013-12-03,2013,12,146000,4134.2528
2013-12-04,2013,12,138000,3907.7184
2013-12-05,2013,12,142000,4020.9856
2013-12-06,2013,12,153000,4332.4704
2013-12-07,2013,12,149000,4219.2032
2013-12-08,2013,12,150000,4247.52
2013-12-09,2013,12,151000,4275.8368
2013-12-10,2013,12,144000,4077.6192
2013-12-11,2013,12,150000,4247.52
2013-12-12,2013,12,130000,3681.184
2013-12-13,2013,12,132000,3737.8176
2013-12-14,2013,12,129000,3652.8672
2013-12-15,2013,12,124000,3511.2832
2013-12-16,2013,12,125000,3539.6
2013-12-17,2013,12,127000,3596.2336
2013-12-18,2013,12,134000,3794.4512
2013-12-19,2013,12,129000,3652.8672
2013-12-20,2013,12,129000,3652.8672
2013-12-21,2013,12,120000,3398.016
2013-12-22,2013,12,118000,3341.3824
2013-12-23,2013,12,125000,3539.6
2013-12-24,2013,12,131000,3709.5008
2013-12-25,2013,12,120000,3398.016
2013-12-26,2013,12,125000,3539.6
2013-12-27,2013,12,125000,3539.6
2013-12-28,2013,12,130000,3681.184
2013-12-29,2013,12,125000,3539.6
2013-12-30,2013,12,123000,3482.9664
2013-12-31,2013,12,121000,3426.3328
2014-01-01,2014,1,115000,3256.432
2014-01-02,2014,1,120000,3398.016
2014-01-03,2014,1,123000,3482.9664
2014-01-04,2014,1,121000,3426.3328
2014-01-05,2014,1,118000,3341.3824
2014-01-06,2014,1,150000,4247.52
2014-01-07,2014,1,152000,4304.1536
2014-01-08,2014,1,146000,4134.2528
2014-01-09,2014,1,151000,4275.8368
2014-01-10,2014,1,150000,4247.52
2014-01-11,2014,1,101000,2859.9968
2014-01-12,2014,1,143000,4049.3024
2014-01-13,2014,1,117000,3313.0656
2014-01-14,2014,1,118000,3341.3824
2014-01-15,2014,1,123000,3482.9664
2014-01-16,2014,1,146000,4134.2528
2014-01-17,2014,1,130000,3681.184
2014-01-18,2014,1,129000,3652.8672
2014-01-19,2014,1,129000,3652.8672
2014-01-20,2014,1,139000,3936.0352
2014-01-21,2014,1,149000,4219.2032
2014-01-22,2014,1,146000,4134.2528
2014-01-23,2014,1,134000,3794.4512
2014-01-24,2014,1,141000,3992.6688
2014-01-25,2014,1,129000,3652.8672
2014-01-26,2014,1,142000,4020.9856
2014-01-27,2014,1,127000,3596.2336
2014-01-28,2014,1,141000,3992.6688
2014-01-29,2014,1,112000,3171.4816
2014-01-30,2014,1,107000,3029.8976
2014-01-31,2014,1,120000,3398.016
2014-02-01,2014,2,120000,3398.016
2014-02-02,2014,2,115000,3256.432
2014-02-03,2014,2,114000,3228.1152
2014-02-04,2014,2,119000,3369.6992
2014-02-05,2014,2,126000,3567.9168
2014-02-06,2014,2,148000,4190.8864
2014-02-07,2014,2,133000,3766.1344
2014-02-08,2014,2,134000,3794.4512
2014-02-09,2014,2,132000,3737.8176
2014-02-10,2014,2,128000,3624.5504
2014-02-11,2014,2,122000,3454.6496
2014-02-12,2014,2,97900,2772.21472
2014-02-13,2014,2,80900,2290.82912
2014-02-14,2014,2,128000,3624.5504
2014-02-15,2014,2,152000,4304.1536
2014-02-16,2014,2,111000,3143.1648
2014-02-17,2014,2,140000,3964.352
2014-02-18,2014,2,146000,4134.2528
2014-02-19,2014,2,119000,3369.6992
2014-02-20,2014,2,125000,3539.6
2014-02-21,2014,2,111000,3143.1648
2014-02-22,2014,2,131000,3709.5008
2014-02-23,2014,2,127000,3596.2336
2014-02-24,2014,2,124000,3511.2832
2014-02-25,2014,2,123000,3482.9664
2014-02-26,2014,2,121000,3426.3328
2014-02-27,2014,2,130000,3681.184
2014-02-28,2014,2,131000,3709.5008
2014-03-01,2014,3,147000,4162.5696
2014-03-02,2014,3,166000,4700.5888
2014-03-03,2014,3,172000,4870.4896
2014-03-04,2014,3,179000,5068.7072
2014-03-05,2014,3,178000,5040.3904
2014-03-06,2014,3,197000,5578.4096
2014-03-07,2014,3,232000,6569.4976
2014-03-08,2014,3,253000,7164.1504
2014-03-09,2014,3,236000,6682.7648
2014-03-10,2014,3,250000,7079.2
2014-03-11,2014,3,293000,8296.8224
2014-03-12,2014,3,3e+05,8495.04
2014-03-13,2014,3,261000,7390.6848
2014-03-14,2014,3,249000,7050.8832
2014-03-15,2014,3,260000,7362.368
2014-03-16,2014,3,235000,6654.448
2014-03-17,2014,3,248000,7022.5664
2014-03-18,2014,3,257000,7277.4176
2014-03-19,2014,3,256000,7249.1008
2014-03-20,2014,3,266000,7532.2688
2014-03-21,2014,3,261000,7390.6848
2014-03-22,2014,3,251000,7107.5168
2014-03-23,2014,3,231000,6541.1808
2014-03-24,2014,3,223000,6314.6464
2014-03-25,2014,3,210000,5946.528
2014-03-26,2014,3,225000,6371.28
2014-03-27,2014,3,217000,6144.7456
2014-03-28,2014,3,230000,6512.864
2014-03-29,2014,3,215000,6088.112
2014-03-30,2014,3,242000,6852.6656
2014-03-31,2014,3,256000,7249.1008
2014-04-01,2014,4,231000,6541.1808
2014-04-02,2014,4,228000,6456.2304
2014-04-03,2014,4,224000,6342.9632
2014-04-04,2014,4,220000,6229.696
2014-04-05,2014,4,246000,6965.9328
2014-04-06,2014,4,221000,6258.0128
2014-04-07,2014,4,223000,6314.6464
2014-04-08,2014,4,220000,6229.696
2014-04-09,2014,4,216000,6116.4288
2014-04-10,2014,4,255000,7220.784
2014-04-11,2014,4,237000,6711.0816
2014-04-12,2014,4,231000,6541.1808
2014-04-13,2014,4,248000,7022.5664
2014-04-14,2014,4,232000,6569.4976
2014-04-15,2014,4,227000,6427.9136
2014-04-16,2014,4,251000,7107.5168
2014-04-17,2014,4,256000,7249.1008
2014-04-18,2014,4,240000,6796.032
2014-04-19,2014,4,259000,7334.0512
2014-04-20,2014,4,266000,7532.2688
2014-04-21,2014,4,252000,7135.8336
2014-04-22,2014,4,254000,7192.4672
2014-04-23,2014,4,266000,7532.2688
2014-04-24,2014,4,250000,7079.2
2014-04-25,2014,4,270000,7645.536
2014-04-26,2014,4,267000,7560.5856
2014-04-27,2014,4,264000,7475.6352
2014-04-28,2014,4,266000,7532.2688
2014-04-29,2014,4,301000,8523.3568
2014-04-30,2014,4,264000,7475.6352
2014-05-01,2014,5,265000,7503.952
2014-05-02,2014,5,259000,7334.0512
2014-05-03,2014,5,265000,7503.952
2014-05-04,2014,5,281000,7957.0208
2014-05-05,2014,5,294000,8325.1392
2014-05-06,2014,5,334000,9457.8112
2014-05-07,2014,5,299000,8466.7232
2014-05-08,2014,5,301000,8523.3568
2014-05-09,2014,5,283000,8013.6544
2014-05-10,2014,5,246000,6965.9328
2014-05-11,2014,5,291000,8240.1888
2014-05-12,2014,5,298000,8438.4064
2014-05-13,2014,5,288000,8155.2384
2014-05-14,2014,5,261000,7390.6848
2014-05-15,2014,5,265000,7503.952
2014-05-16,2014,5,277000,7843.7536
2014-05-17,2014,5,316000,8948.1088
2014-05-18,2014,5,330000,9344.544
2014-05-19,2014,5,353000,9995.8304
2014-05-20,2014,5,357000,10109.0976
2014-05-21,2014,5,335000,9486.128
2014-05-22,2014,5,316000,8948.1088
2014-05-23,2014,5,351000,9939.1968
2014-05-24,2014,5,363000,10278.9984
2014-05-25,2014,5,368000,10420.5824
2014-05-26,2014,5,358000,10137.4144
2014-05-27,2014,5,382000,10817.0176
2014-05-28,2014,5,375000,10618.8
2014-05-29,2014,5,360000,10194.048
2014-05-30,2014,5,355000,10052.464
2014-05-31,2014,5,334000,9457.8112
2014-06-01,2014,6,328000,9287.9104
2014-06-02,2014,6,360000,10194.048
2014-06-03,2014,6,339000,9599.3952
2014-06-04,2014,6,329000,9316.2272
2014-06-05,2014,6,334000,9457.8112
2014-06-06,2014,6,343000,9712.6624
2014-06-07,2014,6,311000,8806.5248
2014-06-08,2014,6,3e+05,8495.04
2014-06-09,2014,6,286000,8098.6048
2014-06-10,2014,6,301000,8523.3568
2014-06-11,2014,6,281000,7957.0208
2014-06-12,2014,6,252000,7135.8336
2014-06-13,2014,6,235000,6654.448
2014-06-14,2014,6,244000,6909.2992
2014-06-15,2014,6,212000,6003.1616
2014-06-16,2014,6,204000,5776.6272
2014-06-17,2014,6,227000,6427.9136
2014-06-18,2014,6,266000,7532.2688
2014-06-19,2014,6,251000,7107.5168
2014-06-20,2014,6,237000,6711.0816
2014-06-21,2014,6,263000,7447.3184
2014-06-22,2014,6,304000,8608.3072
2014-06-23,2014,6,278000,7872.0704
2014-06-24,2014,6,267000,7560.5856
2014-06-25,2014,6,280000,7928.704
2014-06-26,2014,6,263000,7447.3184
2014-06-27,2014,6,265000,7503.952
2014-06-28,2014,6,266000,7532.2688
2014-06-29,2014,6,282000,7985.3376
2014-06-30,2014,6,307000,8693.2576
2014-07-01,2014,7,287000,8126.9216
2014-07-02,2014,7,280000,7928.704
2014-07-03,2014,7,269000,7617.2192
2014-07-04,2014,7,271000,7673.8528
2014-07-05,2014,7,258000,7305.7344
2014-07-06,2014,7,216000,6116.4288
2014-07-07,2014,7,247000,6994.2496
2014-07-08,2014,7,241000,6824.3488
2014-07-09,2014,7,224000,6342.9632
2014-07-10,2014,7,221000,6258.0128
2014-07-11,2014,7,211000,5974.8448
2014-07-12,2014,7,252000,7135.8336
2014-07-13,2014,7,198000,5606.7264
2014-07-14,2014,7,206000,5833.2608
2014-07-15,2014,7,195000,5521.776
2014-07-16,2014,7,207000,5861.5776
2014-07-17,2014,7,186000,5266.9248
2014-07-18,2014,7,207000,5861.5776
2014-07-19,2014,7,182000,5153.6576
2014-07-20,2014,7,187000,5295.2416
2014-07-21,2014,7,191000,5408.5088
2014-07-22,2014,7,171000,4842.1728
2014-07-23,2014,7,170000,4813.856
2014-07-24,2014,7,183000,5181.9744
2014-07-25,2014,7,214000,6059.7952
2014-07-26,2014,7,198000,5606.7264
2014-07-27,2014,7,193000,5465.1424
2014-07-28,2014,7,204000,5776.6272
2014-07-29,2014,7,183000,5181.9744
2014-07-30,2014,7,192000,5436.8256
2014-07-31,2014,7,192000,5436.8256
2014-08-01,2014,8,175000,4955.44
2014-08-02,2014,8,160000,4530.688
2014-08-03,2014,8,144000,4077.6192
2014-08-04,2014,8,165000,4672.272
2014-08-05,2014,8,148000,4190.8864
2014-08-06,2014,8,159000,4502.3712
2014-08-07,2014,8,170000,4813.856
2014-08-08,2014,8,167000,4728.9056
2014-08-09,2014,8,166000,4700.5888
2014-08-10,2014,8,158000,4474.0544
2014-08-11,2014,8,170000,4813.856
2014-08-12,2014,8,155000,4389.104
2014-08-13,2014,8,165000,4672.272
2014-08-14,2014,8,162000,4587.3216
2014-08-15,2014,8,152000,4304.1536
2014-08-16,2014,8,138000,3907.7184
2014-08-17,2014,8,131000,3709.5008
2014-08-18,2014,8,142000,4020.9856
2014-08-19,2014,8,148000,4190.8864
2014-08-20,2014,8,137000,3879.4016
2014-08-21,2014,8,137000,3879.4016
2014-08-22,2014,8,145000,4105.936
2014-08-23,2014,8,141000,3992.6688
2014-08-24,2014,8,134000,3794.4512
2014-08-25,2014,8,138000,3907.7184
2014-08-26,2014,8,140000,3964.352
2014-08-27,2014,8,148000,4190.8864
2014-08-28,2014,8,143000,4049.3024
2014-08-29,2014,8,142000,4020.9856
2014-08-30,2014,8,129000,3652.8672
2014-08-31,2014,8,135000,3822.768
2014-09-01,2014,9,93600,2650.45248
2014-09-02,2014,9,99000,2803.3632
2014-09-03,2014,9,104000,2944.9472
2014-09-04,2014,9,115000,3256.432
2014-09-05,2014,9,108000,3058.2144
2014-09-06,2014,9,104000,2944.9472
2014-09-07,2014,9,83500,2364.4528
2014-09-08,2014,9,80400,2276.67072
2014-09-09,2014,9,82300,2330.47264
2014-09-10,2014,9,84300,2387.10624
2014-09-11,2014,9,83500,2364.4528
2014-09-12,2014,9,98800,2797.69984
2014-09-13,2014,9,1e+05,2831.68
2014-09-14,2014,9,87100,2466.39328
2014-09-15,2014,9,92100,2607.97728
2014-09-16,2014,9,89300,2528.69024
2014-09-17,2014,9,98700,2794.86816
2014-09-18,2014,9,88200,2497.54176
2014-09-19,2014,9,88100,2494.71008
2014-09-20,2014,9,77800,2203.04704
2014-09-21,2014,9,84300,2387.10624
2014-09-22,2014,9,84100,2381.44288
2014-09-23,2014,9,108000,3058.2144
2014-09-24,2014,9,120000,3398.016
2014-09-25,2014,9,97500,2760.888
2014-09-26,2014,9,82400,2333.30432
2014-09-27,2014,9,92600,2622.13568
2014-09-28,2014,9,86100,2438.07648
2014-09-29,2014,9,72100,2041.64128
2014-09-30,2014,9,75400,2135.08672
2014-10-01,2014,10,75300,2132.25504
2014-10-02,2014,10,91400,2588.15552
2014-10-03,2014,10,106000,3001.5808
2014-10-04,2014,10,79800,2259.68064
2014-10-05,2014,10,83100,2353.12608
2014-10-06,2014,10,106000,3001.5808
2014-10-07,2014,10,103000,2916.6304
2014-10-08,2014,10,106000,3001.5808
2014-10-09,2014,10,107000,3029.8976
2014-10-10,2014,10,93600,2650.45248
2014-10-11,2014,10,74800,2118.09664
2014-10-12,2014,10,82700,2341.79936
2014-10-13,2014,10,95300,2698.59104
2014-10-14,2014,10,97300,2755.22464
2014-10-15,2014,10,87700,2483.38336
2014-10-16,2014,10,1e+05,2831.68
2014-10-17,2014,10,1e+05,2831.68
2014-10-18,2014,10,81600,2310.65088
2014-10-19,2014,10,78000,2208.7104
2014-10-20,2014,10,83500,2364.4528
2014-10-21,2014,10,91600,2593.81888
2014-10-22,2014,10,85100,2409.75968
2014-10-23,2014,10,89900,2545.68032
2014-10-24,2014,10,102000,2888.3136
2014-10-25,2014,10,93100,2636.29408
2014-10-26,2014,10,85100,2409.75968
2014-10-27,2014,10,89000,2520.1952
2014-10-28,2014,10,109000,3086.5312
2014-10-29,2014,10,111000,3143.1648
2014-10-30,2014,10,114000,3228.1152
2014-10-31,2014,10,118000,3341.3824
2014-11-01,2014,11,109000,3086.5312
2014-11-02,2014,11,114000,3228.1152
2014-11-03,2014,11,115000,3256.432
2014-11-04,2014,11,106000,3001.5808
2014-11-05,2014,11,115000,3256.432
2014-11-06,2014,11,103000,2916.6304
2014-11-07,2014,11,127000,3596.2336
2014-11-08,2014,11,123000,3482.9664
2014-11-09,2014,11,114000,3228.1152
2014-11-10,2014,11,133000,3766.1344
2014-11-11,2014,11,132000,3737.8176
2014-11-12,2014,11,151000,4275.8368
2014-11-13,2014,11,152000,4304.1536
2014-11-14,2014,11,144000,4077.6192
2014-11-15,2014,11,141000,3992.6688
2014-11-16,2014,11,152000,4304.1536
2014-11-17,2014,11,160000,4530.688
2014-11-18,2014,11,148000,4190.8864
2014-11-19,2014,11,142000,4020.9856
2014-11-20,2014,11,138000,3907.7184
2014-11-21,2014,11,126000,3567.9168
2014-11-22,2014,11,117000,3313.0656
2014-11-23,2014,11,109000,3086.5312
2014-11-24,2014,11,117000,3313.0656
2014-11-25,2014,11,125000,3539.6
2014-11-26,2014,11,124000,3511.2832
2014-11-27,2014,11,119000,3369.6992
2014-11-28,2014,11,110000,3114.848
2014-11-29,2014,11,135000,3822.768
2014-11-30,2014,11,156000,4417.4208
2014-12-01,2014,12,166000,4700.5888
2014-12-02,2014,12,164000,4643.9552
2014-12-03,2014,12,163000,4615.6384
2014-12-04,2014,12,166000,4700.5888
2014-12-05,2014,12,175000,4955.44
2014-12-06,2014,12,147000,4162.5696
2014-12-07,2014,12,152000,4304.1536
2014-12-08,2014,12,149000,4219.2032
2014-12-09,2014,12,153000,4332.4704
2014-12-10,2014,12,170000,4813.856
2014-12-11,2014,12,144000,4077.6192
2014-12-12,2014,12,146000,4134.2528
2014-12-13,2014,12,151000,4275.8368
2014-12-14,2014,12,162000,4587.3216
2014-12-15,2014,12,162000,4587.3216
2014-12-16,2014,12,163000,4615.6384
2014-12-17,2014,12,157000,4445.7376
2014-12-18,2014,12,182000,5153.6576
2014-12-19,2014,12,177000,5012.0736
2014-12-20,2014,12,194000,5493.4592
2014-12-21,2014,12,181000,5125.3408
2014-12-22,2014,12,175000,4955.44
2014-12-23,2014,12,153000,4332.4704
2014-12-24,2014,12,147000,4162.5696
2014-12-25,2014,12,150000,4247.52
2014-12-26,2014,12,161000,4559.0048
2014-12-27,2014,12,170000,4813.856
2014-12-28,2014,12,162000,4587.3216
2014-12-29,2014,12,168000,4757.2224
2014-12-30,2014,12,188000,5323.5584
2014-12-31,2014,12,201000,5691.6768
2015-01-01,2015,1,199000,5635.0432
2015-01-02,2015,1,188000,5323.5584
2015-01-03,2015,1,181000,5125.3408
2015-01-04,2015,1,206000,5833.2608
2015-01-05,2015,1,174000,4927.1232
2015-01-06,2015,1,159000,4502.3712
2015-01-07,2015,1,189000,5351.8752
2015-01-08,2015,1,197000,5578.4096
2015-01-09,2015,1,199000,5635.0432
2015-01-10,2015,1,193000,5465.1424
2015-01-11,2015,1,202000,5719.9936
2015-01-12,2015,1,199000,5635.0432
2015-01-13,2015,1,204000,5776.6272
2015-01-14,2015,1,198000,5606.7264
2015-01-15,2015,1,198000,5606.7264
2015-01-16,2015,1,179000,5068.7072
2015-01-17,2015,1,205000,5804.944
2015-01-18,2015,1,166000,4700.5888
2015-01-19,2015,1,199000,5635.0432
2015-01-20,2015,1,199000,5635.0432
2015-01-21,2015,1,227000,6427.9136
2015-01-22,2015,1,216000,6116.4288
2015-01-23,2015,1,202000,5719.9936
2015-01-24,2015,1,184000,5210.2912
2015-01-25,2015,1,183000,5181.9744
2015-01-26,2015,1,192000,5436.8256
2015-01-27,2015,1,201000,5691.6768
2015-01-28,2015,1,203000,5748.3104
2015-01-29,2015,1,208000,5889.8944
2015-01-30,2015,1,217000,6144.7456
2015-01-31,2015,1,213000,6031.4784
2015-02-01,2015,2,220000,6229.696
2015-02-02,2015,2,224000,6342.9632
2015-02-03,2015,2,210000,5946.528
2015-02-04,2015,2,219000,6201.3792
2015-02-05,2015,2,231000,6541.1808
2015-02-06,2015,2,223000,6314.6464
2015-02-07,2015,2,236000,6682.7648
2015-02-08,2015,2,250000,7079.2
2015-02-09,2015,2,223000,6314.6464
2015-02-10,2015,2,243000,6880.9824
2015-02-11,2015,2,261000,7390.6848
2015-02-12,2015,2,264000,7475.6352
2015-02-13,2015,2,258000,7305.7344
2015-02-14,2015,2,248000,7022.5664
2015-02-15,2015,2,262000,7419.0016
2015-02-16,2015,2,258000,7305.7344
2015-02-17,2015,2,245000,6937.616
2015-02-18,2015,2,252000,7135.8336
2015-02-19,2015,2,243000,6880.9824
2015-02-20,2015,2,251000,7107.5168
2015-02-21,2015,2,237000,6711.0816
2015-02-22,2015,2,239000,6767.7152
2015-02-23,2015,2,240000,6796.032
2015-02-24,2015,2,231000,6541.1808
2015-02-25,2015,2,209000,5918.2112
2015-02-26,2015,2,192000,5436.8256
2015-02-27,2015,2,228000,6456.2304
2015-02-28,2015,2,211000,5974.8448
2015-03-01,2015,3,2e+05,5663.36
2015-03-02,2015,3,194000,5493.4592
2015-03-03,2015,3,185000,5238.608
2015-03-04,2015,3,192000,5436.8256
2015-03-05,2015,3,215000,6088.112
2015-03-06,2015,3,228000,6456.2304
2015-03-07,2015,3,202000,5719.9936
2015-03-08,2015,3,194000,5493.4592
2015-03-09,2015,3,188000,5323.5584
2015-03-10,2015,3,188000,5323.5584
2015-03-11,2015,3,177000,5012.0736
2015-03-12,2015,3,184000,5210.2912
2015-03-13,2015,3,178000,5040.3904
2015-03-14,2015,3,157000,4445.7376
2015-03-15,2015,3,139000,3936.0352
2015-03-16,2015,3,182000,5153.6576
2015-03-17,2015,3,188000,5323.5584
2015-03-18,2015,3,181000,5125.3408
2015-03-19,2015,3,218000,6173.0624
2015-03-20,2015,3,202000,5719.9936
2015-03-21,2015,3,194000,5493.4592
2015-03-22,2015,3,222000,6286.3296
2015-03-23,2015,3,205000,5804.944
2015-03-24,2015,3,199000,5635.0432
2015-03-25,2015,3,217000,6144.7456
2015-03-26,2015,3,219000,6201.3792
2015-03-27,2015,3,228000,6456.2304
2015-03-28,2015,3,211000,5974.8448
2015-03-29,2015,3,235000,6654.448
2015-03-30,2015,3,239000,6767.7152
2015-03-31,2015,3,233000,6597.8144
2015-04-01,2015,4,203000,5748.3104
2015-04-02,2015,4,233000,6597.8144
2015-04-03,2015,4,233000,6597.8144
2015-04-04,2015,4,237000,6711.0816
2015-04-05,2015,4,233000,6597.8144
2015-04-06,2015,4,221000,6258.0128
2015-04-07,2015,4,221000,6258.0128
2015-04-08,2015,4,202000,5719.9936
2015-04-09,2015,4,188000,5323.5584
2015-04-10,2015,4,183000,5181.9744
2015-04-11,2015,4,167000,4728.9056
2015-04-12,2015,4,178000,5040.3904
2015-04-13,2015,4,197000,5578.4096
2015-04-14,2015,4,174000,4927.1232
2015-04-15,2015,4,149000,4219.2032
2015-04-16,2015,4,164000,4643.9552
2015-04-17,2015,4,143000,4049.3024
2015-04-18,2015,4,143000,4049.3024
2015-04-19,2015,4,152000,4304.1536
2015-04-20,2015,4,169000,4785.5392
2015-04-21,2015,4,161000,4559.0048
2015-04-22,2015,4,154000,4360.7872
2015-04-23,2015,4,166000,4700.5888
2015-04-24,2015,4,156000,4417.4208
2015-04-25,2015,4,150000,4247.52
2015-04-26,2015,4,154000,4360.7872
2015-04-27,2015,4,182000,5153.6576
2015-04-28,2015,4,161000,4559.0048
2015-04-29,2015,4,148000,4190.8864
2015-04-30,2015,4,133000,3766.1344
2015-05-01,2015,5,164000,4643.9552
2015-05-02,2015,5,181000,5125.3408
2015-05-03,2015,5,179000,5068.7072
2015-05-04,2015,5,178000,5040.3904
2015-05-05,2015,5,161000,4559.0048
2015-05-06,2015,5,169000,4785.5392
2015-05-07,2015,5,172000,4870.4896
2015-05-08,2015,5,169000,4785.5392
2015-05-09,2015,5,162000,4587.3216
2015-05-10,2015,5,143000,4049.3024
2015-05-11,2015,5,138000,3907.7184
2015-05-12,2015,5,162000,4587.3216
2015-05-13,2015,5,183000,5181.9744
2015-05-14,2015,5,192000,5436.8256
2015-05-15,2015,5,199000,5635.0432
2015-05-16,2015,5,175000,4955.44
2015-05-17,2015,5,168000,4757.2224
2015-05-18,2015,5,207000,5861.5776
2015-05-19,2015,5,2e+05,5663.36
2015-05-20,2015,5,194000,5493.4592
2015-05-21,2015,5,210000,5946.528
2015-05-22,2015,5,2e+05,5663.36
2015-05-23,2015,5,202000,5719.9936
2015-05-24,2015,5,222000,6286.3296
2015-05-25,2015,5,209000,5918.2112
2015-05-26,2015,5,212000,6003.1616
2015-05-27,2015,5,216000,6116.4288
2015-05-28,2015,5,215000,6088.112
2015-05-29,2015,5,2e+05,5663.36
2015-05-30,2015,5,177000,5012.0736
2015-05-31,2015,5,193000,5465.1424
2015-06-01,2015,6,196000,5550.0928
2015-06-02,2015,6,196000,5550.0928
2015-06-03,2015,6,173000,4898.8064
2015-06-04,2015,6,184000,5210.2912
2015-06-05,2015,6,183000,5181.9744
2015-06-06,2015,6,175000,4955.44
2015-06-07,2015,6,176000,4983.7568
2015-06-08,2015,6,180000,5097.024
2015-06-09,2015,6,201000,5691.6768
2015-06-10,2015,6,166000,4700.5888
2015-06-11,2015,6,168000,4757.2224
2015-06-12,2015,6,154000,4360.7872
2015-06-13,2015,6,155000,4389.104
2015-06-14,2015,6,151000,4275.8368
2015-06-15,2015,6,165000,4672.272
2015-06-16,2015,6,168000,4757.2224
2015-06-17,2015,6,146000,4134.2528
2015-06-18,2015,6,121000,3426.3328
2015-06-19,2015,6,118000,3341.3824
2015-06-20,2015,6,110000,3114.848
2015-06-21,2015,6,115000,3256.432
2015-06-22,2015,6,110000,3114.848
2015-06-23,2015,6,112000,3171.4816
2015-06-24,2015,6,131000,3709.5008
2015-06-25,2015,6,135000,3822.768
2015-06-26,2015,6,144000,4077.6192
2015-06-27,2015,6,147000,4162.5696
2015-06-28,2015,6,151000,4275.8368
2015-06-29,2015,6,155000,4389.104
2015-06-30,2015,6,151000,4275.8368
2015-07-01,2015,7,140000,3964.352
2015-07-02,2015,7,156000,4417.4208
2015-07-03,2015,7,138000,3907.7184
2015-07-04,2015,7,132000,3737.8176
2015-07-05,2015,7,128000,3624.5504
2015-07-06,2015,7,140000,3964.352
2015-07-07,2015,7,148000,4190.8864
2015-07-08,2015,7,125000,3539.6
2015-07-09,2015,7,143000,4049.3024
2015-07-10,2015,7,108000,3058.2144
2015-07-11,2015,7,97400,2758.05632
2015-07-12,2015,7,107000,3029.8976
2015-07-13,2015,7,128000,3624.5504
2015-07-14,2015,7,147000,4162.5696
2015-07-15,2015,7,133000,3766.1344
2015-07-16,2015,7,125000,3539.6
2015-07-17,2015,7,135000,3822.768
2015-07-18,2015,7,141000,3992.6688
2015-07-19,2015,7,132000,3737.8176
2015-07-20,2015,7,135000,3822.768
2015-07-21,2015,7,136000,3851.0848
2015-07-22,2015,7,128000,3624.5504
2015-07-23,2015,7,113000,3199.7984
2015-07-24,2015,7,123000,3482.9664
2015-07-25,2015,7,127000,3596.2336
2015-07-26,2015,7,119000,3369.6992
2015-07-27,2015,7,122000,3454.6496
2015-07-28,2015,7,131000,3709.5008
2015-07-29,2015,7,136000,3851.0848
2015-07-30,2015,7,156000,4417.4208
2015-07-31,2015,7,143000,4049.3024
2015-08-01,2015,8,141000,3992.6688
2015-08-02,2015,8,115000,3256.432
2015-08-03,2015,8,119000,3369.6992
2015-08-04,2015,8,132000,3737.8176
2015-08-05,2015,8,126000,3567.9168
2015-08-06,2015,8,129000,3652.8672
2015-08-07,2015,8,153000,4332.4704
2015-08-08,2015,8,145000,4105.936
2015-08-09,2015,8,121000,3426.3328
2015-08-10,2015,8,133000,3766.1344
2015-08-11,2015,8,124000,3511.2832
2015-08-12,2015,8,136000,3851.0848
2015-08-13,2015,8,138000,3907.7184
2015-08-14,2015,8,131000,3709.5008
2015-08-15,2015,8,140000,3964.352
2015-08-16,2015,8,147000,4162.5696
2015-08-17,2015,8,146000,4134.2528
2015-08-18,2015,8,134000,3794.4512
2015-08-19,2015,8,153000,4332.4704
2015-08-20,2015,8,133000,3766.1344
2015-08-21,2015,8,132000,3737.8176
2015-08-22,2015,8,141000,3992.6688
2015-08-23,2015,8,147000,4162.5696
2015-08-24,2015,8,148000,4190.8864
2015-08-25,2015,8,150000,4247.52
2015-08-26,2015,8,141000,3992.6688
2015-08-27,2015,8,140000,3964.352
2015-08-28,2015,8,140000,3964.352
2015-08-29,2015,8,106000,3001.5808
2015-08-30,2015,8,101000,2859.9968
2015-08-31,2015,8,111000,3143.1648
2015-09-01,2015,9,97000,2746.7296
2015-09-02,2015,9,98300,2783.54144
2015-09-03,2015,9,110000,3114.848
2015-09-04,2015,9,106000,3001.5808
2015-09-05,2015,9,81300,2302.15584
2015-09-06,2015,9,78200,2214.37376
2015-09-07,2015,9,79000,2237.0272
2015-09-08,2015,9,98900,2800.53152
2015-09-09,2015,9,101000,2859.9968
2015-09-10,2015,9,106000,3001.5808
2015-09-11,2015,9,103000,2916.6304
2015-09-12,2015,9,102000,2888.3136
2015-09-13,2015,9,78500,2222.8688
2015-09-14,2015,9,84200,2384.27456
2015-09-15,2015,9,99500,2817.5216
2015-09-16,2015,9,108000,3058.2144
2015-09-17,2015,9,84500,2392.7696
2015-09-18,2015,9,94000,2661.7792
2015-09-19,2015,9,91100,2579.66048
2015-09-20,2015,9,71600,2027.48288
2015-09-21,2015,9,80600,2282.33408
2015-09-22,2015,9,96200,2724.07616
2015-09-23,2015,9,102000,2888.3136
2015-09-24,2015,9,123000,3482.9664
2015-09-25,2015,9,103000,2916.6304
2015-09-26,2015,9,92300,2613.64064
2015-09-27,2015,9,77500,2194.552
2015-09-28,2015,9,95500,2704.2544
2015-09-29,2015,9,122000,3454.6496
2015-09-30,2015,9,106000,3001.5808
2015-10-01,2015,10,92400,2616.47232
2015-10-02,2015,10,75300,2132.25504
2015-10-03,2015,10,79100,2239.85888
2015-10-04,2015,10,82500,2336.136
2015-10-05,2015,10,88600,2508.86848
2015-10-06,2015,10,106000,3001.5808
2015-10-07,2015,10,106000,3001.5808
2015-10-08,2015,10,92100,2607.97728
2015-10-09,2015,10,83800,2372.94784
2015-10-10,2015,10,81500,2307.8192
2015-10-11,2015,10,76700,2171.89856
2015-10-12,2015,10,68400,1936.86912
2015-10-13,2015,10,82100,2324.80928
2015-10-14,2015,10,101000,2859.9968
2015-10-15,2015,10,109000,3086.5312
2015-10-16,2015,10,104000,2944.9472
2015-10-17,2015,10,95500,2704.2544
2015-10-18,2015,10,74700,2115.26496
2015-10-19,2015,10,84800,2401.26464
2015-10-20,2015,10,88100,2494.71008
2015-10-21,2015,10,99000,2803.3632
2015-10-22,2015,10,1e+05,2831.68
2015-10-23,2015,10,108000,3058.2144
2015-10-24,2015,10,106000,3001.5808
2015-10-25,2015,10,102000,2888.3136
2015-10-26,2015,10,95300,2698.59104
2015-10-27,2015,10,109000,3086.5312
2015-10-28,2015,10,106000,3001.5808
2015-10-29,2015,10,84600,2395.60128
2015-10-30,2015,10,83200,2355.95776
2015-10-31,2015,10,92800,2627.79904
2015-11-01,2015,11,90200,2554.17536
2015-11-02,2015,11,98000,2775.0464
2015-11-03,2015,11,112000,3171.4816
2015-11-04,2015,11,113000,3199.7984
2015-11-05,2015,11,105000,2973.264
2015-11-06,2015,11,116000,3284.7488
2015-11-07,2015,11,125000,3539.6
2015-11-08,2015,11,119000,3369.6992
2015-11-09,2015,11,121000,3426.3328
2015-11-10,2015,11,125000,3539.6
2015-11-11,2015,11,116000,3284.7488
2015-11-12,2015,11,125000,3539.6
2015-11-13,2015,11,112000,3171.4816
2015-11-14,2015,11,113000,3199.7984
2015-11-15,2015,11,106000,3001.5808
2015-11-16,2015,11,129000,3652.8672
2015-11-17,2015,11,122000,3454.6496
2015-11-18,2015,11,132000,3737.8176
2015-11-19,2015,11,145000,4105.936
2015-11-20,2015,11,134000,3794.4512
2015-11-21,2015,11,143000,4049.3024
2015-11-22,2015,11,130000,3681.184
2015-11-23,2015,11,144000,4077.6192
2015-11-24,2015,11,150000,4247.52
2015-11-25,2015,11,141000,3992.6688
2015-11-26,2015,11,112000,3171.4816
2015-11-27,2015,11,128000,3624.5504
2015-11-28,2015,11,141000,3992.6688
2015-11-29,2015,11,141000,3992.6688
2015-11-30,2015,11,162000,4587.3216
2015-12-01,2015,12,123000,3482.9664
2015-12-02,2015,12,138000,3907.7184
2015-12-03,2015,12,129000,3652.8672
2015-12-04,2015,12,113000,3199.7984
2015-12-05,2015,12,115000,3256.432
2015-12-06,2015,12,114000,3228.1152
2015-12-07,2015,12,129000,3652.8672
2015-12-08,2015,12,127000,3596.2336
2015-12-09,2015,12,109000,3086.5312
2015-12-10,2015,12,150000,4247.52
2015-12-11,2015,12,174000,4927.1232
2015-12-12,2015,12,180000,5097.024
2015-12-13,2015,12,128000,3624.5504
2015-12-14,2015,12,134000,3794.4512
2015-12-15,2015,12,143000,4049.3024
2015-12-16,2015,12,146000,4134.2528
2015-12-17,2015,12,160000,4530.688
2015-12-18,2015,12,149000,4219.2032
2015-12-19,2015,12,149000,4219.2032
2015-12-20,2015,12,124000,3511.2832
2015-12-21,2015,12,156000,4417.4208
2015-12-22,2015,12,134000,3794.4512
2015-12-23,2015,12,120000,3398.016
2015-12-24,2015,12,97800,2769.38304
2015-12-25,2015,12,101000,2859.9968
2015-12-26,2015,12,119000,3369.6992
2015-12-27,2015,12,130000,3681.184
2015-12-28,2015,12,132000,3737.8176
2015-12-29,2015,12,142000,4020.9856
2015-12-30,2015,12,127000,3596.2336
2015-12-31,2015,12,147000,4162.5696
2016-01-01,2016,1,147000,4162.5696
2016-01-02,2016,1,152000,4304.1536
2016-01-03,2016,1,154000,4360.7872
2016-01-04,2016,1,157000,4445.7376
2016-01-05,2016,1,148000,4190.8864
2016-01-06,2016,1,149000,4219.2032
2016-01-07,2016,1,141000,3992.6688
2016-01-08,2016,1,147000,4162.5696
2016-01-09,2016,1,142000,4020.9856
2016-01-10,2016,1,128000,3624.5504
2016-01-11,2016,1,165000,4672.272
2016-01-12,2016,1,144000,4077.6192
2016-01-13,2016,1,143000,4049.3024
2016-01-14,2016,1,141000,3992.6688
2016-01-15,2016,1,134000,3794.4512
2016-01-16,2016,1,155000,4389.104
2016-01-17,2016,1,130000,3681.184
2016-01-18,2016,1,110000,3114.848
2016-01-19,2016,1,137000,3879.4016
2016-01-20,2016,1,127000,3596.2336
2016-01-21,2016,1,131000,3709.5008
2016-01-22,2016,1,94000,2661.7792
2016-01-23,2016,1,131000,3709.5008
2016-01-24,2016,1,138000,3907.7184
2016-01-25,2016,1,169000,4785.5392
2016-01-26,2016,1,166000,4700.5888
2016-01-27,2016,1,149000,4219.2032
2016-01-28,2016,1,169000,4785.5392
2016-01-29,2016,1,156000,4417.4208
2016-01-30,2016,1,171000,4842.1728
2016-01-31,2016,1,182000,5153.6576
2016-02-01,2016,2,163000,4615.6384
2016-02-02,2016,2,162000,4587.3216
2016-02-03,2016,2,162000,4587.3216
2016-02-04,2016,2,158000,4474.0544
2016-02-05,2016,2,125000,3539.6
2016-02-06,2016,2,115000,3256.432
2016-02-07,2016,2,111000,3143.1648
2016-02-08,2016,2,140000,3964.352
2016-02-09,2016,2,130000,3681.184
2016-02-10,2016,2,153000,4332.4704
2016-02-11,2016,2,165000,4672.272
2016-02-12,2016,2,169000,4785.5392
2016-02-13,2016,2,167000,4728.9056
2016-02-14,2016,2,145000,4105.936
2016-02-15,2016,2,152000,4304.1536
2016-02-16,2016,2,186000,5266.9248
2016-02-17,2016,2,233000,6597.8144
2016-02-18,2016,2,196000,5550.0928
2016-02-19,2016,2,196000,5550.0928
2016-02-20,2016,2,181000,5125.3408
2016-02-21,2016,2,221000,6258.0128
2016-02-22,2016,2,213000,6031.4784
2016-02-23,2016,2,182000,5153.6576
2016-02-24,2016,2,192000,5436.8256
2016-02-25,2016,2,196000,5550.0928
2016-02-26,2016,2,199000,5635.0432
2016-02-27,2016,2,163000,4615.6384
2016-02-28,2016,2,160000,4530.688
2016-02-29,2016,2,176000,4983.7568
2016-03-01,2016,3,198000,5606.7264
2016-03-02,2016,3,201000,5691.6768
2016-03-03,2016,3,168000,4757.2224
2016-03-04,2016,3,194000,5493.4592
2016-03-05,2016,3,214000,6059.7952
2016-03-06,2016,3,203000,5748.3104
2016-03-07,2016,3,189000,5351.8752
2016-03-08,2016,3,214000,6059.7952
2016-03-09,2016,3,243000,6880.9824
2016-03-10,2016,3,229000,6484.5472
2016-03-11,2016,3,242000,6852.6656
2016-03-12,2016,3,236000,6682.7648
2016-03-13,2016,3,201000,5691.6768
2016-03-14,2016,3,197000,5578.4096
2016-03-15,2016,3,218000,6173.0624
2016-03-16,2016,3,208000,5889.8944
2016-03-17,2016,3,216000,6116.4288
2016-03-18,2016,3,214000,6059.7952
2016-03-19,2016,3,209000,5918.2112
2016-03-20,2016,3,199000,5635.0432
2016-03-21,2016,3,2e+05,5663.36
2016-03-22,2016,3,193000,5465.1424
2016-03-23,2016,3,205000,5804.944
2016-03-24,2016,3,199000,5635.0432
2016-03-25,2016,3,213000,6031.4784
2016-03-26,2016,3,213000,6031.4784
2016-03-27,2016,3,195000,5521.776
2016-03-28,2016,3,210000,5946.528
2016-03-29,2016,3,212000,6003.1616
2016-03-30,2016,3,192000,5436.8256
2016-03-31,2016,3,209000,5918.2112
2016-04-01,2016,4,223000,6314.6464
2016-04-02,2016,4,195000,5521.776
2016-04-03,2016,4,180000,5097.024
2016-04-04,2016,4,177000,5012.0736
2016-04-05,2016,4,215000,6088.112
2016-04-06,2016,4,232000,6569.4976
2016-04-07,2016,4,252000,7135.8336
2016-04-08,2016,4,263000,7447.3184
2016-04-09,2016,4,220000,6229.696
2016-04-10,2016,4,241000,6824.3488
2016-04-11,2016,4,237000,6711.0816
2016-04-12,2016,4,251000,7107.5168
2016-04-13,2016,4,271000,7673.8528
2016-04-14,2016,4,307000,8693.2576
2016-04-15,2016,4,333000,9429.4944
2016-04-16,2016,4,341000,9656.0288
2016-04-17,2016,4,321000,9089.6928
2016-04-18,2016,4,333000,9429.4944
2016-04-19,2016,4,308000,8721.5744
2016-04-20,2016,4,294000,8325.1392
2016-04-21,2016,4,306000,8664.9408
2016-04-22,2016,4,343000,9712.6624
2016-04-23,2016,4,334000,9457.8112
2016-04-24,2016,4,349000,9882.5632
2016-04-25,2016,4,349000,9882.5632
2016-04-26,2016,4,330000,9344.544
2016-04-27,2016,4,305000,8636.624
2016-04-28,2016,4,315000,8919.792
2016-04-29,2016,4,296000,8381.7728
2016-04-30,2016,4,289000,8183.5552
2016-05-01,2016,5,281000,7957.0208
2016-05-02,2016,5,267000,7560.5856
2016-05-03,2016,5,250000,7079.2
2016-05-04,2016,5,254000,7192.4672
2016-05-05,2016,5,254000,7192.4672
2016-05-06,2016,5,284000,8041.9712
2016-05-07,2016,5,270000,7645.536
2016-05-08,2016,5,295000,8353.456
2016-05-09,2016,5,288000,8155.2384
2016-05-10,2016,5,309000,8749.8912
2016-05-11,2016,5,296000,8381.7728
2016-05-12,2016,5,285000,8070.288
2016-05-13,2016,5,279000,7900.3872
2016-05-14,2016,5,255000,7220.784
2016-05-15,2016,5,246000,6965.9328
2016-05-16,2016,5,262000,7419.0016
2016-05-17,2016,5,273000,7730.4864
2016-05-18,2016,5,229000,6484.5472
2016-05-19,2016,5,236000,6682.7648
2016-05-20,2016,5,267000,7560.5856
2016-05-21,2016,5,233000,6597.8144
2016-05-22,2016,5,198000,5606.7264
2016-05-23,2016,5,211000,5974.8448
2016-05-24,2016,5,229000,6484.5472
2016-05-25,2016,5,224000,6342.9632
2016-05-26,2016,5,215000,6088.112
2016-05-27,2016,5,227000,6427.9136
2016-05-28,2016,5,205000,5804.944
2016-05-29,2016,5,189000,5351.8752
2016-05-30,2016,5,217000,6144.7456
2016-05-31,2016,5,225000,6371.28
2016-06-01,2016,6,179000,5068.7072
2016-06-02,2016,6,205000,5804.944
2016-06-03,2016,6,219000,6201.3792
2016-06-04,2016,6,213000,6031.4784
2016-06-05,2016,6,235000,6654.448
2016-06-06,2016,6,219000,6201.3792
2016-06-07,2016,6,235000,6654.448
2016-06-08,2016,6,216000,6116.4288
2016-06-09,2016,6,220000,6229.696
2016-06-10,2016,6,195000,5521.776
2016-06-11,2016,6,208000,5889.8944
2016-06-12,2016,6,190000,5380.192
2016-06-13,2016,6,172000,4870.4896
2016-06-14,2016,6,198000,5606.7264
2016-06-15,2016,6,189000,5351.8752
2016-06-16,2016,6,186000,5266.9248
2016-06-17,2016,6,199000,5635.0432
2016-06-18,2016,6,176000,4983.7568
2016-06-19,2016,6,160000,4530.688
2016-06-20,2016,6,195000,5521.776
2016-06-21,2016,6,195000,5521.776
2016-06-22,2016,6,183000,5181.9744
2016-06-23,2016,6,191000,5408.5088
2016-06-24,2016,6,163000,4615.6384
2016-06-25,2016,6,195000,5521.776
2016-06-26,2016,6,197000,5578.4096
2016-06-27,2016,6,190000,5380.192
2016-06-28,2016,6,194000,5493.4592
2016-06-29,2016,6,185000,5238.608
2016-06-30,2016,6,181000,5125.3408
2016-07-01,2016,7,192000,5436.8256
2016-07-02,2016,7,162000,4587.3216
2016-07-03,2016,7,155000,4389.104
2016-07-04,2016,7,166000,4700.5888
2016-07-05,2016,7,171000,4842.1728
2016-07-06,2016,7,168000,4757.2224
2016-07-07,2016,7,166000,4700.5888
2016-07-08,2016,7,177000,5012.0736
2016-07-09,2016,7,163000,4615.6384
2016-07-10,2016,7,124000,3511.2832
2016-07-11,2016,7,127000,3596.2336
2016-07-12,2016,7,137000,3879.4016
2016-07-13,2016,7,154000,4360.7872
2016-07-14,2016,7,161000,4559.0048
2016-07-15,2016,7,153000,4332.4704
2016-07-16,2016,7,155000,4389.104
2016-07-17,2016,7,153000,4332.4704
2016-07-18,2016,7,158000,4474.0544
2016-07-19,2016,7,164000,4643.9552
2016-07-20,2016,7,141000,3992.6688
2016-07-21,2016,7,160000,4530.688
2016-07-22,2016,7,122000,3454.6496
2016-07-23,2016,7,139000,3936.0352
2016-07-24,2016,7,131000,3709.5008
2016-07-25,2016,7,138000,3907.7184
2016-07-26,2016,7,145000,4105.936
2016-07-27,2016,7,145000,4105.936
2016-07-28,2016,7,157000,4445.7376
2016-07-29,2016,7,158000,4474.0544
2016-07-30,2016,7,136000,3851.0848
2016-07-31,2016,7,150000,4247.52
2016-08-01,2016,8,173000,4898.8064
2016-08-02,2016,8,127000,3596.2336
2016-08-03,2016,8,126000,3567.9168
2016-08-04,2016,8,145000,4105.936
2016-08-05,2016,8,136000,3851.0848
2016-08-06,2016,8,127000,3596.2336
2016-08-07,2016,8,121000,3426.3328
2016-08-08,2016,8,129000,3652.8672
2016-08-09,2016,8,128000,3624.5504
2016-08-10,2016,8,133000,3766.1344
2016-08-11,2016,8,146000,4134.2528
2016-08-12,2016,8,143000,4049.3024
2016-08-13,2016,8,140000,3964.352
2016-08-14,2016,8,116000,3284.7488
2016-08-15,2016,8,106000,3001.5808
2016-08-16,2016,8,111000,3143.1648
2016-08-17,2016,8,127000,3596.2336
2016-08-18,2016,8,124000,3511.2832
2016-08-19,2016,8,151000,4275.8368
2016-08-20,2016,8,148000,4190.8864
2016-08-21,2016,8,107000,3029.8976
2016-08-22,2016,8,121000,3426.3328
2016-08-23,2016,8,122000,3454.6496
2016-08-24,2016,8,122000,3454.6496
2016-08-25,2016,8,119000,3369.6992
2016-08-26,2016,8,130000,3681.184
2016-08-27,2016,8,96000,2718.4128
2016-08-28,2016,8,111000,3143.1648
2016-08-29,2016,8,128000,3624.5504
2016-08-30,2016,8,114000,3228.1152
2016-08-31,2016,8,102000,2888.3136
2016-09-01,2016,9,94700,2681.60096
2016-09-02,2016,9,90700,2568.33376
2016-09-03,2016,9,94400,2673.10592
2016-09-04,2016,9,83800,2372.94784
2016-09-05,2016,9,86200,2440.90816
2016-09-06,2016,9,91600,2593.81888
2016-09-07,2016,9,88100,2494.71008
2016-09-08,2016,9,80200,2271.00736
2016-09-09,2016,9,71900,2035.97792
2016-09-10,2016,9,96700,2738.23456
2016-09-11,2016,9,81900,2319.14592
2016-09-12,2016,9,94200,2667.44256
2016-09-13,2016,9,74300,2103.93824
2016-09-14,2016,9,97400,2758.05632
2016-09-15,2016,9,98300,2783.54144
2016-09-16,2016,9,104000,2944.9472
2016-09-17,2016,9,83700,2370.11616
2016-09-18,2016,9,67200,1902.88896
2016-09-19,2016,9,101000,2859.9968
2016-09-20,2016,9,113000,3199.7984
2016-09-21,2016,9,106000,3001.5808
2016-09-22,2016,9,84700,2398.43296
2016-09-23,2016,9,80200,2271.00736
2016-09-24,2016,9,81400,2304.98752
2016-09-25,2016,9,92300,2613.64064
2016-09-26,2016,9,111000,3143.1648
2016-09-27,2016,9,111000,3143.1648
2016-09-28,2016,9,91800,2599.48224
2016-09-29,2016,9,91800,2599.48224
2016-09-30,2016,9,79700,2256.84896
2016-10-01,2016,10,79500,2251.1856
2016-10-02,2016,10,65000,1840.592
2016-10-03,2016,10,80000,2265.344
2016-10-04,2016,10,90000,2548.512
2016-10-05,2016,10,108000,3058.2144
2016-10-06,2016,10,96200,2724.07616
2016-10-07,2016,10,91300,2585.32384
2016-10-08,2016,10,93000,2633.4624
2016-10-09,2016,10,90900,2573.99712
2016-10-10,2016,10,114000,3228.1152
2016-10-11,2016,10,106000,3001.5808
2016-10-12,2016,10,127000,3596.2336
2016-10-13,2016,10,93200,2639.12576
2016-10-14,2016,10,113000,3199.7984
2016-10-15,2016,10,115000,3256.432
2016-10-16,2016,10,123000,3482.9664
2016-10-17,2016,10,111000,3143.1648
2016-10-18,2016,10,108000,3058.2144
2016-10-19,2016,10,119000,3369.6992
2016-10-20,2016,10,1e+05,2831.68
2016-10-21,2016,10,127000,3596.2336
2016-10-22,2016,10,107000,3029.8976
2016-10-23,2016,10,118000,3341.3824
2016-10-24,2016,10,128000,3624.5504
2016-10-25,2016,10,108000,3058.2144
2016-10-26,2016,10,131000,3709.5008
2016-10-27,2016,10,125000,3539.6
2016-10-28,2016,10,138000,3907.7184
2016-10-29,2016,10,151000,4275.8368
2016-10-30,2016,10,142000,4020.9856
2016-10-31,2016,10,140000,3964.352
2016-11-01,2016,11,140000,3964.352
2016-11-02,2016,11,156000,4417.4208
2016-11-03,2016,11,150000,4247.52
2016-11-04,2016,11,150000,4247.52
2016-11-05,2016,11,144000,4077.6192
2016-11-06,2016,11,133000,3766.1344
2016-11-07,2016,11,147000,4162.5696
2016-11-08,2016,11,138000,3907.7184
2016-11-09,2016,11,141000,3992.6688
2016-11-10,2016,11,142000,4020.9856
2016-11-11,2016,11,150000,4247.52
2016-11-12,2016,11,121000,3426.3328
2016-11-13,2016,11,131000,3709.5008
2016-11-14,2016,11,147000,4162.5696
2016-11-15,2016,11,125000,3539.6
2016-11-16,2016,11,137000,3879.4016
2016-11-17,2016,11,147000,4162.5696
2016-11-18,2016,11,144000,4077.6192
2016-11-19,2016,11,152000,4304.1536
2016-11-20,2016,11,157000,4445.7376
2016-11-21,2016,11,145000,4105.936
2016-11-22,2016,11,144000,4077.6192
2016-11-23,2016,11,157000,4445.7376
2016-11-24,2016,11,139000,3936.0352
2016-11-25,2016,11,124000,3511.2832
2016-11-26,2016,11,134000,3794.4512
2016-11-27,2016,11,142000,4020.9856
2016-11-28,2016,11,138000,3907.7184
2016-11-29,2016,11,143000,4049.3024
2016-11-30,2016,11,140000,3964.352
2016-12-01,2016,12,143000,4049.3024
2016-12-02,2016,12,149000,4219.2032
2016-12-03,2016,12,125000,3539.6
2016-12-04,2016,12,122000,3454.6496
2016-12-05,2016,12,134000,3794.4512
2016-12-06,2016,12,158000,4474.0544
2016-12-07,2016,12,170000,4813.856
2016-12-08,2016,12,170000,4813.856
2016-12-09,2016,12,166000,4700.5888
2016-12-10,2016,12,142000,4020.9856
2016-12-11,2016,12,134000,3794.4512
2016-12-12,2016,12,134000,3794.4512
2016-12-13,2016,12,143000,4049.3024
2016-12-14,2016,12,164000,4643.9552
2016-12-15,2016,12,158000,4474.0544
2016-12-16,2016,12,143000,4049.3024
2016-12-17,2016,12,161000,4559.0048
2016-12-18,2016,12,160000,4530.688
2016-12-19,2016,12,165000,4672.272
2016-12-20,2016,12,163000,4615.6384
2016-12-21,2016,12,149000,4219.2032
2016-12-22,2016,12,171000,4842.1728
2016-12-23,2016,12,177000,5012.0736
2016-12-24,2016,12,153000,4332.4704
2016-12-25,2016,12,163000,4615.6384
2016-12-26,2016,12,175000,4955.44
2016-12-27,2016,12,179000,5068.7072
2016-12-28,2016,12,144000,4077.6192
2016-12-29,2016,12,150000,4247.52
2016-12-30,2016,12,165000,4672.272
2016-12-31,2016,12,146000,4134.2528
2017-01-01,2017,1,165000,4672.272
2017-01-02,2017,1,168000,4757.2224
2017-01-03,2017,1,177000,5012.0736
2017-01-04,2017,1,174000,4927.1232
2017-01-05,2017,1,201000,5691.6768
2017-01-06,2017,1,195000,5521.776
2017-01-07,2017,1,196000,5550.0928
2017-01-08,2017,1,184000,5210.2912
2017-01-09,2017,1,169000,4785.5392
2017-01-10,2017,1,175000,4955.44
2017-01-11,2017,1,191000,5408.5088
2017-01-12,2017,1,194000,5493.4592
2017-01-13,2017,1,187000,5295.2416
2017-01-14,2017,1,179000,5068.7072
2017-01-15,2017,1,187000,5295.2416
2017-01-16,2017,1,181000,5125.3408
2017-01-17,2017,1,188000,5323.5584
2017-01-18,2017,1,181000,5125.3408
2017-01-19,2017,1,175000,4955.44
2017-01-20,2017,1,172000,4870.4896
2017-01-21,2017,1,161000,4559.0048
2017-01-22,2017,1,154000,4360.7872
2017-01-23,2017,1,170000,4813.856
2017-01-24,2017,1,181000,5125.3408
2017-01-25,2017,1,167000,4728.9056
2017-01-26,2017,1,156000,4417.4208
2017-01-27,2017,1,165000,4672.272
2017-01-28,2017,1,144000,4077.6192
2017-01-29,2017,1,141000,3992.6688
2017-01-30,2017,1,147000,4162.5696
2017-01-31,2017,1,154000,4360.7872
2017-02-01,2017,2,159000,4502.3712
2017-02-02,2017,2,160000,4530.688
2017-02-03,2017,2,170000,4813.856
2017-02-04,2017,2,172000,4870.4896
2017-02-05,2017,2,174000,4927.1232
2017-02-06,2017,2,164000,4643.9552
2017-02-07,2017,2,169000,4785.5392
2017-02-08,2017,2,174000,4927.1232
2017-02-09,2017,2,187000,5295.2416
2017-02-10,2017,2,203000,5748.3104
2017-02-11,2017,2,239000,6767.7152
2017-02-12,2017,2,245000,6937.616
2017-02-13,2017,2,248000,7022.5664
2017-02-14,2017,2,210000,5946.528
2017-02-15,2017,2,203000,5748.3104
2017-02-16,2017,2,203000,5748.3104
2017-02-17,2017,2,208000,5889.8944
2017-02-18,2017,2,239000,6767.7152
2017-02-19,2017,2,262000,7419.0016
2017-02-20,2017,2,255000,7220.784
2017-02-21,2017,2,257000,7277.4176
2017-02-22,2017,2,256000,7249.1008
2017-02-23,2017,2,275000,7787.12
2017-02-24,2017,2,271000,7673.8528
2017-02-25,2017,2,265000,7503.952
2017-02-26,2017,2,259000,7334.0512
2017-02-27,2017,2,228000,6456.2304
2017-02-28,2017,2,226000,6399.5968
2017-03-01,2017,3,228000,6456.2304
2017-03-02,2017,3,226000,6399.5968
2017-03-03,2017,3,250000,7079.2
2017-03-04,2017,3,267000,7560.5856
2017-03-05,2017,3,240000,6796.032
2017-03-06,2017,3,225000,6371.28
2017-03-07,2017,3,248000,7022.5664
2017-03-08,2017,3,246000,6965.9328
2017-03-09,2017,3,266000,7532.2688
2017-03-10,2017,3,281000,7957.0208
2017-03-11,2017,3,303000,8579.9904
2017-03-12,2017,3,314000,8891.4752
2017-03-13,2017,3,303000,8579.9904
2017-03-14,2017,3,343000,9712.6624
2017-03-15,2017,3,356000,10080.7808
2017-03-16,2017,3,342000,9684.3456
2017-03-17,2017,3,386000,10930.2848
2017-03-18,2017,3,405000,11468.304
2017-03-19,2017,3,384000,10873.6512
2017-03-20,2017,3,416000,11779.7888
2017-03-21,2017,3,449000,12714.2432
2017-03-22,2017,3,450000,12742.56
2017-03-23,2017,3,465000,13167.312
2017-03-24,2017,3,452000,12799.1936
2017-03-25,2017,3,450000,12742.56
2017-03-26,2017,3,448000,12685.9264
2017-03-27,2017,3,437000,12374.4416
2017-03-28,2017,3,444000,12572.6592
2017-03-29,2017,3,446000,12629.2928
2017-03-30,2017,3,422000,11949.6896
2017-03-31,2017,3,441000,12487.7088
2017-04-01,2017,4,438000,12402.7584
2017-04-02,2017,4,461000,13054.0448
2017-04-03,2017,4,445000,12600.976
2017-04-04,2017,4,444000,12572.6592
2017-04-05,2017,4,441000,12487.7088
2017-04-06,2017,4,416000,11779.7888
2017-04-07,2017,4,377000,10675.4336
2017-04-08,2017,4,392000,11100.1856
2017-04-09,2017,4,419000,11864.7392
2017-04-10,2017,4,391000,11071.8688
2017-04-11,2017,4,388000,10986.9184
2017-04-12,2017,4,393000,11128.5024
2017-04-13,2017,4,401000,11355.0368
2017-04-14,2017,4,395000,11185.136
2017-04-15,2017,4,397000,11241.7696
2017-04-16,2017,4,381000,10788.7008
2017-04-17,2017,4,365000,10335.632
2017-04-18,2017,4,375000,10618.8
2017-04-19,2017,4,347000,9825.9296
2017-04-20,2017,4,333000,9429.4944
2017-04-21,2017,4,394000,11156.8192
2017-04-22,2017,4,378000,10703.7504
2017-04-23,2017,4,370000,10477.216
2017-04-24,2017,4,351000,9939.1968
2017-04-25,2017,4,355000,10052.464
2017-04-26,2017,4,376000,10647.1168
2017-04-27,2017,4,375000,10618.8
2017-04-28,2017,4,375000,10618.8
2017-04-29,2017,4,381000,10788.7008
2017-04-30,2017,4,349000,9882.5632
2017-05-01,2017,5,343000,9712.6624
2017-05-02,2017,5,356000,10080.7808
2017-05-03,2017,5,340000,9627.712
2017-05-04,2017,5,335000,9486.128
2017-05-05,2017,5,341000,9656.0288
2017-05-06,2017,5,397000,11241.7696
2017-05-07,2017,5,454000,12855.8272
2017-05-08,2017,5,464000,13138.9952
2017-05-09,2017,5,458000,12969.0944
2017-05-10,2017,5,449000,12714.2432
2017-05-11,2017,5,439000,12431.0752
2017-05-12,2017,5,451000,12770.8768
2017-05-13,2017,5,447000,12657.6096
2017-05-14,2017,5,444000,12572.6592
2017-05-15,2017,5,439000,12431.0752
2017-05-16,2017,5,429000,12147.9072
2017-05-17,2017,5,426000,12062.9568
2017-05-18,2017,5,449000,12714.2432
2017-05-19,2017,5,428000,12119.5904
2017-05-20,2017,5,414000,11723.1552
2017-05-21,2017,5,398000,11270.0864
2017-05-22,2017,5,395000,11185.136
2017-05-23,2017,5,395000,11185.136
2017-05-24,2017,5,411000,11638.2048
2017-05-25,2017,5,445000,12600.976
2017-05-26,2017,5,453000,12827.5104
2017-05-27,2017,5,444000,12572.6592
2017-05-28,2017,5,420000,11893.056
2017-05-29,2017,5,430000,12176.224
2017-05-30,2017,5,434000,12289.4912
2017-05-31,2017,5,457000,12940.7776
2017-06-01,2017,6,459000,12997.4112
2017-06-02,2017,6,468000,13252.2624
2017-06-03,2017,6,465000,13167.312
2017-06-04,2017,6,449000,12714.2432
2017-06-05,2017,6,462000,13082.3616
2017-06-06,2017,6,439000,12431.0752
2017-06-07,2017,6,430000,12176.224
2017-06-08,2017,6,436000,12346.1248
2017-06-09,2017,6,442000,12516.0256
2017-06-10,2017,6,453000,12827.5104
2017-06-11,2017,6,412000,11666.5216
2017-06-12,2017,6,392000,11100.1856
2017-06-13,2017,6,369000,10448.8992
2017-06-14,2017,6,401000,11355.0368
2017-06-15,2017,6,406000,11496.6208
2017-06-16,2017,6,354000,10024.1472
2017-06-17,2017,6,329000,9316.2272
2017-06-18,2017,6,334000,9457.8112
2017-06-19,2017,6,346000,9797.6128
2017-06-20,2017,6,313000,8863.1584
2017-06-21,2017,6,321000,9089.6928
2017-06-22,2017,6,324000,9174.6432
2017-06-23,2017,6,316000,8948.1088
2017-06-24,2017,6,302000,8551.6736
2017-06-25,2017,6,303000,8579.9904
2017-06-26,2017,6,266000,7532.2688
2017-06-27,2017,6,268000,7588.9024
2017-06-28,2017,6,257000,7277.4176
2017-06-29,2017,6,271000,7673.8528
2017-06-30,2017,6,259000,7334.0512
2017-07-01,2017,7,235000,6654.448
2017-07-02,2017,7,231000,6541.1808
2017-07-03,2017,7,219000,6201.3792
2017-07-04,2017,7,220000,6229.696
2017-07-05,2017,7,219000,6201.3792
2017-07-06,2017,7,206000,5833.2608
2017-07-07,2017,7,219000,6201.3792
2017-07-08,2017,7,195000,5521.776
2017-07-09,2017,7,197000,5578.4096
2017-07-10,2017,7,183000,5181.9744
2017-07-11,2017,7,190000,5380.192
2017-07-12,2017,7,176000,4983.7568
2017-07-13,2017,7,187000,5295.2416
2017-07-14,2017,7,210000,5946.528
2017-07-15,2017,7,179000,5068.7072
2017-07-16,2017,7,180000,5097.024
2017-07-17,2017,7,175000,4955.44
2017-07-18,2017,7,195000,5521.776
2017-07-19,2017,7,194000,5493.4592
2017-07-20,2017,7,179000,5068.7072
2017-07-21,2017,7,169000,4785.5392
2017-07-22,2017,7,156000,4417.4208
2017-07-23,2017,7,139000,3936.0352
2017-07-24,2017,7,156000,4417.4208
2017-07-25,2017,7,152000,4304.1536
2017-07-26,2017,7,149000,4219.2032
2017-07-27,2017,7,138000,3907.7184
2017-07-28,2017,7,155000,4389.104
2017-07-29,2017,7,175000,4955.44
2017-07-30,2017,7,134000,3794.4512
2017-07-31,2017,7,162000,4587.3216
2017-08-01,2017,8,150000,4247.52
2017-08-02,2017,8,162000,4587.3216
2017-08-03,2017,8,147000,4162.5696
2017-08-04,2017,8,141000,3992.6688
2017-08-05,2017,8,133000,3766.1344
2017-08-06,2017,8,127000,3596.2336
2017-08-07,2017,8,122000,3454.6496
2017-08-08,2017,8,140000,3964.352
2017-08-09,2017,8,144000,4077.6192
2017-08-10,2017,8,146000,4134.2528
2017-08-11,2017,8,136000,3851.0848
2017-08-12,2017,8,126000,3567.9168
2017-08-13,2017,8,123000,3482.9664
2017-08-14,2017,8,139000,3936.0352
2017-08-15,2017,8,139000,3936.0352
2017-08-16,2017,8,124000,3511.2832
2017-08-17,2017,8,115000,3256.432
2017-08-18,2017,8,108000,3058.2144
2017-08-19,2017,8,121000,3426.3328
2017-08-20,2017,8,114000,3228.1152
2017-08-21,2017,8,124000,3511.2832
2017-08-22,2017,8,124000,3511.2832
2017-08-23,2017,8,126000,3567.9168
2017-08-24,2017,8,115000,3256.432
2017-08-25,2017,8,114000,3228.1152
2017-08-26,2017,8,107000,3029.8976
2017-08-27,2017,8,1e+05,2831.68
2017-08-28,2017,8,118000,3341.3824
2017-08-29,2017,8,141000,3992.6688
2017-08-30,2017,8,129000,3652.8672
2017-08-31,2017,8,140000,3964.352
2017-09-01,2017,9,148000,4190.8864
2017-09-02,2017,9,128000,3624.5504
2017-09-03,2017,9,97400,2758.05632
2017-09-04,2017,9,107000,3029.8976
2017-09-05,2017,9,112000,3171.4816
2017-09-06,2017,9,123000,3482.9664
2017-09-07,2017,9,132000,3737.8176
2017-09-08,2017,9,118000,3341.3824
2017-09-09,2017,9,95800,2712.74944
2017-09-10,2017,9,110000,3114.848
2017-09-11,2017,9,121000,3426.3328
2017-09-12,2017,9,118000,3341.3824
2017-09-13,2017,9,112000,3171.4816
2017-09-14,2017,9,111000,3143.1648
2017-09-15,2017,9,120000,3398.016
2017-09-16,2017,9,137000,3879.4016
2017-09-17,2017,9,105000,2973.264
2017-09-18,2017,9,92100,2607.97728
2017-09-19,2017,9,92500,2619.304
2017-09-20,2017,9,94100,2664.61088
2017-09-21,2017,9,104000,2944.9472
2017-09-22,2017,9,99600,2820.35328
2017-09-23,2017,9,78100,2211.54208
2017-09-24,2017,9,77300,2188.88864
2017-09-25,2017,9,88000,2491.8784
2017-09-26,2017,9,120000,3398.016
2017-09-27,2017,9,121000,3426.3328
2017-09-28,2017,9,112000,3171.4816
2017-09-29,2017,9,115000,3256.432
2017-09-30,2017,9,77300,2188.88864
2017-10-01,2017,10,82000,2321.9776
2017-10-02,2017,10,107000,3029.8976
2017-10-03,2017,10,112000,3171.4816
2017-10-04,2017,10,115000,3256.432
2017-10-05,2017,10,119000,3369.6992
2017-10-06,2017,10,94700,2681.60096
2017-10-07,2017,10,79600,2254.01728
2017-10-08,2017,10,82200,2327.64096
2017-10-09,2017,10,108000,3058.2144
2017-10-10,2017,10,105000,2973.264
2017-10-11,2017,10,97200,2752.39296
2017-10-12,2017,10,114000,3228.1152
2017-10-13,2017,10,96600,2735.40288
2017-10-14,2017,10,87700,2483.38336
2017-10-15,2017,10,87900,2489.04672
2017-10-16,2017,10,88200,2497.54176
2017-10-17,2017,10,78600,2225.70048
2017-10-18,2017,10,95800,2712.74944
2017-10-19,2017,10,84800,2401.26464
2017-10-20,2017,10,67600,1914.21568
2017-10-21,2017,10,87700,2483.38336
2017-10-22,2017,10,74900,2120.92832
2017-10-23,2017,10,87800,2486.21504
2017-10-24,2017,10,110000,3114.848
2017-10-25,2017,10,70700,2001.99776
2017-10-26,2017,10,89100,2523.02688
2017-10-27,2017,10,87000,2463.5616
2017-10-28,2017,10,79800,2259.68064
2017-10-29,2017,10,72900,2064.29472
2017-10-30,2017,10,99400,2814.68992
2017-10-31,2017,10,98800,2797.69984
2017-11-01,2017,11,75700,2143.58176
2017-11-02,2017,11,91500,2590.9872
2017-11-03,2017,11,99100,2806.19488
2017-11-04,2017,11,105000,2973.264
2017-11-05,2017,11,99600,2820.35328
2017-11-06,2017,11,111000,3143.1648
2017-11-07,2017,11,132000,3737.8176
2017-11-08,2017,11,137000,3879.4016
2017-11-09,2017,11,111000,3143.1648
2017-11-10,2017,11,121000,3426.3328
2017-11-11,2017,11,119000,3369.6992
2017-11-12,2017,11,129000,3652.8672
2017-11-13,2017,11,114000,3228.1152
2017-11-14,2017,11,109000,3086.5312
2017-11-15,2017,11,120000,3398.016
2017-11-16,2017,11,113000,3199.7984
2017-11-17,2017,11,118000,3341.3824
2017-11-18,2017,11,115000,3256.432
2017-11-19,2017,11,128000,3624.5504
2017-11-20,2017,11,124000,3511.2832
2017-11-21,2017,11,128000,3624.5504
2017-11-22,2017,11,139000,3936.0352
2017-11-23,2017,11,108000,3058.2144
2017-11-24,2017,11,110000,3114.848
2017-11-25,2017,11,136000,3851.0848
2017-11-26,2017,11,143000,4049.3024
2017-11-27,2017,11,128000,3624.5504
2017-11-28,2017,11,147000,4162.5696
2017-11-29,2017,11,135000,3822.768
2017-11-30,2017,11,139000,3936.0352
2017-12-01,2017,12,134000,3794.4512
2017-12-02,2017,12,145000,4105.936
2017-12-03,2017,12,143000,4049.3024
2017-12-04,2017,12,134000,3794.4512
2017-12-05,2017,12,129000,3652.8672
2017-12-06,2017,12,147000,4162.5696
2017-12-07,2017,12,163000,4615.6384
2017-12-08,2017,12,168000,4757.2224
2017-12-09,2017,12,160000,4530.688
2017-12-10,2017,12,150000,4247.52
2017-12-11,2017,12,168000,4757.2224
2017-12-12,2017,12,169000,4785.5392
2017-12-13,2017,12,165000,4672.272
2017-12-14,2017,12,161000,4559.0048
2017-12-15,2017,12,145000,4105.936
2017-12-16,2017,12,129000,3652.8672
2017-12-17,2017,12,130000,3681.184
2017-12-18,2017,12,129000,3652.8672
2017-12-19,2017,12,141000,3992.6688
2017-12-20,2017,12,142000,4020.9856
2017-12-21,2017,12,140000,3964.352
2017-12-22,2017,12,143000,4049.3024
2017-12-23,2017,12,146000,4134.2528
2017-12-24,2017,12,157000,4445.7376
2017-12-25,2017,12,148000,4190.8864
2017-12-26,2017,12,182000,5153.6576
2017-12-27,2017,12,165000,4672.272
2017-12-28,2017,12,162000,4587.3216
2017-12-29,2017,12,159000,4502.3712
2017-12-30,2017,12,141000,3992.6688
2017-12-31,2017,12,157000,4445.7376
2018-01-01,2018,1,154000,4360.7872
2018-01-02,2018,1,184000,5210.2912
2018-01-03,2018,1,190000,5380.192
2018-01-04,2018,1,188000,5323.5584
2018-01-05,2018,1,181000,5125.3408
2018-01-06,2018,1,171000,4842.1728
2018-01-07,2018,1,146000,4134.2528
2018-01-08,2018,1,195000,5521.776
2018-01-09,2018,1,196000,5550.0928
2018-01-10,2018,1,181000,5125.3408
2018-01-11,2018,1,2e+05,5663.36
2018-01-12,2018,1,211000,5974.8448
2018-01-13,2018,1,223000,6314.6464
2018-01-14,2018,1,203000,5748.3104
2018-01-15,2018,1,208000,5889.8944
2018-01-16,2018,1,208000,5889.8944
2018-01-17,2018,1,210000,5946.528
2018-01-18,2018,1,213000,6031.4784
2018-01-19,2018,1,203000,5748.3104
2018-01-20,2018,1,207000,5861.5776
2018-01-21,2018,1,202000,5719.9936
2018-01-22,2018,1,195000,5521.776
2018-01-23,2018,1,206000,5833.2608
2018-01-24,2018,1,209000,5918.2112
2018-01-25,2018,1,198000,5606.7264
2018-01-26,2018,1,196000,5550.0928
2018-01-27,2018,1,196000,5550.0928
2018-01-28,2018,1,198000,5606.7264
2018-01-29,2018,1,2e+05,5663.36
2018-01-30,2018,1,194000,5493.4592
2018-01-31,2018,1,209000,5918.2112
2018-02-01,2018,2,226000,6399.5968
2018-02-02,2018,2,226000,6399.5968
2018-02-03,2018,2,208000,5889.8944
2018-02-04,2018,2,220000,6229.696
2018-02-05,2018,2,233000,6597.8144
2018-02-06,2018,2,251000,7107.5168
2018-02-07,2018,2,226000,6399.5968
2018-02-08,2018,2,261000,7390.6848
2018-02-09,2018,2,252000,7135.8336
2018-02-10,2018,2,267000,7560.5856
2018-02-11,2018,2,294000,8325.1392
2018-02-12,2018,2,268000,7588.9024
2018-02-13,2018,2,253000,7164.1504
2018-02-14,2018,2,241000,6824.3488
2018-02-15,2018,2,239000,6767.7152
2018-02-16,2018,2,241000,6824.3488
2018-02-17,2018,2,231000,6541.1808
2018-02-18,2018,2,254000,7192.4672
2018-02-19,2018,2,246000,6965.9328
2018-02-20,2018,2,242000,6852.6656
2018-02-21,2018,2,230000,6512.864
2018-02-22,2018,2,235000,6654.448
2018-02-23,2018,2,229000,6484.5472
2018-02-24,2018,2,230000,6512.864
2018-02-25,2018,2,215000,6088.112
2018-02-26,2018,2,213000,6031.4784
2018-02-27,2018,2,213000,6031.4784
2018-02-28,2018,2,212000,6003.1616
2018-03-01,2018,3,220000,6229.696
2018-03-02,2018,3,218000,6173.0624
2018-03-03,2018,3,215000,6088.112
2018-03-04,2018,3,192000,5436.8256
2018-03-05,2018,3,219000,6201.3792
2018-03-06,2018,3,208000,5889.8944
2018-03-07,2018,3,186000,5266.9248
2018-03-08,2018,3,185000,5238.608
2018-03-09,2018,3,190000,5380.192
2018-03-10,2018,3,210000,5946.528
2018-03-11,2018,3,207000,5861.5776
2018-03-12,2018,3,208000,5889.8944
2018-03-13,2018,3,206000,5833.2608
2018-03-14,2018,3,197000,5578.4096
2018-03-15,2018,3,202000,5719.9936
2018-03-16,2018,3,199000,5635.0432
2018-03-17,2018,3,210000,5946.528
2018-03-18,2018,3,202000,5719.9936
2018-03-19,2018,3,204000,5776.6272
2018-03-20,2018,3,195000,5521.776
2018-03-21,2018,3,204000,5776.6272
2018-03-22,2018,3,204000,5776.6272
2018-03-23,2018,3,203000,5748.3104
2018-03-24,2018,3,197000,5578.4096
2018-03-25,2018,3,191000,5408.5088
2018-03-26,2018,3,191000,5408.5088
2018-03-27,2018,3,198000,5606.7264
2018-03-28,2018,3,190000,5380.192
2018-03-29,2018,3,196000,5550.0928
2018-03-30,2018,3,179000,5068.7072
2018-03-31,2018,3,189000,5351.8752
2018-04-01,2018,4,186000,5266.9248
2018-04-02,2018,4,186000,5266.9248
2018-04-03,2018,4,216000,6116.4288
2018-04-04,2018,4,205000,5804.944
2018-04-05,2018,4,225000,6371.28
2018-04-06,2018,4,245000,6937.616
2018-04-07,2018,4,249000,7050.8832
2018-04-08,2018,4,255000,7220.784
2018-04-09,2018,4,261000,7390.6848
2018-04-10,2018,4,277000,7843.7536
2018-04-11,2018,4,271000,7673.8528
2018-04-12,2018,4,258000,7305.7344
2018-04-13,2018,4,297000,8410.0896
2018-04-14,2018,4,284000,8041.9712
2018-04-15,2018,4,289000,8183.5552
2018-04-16,2018,4,264000,7475.6352
2018-04-17,2018,4,286000,8098.6048
2018-04-18,2018,4,315000,8919.792
2018-04-19,2018,4,312000,8834.8416
2018-04-20,2018,4,297000,8410.0896
2018-04-21,2018,4,296000,8381.7728
2018-04-22,2018,4,270000,7645.536
2018-04-23,2018,4,295000,8353.456
2018-04-24,2018,4,286000,8098.6048
2018-04-25,2018,4,283000,8013.6544
2018-04-26,2018,4,288000,8155.2384
2018-04-27,2018,4,294000,8325.1392
2018-04-28,2018,4,283000,8013.6544
2018-04-29,2018,4,337000,9542.7616
2018-04-30,2018,4,350000,9910.88
2018-05-01,2018,5,333000,9429.4944
2018-05-02,2018,5,335000,9486.128
2018-05-03,2018,5,347000,9825.9296
2018-05-04,2018,5,318000,9004.7424
2018-05-05,2018,5,361000,10222.3648
2018-05-06,2018,5,369000,10448.8992
2018-05-07,2018,5,394000,11156.8192
2018-05-08,2018,5,431000,12204.5408
2018-05-09,2018,5,427000,12091.2736
2018-05-10,2018,5,436000,12346.1248
2018-05-11,2018,5,456000,12912.4608
2018-05-12,2018,5,495000,14016.816
2018-05-13,2018,5,501000,14186.7168
2018-05-14,2018,5,493000,13960.1824
2018-05-15,2018,5,497000,14073.4496
2018-05-16,2018,5,506000,14328.3008
2018-05-17,2018,5,5e+05,14158.4
2018-05-18,2018,5,512000,14498.2016
2018-05-19,2018,5,508000,14384.9344
2018-05-20,2018,5,507000,14356.6176
2018-05-21,2018,5,513000,14526.5184
2018-05-22,2018,5,510000,14441.568
2018-05-23,2018,5,503000,14243.3504
2018-05-24,2018,5,502000,14215.0336
2018-05-25,2018,5,496000,14045.1328
2018-05-26,2018,5,444000,12572.6592
2018-05-27,2018,5,495000,14016.816
2018-05-28,2018,5,461000,13054.0448
2018-05-29,2018,5,447000,12657.6096
2018-05-30,2018,5,463000,13110.6784
2018-05-31,2018,5,412000,11666.5216
2018-06-01,2018,6,386000,10930.2848
2018-06-02,2018,6,431000,12204.5408
2018-06-03,2018,6,374000,10590.4832
2018-06-04,2018,6,373000,10562.1664
2018-06-05,2018,6,339000,9599.3952
2018-06-06,2018,6,352000,9967.5136
2018-06-07,2018,6,322000,9118.0096
2018-06-08,2018,6,297000,8410.0896
2018-06-09,2018,6,295000,8353.456
2018-06-10,2018,6,288000,8155.2384
2018-06-11,2018,6,297000,8410.0896
2018-06-12,2018,6,304000,8608.3072
2018-06-13,2018,6,241000,6824.3488
2018-06-14,2018,6,230000,6512.864
2018-06-15,2018,6,229000,6484.5472
2018-06-16,2018,6,217000,6144.7456
2018-06-17,2018,6,206000,5833.2608
2018-06-18,2018,6,215000,6088.112
2018-06-19,2018,6,227000,6427.9136
2018-06-20,2018,6,225000,6371.28
2018-06-21,2018,6,220000,6229.696
2018-06-22,2018,6,205000,5804.944
2018-06-23,2018,6,233000,6597.8144
2018-06-24,2018,6,254000,7192.4672
2018-06-25,2018,6,244000,6909.2992
2018-06-26,2018,6,260000,7362.368
2018-06-27,2018,6,265000,7503.952
2018-06-28,2018,6,251000,7107.5168
2018-06-29,2018,6,251000,7107.5168
2018-06-30,2018,6,226000,6399.5968
2018-07-01,2018,7,197000,5578.4096
2018-07-02,2018,7,172000,4870.4896
2018-07-03,2018,7,197000,5578.4096
2018-07-04,2018,7,162000,4587.3216
2018-07-05,2018,7,156000,4417.4208
2018-07-06,2018,7,169000,4785.5392
2018-07-07,2018,7,158000,4474.0544
2018-07-08,2018,7,166000,4700.5888
2018-07-09,2018,7,154000,4360.7872
2018-07-10,2018,7,170000,4813.856
2018-07-11,2018,7,2e+05,5663.36
2018-07-12,2018,7,192000,5436.8256
2018-07-13,2018,7,161000,4559.0048
2018-07-14,2018,7,185000,5238.608
2018-07-15,2018,7,163000,4615.6384
2018-07-16,2018,7,197000,5578.4096
2018-07-17,2018,7,177000,5012.0736
2018-07-18,2018,7,162000,4587.3216
2018-07-19,2018,7,169000,4785.5392
2018-07-20,2018,7,155000,4389.104
2018-07-21,2018,7,179000,5068.7072
2018-07-22,2018,7,138000,3907.7184
2018-07-23,2018,7,177000,5012.0736
2018-07-24,2018,7,190000,5380.192
2018-07-25,2018,7,152000,4304.1536
2018-07-26,2018,7,166000,4700.5888
2018-07-27,2018,7,170000,4813.856
2018-07-28,2018,7,155000,4389.104
2018-07-29,2018,7,168000,4757.2224
2018-07-30,2018,7,181000,5125.3408
2018-07-31,2018,7,166000,4700.5888
2018-08-01,2018,8,137000,3879.4016
2018-08-02,2018,8,130000,3681.184
2018-08-03,2018,8,114000,3228.1152
2018-08-04,2018,8,133000,3766.1344
2018-08-05,2018,8,129000,3652.8672
2018-08-06,2018,8,161000,4559.0048
2018-08-07,2018,8,136000,3851.0848
2018-08-08,2018,8,146000,4134.2528
2018-08-09,2018,8,142000,4020.9856
2018-08-10,2018,8,156000,4417.4208
2018-08-11,2018,8,132000,3737.8176
2018-08-12,2018,8,117000,3313.0656
2018-08-13,2018,8,129000,3652.8672
2018-08-14,2018,8,142000,4020.9856
2018-08-15,2018,8,153000,4332.4704
2018-08-16,2018,8,133000,3766.1344
2018-08-17,2018,8,114000,3228.1152
2018-08-18,2018,8,106000,3001.5808
2018-08-19,2018,8,107000,3029.8976
2018-08-20,2018,8,133000,3766.1344
2018-08-21,2018,8,142000,4020.9856
2018-08-22,2018,8,153000,4332.4704
2018-08-23,2018,8,131000,3709.5008
2018-08-24,2018,8,124000,3511.2832
2018-08-25,2018,8,149000,4219.2032
2018-08-26,2018,8,153000,4332.4704
2018-08-27,2018,8,126000,3567.9168
2018-08-28,2018,8,125000,3539.6
2018-08-29,2018,8,140000,3964.352
2018-08-30,2018,8,130000,3681.184
2018-08-31,2018,8,115000,3256.432
2018-09-01,2018,9,101000,2859.9968
2018-09-02,2018,9,101000,2859.9968
2018-09-03,2018,9,101000,2859.9968
2018-09-04,2018,9,109000,3086.5312
2018-09-05,2018,9,102000,2888.3136
2018-09-06,2018,9,105000,2973.264
2018-09-07,2018,9,110000,3114.848
2018-09-08,2018,9,86000,2435.2448
2018-09-09,2018,9,82100,2324.80928
2018-09-10,2018,9,83100,2353.12608
2018-09-11,2018,9,98600,2792.03648
2018-09-12,2018,9,96800,2741.06624
2018-09-13,2018,9,74800,2118.09664
2018-09-14,2018,9,105000,2973.264
2018-09-15,2018,9,97100,2749.56128
2018-09-16,2018,9,83500,2364.4528
2018-09-17,2018,9,107000,3029.8976
2018-09-18,2018,9,90800,2571.16544
2018-09-19,2018,9,86500,2449.4032
2018-09-20,2018,9,73500,2081.2848
2018-09-21,2018,9,82800,2344.63104
2018-09-22,2018,9,75100,2126.59168
2018-09-23,2018,9,62300,1764.13664
2018-09-24,2018,9,95400,2701.42272
2018-09-25,2018,9,131000,3709.5008
2018-09-26,2018,9,101000,2859.9968
2018-09-27,2018,9,96000,2718.4128
2018-09-28,2018,9,90500,2562.6704
2018-09-29,2018,9,79700,2256.84896
2018-09-30,2018,9,92100,2607.97728
2018-10-01,2018,10,80200,2271.00736
2018-10-02,2018,10,70800,2004.82944
2018-10-03,2018,10,88500,2506.0368
2018-10-04,2018,10,87200,2469.22496
2018-10-05,2018,10,89900,2545.68032
2018-10-06,2018,10,72500,2052.968
2018-10-07,2018,10,75600,2140.75008
2018-10-08,2018,10,74600,2112.43328
2018-10-09,2018,10,76400,2163.40352
2018-10-10,2018,10,90500,2562.6704
2018-10-11,2018,10,91700,2596.65056
2018-10-12,2018,10,93400,2644.78912
2018-10-13,2018,10,84600,2395.60128
2018-10-14,2018,10,87000,2463.5616
2018-10-15,2018,10,104000,2944.9472
2018-10-16,2018,10,88700,2511.70016
2018-10-17,2018,10,86700,2455.06656
2018-10-18,2018,10,82700,2341.79936
2018-10-19,2018,10,87700,2483.38336
2018-10-20,2018,10,71200,2016.15616
2018-10-21,2018,10,72500,2052.968
2018-10-22,2018,10,95000,2690.096
2018-10-23,2018,10,111000,3143.1648
2018-10-24,2018,10,125000,3539.6
2018-10-25,2018,10,112000,3171.4816
2018-10-26,2018,10,117000,3313.0656
2018-10-27,2018,10,106000,3001.5808
2018-10-28,2018,10,87800,2486.21504
2018-10-29,2018,10,94500,2675.9376
2018-10-30,2018,10,89000,2520.1952
2018-10-31,2018,10,97100,2749.56128
2018-11-01,2018,11,89400,2531.52192
2018-11-02,2018,11,125000,3539.6
2018-11-03,2018,11,127000,3596.2336
2018-11-04,2018,11,118000,3341.3824
2018-11-05,2018,11,122000,3454.6496
2018-11-06,2018,11,121000,3426.3328
2018-11-07,2018,11,127000,3596.2336
2018-11-08,2018,11,126000,3567.9168
2018-11-09,2018,11,132000,3737.8176
2018-11-10,2018,11,126000,3567.9168
2018-11-11,2018,11,140000,3964.352
2018-11-12,2018,11,147000,4162.5696
2018-11-13,2018,11,156000,4417.4208
2018-11-14,2018,11,130000,3681.184
2018-11-15,2018,11,122000,3454.6496
2018-11-16,2018,11,124000,3511.2832
2018-11-17,2018,11,130000,3681.184
2018-11-18,2018,11,133000,3766.1344
2018-11-19,2018,11,138000,3907.7184
2018-11-20,2018,11,138000,3907.7184
2018-11-21,2018,11,126000,3567.9168
2018-11-22,2018,11,119000,3369.6992
2018-11-23,2018,11,123000,3482.9664
2018-11-24,2018,11,126000,3567.9168
2018-11-25,2018,11,123000,3482.9664
2018-11-26,2018,11,124000,3511.2832
2018-11-27,2018,11,114000,3228.1152
2018-11-28,2018,11,116000,3284.7488
2018-11-29,2018,11,119000,3369.6992
2018-11-30,2018,11,120000,3398.016
2018-12-01,2018,12,123000,3482.9664
2018-12-02,2018,12,116000,3284.7488
2018-12-03,2018,12,134000,3794.4512
2018-12-04,2018,12,134000,3794.4512
2018-12-05,2018,12,141000,3992.6688
2018-12-06,2018,12,138000,3907.7184
2018-12-07,2018,12,153000,4332.4704
2018-12-08,2018,12,143000,4049.3024
2018-12-09,2018,12,139000,3936.0352
2018-12-10,2018,12,129000,3652.8672
2018-12-11,2018,12,133000,3766.1344
2018-12-12,2018,12,129000,3652.8672
2018-12-13,2018,12,133000,3766.1344
2018-12-14,2018,12,119000,3369.6992
2018-12-15,2018,12,122000,3454.6496
2018-12-16,2018,12,129000,3652.8672
2018-12-17,2018,12,116000,3284.7488
2018-12-18,2018,12,115000,3256.432
2018-12-19,2018,12,112000,3171.4816
2018-12-20,2018,12,109000,3086.5312
2018-12-21,2018,12,111000,3143.1648
2018-12-22,2018,12,107000,3029.8976
2018-12-23,2018,12,125000,3539.6
2018-12-24,2018,12,122000,3454.6496
2018-12-25,2018,12,104000,2944.9472
2018-12-26,2018,12,115000,3256.432
2018-12-27,2018,12,105000,2973.264
2018-12-28,2018,12,134000,3794.4512
2018-12-29,2018,12,107000,3029.8976
2018-12-30,2018,12,106000,3001.5808
2018-12-31,2018,12,123000,3482.9664
2019-01-01,2019,1,130000,3681.184
2019-01-02,2019,1,130000,3681.184
2019-01-03,2019,1,122000,3454.6496
2019-01-04,2019,1,118000,3341.3824
2019-01-05,2019,1,147000,4162.5696
2019-01-06,2019,1,124000,3511.2832
2019-01-07,2019,1,127000,3596.2336
2019-01-08,2019,1,144000,4077.6192
2019-01-09,2019,1,146000,4134.2528
2019-01-10,2019,1,145000,4105.936
2019-01-11,2019,1,154000,4360.7872
2019-01-12,2019,1,146000,4134.2528
2019-01-13,2019,1,114000,3228.1152
2019-01-14,2019,1,147000,4162.5696
2019-01-15,2019,1,160000,4530.688
2019-01-16,2019,1,158000,4474.0544
2019-01-17,2019,1,147000,4162.5696
2019-01-18,2019,1,115000,3256.432
2019-01-19,2019,1,112000,3171.4816
2019-01-20,2019,1,111000,3143.1648
2019-01-21,2019,1,98300,2783.54144
2019-01-22,2019,1,136000,3851.0848
2019-01-23,2019,1,109000,3086.5312
2019-01-24,2019,1,136000,3851.0848
2019-01-25,2019,1,127000,3596.2336
2019-01-26,2019,1,132000,3737.8176
2019-01-27,2019,1,116000,3284.7488
2019-01-28,2019,1,124000,3511.2832
2019-01-29,2019,1,141000,3992.6688
2019-01-30,2019,1,147000,4162.5696
2019-01-31,2019,1,143000,4049.3024
2019-02-01,2019,2,139000,3936.0352
2019-02-02,2019,2,141000,3992.6688
2019-02-03,2019,2,126000,3567.9168
2019-02-04,2019,2,134000,3794.4512
2019-02-05,2019,2,143000,4049.3024
2019-02-06,2019,2,150000,4247.52
2019-02-07,2019,2,136000,3851.0848
2019-02-08,2019,2,138000,3907.7184
2019-02-09,2019,2,129000,3652.8672
2019-02-10,2019,2,133000,3766.1344
2019-02-11,2019,2,128000,3624.5504
2019-02-12,2019,2,131000,3709.5008
2019-02-13,2019,2,139000,3936.0352
2019-02-14,2019,2,151000,4275.8368
2019-02-15,2019,2,125000,3539.6
2019-02-16,2019,2,136000,3851.0848
2019-02-17,2019,2,143000,4049.3024
2019-02-18,2019,2,155000,4389.104
2019-02-19,2019,2,133000,3766.1344
2019-02-20,2019,2,125000,3539.6
2019-02-21,2019,2,124000,3511.2832
2019-02-22,2019,2,137000,3879.4016
2019-02-23,2019,2,148000,4190.8864
2019-02-24,2019,2,148000,4190.8864
2019-02-25,2019,2,132000,3737.8176
2019-02-26,2019,2,144000,4077.6192
2019-02-27,2019,2,144000,4077.6192
2019-02-28,2019,2,127000,3596.2336
2019-03-01,2019,3,120000,3398.016
2019-03-02,2019,3,121000,3426.3328
2019-03-03,2019,3,124000,3511.2832
2019-03-04,2019,3,140000,3964.352
2019-03-05,2019,3,151000,4275.8368
2019-03-06,2019,3,159000,4502.3712
2019-03-07,2019,3,169000,4785.5392
2019-03-08,2019,3,159000,4502.3712
2019-03-09,2019,3,167000,4728.9056
2019-03-10,2019,3,152000,4304.1536
2019-03-11,2019,3,134000,3794.4512
2019-03-12,2019,3,119000,3369.6992
2019-03-13,2019,3,121000,3426.3328
2019-03-14,2019,3,117000,3313.0656
2019-03-15,2019,3,134000,3794.4512
2019-03-16,2019,3,115000,3256.432
2019-03-17,2019,3,140000,3964.352
2019-03-18,2019,3,132000,3737.8176
2019-03-19,2019,3,126000,3567.9168
2019-03-20,2019,3,136000,3851.0848
2019-03-21,2019,3,121000,3426.3328
2019-03-22,2019,3,158000,4474.0544
2019-03-23,2019,3,167000,4728.9056
2019-03-24,2019,3,180000,5097.024
2019-03-25,2019,3,177000,5012.0736
2019-03-26,2019,3,192000,5436.8256
2019-03-27,2019,3,188000,5323.5584
2019-03-28,2019,3,193000,5465.1424
2019-03-29,2019,3,190000,5380.192
2019-03-30,2019,3,186000,5266.9248
2019-03-31,2019,3,198000,5606.7264
2019-04-01,2019,4,177000,5012.0736
2019-04-02,2019,4,157000,4445.7376
2019-04-03,2019,4,133000,3766.1344
2019-04-04,2019,4,161000,4559.0048
2019-04-05,2019,4,174000,4927.1232
2019-04-06,2019,4,2e+05,5663.36
2019-04-07,2019,4,215000,6088.112
2019-04-08,2019,4,206000,5833.2608
2019-04-09,2019,4,251000,7107.5168
2019-04-10,2019,4,364000,10307.3152
2019-04-11,2019,4,347000,9825.9296
2019-04-12,2019,4,308000,8721.5744
2019-04-13,2019,4,250000,7079.2
2019-04-14,2019,4,241000,6824.3488
2019-04-15,2019,4,239000,6767.7152
2019-04-16,2019,4,214000,6059.7952
2019-04-17,2019,4,216000,6116.4288
2019-04-18,2019,4,225000,6371.28
2019-04-19,2019,4,233000,6597.8144
2019-04-20,2019,4,215000,6088.112
2019-04-21,2019,4,253000,7164.1504
2019-04-22,2019,4,289000,8183.5552
2019-04-23,2019,4,302000,8551.6736
2019-04-24,2019,4,330000,9344.544
2019-04-25,2019,4,354000,10024.1472
2019-04-26,2019,4,307000,8693.2576
2019-04-27,2019,4,295000,8353.456
2019-04-28,2019,4,295000,8353.456
2019-04-29,2019,4,287000,8126.9216
2019-04-30,2019,4,275000,7787.12
2019-05-01,2019,5,265000,7503.952
2019-05-02,2019,5,238000,6739.3984
2019-05-03,2019,5,246000,6965.9328
2019-05-04,2019,5,247000,6994.2496
2019-05-05,2019,5,227000,6427.9136
2019-05-06,2019,5,236000,6682.7648
2019-05-07,2019,5,241000,6824.3488
2019-05-08,2019,5,236000,6682.7648
2019-05-09,2019,5,255000,7220.784
2019-05-10,2019,5,260000,7362.368
2019-05-11,2019,5,278000,7872.0704
2019-05-12,2019,5,272000,7702.1696
2019-05-13,2019,5,281000,7957.0208
2019-05-14,2019,5,299000,8466.7232
2019-05-15,2019,5,342000,9684.3456
2019-05-16,2019,5,325000,9202.96
2019-05-17,2019,5,318000,9004.7424
2019-05-18,2019,5,355000,10052.464
2019-05-19,2019,5,349000,9882.5632
2019-05-20,2019,5,336000,9514.4448
2019-05-21,2019,5,308000,8721.5744
2019-05-22,2019,5,302000,8551.6736
2019-05-23,2019,5,297000,8410.0896
2019-05-24,2019,5,262000,7419.0016
2019-05-25,2019,5,281000,7957.0208
2019-05-26,2019,5,296000,8381.7728
2019-05-27,2019,5,271000,7673.8528
2019-05-28,2019,5,296000,8381.7728
2019-05-29,2019,5,299000,8466.7232
2019-05-30,2019,5,309000,8749.8912
2019-05-31,2019,5,336000,9514.4448
2019-06-01,2019,6,336000,9514.4448
2019-06-02,2019,6,304000,8608.3072
2019-06-03,2019,6,307000,8693.2576
2019-06-04,2019,6,311000,8806.5248
2019-06-05,2019,6,288000,8155.2384
2019-06-06,2019,6,299000,8466.7232
2019-06-07,2019,6,245000,6937.616
2019-06-08,2019,6,244000,6909.2992
2019-06-09,2019,6,246000,6965.9328
2019-06-10,2019,6,262000,7419.0016
2019-06-11,2019,6,236000,6682.7648
2019-06-12,2019,6,232000,6569.4976
2019-06-13,2019,6,222000,6286.3296
2019-06-14,2019,6,212000,6003.1616
2019-06-15,2019,6,212000,6003.1616
2019-06-16,2019,6,188000,5323.5584
2019-06-17,2019,6,197000,5578.4096
2019-06-18,2019,6,182000,5153.6576
2019-06-19,2019,6,162000,4587.3216
2019-06-20,2019,6,179000,5068.7072
2019-06-21,2019,6,201000,5691.6768
2019-06-22,2019,6,192000,5436.8256
2019-06-23,2019,6,151000,4275.8368
2019-06-24,2019,6,176000,4983.7568
2019-06-25,2019,6,168000,4757.2224
2019-06-26,2019,6,177000,5012.0736
2019-06-27,2019,6,168000,4757.2224
2019-06-28,2019,6,180000,5097.024
2019-06-29,2019,6,157000,4445.7376
2019-06-30,2019,6,155000,4389.104
2019-07-01,2019,7,165000,4672.272
2019-07-02,2019,7,129000,3652.8672
2019-07-03,2019,7,135000,3822.768
2019-07-04,2019,7,127000,3596.2336
2019-07-05,2019,7,134000,3794.4512
2019-07-06,2019,7,131000,3709.5008
2019-07-07,2019,7,131000,3709.5008
2019-07-08,2019,7,140000,3964.352
2019-07-09,2019,7,135000,3822.768
2019-07-10,2019,7,123000,3482.9664
2019-07-11,2019,7,142000,4020.9856
2019-07-12,2019,7,146000,4134.2528
2019-07-13,2019,7,153000,4332.4704
2019-07-14,2019,7,129000,3652.8672
2019-07-15,2019,7,151000,4275.8368
2019-07-16,2019,7,139000,3936.0352
2019-07-17,2019,7,130000,3681.184
2019-07-18,2019,7,129000,3652.8672
2019-07-19,2019,7,146000,4134.2528
2019-07-20,2019,7,149000,4219.2032
2019-07-21,2019,7,143000,4049.3024
2019-07-22,2019,7,128000,3624.5504
2019-07-23,2019,7,138000,3907.7184
2019-07-24,2019,7,131000,3709.5008
2019-07-25,2019,7,138000,3907.7184
2019-07-26,2019,7,159000,4502.3712
2019-07-27,2019,7,129000,3652.8672
2019-07-28,2019,7,127000,3596.2336
2019-07-29,2019,7,137000,3879.4016
2019-07-30,2019,7,134000,3794.4512
2019-07-31,2019,7,142000,4020.9856
2019-08-01,2019,8,166000,4700.5888
2019-08-02,2019,8,149000,4219.2032
2019-08-03,2019,8,149000,4219.2032
2019-08-04,2019,8,141000,3992.6688
2019-08-05,2019,8,143000,4049.3024
2019-08-06,2019,8,142000,4020.9856
2019-08-07,2019,8,148000,4190.8864
2019-08-08,2019,8,142000,4020.9856
2019-08-09,2019,8,123000,3482.9664
2019-08-10,2019,8,134000,3794.4512
2019-08-11,2019,8,115000,3256.432
2019-08-12,2019,8,113000,3199.7984
2019-08-13,2019,8,135000,3822.768
2019-08-14,2019,8,145000,4105.936
2019-08-15,2019,8,118000,3341.3824
2019-08-16,2019,8,110000,3114.848
2019-08-17,2019,8,114000,3228.1152
2019-08-18,2019,8,107000,3029.8976
2019-08-19,2019,8,109000,3086.5312
2019-08-20,2019,8,125000,3539.6
2019-08-21,2019,8,139000,3936.0352
2019-08-22,2019,8,140000,3964.352
2019-08-23,2019,8,134000,3794.4512
2019-08-24,2019,8,110000,3114.848
2019-08-25,2019,8,96100,2721.24448
2019-08-26,2019,8,106000,3001.5808
2019-08-27,2019,8,114000,3228.1152
2019-08-28,2019,8,120000,3398.016
2019-08-29,2019,8,128000,3624.5504
2019-08-30,2019,8,117000,3313.0656
2019-08-31,2019,8,120000,3398.016
2019-09-01,2019,9,101000,2859.9968
2019-09-02,2019,9,97200,2752.39296
2019-09-03,2019,9,109000,3086.5312
2019-09-04,2019,9,102000,2888.3136
2019-09-05,2019,9,97500,2760.888
2019-09-06,2019,9,93000,2633.4624
2019-09-07,2019,9,91700,2596.65056
2019-09-08,2019,9,76600,2169.06688
2019-09-09,2019,9,72600,2055.79968
2019-09-10,2019,9,85200,2412.59136
2019-09-11,2019,9,89300,2528.69024
2019-09-12,2019,9,110000,3114.848
2019-09-13,2019,9,81600,2310.65088
2019-09-14,2019,9,81300,2302.15584
2019-09-15,2019,9,76600,2169.06688
2019-09-16,2019,9,79100,2239.85888
2019-09-17,2019,9,102000,2888.3136
2019-09-18,2019,9,92300,2613.64064
2019-09-19,2019,9,83900,2375.77952
2019-09-20,2019,9,75100,2126.59168
2019-09-21,2019,9,75500,2137.9184
2019-09-22,2019,9,88000,2491.8784
2019-09-23,2019,9,74100,2098.27488
2019-09-24,2019,9,67000,1897.2256
2019-09-25,2019,9,85200,2412.59136
2019-09-26,2019,9,68100,1928.37408
2019-09-27,2019,9,76200,2157.74016
2019-09-28,2019,9,86200,2440.90816
2019-09-29,2019,9,76000,2152.0768
2019-09-30,2019,9,97400,2758.05632
2019-10-01,2019,10,93400,2644.78912
2019-10-02,2019,10,1e+05,2831.68
2019-10-03,2019,10,96200,2724.07616
2019-10-04,2019,10,81900,2319.14592
2019-10-05,2019,10,79300,2245.52224
2019-10-06,2019,10,76700,2171.89856
2019-10-07,2019,10,76200,2157.74016
2019-10-08,2019,10,74500,2109.6016
2019-10-09,2019,10,103000,2916.6304
2019-10-10,2019,10,99300,2811.85824
2019-10-11,2019,10,99600,2820.35328
2019-10-12,2019,10,76500,2166.2352
2019-10-13,2019,10,84000,2378.6112
2019-10-14,2019,10,84400,2389.93792
2019-10-15,2019,10,93600,2650.45248
2019-10-16,2019,10,101000,2859.9968
2019-10-17,2019,10,81400,2304.98752
2019-10-18,2019,10,86600,2452.23488
2019-10-19,2019,10,72300,2047.30464
2019-10-20,2019,10,92200,2610.80896
2019-10-21,2019,10,83400,2361.62112
2019-10-22,2019,10,68400,1936.86912
2019-10-23,2019,10,91200,2582.49216
2019-10-24,2019,10,81500,2307.8192
2019-10-25,2019,10,68800,1948.19584
2019-10-26,2019,10,77700,2200.21536
2019-10-27,2019,10,82400,2333.30432
2019-10-28,2019,10,1e+05,2831.68
2019-10-29,2019,10,108000,3058.2144
2019-10-30,2019,10,104000,2944.9472
2019-10-31,2019,10,91800,2599.48224
2019-11-01,2019,11,91700,2596.65056
2019-11-02,2019,11,108000,3058.2144
2019-11-03,2019,11,90000,2548.512
2019-11-04,2019,11,109000,3086.5312
2019-11-05,2019,11,125000,3539.6
2019-11-06,2019,11,132000,3737.8176
2019-11-07,2019,11,119000,3369.6992
2019-11-08,2019,11,119000,3369.6992
2019-11-09,2019,11,120000,3398.016
2019-11-10,2019,11,121000,3426.3328
2019-11-11,2019,11,111000,3143.1648
2019-11-12,2019,11,111000,3143.1648
2019-11-13,2019,11,113000,3199.7984
2019-11-14,2019,11,118000,3341.3824
2019-11-15,2019,11,108000,3058.2144
2019-11-16,2019,11,112000,3171.4816
2019-11-17,2019,11,109000,3086.5312
2019-11-18,2019,11,115000,3256.432
2019-11-19,2019,11,116000,3284.7488
2019-11-20,2019,11,120000,3398.016
2019-11-21,2019,11,119000,3369.6992
2019-11-22,2019,11,121000,3426.3328
2019-11-23,2019,11,118000,3341.3824
2019-11-24,2019,11,117000,3313.0656
2019-11-25,2019,11,120000,3398.016
2019-11-26,2019,11,121000,3426.3328
2019-11-27,2019,11,122000,3454.6496
2019-11-28,2019,11,115000,3256.432
2019-11-29,2019,11,128000,3624.5504
2019-11-30,2019,11,124000,3511.2832
2019-12-01,2019,12,120000,3398.016
2019-12-02,2019,12,126000,3567.9168
2019-12-03,2019,12,128000,3624.5504
2019-12-04,2019,12,129000,3652.8672
2019-12-05,2019,12,131000,3709.5008
2019-12-06,2019,12,128000,3624.5504
2019-12-07,2019,12,114000,3228.1152
2019-12-08,2019,12,113000,3199.7984
2019-12-09,2019,12,125000,3539.6
2019-12-10,2019,12,126000,3567.9168
2019-12-11,2019,12,112000,3171.4816
2019-12-12,2019,12,109000,3086.5312
2019-12-13,2019,12,103000,2916.6304
2019-12-14,2019,12,104000,2944.9472
2019-12-15,2019,12,112000,3171.4816
2019-12-16,2019,12,115000,3256.432
2019-12-17,2019,12,124000,3511.2832
2019-12-18,2019,12,124000,3511.2832
2019-12-19,2019,12,125000,3539.6
2019-12-20,2019,12,110000,3114.848
2019-12-21,2019,12,95400,2701.42272
2019-12-22,2019,12,95100,2692.92768
2019-12-23,2019,12,111000,3143.1648
2019-12-24,2019,12,112000,3171.4816
2019-12-25,2019,12,109000,3086.5312
2019-12-26,2019,12,121000,3426.3328
2019-12-27,2019,12,126000,3567.9168
2019-12-28,2019,12,121000,3426.3328
2019-12-29,2019,12,114000,3228.1152
2019-12-30,2019,12,114000,3228.1152
2019-12-31,2019,12,107000,3029.8976
2020-01-01,2020,1,120000,3398.016
2020-01-02,2020,1,108000,3058.2144
2020-01-03,2020,1,113000,3199.7984
2020-01-04,2020,1,112000,3171.4816
2020-01-05,2020,1,112000,3171.4816
2020-01-06,2020,1,111000,3143.1648
2020-01-07,2020,1,106000,3001.5808
2020-01-08,2020,1,113000,3199.7984
2020-01-09,2020,1,119000,3369.6992
2020-01-10,2020,1,155000,4389.104
2020-01-11,2020,1,122000,3454.6496
2020-01-12,2020,1,119000,3369.6992
2020-01-13,2020,1,140000,3964.352
2020-01-14,2020,1,157000,4445.7376
2020-01-15,2020,1,151000,4275.8368
2020-01-16,2020,1,151000,4275.8368
2020-01-17,2020,1,162000,4587.3216
2020-01-18,2020,1,160000,4530.688
2020-01-19,2020,1,120000,3398.016
2020-01-20,2020,1,138000,3907.7184
2020-01-21,2020,1,148000,4190.8864
2020-01-22,2020,1,150000,4247.52
2020-01-23,2020,1,155000,4389.104
2020-01-24,2020,1,168000,4757.2224
2020-01-25,2020,1,182000,5153.6576
2020-01-26,2020,1,148000,4190.8864
2020-01-27,2020,1,150000,4247.52
2020-01-28,2020,1,168000,4757.2224
2020-01-29,2020,1,172000,4870.4896
2020-01-30,2020,1,160000,4530.688
2020-01-31,2020,1,161000,4559.0048
2020-02-01,2020,2,132000,3737.8176
2020-02-02,2020,2,144000,4077.6192
2020-02-03,2020,2,152000,4304.1536
2020-02-04,2020,2,187000,5295.2416
2020-02-05,2020,2,184000,5210.2912
2020-02-06,2020,2,193000,5465.1424
2020-02-07,2020,2,214000,6059.7952
2020-02-08,2020,2,232000,6569.4976
2020-02-09,2020,2,222000,6286.3296
2020-02-10,2020,2,225000,6371.28
2020-02-11,2020,2,198000,5606.7264
2020-02-12,2020,2,208000,5889.8944
2020-02-13,2020,2,199000,5635.0432
2020-02-14,2020,2,195000,5521.776
2020-02-15,2020,2,210000,5946.528
2020-02-16,2020,2,164000,4643.9552
2020-02-17,2020,2,196000,5550.0928
2020-02-18,2020,2,202000,5719.9936
2020-02-19,2020,2,174000,4927.1232
2020-02-20,2020,2,169000,4785.5392
2020-02-21,2020,2,169000,4785.5392
2020-02-22,2020,2,157000,4445.7376
2020-02-23,2020,2,140000,3964.352
2020-02-24,2020,2,142000,4020.9856
2020-02-25,2020,2,167000,4728.9056
2020-02-26,2020,2,164000,4643.9552
2020-02-27,2020,2,166000,4700.5888
2020-02-28,2020,2,167000,4728.9056
2020-02-29,2020,2,166000,4700.5888
2020-03-01,2020,3,156000,4417.4208
2020-03-02,2020,3,134000,3794.4512
2020-03-03,2020,3,137000,3879.4016
2020-03-04,2020,3,156000,4417.4208
2020-03-05,2020,3,158000,4474.0544
2020-03-06,2020,3,154000,4360.7872
2020-03-07,2020,3,141000,3992.6688
2020-03-08,2020,3,138000,3907.7184
2020-03-09,2020,3,165000,4672.272
2020-03-10,2020,3,139000,3936.0352
2020-03-11,2020,3,116000,3284.7488
2020-03-12,2020,3,128000,3624.5504
2020-03-13,2020,3,123000,3482.9664
2020-03-14,2020,3,125000,3539.6
2020-03-15,2020,3,122000,3454.6496
2020-03-16,2020,3,134000,3794.4512
2020-03-17,2020,3,127000,3596.2336
2020-03-18,2020,3,114000,3228.1152
2020-03-19,2020,3,116000,3284.7488
2020-03-20,2020,3,122000,3454.6496
2020-03-21,2020,3,116000,3284.7488
2020-03-22,2020,3,122000,3454.6496
2020-03-23,2020,3,125000,3539.6
2020-03-24,2020,3,112000,3171.4816
2020-03-25,2020,3,136000,3851.0848
2020-03-26,2020,3,115000,3256.432
2020-03-27,2020,3,124000,3511.2832
2020-03-28,2020,3,119000,3369.6992
2020-03-29,2020,3,121000,3426.3328
2020-03-30,2020,3,123000,3482.9664
2020-03-31,2020,3,132000,3737.8176
2020-04-01,2020,4,144000,4077.6192
2020-04-02,2020,4,148000,4190.8864
2020-04-03,2020,4,106000,3001.5808
2020-04-04,2020,4,127000,3596.2336
2020-04-05,2020,4,132000,3737.8176
2020-04-06,2020,4,110000,3114.848
2020-04-07,2020,4,115000,3256.432
2020-04-08,2020,4,134000,3794.4512
2020-04-09,2020,4,127000,3596.2336
2020-04-10,2020,4,131000,3709.5008
2020-04-11,2020,4,132000,3737.8176
2020-04-12,2020,4,136000,3851.0848
2020-04-13,2020,4,138000,3907.7184
2020-04-14,2020,4,132000,3737.8176
2020-04-15,2020,4,152000,4304.1536
2020-04-16,2020,4,148000,4190.8864
2020-04-17,2020,4,162000,4587.3216
2020-04-18,2020,4,152000,4304.1536
2020-04-19,2020,4,147000,4162.5696
2020-04-20,2020,4,159000,4502.3712
2020-04-21,2020,4,167000,4728.9056
2020-04-22,2020,4,171000,4842.1728
2020-04-23,2020,4,182000,5153.6576
2020-04-24,2020,4,196000,5550.0928
2020-04-25,2020,4,194000,5493.4592
2020-04-26,2020,4,2e+05,5663.36
2020-04-27,2020,4,206000,5833.2608
2020-04-28,2020,4,242000,6852.6656
2020-04-29,2020,4,263000,7447.3184
2020-04-30,2020,4,221000,6258.0128
2020-05-01,2020,5,249000,7050.8832
2020-05-02,2020,5,270000,7645.536
2020-05-03,2020,5,255000,7220.784
2020-05-04,2020,5,275000,7787.12
2020-05-05,2020,5,266000,7532.2688
2020-05-06,2020,5,242000,6852.6656
2020-05-07,2020,5,280000,7928.704
2020-05-08,2020,5,292000,8268.5056
2020-05-09,2020,5,270000,7645.536
2020-05-10,2020,5,254000,7192.4672
2020-05-11,2020,5,290000,8211.872
2020-05-12,2020,5,315000,8919.792
2020-05-13,2020,5,312000,8834.8416
2020-05-14,2020,5,345000,9769.296
2020-05-15,2020,5,335000,9486.128
2020-05-16,2020,5,315000,8919.792
2020-05-17,2020,5,301000,8523.3568
2020-05-18,2020,5,316000,8948.1088
2020-05-19,2020,5,335000,9486.128
2020-05-20,2020,5,357000,10109.0976
2020-05-21,2020,5,344000,9740.9792
2020-05-22,2020,5,346000,9797.6128
2020-05-23,2020,5,342000,9684.3456
2020-05-24,2020,5,341000,9656.0288
2020-05-25,2020,5,321000,9089.6928
2020-05-26,2020,5,317000,8976.4256
2020-05-27,2020,5,316000,8948.1088
2020-05-28,2020,5,343000,9712.6624
2020-05-29,2020,5,369000,10448.8992
2020-05-30,2020,5,363000,10278.9984
2020-05-31,2020,5,371000,10505.5328
2020-06-01,2020,6,396000,11213.4528
2020-06-02,2020,6,413000,11694.8384
2020-06-03,2020,6,374000,10590.4832
2020-06-04,2020,6,351000,9939.1968
2020-06-05,2020,6,386000,10930.2848
2020-06-06,2020,6,369000,10448.8992
2020-06-07,2020,6,345000,9769.296
2020-06-08,2020,6,357000,10109.0976
2020-06-09,2020,6,328000,9287.9104
2020-06-10,2020,6,290000,8211.872
2020-06-11,2020,6,309000,8749.8912
2020-06-12,2020,6,324000,9174.6432
2020-06-13,2020,6,280000,7928.704
2020-06-14,2020,6,289000,8183.5552
2020-06-15,2020,6,307000,8693.2576
2020-06-16,2020,6,270000,7645.536
2020-06-17,2020,6,279000,7900.3872
2020-06-18,2020,6,297000,8410.0896
2020-06-19,2020,6,308000,8721.5744
2020-06-20,2020,6,291000,8240.1888
2020-06-21,2020,6,273000,7730.4864
2020-06-22,2020,6,294000,8325.1392
2020-06-23,2020,6,296000,8381.7728
2020-06-24,2020,6,286000,8098.6048
2020-06-25,2020,6,302000,8551.6736
2020-06-26,2020,6,303000,8579.9904
2020-06-27,2020,6,289000,8183.5552
2020-06-28,2020,6,317000,8976.4256
2020-06-29,2020,6,304000,8608.3072
2020-06-30,2020,6,314000,8891.4752
2020-07-01,2020,7,294000,8325.1392
2020-07-02,2020,7,307000,8693.2576
2020-07-03,2020,7,311000,8806.5248
2020-07-04,2020,7,280000,7928.704
2020-07-05,2020,7,247000,6994.2496
2020-07-06,2020,7,212000,6003.1616
2020-07-07,2020,7,228000,6456.2304
2020-07-08,2020,7,224000,6342.9632
2020-07-09,2020,7,228000,6456.2304
2020-07-10,2020,7,247000,6994.2496
2020-07-11,2020,7,231000,6541.1808
2020-07-12,2020,7,202000,5719.9936
2020-07-13,2020,7,208000,5889.8944
2020-07-14,2020,7,232000,6569.4976
2020-07-15,2020,7,216000,6116.4288
2020-07-16,2020,7,199000,5635.0432
2020-07-17,2020,7,184000,5210.2912
2020-07-18,2020,7,197000,5578.4096
2020-07-19,2020,7,173000,4898.8064
2020-07-20,2020,7,196000,5550.0928
2020-07-21,2020,7,206000,5833.2608
2020-07-22,2020,7,182000,5153.6576
2020-07-23,2020,7,184000,5210.2912
2020-07-24,2020,7,158000,4474.0544
2020-07-25,2020,7,187000,5295.2416
2020-07-26,2020,7,192000,5436.8256
2020-07-27,2020,7,177000,5012.0736
2020-07-28,2020,7,172000,4870.4896
2020-07-29,2020,7,192000,5436.8256
2020-07-30,2020,7,194000,5493.4592
2020-07-31,2020,7,172000,4870.4896
2020-08-01,2020,8,165000,4672.272
2020-08-02,2020,8,167000,4728.9056
2020-08-03,2020,8,152000,4304.1536
2020-08-04,2020,8,185000,5238.608
2020-08-05,2020,8,173000,4898.8064
2020-08-06,2020,8,154000,4360.7872
2020-08-07,2020,8,166000,4700.5888
2020-08-08,2020,8,156000,4417.4208
2020-08-09,2020,8,141000,3992.6688
2020-08-10,2020,8,169000,4785.5392
2020-08-11,2020,8,154000,4360.7872
2020-08-12,2020,8,137000,3879.4016
2020-08-13,2020,8,132000,3737.8176
2020-08-14,2020,8,143000,4049.3024
2020-08-15,2020,8,151000,4275.8368
2020-08-16,2020,8,158000,4474.0544
2020-08-17,2020,8,163000,4615.6384
2020-08-18,2020,8,150000,4247.52
2020-08-19,2020,8,160000,4530.688
2020-08-20,2020,8,155000,4389.104
2020-08-21,2020,8,167000,4728.9056
2020-08-22,2020,8,167000,4728.9056
2020-08-23,2020,8,148000,4190.8864
2020-08-24,2020,8,151000,4275.8368
2020-08-25,2020,8,132000,3737.8176
2020-08-26,2020,8,138000,3907.7184
2020-08-27,2020,8,136000,3851.0848
2020-08-28,2020,8,146000,4134.2528
2020-08-29,2020,8,126000,3567.9168
2020-08-30,2020,8,114000,3228.1152
2020-08-31,2020,8,112000,3171.4816
2020-09-01,2020,9,106000,3001.5808
2020-09-02,2020,9,123000,3482.9664
2020-09-03,2020,9,105000,2973.264
2020-09-04,2020,9,102000,2888.3136
2020-09-05,2020,9,82600,2338.96768
2020-09-06,2020,9,119000,3369.6992
2020-09-07,2020,9,105000,2973.264
2020-09-08,2020,9,115000,3256.432
2020-09-09,2020,9,96200,2724.07616
2020-09-10,2020,9,111000,3143.1648
2020-09-11,2020,9,101000,2859.9968
2020-09-12,2020,9,105000,2973.264
2020-09-13,2020,9,118000,3341.3824
2020-09-14,2020,9,110000,3114.848
2020-09-15,2020,9,102000,2888.3136
2020-09-16,2020,9,91900,2602.31392
2020-09-17,2020,9,107000,3029.8976
2020-09-18,2020,9,119000,3369.6992
2020-09-19,2020,9,87000,2463.5616
2020-09-20,2020,9,82900,2347.46272
2020-09-21,2020,9,83700,2370.11616
2020-09-22,2020,9,84500,2392.7696
2020-09-23,2020,9,89800,2542.84864
2020-09-24,2020,9,85000,2406.928
2020-09-25,2020,9,91100,2579.66048
2020-09-26,2020,9,70800,2004.82944
2020-09-27,2020,9,79900,2262.51232
2020-09-28,2020,9,116000,3284.7488
2020-09-29,2020,9,120000,3398.016
2020-09-30,2020,9,122000,3454.6496
2020-10-01,2020,10,97100,2749.56128
2020-10-02,2020,10,107000,3029.8976
2020-10-03,2020,10,101000,2859.9968
2020-10-04,2020,10,107000,3029.8976
2020-10-05,2020,10,113000,3199.7984
2020-10-06,2020,10,93900,2658.94752
2020-10-07,2020,10,93300,2641.95744
2020-10-08,2020,10,93600,2650.45248
2020-10-09,2020,10,86200,2440.90816
2020-10-10,2020,10,74700,2115.26496
2020-10-11,2020,10,81200,2299.32416
2020-10-12,2020,10,68400,1936.86912
2020-10-13,2020,10,93800,2656.11584
2020-10-14,2020,10,92100,2607.97728
2020-10-15,2020,10,94400,2673.10592
2020-10-16,2020,10,105000,2973.264
2020-10-17,2020,10,91100,2579.66048
2020-10-18,2020,10,88500,2506.0368
2020-10-19,2020,10,73700,2086.94816
2020-10-20,2020,10,77100,2183.22528
2020-10-21,2020,10,91600,2593.81888
2020-10-22,2020,10,108000,3058.2144
2020-10-23,2020,10,108000,3058.2144
2020-10-24,2020,10,105000,2973.264
2020-10-25,2020,10,122000,3454.6496
2020-10-26,2020,10,94400,2673.10592
2020-10-27,2020,10,113000,3199.7984
2020-10-28,2020,10,1e+05,2831.68
2020-10-29,2020,10,105000,2973.264
2020-10-30,2020,10,89200,2525.85856
2020-10-31,2020,10,101000,2859.9968
2020-11-01,2020,11,120000,3398.016
2020-11-02,2020,11,119000,3369.6992
2020-11-03,2020,11,121000,3426.3328
2020-11-04,2020,11,118000,3341.3824
2020-11-05,2020,11,123000,3482.9664
2020-11-06,2020,11,111000,3143.1648
2020-11-07,2020,11,114000,3228.1152
2020-11-08,2020,11,119000,3369.6992
2020-11-09,2020,11,142000,4020.9856
2020-11-10,2020,11,135000,3822.768
2020-11-11,2020,11,141000,3992.6688
2020-11-12,2020,11,143000,4049.3024
2020-11-13,2020,11,128000,3624.5504
2020-11-14,2020,11,130000,3681.184
2020-11-15,2020,11,122000,3454.6496
2020-11-16,2020,11,117000,3313.0656
2020-11-17,2020,11,132000,3737.8176
2020-11-18,2020,11,135000,3822.768
2020-11-19,2020,11,130000,3681.184
2020-11-20,2020,11,148000,4190.8864
2020-11-21,2020,11,145000,4105.936
2020-11-22,2020,11,154000,4360.7872
2020-11-23,2020,11,141000,3992.6688
2020-11-24,2020,11,135000,3822.768
2020-11-25,2020,11,138000,3907.7184
2020-11-26,2020,11,129000,3652.8672
2020-11-27,2020,11,132000,3737.8176
2020-11-28,2020,11,135000,3822.768
2020-11-29,2020,11,139000,3936.0352
2020-11-30,2020,11,142000,4020.9856
2020-12-01,2020,12,134000,3794.4512
2020-12-02,2020,12,135000,3822.768
2020-12-03,2020,12,132000,3737.8176
2020-12-04,2020,12,139000,3936.0352
2020-12-05,2020,12,140000,3964.352
2020-12-06,2020,12,137000,3879.4016
2020-12-07,2020,12,139000,3936.0352
2020-12-08,2020,12,138000,3907.7184
2020-12-09,2020,12,122000,3454.6496
2020-12-10,2020,12,128000,3624.5504
2020-12-11,2020,12,137000,3879.4016
2020-12-12,2020,12,137000,3879.4016
2020-12-13,2020,12,128000,3624.5504
2020-12-14,2020,12,136000,3851.0848
2020-12-15,2020,12,127000,3596.2336
2020-12-16,2020,12,139000,3936.0352
2020-12-17,2020,12,131000,3709.5008
2020-12-18,2020,12,128000,3624.5504
2020-12-19,2020,12,129000,3652.8672
2020-12-20,2020,12,114000,3228.1152
2020-12-21,2020,12,130000,3681.184
2020-12-22,2020,12,123000,3482.9664
2020-12-23,2020,12,142000,4020.9856
2020-12-24,2020,12,143000,4049.3024
2020-12-25,2020,12,139000,3936.0352
2020-12-26,2020,12,133000,3766.1344
2020-12-27,2020,12,125000,3539.6
2020-12-28,2020,12,137000,3879.4016
2020-12-29,2020,12,155000,4389.104
2020-12-30,2020,12,154000,4360.7872
2020-12-31,2020,12,153000,4332.4704
2021-01-01,2021,1,154000,4360.7872
2021-01-02,2021,1,140000,3964.352
2021-01-03,2021,1,106000,3001.5808
2021-01-04,2021,1,136000,3851.0848
2021-01-05,2021,1,156000,4417.4208
2021-01-06,2021,1,173000,4898.8064
2021-01-07,2021,1,175000,4955.44
2021-01-08,2021,1,173000,4898.8064
2021-01-09,2021,1,177000,5012.0736
2021-01-10,2021,1,164000,4643.9552
2021-01-11,2021,1,173000,4898.8064
2021-01-12,2021,1,182000,5153.6576
2021-01-13,2021,1,196000,5550.0928
2021-01-14,2021,1,207000,5861.5776
2021-01-15,2021,1,193000,5465.1424
2021-01-16,2021,1,186000,5266.9248
2021-01-17,2021,1,157000,4445.7376
2021-01-18,2021,1,162000,4587.3216
2021-01-19,2021,1,181000,5125.3408
2021-01-20,2021,1,177000,5012.0736
2021-01-21,2021,1,161000,4559.0048
2021-01-22,2021,1,165000,4672.272
2021-01-23,2021,1,169000,4785.5392
2021-01-24,2021,1,176000,4983.7568
2021-01-25,2021,1,180000,5097.024
2021-01-26,2021,1,182000,5153.6576
2021-01-27,2021,1,187000,5295.2416
2021-01-28,2021,1,173000,4898.8064
2021-01-29,2021,1,193000,5465.1424
2021-01-30,2021,1,183000,5181.9744
2021-01-31,2021,1,174000,4927.1232
2021-02-01,2021,2,143000,4049.3024
2021-02-02,2021,2,160000,4530.688
2021-02-03,2021,2,176000,4983.7568
2021-02-04,2021,2,159000,4502.3712
2021-02-05,2021,2,135000,3822.768
2021-02-06,2021,2,155000,4389.104
2021-02-07,2021,2,125000,3539.6
2021-02-08,2021,2,152000,4304.1536
2021-02-09,2021,2,158000,4474.0544
2021-02-10,2021,2,175000,4955.44
2021-02-11,2021,2,182000,5153.6576
2021-02-12,2021,2,179000,5068.7072
2021-02-13,2021,2,173000,4898.8064
2021-02-14,2021,2,181000,5125.3408
2021-02-15,2021,2,187000,5295.2416
2021-02-16,2021,2,186000,5266.9248
2021-02-17,2021,2,188000,5323.5584
2021-02-18,2021,2,177000,5012.0736
2021-02-19,2021,2,194000,5493.4592
2021-02-20,2021,2,188000,5323.5584
2021-02-21,2021,2,143000,4049.3024
2021-02-22,2021,2,129000,3652.8672
2021-02-23,2021,2,130000,3681.184
2021-02-24,2021,2,163000,4615.6384
2021-02-25,2021,2,147000,4162.5696
2021-02-26,2021,2,135000,3822.768
2021-02-27,2021,2,132000,3737.8176
2021-02-28,2021,2,117000,3313.0656
2021-03-01,2021,3,128000,3624.5504
2021-03-02,2021,3,129000,3652.8672
2021-03-03,2021,3,131000,3709.5008
2021-03-04,2021,3,131000,3709.5008
2021-03-05,2021,3,126000,3567.9168
2021-03-06,2021,3,118000,3341.3824
2021-03-07,2021,3,109000,3086.5312
2021-03-08,2021,3,144000,4077.6192
2021-03-09,2021,3,147000,4162.5696
2021-03-10,2021,3,132000,3737.8176
2021-03-11,2021,3,128000,3624.5504
2021-03-12,2021,3,112000,3171.4816
2021-03-13,2021,3,126000,3567.9168
2021-03-14,2021,3,120000,3398.016
2021-03-15,2021,3,122000,3454.6496
2021-03-16,2021,3,127000,3596.2336
2021-03-17,2021,3,132000,3737.8176
2021-03-18,2021,3,124000,3511.2832
2021-03-19,2021,3,126000,3567.9168
2021-03-20,2021,3,116000,3284.7488
2021-03-21,2021,3,128000,3624.5504
2021-03-22,2021,3,133000,3766.1344
2021-03-23,2021,3,117000,3313.0656
2021-03-24,2021,3,124000,3511.2832
2021-03-25,2021,3,124000,3511.2832
2021-03-26,2021,3,120000,3398.016
2021-03-27,2021,3,124000,3511.2832
2021-03-28,2021,3,125000,3539.6
2021-03-29,2021,3,121000,3426.3328
2021-03-30,2021,3,131000,3709.5008
2021-03-31,2021,3,118000,3341.3824
2021-04-01,2021,4,128000,3624.5504
2021-04-02,2021,4,116000,3284.7488
2021-04-03,2021,4,132000,3737.8176
2021-04-04,2021,4,132000,3737.8176
2021-04-05,2021,4,142000,4020.9856
2021-04-06,2021,4,147000,4162.5696
2021-04-07,2021,4,115000,3256.432
2021-04-08,2021,4,133000,3766.1344
2021-04-09,2021,4,132000,3737.8176
2021-04-10,2021,4,138000,3907.7184
2021-04-11,2021,4,132000,3737.8176
2021-04-12,2021,4,143000,4049.3024
2021-04-13,2021,4,136000,3851.0848
2021-04-14,2021,4,135000,3822.768
2021-04-15,2021,4,134000,3794.4512
2021-04-16,2021,4,133000,3766.1344
2021-04-17,2021,4,133000,3766.1344
2021-04-18,2021,4,134000,3794.4512
2021-04-19,2021,4,140000,3964.352
2021-04-20,2021,4,142000,4020.9856
2021-04-21,2021,4,164000,4643.9552
2021-04-22,2021,4,162000,4587.3216
2021-04-23,2021,4,152000,4304.1536
2021-04-24,2021,4,176000,4983.7568
2021-04-25,2021,4,181000,5125.3408
2021-04-26,2021,4,176000,4983.7568
2021-04-27,2021,4,180000,5097.024
2021-04-28,2021,4,176000,4983.7568
2021-04-29,2021,4,169000,4785.5392
2021-04-30,2021,4,190000,5380.192
2021-05-01,2021,5,186000,5266.9248
2021-05-02,2021,5,185000,5238.608
2021-05-03,2021,5,214000,6059.7952
2021-05-04,2021,5,228000,6456.2304
2021-05-05,2021,5,224000,6342.9632
2021-05-06,2021,5,220000,6229.696
2021-05-07,2021,5,219000,6201.3792
2021-05-08,2021,5,220000,6229.696
2021-05-09,2021,5,227000,6427.9136
2021-05-10,2021,5,248000,7022.5664
2021-05-11,2021,5,241000,6824.3488
2021-05-12,2021,5,228000,6456.2304
2021-05-13,2021,5,225000,6371.28
2021-05-14,2021,5,220000,6229.696
2021-05-15,2021,5,224000,6342.9632
2021-05-16,2021,5,228000,6456.2304
2021-05-17,2021,5,205000,5804.944
2021-05-18,2021,5,208000,5889.8944
2021-05-19,2021,5,223000,6314.6464
2021-05-20,2021,5,219000,6201.3792
2021-05-21,2021,5,212000,6003.1616
2021-05-22,2021,5,216000,6116.4288
2021-05-23,2021,5,199000,5635.0432
2021-05-24,2021,5,185000,5238.608
2021-05-25,2021,5,205000,5804.944
2021-05-26,2021,5,202000,5719.9936
2021-05-27,2021,5,212000,6003.1616
2021-05-28,2021,5,2e+05,5663.36
2021-05-29,2021,5,207000,5861.5776
2021-05-30,2021,5,223000,6314.6464
2021-05-31,2021,5,218000,6173.0624
2021-06-01,2021,6,229000,6484.5472
2021-06-02,2021,6,237000,6711.0816
2021-06-03,2021,6,240000,6796.032
2021-06-04,2021,6,3e+05,8495.04
2021-06-05,2021,6,303000,8579.9904
2021-06-06,2021,6,291000,8240.1888
2021-06-07,2021,6,290000,8211.872
2021-06-08,2021,6,258000,7305.7344
2021-06-09,2021,6,216000,6116.4288
2021-06-10,2021,6,204000,5776.6272
2021-06-11,2021,6,218000,6173.0624
2021-06-12,2021,6,229000,6484.5472
2021-06-13,2021,6,182000,5153.6576
2021-06-14,2021,6,181000,5125.3408
2021-06-15,2021,6,2e+05,5663.36
2021-06-16,2021,6,201000,5691.6768
2021-06-17,2021,6,2e+05,5663.36
2021-06-18,2021,6,192000,5436.8256
2021-06-19,2021,6,193000,5465.1424
2021-06-20,2021,6,175000,4955.44
2021-06-21,2021,6,174000,4927.1232
2021-06-22,2021,6,176000,4983.7568
2021-06-23,2021,6,187000,5295.2416
2021-06-24,2021,6,196000,5550.0928
2021-06-25,2021,6,198000,5606.7264
2021-06-26,2021,6,221000,6258.0128
2021-06-27,2021,6,190000,5380.192
2021-06-28,2021,6,208000,5889.8944
2021-06-29,2021,6,224000,6342.9632
2021-06-30,2021,6,205000,5804.944
2021-07-01,2021,7,182000,5153.6576
2021-07-02,2021,7,212000,6003.1616
2021-07-03,2021,7,195000,5521.776
2021-07-04,2021,7,173000,4898.8064
2021-07-05,2021,7,151000,4275.8368
2021-07-06,2021,7,166000,4700.5888
2021-07-07,2021,7,146000,4134.2528
2021-07-08,2021,7,162000,4587.3216
2021-07-09,2021,7,145000,4105.936
2021-07-10,2021,7,118000,3341.3824
2021-07-11,2021,7,121000,3426.3328
2021-07-12,2021,7,142000,4020.9856
2021-07-13,2021,7,170000,4813.856
2021-07-14,2021,7,159000,4502.3712
2021-07-15,2021,7,156000,4417.4208
2021-07-16,2021,7,139000,3936.0352
2021-07-17,2021,7,150000,4247.52
2021-07-18,2021,7,152000,4304.1536
2021-07-19,2021,7,145000,4105.936
2021-07-20,2021,7,148000,4190.8864
2021-07-21,2021,7,132000,3737.8176
2021-07-22,2021,7,132000,3737.8176
2021-07-23,2021,7,142000,4020.9856
2021-07-24,2021,7,134000,3794.4512
2021-07-25,2021,7,131000,3709.5008
2021-07-26,2021,7,139000,3936.0352
2021-07-27,2021,7,142000,4020.9856
2021-07-28,2021,7,138000,3907.7184
2021-07-29,2021,7,128000,3624.5504
2021-07-30,2021,7,124000,3511.2832
2021-07-31,2021,7,110000,3114.848
2021-08-01,2021,8,102000,2888.3136
2021-08-02,2021,8,130000,3681.184
2021-08-03,2021,8,133000,3766.1344
2021-08-04,2021,8,136000,3851.0848
2021-08-05,2021,8,127000,3596.2336
2021-08-06,2021,8,118000,3341.3824
2021-08-07,2021,8,107000,3029.8976
2021-08-08,2021,8,110000,3114.848
2021-08-09,2021,8,125000,3539.6
2021-08-10,2021,8,135000,3822.768
2021-08-11,2021,8,152000,4304.1536
2021-08-12,2021,8,147000,4162.5696
2021-08-13,2021,8,148000,4190.8864
2021-08-14,2021,8,165000,4672.272
2021-08-15,2021,8,113000,3199.7984
2021-08-16,2021,8,110000,3114.848
2021-08-17,2021,8,116000,3284.7488
2021-08-18,2021,8,127000,3596.2336
2021-08-19,2021,8,139000,3936.0352
2021-08-20,2021,8,143000,4049.3024
2021-08-21,2021,8,133000,3766.1344
2021-08-22,2021,8,105000,2973.264
2021-08-23,2021,8,139000,3936.0352
2021-08-24,2021,8,138000,3907.7184
2021-08-25,2021,8,138000,3907.7184
2021-08-26,2021,8,125000,3539.6
2021-08-27,2021,8,118000,3341.3824
2021-08-28,2021,8,135000,3822.768
2021-08-29,2021,8,133000,3766.1344
2021-08-30,2021,8,111000,3143.1648
2021-08-31,2021,8,85400,2418.25472
2021-09-01,2021,9,103000,2916.6304
2021-09-02,2021,9,98900,2800.53152
2021-09-03,2021,9,98900,2800.53152
2021-09-04,2021,9,96200,2724.07616
2021-09-05,2021,9,97700,2766.55136
2021-09-06,2021,9,95800,2712.74944
2021-09-07,2021,9,96100,2721.24448
2021-09-08,2021,9,103000,2916.6304
2021-09-09,2021,9,102000,2888.3136
2021-09-10,2021,9,95800,2712.74944
2021-09-11,2021,9,95500,2704.2544
2021-09-12,2021,9,95600,2707.08608
2021-09-13,2021,9,1e+05,2831.68
2021-09-14,2021,9,99800,2826.01664
2021-09-15,2021,9,97400,2758.05632
2021-09-16,2021,9,95800,2712.74944
2021-09-17,2021,9,94600,2678.76928
2021-09-18,2021,9,96000,2718.4128
2021-09-19,2021,9,91000,2576.8288
2021-09-20,2021,9,94300,2670.27424
2021-09-21,2021,9,94300,2670.27424
2021-09-22,2021,9,96000,2718.4128
2021-09-23,2021,9,95900,2715.58112
2021-09-24,2021,9,99800,2826.01664
2021-09-25,2021,9,95900,2715.58112
2021-09-26,2021,9,90900,2573.99712
2021-09-27,2021,9,93600,2650.45248
2021-09-28,2021,9,95600,2707.08608
2021-09-29,2021,9,91700,2596.65056
2021-09-30,2021,9,93900,2658.94752
2021-10-01,2021,10,92500,2619.304
2021-10-02,2021,10,93000,2633.4624
2021-10-03,2021,10,92900,2630.63072
2021-10-04,2021,10,91400,2588.15552
2021-10-05,2021,10,98200,2780.70976
2021-10-06,2021,10,96800,2741.06624
2021-10-07,2021,10,95100,2692.92768
2021-10-08,2021,10,105000,2973.264
2021-10-09,2021,10,96100,2721.24448
2021-10-10,2021,10,97000,2746.7296
2021-10-11,2021,10,102000,2888.3136
2021-10-12,2021,10,102000,2888.3136
2021-10-13,2021,10,106000,3001.5808
2021-10-14,2021,10,101000,2859.9968
2021-10-15,2021,10,103000,2916.6304
2021-10-16,2021,10,105000,2973.264
2021-10-17,2021,10,103000,2916.6304
2021-10-18,2021,10,109000,3086.5312
2021-10-19,2021,10,109000,3086.5312
2021-10-20,2021,10,109000,3086.5312
2021-10-21,2021,10,113000,3199.7984
2021-10-22,2021,10,109000,3086.5312
2021-10-23,2021,10,112000,3171.4816
2021-10-24,2021,10,116000,3284.7488
2021-10-25,2021,10,116000,3284.7488
2021-10-26,2021,10,119000,3369.6992
2021-10-27,2021,10,122000,3454.6496
2021-10-28,2021,10,120000,3398.016
2021-10-29,2021,10,120000,3398.016
2021-10-30,2021,10,130000,3681.184
2021-10-31,2021,10,125000,3539.6
2021-11-01,2021,11,141000,3992.6688
2021-11-02,2021,11,138000,3907.7184
2021-11-03,2021,11,137000,3879.4016
2021-11-04,2021,11,138000,3907.7184
2021-11-05,2021,11,139000,3936.0352
2021-11-06,2021,11,145000,4105.936
2021-11-07,2021,11,137000,3879.4016
2021-11-08,2021,11,144000,4077.6192
2021-11-09,2021,11,146000,4134.2528
2021-11-10,2021,11,145000,4105.936
2021-11-11,2021,11,147000,4162.5696
2021-11-12,2021,11,136000,3851.0848
2021-11-13,2021,11,139000,3936.0352
2021-11-14,2021,11,151000,4275.8368
2021-11-15,2021,11,145000,4105.936
2021-11-16,2021,11,139000,3936.0352
2021-11-17,2021,11,150000,4247.52
2021-11-18,2021,11,169000,4785.5392
2021-11-19,2021,11,166000,4700.5888
2021-11-20,2021,11,158000,4474.0544
2021-11-21,2021,11,150000,4247.52
2021-11-22,2021,11,148000,4190.8864
2021-11-23,2021,11,147000,4162.5696
2021-11-24,2021,11,149000,4219.2032
2021-11-25,2021,11,145000,4105.936
2021-11-26,2021,11,134000,3794.4512
2021-11-27,2021,11,137000,3879.4016
2021-11-28,2021,11,138000,3907.7184
2021-11-29,2021,11,137000,3879.4016
2021-11-30,2021,11,147000,4162.5696
2021-12-01,2021,12,144000,4077.6192
2021-12-02,2021,12,162000,4587.3216
2021-12-03,2021,12,149000,4219.2032
2021-12-04,2021,12,154000,4360.7872
2021-12-05,2021,12,156000,4417.4208
2021-12-06,2021,12,152000,4304.1536
2021-12-07,2021,12,148000,4190.8864
2021-12-08,2021,12,161000,4559.0048
2021-12-09,2021,12,167000,4728.9056
2021-12-10,2021,12,169000,4785.5392
2021-12-11,2021,12,162000,4587.3216
2021-12-12,2021,12,158000,4474.0544
2021-12-13,2021,12,173000,4898.8064
2021-12-14,2021,12,163000,4615.6384
2021-12-15,2021,12,169000,4785.5392
2021-12-16,2021,12,160000,4530.688
2021-12-17,2021,12,155000,4389.104
2021-12-18,2021,12,157000,4445.7376
2021-12-19,2021,12,160000,4530.688
2021-12-20,2021,12,165000,4672.272
2021-12-21,2021,12,153000,4332.4704
2021-12-22,2021,12,149000,4219.2032
2021-12-23,2021,12,151000,4275.8368
2021-12-24,2021,12,144000,4077.6192
2021-12-25,2021,12,131000,3709.5008
2021-12-26,2021,12,153000,4332.4704
2021-12-27,2021,12,164000,4643.9552
2021-12-28,2021,12,160000,4530.688
2021-12-29,2021,12,163000,4615.6384
2021-12-30,2021,12,158000,4474.0544
2021-12-31,2021,12,157000,4445.7376
2022-01-01,2022,1,159000,4502.3712
2022-01-02,2022,1,156000,4417.4208
2022-01-03,2022,1,158000,4474.0544
2022-01-04,2022,1,159000,4502.3712
2022-01-05,2022,1,180000,5097.024
2022-01-06,2022,1,158000,4474.0544
2022-01-07,2022,1,166000,4700.5888
2022-01-08,2022,1,166000,4700.5888
2022-01-09,2022,1,167000,4728.9056
2022-01-10,2022,1,156000,4417.4208
2022-01-11,2022,1,156000,4417.4208
2022-01-12,2022,1,155000,4389.104
2022-01-13,2022,1,159000,4502.3712
2022-01-14,2022,1,152000,4304.1536
2022-01-15,2022,1,154000,4360.7872
2022-01-16,2022,1,153000,4332.4704
2022-01-17,2022,1,164000,4643.9552
2022-01-18,2022,1,171000,4842.1728
2022-01-19,2022,1,157000,4445.7376
2022-01-20,2022,1,163000,4615.6384
2022-01-21,2022,1,171000,4842.1728
2022-01-22,2022,1,170000,4813.856
2022-01-23,2022,1,154000,4360.7872
2022-01-24,2022,1,156000,4417.4208
2022-01-25,2022,1,149000,4219.2032
2022-01-26,2022,1,159000,4502.3712
2022-01-27,2022,1,166000,4700.5888
2022-01-28,2022,1,156000,4417.4208
2022-01-29,2022,1,140000,3964.352
2022-01-30,2022,1,141000,3992.6688
2022-01-31,2022,1,143000,4049.3024
2022-02-01,2022,2,157000,4445.7376
2022-02-02,2022,2,139000,3936.0352
2022-02-03,2022,2,142000,4020.9856
2022-02-04,2022,2,132000,3737.8176
2022-02-05,2022,2,143000,4049.3024
2022-02-06,2022,2,127000,3596.2336
2022-02-07,2022,2,143000,4049.3024
2022-02-08,2022,2,127000,3596.2336
2022-02-09,2022,2,118000,3341.3824
2022-02-10,2022,2,121000,3426.3328
2022-02-11,2022,2,119000,3369.6992
2022-02-12,2022,2,114000,3228.1152
2022-02-13,2022,2,115000,3256.432
2022-02-14,2022,2,124000,3511.2832
2022-02-15,2022,2,135000,3822.768
2022-02-16,2022,2,145000,4105.936
2022-02-17,2022,2,125000,3539.6
2022-02-18,2022,2,119000,3369.6992
2022-02-19,2022,2,131000,3709.5008
2022-02-20,2022,2,131000,3709.5008
2022-02-21,2022,2,112000,3171.4816
2022-02-22,2022,2,134000,3794.4512
2022-02-23,2022,2,117000,3313.0656
2022-02-24,2022,2,113000,3199.7984
2022-02-25,2022,2,113000,3199.7984
2022-02-26,2022,2,115000,3256.432
2022-02-27,2022,2,103000,2916.6304
2022-02-28,2022,2,111000,3143.1648
2022-03-01,2022,3,124000,3511.2832
2022-03-02,2022,3,143000,4049.3024
2022-03-03,2022,3,174000,4927.1232
2022-03-04,2022,3,151000,4275.8368
2022-03-05,2022,3,139000,3936.0352
2022-03-06,2022,3,127000,3596.2336
2022-03-07,2022,3,151000,4275.8368
2022-03-08,2022,3,143000,4049.3024
2022-03-09,2022,3,132000,3737.8176
2022-03-10,2022,3,126000,3567.9168
2022-03-11,2022,3,123000,3482.9664
2022-03-12,2022,3,138000,3907.7184
2022-03-13,2022,3,142000,4020.9856
2022-03-14,2022,3,119000,3369.6992
2022-03-15,2022,3,144000,4077.6192
2022-03-16,2022,3,143000,4049.3024
2022-03-17,2022,3,140000,3964.352
2022-03-18,2022,3,120000,3398.016
2022-03-19,2022,3,123000,3482.9664
2022-03-20,2022,3,126000,3567.9168
2022-03-21,2022,3,131000,3709.5008
2022-03-22,2022,3,120000,3398.016
2022-03-23,2022,3,136000,3851.0848
2022-03-24,2022,3,117000,3313.0656
2022-03-25,2022,3,130000,3681.184
2022-03-26,2022,3,122000,3454.6496
2022-03-27,2022,3,113000,3199.7984
2022-03-28,2022,3,134000,3794.4512
2022-03-29,2022,3,149000,4219.2032
2022-03-30,2022,3,145000,4105.936
2022-03-31,2022,3,138000,3907.7184
2022-04-01,2022,4,139000,3936.0352
2022-04-02,2022,4,141000,3992.6688
2022-04-03,2022,4,125000,3539.6
2022-04-04,2022,4,137000,3879.4016
2022-04-05,2022,4,143000,4049.3024
2022-04-06,2022,4,131000,3709.5008
2022-04-07,2022,4,128000,3624.5504
2022-04-08,2022,4,140000,3964.352
2022-04-09,2022,4,126000,3567.9168
2022-04-10,2022,4,140000,3964.352
2022-04-11,2022,4,163000,4615.6384
2022-04-12,2022,4,148000,4190.8864
2022-04-13,2022,4,145000,4105.936
2022-04-14,2022,4,145000,4105.936
2022-04-15,2022,4,120000,3398.016
2022-04-16,2022,4,125000,3539.6
2022-04-17,2022,4,120000,3398.016
2022-04-18,2022,4,121000,3426.3328
2022-04-19,2022,4,123000,3482.9664
2022-04-20,2022,4,131000,3709.5008
2022-04-21,2022,4,140000,3964.352
2022-04-22,2022,4,152000,4304.1536
2022-04-23,2022,4,135000,3822.768
2022-04-24,2022,4,127000,3596.2336
2022-04-25,2022,4,142000,4020.9856
2022-04-26,2022,4,156000,4417.4208
2022-04-27,2022,4,143000,4049.3024
2022-04-28,2022,4,151000,4275.8368
2022-04-29,2022,4,137000,3879.4016
2022-04-30,2022,4,161000,4559.0048
2022-05-01,2022,5,138000,3907.7184
2022-05-02,2022,5,159000,4502.3712
2022-05-03,2022,5,168000,4757.2224
2022-05-04,2022,5,141000,3992.6688
2022-05-05,2022,5,177000,5012.0736
2022-05-06,2022,5,197000,5578.4096
2022-05-07,2022,5,212000,6003.1616
2022-05-08,2022,5,227000,6427.9136
2022-05-09,2022,5,241000,6824.3488
2022-05-10,2022,5,220000,6229.696
2022-05-11,2022,5,244000,6909.2992
2022-05-12,2022,5,231000,6541.1808
2022-05-13,2022,5,231000,6541.1808
2022-05-14,2022,5,257000,7277.4176
2022-05-15,2022,5,232000,6569.4976
2022-05-16,2022,5,245000,6937.616
2022-05-17,2022,5,239000,6767.7152
2022-05-18,2022,5,258000,7305.7344
2022-05-19,2022,5,264000,7475.6352
2022-05-20,2022,5,302000,8551.6736
2022-05-21,2022,5,267000,7560.5856
2022-05-22,2022,5,245000,6937.616
2022-05-23,2022,5,256000,7249.1008
2022-05-24,2022,5,229000,6484.5472
2022-05-25,2022,5,245000,6937.616
2022-05-26,2022,5,248000,7022.5664
2022-05-27,2022,5,285000,8070.288
2022-05-28,2022,5,273000,7730.4864
2022-05-29,2022,5,314000,8891.4752
2022-05-30,2022,5,323000,9146.3264
2022-05-31,2022,5,290000,8211.872
2022-06-01,2022,6,320000,9061.376
2022-06-02,2022,6,326000,9231.2768
2022-06-03,2022,6,330000,9344.544
2022-06-04,2022,6,343000,9712.6624
2022-06-05,2022,6,363000,10278.9984
2022-06-06,2022,6,366000,10363.9488
2022-06-07,2022,6,343000,9712.6624
2022-06-08,2022,6,368000,10420.5824
2022-06-09,2022,6,387000,10958.6016
2022-06-10,2022,6,392000,11100.1856
2022-06-11,2022,6,387000,10958.6016
2022-06-12,2022,6,390000,11043.552
2022-06-13,2022,6,397000,11241.7696
2022-06-14,2022,6,390000,11043.552
2022-06-15,2022,6,389000,11015.2352
2022-06-16,2022,6,390000,11043.552
2022-06-17,2022,6,398000,11270.0864
2022-06-18,2022,6,392000,11100.1856
2022-06-19,2022,6,391000,11071.8688
2022-06-20,2022,6,389000,11015.2352
2022-06-21,2022,6,388000,10986.9184
2022-06-22,2022,6,380000,10760.384
2022-06-23,2022,6,386000,10930.2848
2022-06-24,2022,6,365000,10335.632
2022-06-25,2022,6,377000,10675.4336
2022-06-26,2022,6,378000,10703.7504
2022-06-27,2022,6,367000,10392.2656
2022-06-28,2022,6,377000,10675.4336
2022-06-29,2022,6,348000,9854.2464
2022-06-30,2022,6,318000,9004.7424
2022-07-01,2022,7,302000,8551.6736
2022-07-02,2022,7,253000,7164.1504
2022-07-03,2022,7,258000,7305.7344
2022-07-04,2022,7,225000,6371.28
2022-07-05,2022,7,215000,6088.112
2022-07-06,2022,7,222000,6286.3296
2022-07-07,2022,7,212000,6003.1616
2022-07-08,2022,7,224000,6342.9632
2022-07-09,2022,7,243000,6880.9824
2022-07-10,2022,7,226000,6399.5968
2022-07-11,2022,7,192000,5436.8256
2022-07-12,2022,7,217000,6144.7456
2022-07-13,2022,7,245000,6937.616
2022-07-14,2022,7,212000,6003.1616
2022-07-15,2022,7,216000,6116.4288
2022-07-16,2022,7,211000,5974.8448
2022-07-17,2022,7,225000,6371.28
2022-07-18,2022,7,197000,5578.4096
2022-07-19,2022,7,167000,4728.9056
2022-07-20,2022,7,173000,4898.8064
2022-07-21,2022,7,175000,4955.44
2022-07-22,2022,7,193000,5465.1424
2022-07-23,2022,7,172000,4870.4896
2022-07-24,2022,7,160000,4530.688
2022-07-25,2022,7,143000,4049.3024
2022-07-26,2022,7,166000,4700.5888
2022-07-27,2022,7,154000,4360.7872
2022-07-28,2022,7,156000,4417.4208
2022-07-29,2022,7,162000,4587.3216
2022-07-30,2022,7,177000,5012.0736
2022-07-31,2022,7,175000,4955.44
2022-08-01,2022,8,172000,4870.4896
2022-08-02,2022,8,178000,5040.3904
2022-08-03,2022,8,172000,4870.4896
2022-08-04,2022,8,144000,4077.6192
2022-08-05,2022,8,134000,3794.4512
2022-08-06,2022,8,135000,3822.768
2022-08-07,2022,8,142000,4020.9856
2022-08-08,2022,8,144000,4077.6192
2022-08-09,2022,8,144000,4077.6192
2022-08-10,2022,8,164000,4643.9552
2022-08-11,2022,8,143000,4049.3024
2022-08-12,2022,8,150000,4247.52
2022-08-13,2022,8,150000,4247.52
2022-08-14,2022,8,137000,3879.4016
2022-08-15,2022,8,132000,3737.8176
2022-08-16,2022,8,155000,4389.104
2022-08-17,2022,8,150000,4247.52
2022-08-18,2022,8,148000,4190.8864
2022-08-19,2022,8,160000,4530.688
2022-08-20,2022,8,160000,4530.688
2022-08-21,2022,8,139000,3936.0352
2022-08-22,2022,8,128000,3624.5504
2022-08-23,2022,8,138000,3907.7184
2022-08-24,2022,8,130000,3681.184
2022-08-25,2022,8,129000,3652.8672
2022-08-26,2022,8,146000,4134.2528
2022-08-27,2022,8,126000,3567.9168
2022-08-28,2022,8,117000,3313.0656
2022-08-29,2022,8,123000,3482.9664
2022-08-30,2022,8,117000,3313.0656
2022-08-31,2022,8,118000,3341.3824
2022-09-01,2022,9,114000,3228.1152
2022-09-02,2022,9,109000,3086.5312
2022-09-03,2022,9,106000,3001.5808
2022-09-04,2022,9,102000,2888.3136
2022-09-05,2022,9,101000,2859.9968
2022-09-06,2022,9,112000,3171.4816
2022-09-07,2022,9,118000,3341.3824
2022-09-08,2022,9,115000,3256.432
2022-09-09,2022,9,110000,3114.848
2022-09-10,2022,9,106000,3001.5808
2022-09-11,2022,9,1e+05,2831.68
2022-09-12,2022,9,101000,2859.9968
2022-09-13,2022,9,107000,3029.8976
2022-09-14,2022,9,97900,2772.21472
2022-09-15,2022,9,98700,2794.86816
2022-09-16,2022,9,101000,2859.9968
2022-09-17,2022,9,99100,2806.19488
2022-09-18,2022,9,97200,2752.39296
2022-09-19,2022,9,105000,2973.264
2022-09-20,2022,9,107000,3029.8976
2022-09-21,2022,9,103000,2916.6304
2022-09-22,2022,9,101000,2859.9968
2022-09-23,2022,9,96000,2718.4128
2022-09-24,2022,9,97000,2746.7296
2022-09-25,2022,9,99200,2809.02656
2022-09-26,2022,9,109000,3086.5312
2022-09-27,2022,9,108000,3058.2144
2022-09-28,2022,9,104000,2944.9472
2022-09-29,2022,9,1e+05,2831.68
2022-09-30,2022,9,99700,2823.18496
2022-10-01,2022,10,94300,2670.27424
2022-10-02,2022,10,95300,2698.59104
2022-10-03,2022,10,99400,2814.68992
2022-10-04,2022,10,94900,2687.26432
2022-10-05,2022,10,98500,2789.2048
2022-10-06,2022,10,99800,2826.01664
2022-10-07,2022,10,95000,2690.096
2022-10-08,2022,10,92900,2630.63072
2022-10-09,2022,10,93100,2636.29408
2022-10-10,2022,10,93200,2639.12576
2022-10-11,2022,10,93100,2636.29408
2022-10-12,2022,10,93200,2639.12576
2022-10-13,2022,10,95100,2692.92768
2022-10-14,2022,10,96600,2735.40288
2022-10-15,2022,10,93100,2636.29408
2022-10-16,2022,10,92700,2624.96736
2022-10-17,2022,10,93500,2647.6208
2022-10-18,2022,10,97100,2749.56128
2022-10-19,2022,10,98600,2792.03648
2022-10-20,2022,10,95900,2715.58112
2022-10-21,2022,10,97800,2769.38304
2022-10-22,2022,10,93500,2647.6208
2022-10-23,2022,10,96200,2724.07616
2022-10-24,2022,10,102000,2888.3136
2022-10-25,2022,10,99600,2820.35328
2022-10-26,2022,10,97700,2766.55136
2022-10-27,2022,10,98200,2780.70976
2022-10-28,2022,10,104000,2944.9472
2022-10-29,2022,10,102000,2888.3136
2022-10-30,2022,10,95400,2701.42272
2022-10-31,2022,10,109000,3086.5312
2022-11-01,2022,11,109000,3086.5312
2022-11-02,2022,11,107000,3029.8976
2022-11-03,2022,11,112000,3171.4816
2022-11-04,2022,11,115000,3256.432
2022-11-05,2022,11,119000,3369.6992
2022-11-06,2022,11,112000,3171.4816
2022-11-07,2022,11,110000,3114.848
2022-11-08,2022,11,123000,3482.9664
2022-11-09,2022,11,126000,3567.9168
2022-11-10,2022,11,119000,3369.6992
2022-11-11,2022,11,116000,3284.7488
2022-11-12,2022,11,116000,3284.7488
2022-11-13,2022,11,118000,3341.3824
2022-11-14,2022,11,115000,3256.432
2022-11-15,2022,11,117000,3313.0656
2022-11-16,2022,11,123000,3482.9664
2022-11-17,2022,11,122000,3454.6496
2022-11-18,2022,11,137000,3879.4016
2022-11-19,2022,11,128000,3624.5504
2022-11-20,2022,11,120000,3398.016
2022-11-21,2022,11,113000,3199.7984
2022-11-22,2022,11,121000,3426.3328
2022-11-23,2022,11,116000,3284.7488
2022-11-24,2022,11,108000,3058.2144
2022-11-25,2022,11,113000,3199.7984
2022-11-26,2022,11,108000,3058.2144
2022-11-27,2022,11,115000,3256.432
2022-11-28,2022,11,109000,3086.5312
2022-11-29,2022,11,113000,3199.7984
2022-11-30,2022,11,108000,3058.2144
2022-12-01,2022,12,111000,3143.1648
2022-12-02,2022,12,113000,3199.7984
2022-12-03,2022,12,105000,2973.264
2022-12-04,2022,12,118000,3341.3824
2022-12-05,2022,12,110000,3114.848
2022-12-06,2022,12,109000,3086.5312
2022-12-07,2022,12,114000,3228.1152
2022-12-08,2022,12,122000,3454.6496
2022-12-09,2022,12,117000,3313.0656
2022-12-10,2022,12,107000,3029.8976
2022-12-11,2022,12,113000,3199.7984
2022-12-12,2022,12,104000,2944.9472
2022-12-13,2022,12,105000,2973.264
2022-12-14,2022,12,107000,3029.8976
2022-12-15,2022,12,115000,3256.432
2022-12-16,2022,12,108000,3058.2144
2022-12-17,2022,12,111000,3143.1648
2022-12-18,2022,12,109000,3086.5312
2022-12-19,2022,12,117000,3313.0656
2022-12-20,2022,12,111000,3143.1648
2022-12-21,2022,12,129000,3652.8672
2022-12-22,2022,12,133000,3766.1344
2022-12-23,2022,12,123000,3482.9664
2022-12-24,2022,12,107000,3029.8976
2022-12-25,2022,12,96700,2738.23456
2022-12-26,2022,12,102000,2888.3136
2022-12-27,2022,12,119000,3369.6992
2022-12-28,2022,12,121000,3426.3328
2022-12-29,2022,12,115000,3256.432
2022-12-30,2022,12,113000,3199.7984
2022-12-31,2022,12,110000,3114.848
2023-01-01,2023,1,1e+05,2831.68
2023-01-02,2023,1,102000,2888.3136
2023-01-03,2023,1,105000,2973.264
2023-01-04,2023,1,106000,3001.5808
2023-01-05,2023,1,99800,2826.01664
2023-01-06,2023,1,103000,2916.6304
2023-01-07,2023,1,1e+05,2831.68
2023-01-08,2023,1,97300,2755.22464
2023-01-09,2023,1,101000,2859.9968
2023-01-10,2023,1,105000,2973.264
2023-01-11,2023,1,108000,3058.2144
2023-01-12,2023,1,107000,3029.8976
2023-01-13,2023,1,99600,2820.35328
2023-01-14,2023,1,1e+05,2831.68
2023-01-15,2023,1,102000,2888.3136
2023-01-16,2023,1,107000,3029.8976
2023-01-17,2023,1,99900,2828.84832
2023-01-18,2023,1,106000,3001.5808
2023-01-19,2023,1,104000,2944.9472
2023-01-20,2023,1,103000,2916.6304
2023-01-21,2023,1,101000,2859.9968
2023-01-22,2023,1,104000,2944.9472
2023-01-23,2023,1,108000,3058.2144
2023-01-24,2023,1,106000,3001.5808
2023-01-25,2023,1,99400,2814.68992
2023-01-26,2023,1,107000,3029.8976
2023-01-27,2023,1,114000,3228.1152
2023-01-28,2023,1,112000,3171.4816
2023-01-29,2023,1,111000,3143.1648
2023-01-30,2023,1,113000,3199.7984
2023-01-31,2023,1,108000,3058.2144
2023-02-01,2023,2,109000,3086.5312
2023-02-02,2023,2,106000,3001.5808
2023-02-03,2023,2,102000,2888.3136
2023-02-04,2023,2,102000,2888.3136
2023-02-05,2023,2,108000,3058.2144
2023-02-06,2023,2,106000,3001.5808
2023-02-07,2023,2,109000,3086.5312
2023-02-08,2023,2,102000,2888.3136
2023-02-09,2023,2,102000,2888.3136
2023-02-10,2023,2,105000,2973.264
2023-02-11,2023,2,102000,2888.3136
2023-02-12,2023,2,105000,2973.264
2023-02-13,2023,2,125000,3539.6
2023-02-14,2023,2,112000,3171.4816
2023-02-15,2023,2,105000,2973.264
2023-02-16,2023,2,101000,2859.9968
2023-02-17,2023,2,104000,2944.9472
2023-02-18,2023,2,119000,3369.6992
2023-02-19,2023,2,115000,3256.432
2023-02-20,2023,2,119000,3369.6992
2023-02-21,2023,2,119000,3369.6992
2023-02-22,2023,2,122000,3454.6496
2023-02-23,2023,2,124000,3511.2832
2023-02-24,2023,2,108000,3058.2144
2023-02-25,2023,2,106000,3001.5808
2023-02-26,2023,2,113000,3199.7984
2023-02-27,2023,2,108000,3058.2144
2023-02-28,2023,2,1e+05,2831.68
2023-03-01,2023,3,119000,3369.6992
2023-03-02,2023,3,107000,3029.8976
2023-03-03,2023,3,105000,2973.264
2023-03-04,2023,3,99800,2826.01664
2023-03-05,2023,3,98400,2786.37312
2023-03-06,2023,3,98300,2783.54144
2023-03-07,2023,3,101000,2859.9968
2023-03-08,2023,3,102000,2888.3136
2023-03-09,2023,3,109000,3086.5312
2023-03-10,2023,3,113000,3199.7984
2023-03-11,2023,3,102000,2888.3136
2023-03-12,2023,3,104000,2944.9472
2023-03-13,2023,3,109000,3086.5312
2023-03-14,2023,3,109000,3086.5312
2023-03-15,2023,3,113000,3199.7984
2023-03-16,2023,3,110000,3114.848
2023-03-17,2023,3,110000,3114.848
2023-03-18,2023,3,108000,3058.2144
2023-03-19,2023,3,111000,3143.1648
2023-03-20,2023,3,121000,3426.3328
2023-03-21,2023,3,118000,3341.3824
2023-03-22,2023,3,119000,3369.6992
2023-03-23,2023,3,120000,3398.016
2023-03-24,2023,3,125000,3539.6
2023-03-25,2023,3,123000,3482.9664
2023-03-26,2023,3,123000,3482.9664
2023-03-27,2023,3,123000,3482.9664
2023-03-28,2023,3,121000,3426.3328
2023-03-29,2023,3,133000,3766.1344
2023-03-30,2023,3,130000,3681.184
2023-03-31,2023,3,132000,3737.8176
2023-04-01,2023,4,124000,3511.2832
2023-04-02,2023,4,125000,3539.6
2023-04-03,2023,4,135000,3822.768
2023-04-04,2023,4,123000,3482.9664
2023-04-05,2023,4,112000,3171.4816
2023-04-06,2023,4,114000,3228.1152
2023-04-07,2023,4,122000,3454.6496
2023-04-08,2023,4,117000,3313.0656
2023-04-09,2023,4,122000,3454.6496
2023-04-10,2023,4,140000,3964.352
2023-04-11,2023,4,149000,4219.2032
2023-04-12,2023,4,172000,4870.4896
2023-04-13,2023,4,183000,5181.9744
2023-04-14,2023,4,140000,3964.352
2023-04-15,2023,4,135000,3822.768
2023-04-16,2023,4,140000,3964.352
2023-04-17,2023,4,143000,4049.3024
2023-04-18,2023,4,154000,4360.7872
2023-04-19,2023,4,140000,3964.352
2023-04-20,2023,4,150000,4247.52
2023-04-21,2023,4,143000,4049.3024
2023-04-22,2023,4,147000,4162.5696
2023-04-23,2023,4,144000,4077.6192
2023-04-24,2023,4,159000,4502.3712
2023-04-25,2023,4,133000,3766.1344
2023-04-26,2023,4,135000,3822.768
2023-04-27,2023,4,146000,4134.2528
2023-04-28,2023,4,148000,4190.8864
2023-04-29,2023,4,171000,4842.1728
2023-04-30,2023,4,210000,5946.528
2023-05-01,2023,5,234000,6626.1312
2023-05-02,2023,5,252000,7135.8336
2023-05-03,2023,5,314000,8891.4752
2023-05-04,2023,5,356000,10080.7808
2023-05-05,2023,5,332000,9401.1776
2023-05-06,2023,5,358000,10137.4144
2023-05-07,2023,5,356000,10080.7808
2023-05-08,2023,5,333000,9429.4944
2023-05-09,2023,5,355000,10052.464
2023-05-10,2023,5,329000,9316.2272
2023-05-11,2023,5,334000,9457.8112
2023-05-12,2023,5,312000,8834.8416
2023-05-13,2023,5,316000,8948.1088
2023-05-14,2023,5,334000,9457.8112
2023-05-15,2023,5,347000,9825.9296
2023-05-16,2023,5,383000,10845.3344
2023-05-17,2023,5,393000,11128.5024
2023-05-18,2023,5,394000,11156.8192
2023-05-19,2023,5,385000,10901.968
2023-05-20,2023,5,396000,11213.4528
2023-05-21,2023,5,4e+05,11326.72
2023-05-22,2023,5,392000,11100.1856
2023-05-23,2023,5,381000,10788.7008
2023-05-24,2023,5,350000,9910.88
2023-05-25,2023,5,319000,9033.0592
2023-05-26,2023,5,294000,8325.1392
2023-05-27,2023,5,292000,8268.5056
2023-05-28,2023,5,263000,7447.3184
2023-05-29,2023,5,258000,7305.7344
2023-05-30,2023,5,297000,8410.0896
2023-05-31,2023,5,278000,7872.0704
2023-06-01,2023,6,237000,6711.0816
2023-06-02,2023,6,187000,5295.2416
2023-06-03,2023,6,192000,5436.8256
2023-06-04,2023,6,206000,5833.2608
2023-06-05,2023,6,176000,4983.7568
2023-06-06,2023,6,176000,4983.7568
2023-06-07,2023,6,186000,5266.9248
2023-06-08,2023,6,223000,6314.6464
2023-06-09,2023,6,202000,5719.9936
2023-06-10,2023,6,162000,4587.3216
2023-06-11,2023,6,131000,3709.5008
2023-06-12,2023,6,144000,4077.6192
2023-06-13,2023,6,169000,4785.5392
2023-06-14,2023,6,169000,4785.5392
2023-06-15,2023,6,175000,4955.44
2023-06-16,2023,6,148000,4190.8864
2023-06-17,2023,6,162000,4587.3216
2023-06-18,2023,6,142000,4020.9856
2023-06-19,2023,6,136000,3851.0848
2023-06-20,2023,6,138000,3907.7184
2023-06-21,2023,6,127000,3596.2336
2023-06-22,2023,6,124000,3511.2832
2023-06-23,2023,6,129000,3652.8672
2023-06-24,2023,6,121000,3426.3328
2023-06-25,2023,6,116000,3284.7488
2023-06-26,2023,6,124000,3511.2832
2023-06-27,2023,6,133000,3766.1344
2023-06-28,2023,6,123000,3482.9664
2023-06-29,2023,6,132000,3737.8176
2023-06-30,2023,6,131000,3709.5008
2023-07-01,2023,7,128000,3624.5504
2023-07-02,2023,7,119000,3369.6992
2023-07-03,2023,7,122000,3454.6496
2023-07-04,2023,7,134000,3794.4512
2023-07-05,2023,7,143000,4049.3024
2023-07-06,2023,7,139000,3936.0352
2023-07-07,2023,7,138000,3907.7184
2023-07-08,2023,7,131000,3709.5008
2023-07-09,2023,7,132000,3737.8176
2023-07-10,2023,7,129000,3652.8672
2023-07-11,2023,7,129000,3652.8672
2023-07-12,2023,7,138000,3907.7184
2023-07-13,2023,7,133000,3766.1344
2023-07-14,2023,7,141000,3992.6688
2023-07-15,2023,7,129000,3652.8672
2023-07-16,2023,7,136000,3851.0848
2023-07-17,2023,7,133000,3766.1344
2023-07-18,2023,7,121000,3426.3328
2023-07-19,2023,7,137000,3879.4016
2023-07-20,2023,7,145000,4105.936
2023-07-21,2023,7,142000,4020.9856
2023-07-22,2023,7,130000,3681.184
2023-07-23,2023,7,127000,3596.2336
2023-07-24,2023,7,130000,3681.184
2023-07-25,2023,7,144000,4077.6192
2023-07-26,2023,7,125000,3539.6
2023-07-27,2023,7,140000,3964.352
2023-07-28,2023,7,130000,3681.184
2023-07-29,2023,7,130000,3681.184
2023-07-30,2023,7,122000,3454.6496
2023-07-31,2023,7,126000,3567.9168
2023-08-01,2023,8,117000,3313.0656
2023-08-02,2023,8,123000,3482.9664
2023-08-03,2023,8,115000,3256.432
2023-08-04,2023,8,110000,3114.848
2023-08-05,2023,8,119000,3369.6992
2023-08-06,2023,8,126000,3567.9168
2023-08-07,2023,8,117000,3313.0656
2023-08-08,2023,8,120000,3398.016
2023-08-09,2023,8,127000,3596.2336
2023-08-10,2023,8,133000,3766.1344
2023-08-11,2023,8,133000,3766.1344
2023-08-12,2023,8,124000,3511.2832
2023-08-13,2023,8,126000,3567.9168
2023-08-14,2023,8,125000,3539.6
2023-08-15,2023,8,132000,3737.8176
2023-08-16,2023,8,132000,3737.8176
2023-08-17,2023,8,125000,3539.6
2023-08-18,2023,8,132000,3737.8176
2023-08-19,2023,8,120000,3398.016
2023-08-20,2023,8,115000,3256.432
2023-08-21,2023,8,110000,3114.848
2023-08-22,2023,8,117000,3313.0656
2023-08-23,2023,8,104000,2944.9472
2023-08-24,2023,8,114000,3228.1152
2023-08-25,2023,8,108000,3058.2144
2023-08-26,2023,8,110000,3114.848
2023-08-27,2023,8,113000,3199.7984
2023-08-28,2023,8,116000,3284.7488
2023-08-29,2023,8,119000,3369.6992
2023-08-30,2023,8,109000,3086.5312
2023-08-31,2023,8,109000,3086.5312
2023-09-01,2023,9,97000,2746.7296
2023-09-02,2023,9,99700,2823.18496
2023-09-03,2023,9,102000,2888.3136
2023-09-04,2023,9,96900,2743.89792
2023-09-05,2023,9,98500,2789.2048
2023-09-06,2023,9,99300,2811.85824
2023-09-07,2023,9,96700,2738.23456
2023-09-08,2023,9,97800,2769.38304
2023-09-09,2023,9,99300,2811.85824
2023-09-10,2023,9,96200,2724.07616
2023-09-11,2023,9,94000,2661.7792
2023-09-12,2023,9,95600,2707.08608
2023-09-13,2023,9,94200,2667.44256
2023-09-14,2023,9,101000,2859.9968
2023-09-15,2023,9,1e+05,2831.68
2023-09-16,2023,9,95300,2698.59104
2023-09-17,2023,9,95900,2715.58112
2023-09-18,2023,9,94500,2675.9376
2023-09-19,2023,9,93700,2653.28416
2023-09-20,2023,9,97300,2755.22464
2023-09-21,2023,9,95500,2704.2544
2023-09-22,2023,9,94200,2667.44256
2023-09-23,2023,9,94300,2670.27424
2023-09-24,2023,9,94400,2673.10592
2023-09-25,2023,9,92000,2605.1456
2023-09-26,2023,9,92600,2622.13568
2023-09-27,2023,9,94000,2661.7792
2023-09-28,2023,9,93300,2641.95744
2023-09-29,2023,9,93500,2647.6208
2023-09-30,2023,9,92100,2607.97728
2023-10-01,2023,10,90600,2565.50208
2023-10-02,2023,10,92000,2605.1456
2023-10-03,2023,10,91800,2599.48224
2023-10-04,2023,10,96600,2735.40288
2023-10-05,2023,10,93400,2644.78912
2023-10-06,2023,10,92900,2630.63072
2023-10-07,2023,10,91900,2602.31392
2023-10-08,2023,10,92000,2605.1456
2023-10-09,2023,10,90900,2573.99712
2023-10-10,2023,10,91200,2582.49216
2023-10-11,2023,10,89700,2540.01696
2023-10-12,2023,10,91500,2590.9872
2023-10-13,2023,10,91800,2599.48224
2023-10-14,2023,10,92800,2627.79904
2023-10-15,2023,10,91500,2590.9872
2023-10-16,2023,10,92900,2630.63072
2023-10-17,2023,10,92400,2616.47232
2023-10-18,2023,10,94200,2667.44256
2023-10-19,2023,10,96400,2729.73952
2023-10-20,2023,10,99300,2811.85824
2023-10-21,2023,10,95900,2715.58112
2023-10-22,2023,10,95200,2695.75936
2023-10-23,2023,10,98300,2783.54144
2023-10-24,2023,10,96200,2724.07616
2023-10-25,2023,10,104000,2944.9472
2023-10-26,2023,10,98500,2789.2048
2023-10-27,2023,10,1e+05,2831.68
2023-10-28,2023,10,101000,2859.9968
2023-10-29,2023,10,97700,2766.55136
2023-10-30,2023,10,106000,3001.5808
2023-10-31,2023,10,107000,3029.8976
2023-11-01,2023,11,112000,3171.4816
2023-11-02,2023,11,107000,3029.8976
2023-11-03,2023,11,106000,3001.5808
2023-11-04,2023,11,114000,3228.1152
2023-11-05,2023,11,108000,3058.2144
2023-11-06,2023,11,109000,3086.5312
2023-11-07,2023,11,108000,3058.2144
2023-11-08,2023,11,110000,3114.848
2023-11-09,2023,11,111000,3143.1648
2023-11-10,2023,11,114000,3228.1152
2023-11-11,2023,11,115000,3256.432
2023-11-12,2023,11,114000,3228.1152
2023-11-13,2023,11,117000,3313.0656
2023-11-14,2023,11,113000,3199.7984
2023-11-15,2023,11,109000,3086.5312
2023-11-16,2023,11,110000,3114.848
2023-11-17,2023,11,108000,3058.2144
2023-11-18,2023,11,111000,3143.1648
2023-11-19,2023,11,108000,3058.2144
2023-11-20,2023,11,111000,3143.1648
2023-11-21,2023,11,118000,3341.3824
2023-11-22,2023,11,107000,3029.8976
2023-11-23,2023,11,106000,3001.5808
2023-11-24,2023,11,110000,3114.848
2023-11-25,2023,11,112000,3171.4816
2023-11-26,2023,11,109000,3086.5312
2023-11-27,2023,11,111000,3143.1648
2023-11-28,2023,11,107000,3029.8976
2023-11-29,2023,11,107000,3029.8976
2023-11-30,2023,11,111000,3143.1648
2023-12-01,2023,12,107000,3029.8976
2023-12-02,2023,12,111000,3143.1648
2023-12-03,2023,12,110000,3114.848
2023-12-04,2023,12,101000,2859.9968
2023-12-05,2023,12,94100,2664.61088
2023-12-06,2023,12,97200,2752.39296
2023-12-07,2023,12,93700,2653.28416
2023-12-08,2023,12,97200,2752.39296
2023-12-09,2023,12,110000,3114.848
2023-12-10,2023,12,1e+05,2831.68
2023-12-11,2023,12,96900,2743.89792
2023-12-12,2023,12,104000,2944.9472
2023-12-13,2023,12,106000,3001.5808
2023-12-14,2023,12,99500,2817.5216
2023-12-15,2023,12,97300,2755.22464
2023-12-16,2023,12,96200,2724.07616
2023-12-17,2023,12,98200,2780.70976
2023-12-18,2023,12,99800,2826.01664
2023-12-19,2023,12,99300,2811.85824
2023-12-20,2023,12,98200,2780.70976
2023-12-21,2023,12,97500,2760.888
2023-12-22,2023,12,102000,2888.3136
2023-12-23,2023,12,99600,2820.35328
2023-12-24,2023,12,102000,2888.3136
2023-12-25,2023,12,108000,3058.2144
2023-12-26,2023,12,104000,2944.9472
2023-12-27,2023,12,97200,2752.39296
2023-12-28,2023,12,96700,2738.23456
2023-12-29,2023,12,101000,2859.9968
2023-12-30,2023,12,97900,2772.21472
2023-12-31,2023,12,96600,2735.40288
2024-01-01,2024,1,91100,2579.66048
2024-01-02,2024,1,102000,2888.3136
2024-01-03,2024,1,95100,2692.92768
2024-01-04,2024,1,97300,2755.22464
2024-01-05,2024,1,93600,2650.45248
2024-01-06,2024,1,98800,2797.69984
2024-01-07,2024,1,96700,2738.23456
2024-01-08,2024,1,95900,2715.58112
2024-01-09,2024,1,109000,3086.5312
2024-01-10,2024,1,97600,2763.71968
2024-01-11,2024,1,101000,2859.9968
2024-01-12,2024,1,113000,3199.7984
2024-01-13,2024,1,129000,3652.8672
2024-01-14,2024,1,1e+05,2831.68
2024-01-15,2024,1,96300,2726.90784
2024-01-16,2024,1,101000,2859.9968
2024-01-17,2024,1,101000,2859.9968
2024-01-18,2024,1,127000,3596.2336
2024-01-19,2024,1,97000,2746.7296
2024-01-20,2024,1,1e+05,2831.68
2024-01-21,2024,1,103000,2916.6304
2024-01-22,2024,1,97500,2760.888
2024-01-23,2024,1,93200,2639.12576
2024-01-24,2024,1,102000,2888.3136
2024-01-25,2024,1,103000,2916.6304
2024-01-26,2024,1,106000,3001.5808
2024-01-27,2024,1,109000,3086.5312
2024-01-28,2024,1,120000,3398.016
2024-01-29,2024,1,145000,4105.936
2024-01-30,2024,1,130000,3681.184
2024-01-31,2024,1,142000,4020.9856
2024-02-01,2024,2,137000,3879.4016
2024-02-02,2024,2,139000,3936.0352
2024-02-03,2024,2,132000,3737.8176
2024-02-04,2024,2,123000,3482.9664
2024-02-05,2024,2,128000,3624.5504
2024-02-06,2024,2,119000,3369.6992
2024-02-07,2024,2,114000,3228.1152
2024-02-08,2024,2,125000,3539.6
2024-02-09,2024,2,115000,3256.432
2024-02-10,2024,2,108000,3058.2144
2024-02-11,2024,2,106000,3001.5808
2024-02-12,2024,2,109000,3086.5312
2024-02-13,2024,2,106000,3001.5808
2024-02-14,2024,2,110000,3114.848
2024-02-15,2024,2,110000,3114.848
2024-02-16,2024,2,108000,3058.2144
2024-02-17,2024,2,106000,3001.5808
2024-02-18,2024,2,107000,3029.8976
2024-02-19,2024,2,107000,3029.8976
2024-02-20,2024,2,102000,2888.3136
2024-02-21,2024,2,101000,2859.9968
2024-02-22,2024,2,109000,3086.5312
2024-02-23,2024,2,107000,3029.8976
2024-02-24,2024,2,120000,3398.016
2024-02-25,2024,2,130000,3681.184
2024-02-26,2024,2,140000,3964.352
2024-02-27,2024,2,123000,3482.9664
2024-02-28,2024,2,121000,3426.3328
2024-02-29,2024,2,129000,3652.8672
2024-03-01,2024,3,128000,3624.5504
2024-03-02,2024,3,126000,3567.9168
2024-03-03,2024,3,125000,3539.6
2024-03-04,2024,3,118000,3341.3824
2024-03-05,2024,3,115000,3256.432
2024-03-06,2024,3,118000,3341.3824
2024-03-07,2024,3,110000,3114.848
2024-03-08,2024,3,111000,3143.1648
2024-03-09,2024,3,112000,3171.4816
2024-03-10,2024,3,110000,3114.848
2024-03-11,2024,3,111000,3143.1648
2024-03-12,2024,3,121000,3426.3328
2024-03-13,2024,3,126000,3567.9168
2024-03-14,2024,3,113000,3199.7984
2024-03-15,2024,3,113000,3199.7984
2024-03-16,2024,3,113000,3199.7984
2024-03-17,2024,3,112000,3171.4816
2024-03-18,2024,3,116000,3284.7488
2024-03-19,2024,3,139000,3936.0352
2024-03-20,2024,3,150000,4247.52
2024-03-21,2024,3,127000,3596.2336
2024-03-22,2024,3,132000,3737.8176
2024-03-23,2024,3,150000,4247.52
2024-03-24,2024,3,143000,4049.3024
2024-03-25,2024,3,158000,4474.0544
2024-03-26,2024,3,134000,3794.4512
2024-03-27,2024,3,133000,3766.1344
2024-03-28,2024,3,131000,3709.5008
2024-03-29,2024,3,125000,3539.6
2024-03-30,2024,3,127000,3596.2336
2024-03-31,2024,3,125000,3539.6
2024-04-01,2024,4,130000,3681.184
2024-04-02,2024,4,126000,3567.9168
2024-04-03,2024,4,146000,4134.2528
2024-04-04,2024,4,140000,3964.352
2024-04-05,2024,4,142000,4020.9856
2024-04-06,2024,4,141000,3992.6688
2024-04-07,2024,4,138000,3907.7184
2024-04-08,2024,4,134000,3794.4512
2024-04-09,2024,4,134000,3794.4512
2024-04-10,2024,4,131000,3709.5008
2024-04-11,2024,4,151000,4275.8368
2024-04-12,2024,4,148000,4190.8864
2024-04-13,2024,4,144000,4077.6192
2024-04-14,2024,4,169000,4785.5392
2024-04-15,2024,4,2e+05,5663.36
2024-04-16,2024,4,197000,5578.4096
2024-04-17,2024,4,179000,5068.7072
2024-04-18,2024,4,165000,4672.272
2024-04-19,2024,4,161000,4559.0048
2024-04-20,2024,4,180000,5097.024
2024-04-21,2024,4,156000,4417.4208
2024-04-22,2024,4,141000,3992.6688
2024-04-23,2024,4,154000,4360.7872
2024-04-24,2024,4,207000,5861.5776
2024-04-25,2024,4,163000,4615.6384
2024-04-26,2024,4,159000,4502.3712
2024-04-27,2024,4,177000,5012.0736
2024-04-28,2024,4,184000,5210.2912
2024-04-29,2024,4,166000,4700.5888
2024-04-30,2024,4,142000,4020.9856
2024-05-01,2024,5,156000,4417.4208
2024-05-02,2024,5,142000,4020.9856
2024-05-03,2024,5,139000,3936.0352
2024-05-04,2024,5,167000,4728.9056
2024-05-05,2024,5,176000,4983.7568
2024-05-06,2024,5,148000,4190.8864
2024-05-07,2024,5,143000,4049.3024
2024-05-08,2024,5,136000,3851.0848
2024-05-09,2024,5,139000,3936.0352
2024-05-10,2024,5,158000,4474.0544
2024-05-11,2024,5,153000,4332.4704
2024-05-12,2024,5,164000,4643.9552
2024-05-13,2024,5,181000,5125.3408
2024-05-14,2024,5,184000,5210.2912
2024-05-15,2024,5,218000,6173.0624
2024-05-16,2024,5,265000,7503.952
2024-05-17,2024,5,219000,6201.3792
2024-05-18,2024,5,235000,6654.448
2024-05-19,2024,5,246000,6965.9328
2024-05-20,2024,5,227000,6427.9136
2024-05-21,2024,5,211000,5974.8448
2024-05-22,2024,5,224000,6342.9632
2024-05-23,2024,5,230000,6512.864
2024-05-24,2024,5,219000,6201.3792
2024-05-25,2024,5,194000,5493.4592
2024-05-26,2024,5,158000,4474.0544
2024-05-27,2024,5,151000,4275.8368
2024-05-28,2024,5,195000,5521.776
2024-05-29,2024,5,195000,5521.776
2024-05-30,2024,5,204000,5776.6272
2024-05-31,2024,5,189000,5351.8752
2024-06-01,2024,6,203000,5748.3104
2024-06-02,2024,6,184000,5210.2912
2024-06-03,2024,6,194000,5493.4592
2024-06-04,2024,6,209000,5918.2112
2024-06-05,2024,6,227000,6427.9136
2024-06-06,2024,6,227000,6427.9136
2024-06-07,2024,6,236000,6682.7648
2024-06-08,2024,6,211000,5974.8448
2024-06-09,2024,6,234000,6626.1312
2024-06-10,2024,6,224000,6342.9632
2024-06-11,2024,6,227000,6427.9136
2024-06-12,2024,6,228000,6456.2304
2024-06-13,2024,6,214000,6059.7952
2024-06-14,2024,6,225000,6371.28
2024-06-15,2024,6,178000,5040.3904
2024-06-16,2024,6,153000,4332.4704
2024-06-17,2024,6,167000,4728.9056
2024-06-18,2024,6,153000,4332.4704
2024-06-19,2024,6,163000,4615.6384
2024-06-20,2024,6,147000,4162.5696
2024-06-21,2024,6,155000,4389.104
2024-06-22,2024,6,160000,4530.688
2024-06-23,2024,6,154000,4360.7872
2024-06-24,2024,6,157000,4445.7376
2024-06-25,2024,6,163000,4615.6384
2024-06-26,2024,6,162000,4587.3216
2024-06-27,2024,6,149000,4219.2032
2024-06-28,2024,6,132000,3737.8176
2024-06-29,2024,6,148000,4190.8864
2024-06-30,2024,6,149000,4219.2032
2024-07-01,2024,7,162000,4587.3216
2024-07-02,2024,7,153000,4332.4704
2024-07-03,2024,7,148000,4190.8864
2024-07-04,2024,7,164000,4643.9552
2024-07-05,2024,7,150000,4247.52
2024-07-06,2024,7,133000,3766.1344
2024-07-07,2024,7,133000,3766.1344
2024-07-08,2024,7,146000,4134.2528
2024-07-09,2024,7,157000,4445.7376
2024-07-10,2024,7,159000,4502.3712
2024-07-11,2024,7,135000,3822.768
2024-07-12,2024,7,126000,3567.9168
2024-07-13,2024,7,131000,3709.5008
2024-07-14,2024,7,130000,3681.184
2024-07-15,2024,7,138000,3907.7184
2024-07-16,2024,7,142000,4020.9856
2024-07-17,2024,7,174000,4927.1232
2024-07-18,2024,7,163000,4615.6384
2024-07-19,2024,7,151000,4275.8368
2024-07-20,2024,7,141000,3992.6688
2024-07-21,2024,7,134000,3794.4512
2024-07-22,2024,7,150000,4247.52
2024-07-23,2024,7,132000,3737.8176
2024-07-24,2024,7,141000,3992.6688
2024-07-25,2024,7,114000,3228.1152
2024-07-26,2024,7,109000,3086.5312
2024-07-27,2024,7,125000,3539.6
2024-07-28,2024,7,128000,3624.5504
2024-07-29,2024,7,126000,3567.9168
2024-07-30,2024,7,111000,3143.1648
2024-07-31,2024,7,98500,2789.2048
2024-08-01,2024,8,119000,3369.6992
2024-08-02,2024,8,118000,3341.3824
2024-08-03,2024,8,117000,3313.0656
2024-08-04,2024,8,112000,3171.4816
2024-08-05,2024,8,122000,3454.6496
2024-08-06,2024,8,117000,3313.0656
2024-08-07,2024,8,108000,3058.2144
2024-08-08,2024,8,116000,3284.7488
2024-08-09,2024,8,113000,3199.7984
2024-08-10,2024,8,112000,3171.4816
2024-08-11,2024,8,108000,3058.2144
2024-08-12,2024,8,108000,3058.2144
2024-08-13,2024,8,104000,2944.9472
2024-08-14,2024,8,120000,3398.016
2024-08-15,2024,8,111000,3143.1648
2024-08-16,2024,8,107000,3029.8976
2024-08-17,2024,8,101000,2859.9968
2024-08-18,2024,8,91100,2579.66048
2024-08-19,2024,8,94800,2684.43264
2024-08-20,2024,8,97800,2769.38304
2024-08-21,2024,8,93900,2658.94752
2024-08-22,2024,8,112000,3171.4816
2024-08-23,2024,8,85800,2429.58144
2024-08-24,2024,8,87300,2472.05664
2024-08-25,2024,8,83000,2350.2944
2024-08-26,2024,8,103000,2916.6304
2024-08-27,2024,8,95300,2698.59104
2024-08-28,2024,8,92700,2624.96736
2024-08-29,2024,8,104000,2944.9472
2024-08-30,2024,8,108000,3058.2144
2024-08-31,2024,8,102000,2888.3136
2024-09-01,2024,9,78800,2231.36384
2024-09-02,2024,9,86100,2438.07648
2024-09-03,2024,9,80600,2282.33408
2024-09-04,2024,9,80600,2282.33408
2024-09-05,2024,9,83300,2358.78944
2024-09-06,2024,9,80400,2276.67072
2024-09-07,2024,9,70800,2004.82944
2024-09-08,2024,9,72000,2038.8096
2024-09-09,2024,9,73000,2067.1264
2024-09-10,2024,9,81200,2299.32416
2024-09-11,2024,9,77400,2191.72032
2024-09-12,2024,9,74000,2095.4432
2024-09-13,2024,9,70300,1990.67104
2024-09-14,2024,9,69100,1956.69088
2024-09-15,2024,9,73300,2075.62144
2024-09-16,2024,9,70300,1990.67104
2024-09-17,2024,9,70600,1999.16608
2024-09-18,2024,9,72200,2044.47296
2024-09-19,2024,9,71800,2033.14624
2024-09-20,2024,9,69800,1976.51264
2024-09-21,2024,9,66700,1888.73056
2024-09-22,2024,9,68200,1931.20576
2024-09-23,2024,9,67100,1900.05728
2024-09-24,2024,9,70600,1999.16608
2024-09-25,2024,9,70000,1982.176
2024-09-26,2024,9,68000,1925.5424
2024-09-27,2024,9,63900,1809.44352
2024-09-28,2024,9,65000,1840.592
2024-09-29,2024,9,65000,1840.592
2024-09-30,2024,9,64700,1832.09696
2024-10-01,2024,10,66100,1871.74048
2024-10-02,2024,10,71800,2033.14624
2024-10-03,2024,10,68900,1951.02752
2024-10-04,2024,10,64500,1826.4336
2024-10-05,2024,10,64700,1832.09696
2024-10-06,2024,10,64000,1812.2752
2024-10-07,2024,10,70300,1990.67104
2024-10-08,2024,10,64400,1823.60192
2024-10-09,2024,10,64500,1826.4336
2024-10-10,2024,10,68100,1928.37408
2024-10-11,2024,10,68700,1945.36416
2024-10-12,2024,10,68600,1942.53248
2024-10-13,2024,10,64200,1817.93856
2024-10-14,2024,10,63400,1795.28512
2024-10-15,2024,10,63800,1806.61184
2024-10-16,2024,10,64200,1817.93856
2024-10-17,2024,10,66000,1868.9088
2024-10-18,2024,10,62100,1758.47328
2024-10-19,2024,10,62900,1781.12672
2024-10-20,2024,10,64100,1815.10688
2024-10-21,2024,10,66800,1891.56224
2024-10-22,2024,10,65700,1860.41376
2024-10-23,2024,10,70300,1990.67104
2024-10-24,2024,10,75400,2135.08672
2024-10-25,2024,10,74400,2106.76992
2024-10-26,2024,10,70000,1982.176
2024-10-27,2024,10,71600,2027.48288
2024-10-28,2024,10,66300,1877.40384
2024-10-29,2024,10,67200,1902.88896
2024-10-30,2024,10,72300,2047.30464
2024-10-31,2024,10,79700,2256.84896
2024-11-01,2024,11,90100,2551.34368
2024-11-02,2024,11,83800,2372.94784
2024-11-03,2024,11,81700,2313.48256
2024-11-04,2024,11,87900,2489.04672
2024-11-05,2024,11,92200,2610.80896
2024-11-06,2024,11,92300,2613.64064
2024-11-07,2024,11,98200,2780.70976
2024-11-08,2024,11,98300,2783.54144
2024-11-09,2024,11,92900,2630.63072
2024-11-10,2024,11,89800,2542.84864
2024-11-11,2024,11,90800,2571.16544
2024-11-12,2024,11,89600,2537.18528
2024-11-13,2024,11,90400,2559.83872
2024-11-14,2024,11,89600,2537.18528
2024-11-15,2024,11,92900,2630.63072
2024-11-16,2024,11,90900,2573.99712
2024-11-17,2024,11,94000,2661.7792
2024-11-18,2024,11,92200,2610.80896
2024-11-19,2024,11,106000,3001.5808
2024-11-20,2024,11,98600,2792.03648
2024-11-21,2024,11,91400,2588.15552
2024-11-22,2024,11,98300,2783.54144
2024-11-23,2024,11,89200,2525.85856
2024-11-24,2024,11,90900,2573.99712
2024-11-25,2024,11,96000,2718.4128
2024-11-26,2024,11,99800,2826.01664
2024-11-27,2024,11,99600,2820.35328
2024-11-28,2024,11,101000,2859.9968
2024-11-29,2024,11,93400,2644.78912
2024-11-30,2024,11,91900,2602.31392
2024-12-01,2024,12,92300,2613.64064
2024-12-02,2024,12,1e+05,2831.68
2024-12-03,2024,12,97300,2755.22464
2024-12-04,2024,12,107000,3029.8976
2024-12-05,2024,12,99300,2811.85824
2024-12-06,2024,12,99500,2817.5216
2024-12-07,2024,12,99100,2806.19488
2024-12-08,2024,12,99800,2826.01664
2024-12-09,2024,12,104000,2944.9472
2024-12-10,2024,12,106000,3001.5808
2024-12-11,2024,12,106000,3001.5808
2024-12-12,2024,12,116000,3284.7488
2024-12-13,2024,12,113000,3199.7984
2024-12-14,2024,12,106000,3001.5808
2024-12-15,2024,12,107000,3029.8976
2024-12-16,2024,12,115000,3256.432
2024-12-17,2024,12,117000,3313.0656
2024-12-18,2024,12,119000,3369.6992
2024-12-19,2024,12,114000,3228.1152
2024-12-20,2024,12,117000,3313.0656
2024-12-21,2024,12,110000,3114.848
2024-12-22,2024,12,112000,3171.4816
2024-12-23,2024,12,105000,2973.264
2024-12-24,2024,12,113000,3199.7984
2024-12-25,2024,12,117000,3313.0656
2024-12-26,2024,12,124000,3511.2832
2024-12-27,2024,12,126000,3567.9168
2024-12-28,2024,12,126000,3567.9168
2024-12-29,2024,12,125000,3539.6
2024-12-30,2024,12,125000,3539.6
2024-12-31,2024,12,120000,3398.016
2025-01-01,2025,1,127000,3596.2336
2025-01-02,2025,1,137000,3879.4016
2025-01-03,2025,1,136000,3851.0848
2025-01-04,2025,1,127000,3596.2336
2025-01-05,2025,1,122000,3454.6496
2025-01-06,2025,1,126000,3567.9168
2025-01-07,2025,1,128000,3624.5504
2025-01-08,2025,1,126000,3567.9168
2025-01-09,2025,1,124000,3511.2832
2025-01-10,2025,1,126000,3567.9168
2025-01-11,2025,1,126000,3567.9168
2025-01-12,2025,1,124000,3511.2832
2025-01-13,2025,1,128000,3624.5504
2025-01-14,2025,1,124000,3511.2832
2025-01-15,2025,1,122000,3454.6496
2025-01-16,2025,1,126000,3567.9168
2025-01-17,2025,1,122000,3454.6496
2025-01-18,2025,1,124000,3511.2832
2025-01-19,2025,1,127000,3596.2336
2025-01-20,2025,1,132000,3737.8176
2025-01-21,2025,1,131000,3709.5008
2025-01-22,2025,1,128000,3624.5504
2025-01-23,2025,1,127000,3596.2336
2025-01-24,2025,1,122000,3454.6496
2025-01-25,2025,1,123000,3482.9664
2025-01-26,2025,1,125000,3539.6
2025-01-27,2025,1,124000,3511.2832
2025-01-28,2025,1,124000,3511.2832
2025-01-29,2025,1,127000,3596.2336
2025-01-30,2025,1,126000,3567.9168
2025-01-31,2025,1,129000,3652.8672
2025-02-01,2025,2,128000,3624.5504
2025-02-02,2025,2,123000,3482.9664
2025-02-03,2025,2,121000,3426.3328
2025-02-04,2025,2,121000,3426.3328
2025-02-05,2025,2,123000,3482.9664
2025-02-06,2025,2,122000,3454.6496
2025-02-07,2025,2,124000,3511.2832
2025-02-08,2025,2,124000,3511.2832
2025-02-09,2025,2,126000,3567.9168
2025-02-10,2025,2,131000,3709.5008
2025-02-11,2025,2,125000,3539.6
2025-02-12,2025,2,135000,3822.768
2025-02-13,2025,2,154000,4360.7872
2025-02-14,2025,2,139000,3936.0352
2025-02-15,2025,2,136000,3851.0848
2025-02-16,2025,2,134000,3794.4512
2025-02-17,2025,2,134000,3794.4512
2025-02-18,2025,2,132000,3737.8176
2025-02-19,2025,2,124000,3511.2832
2025-02-20,2025,2,128000,3624.5504
2025-02-21,2025,2,128000,3624.5504
2025-02-22,2025,2,130000,3681.184
2025-02-23,2025,2,160000,4530.688
2025-02-24,2025,2,171000,4842.1728
2025-02-25,2025,2,191000,5408.5088
2025-02-26,2025,2,184000,5210.2912
2025-02-27,2025,2,173000,4898.8064
2025-02-28,2025,2,154000,4360.7872
2025-03-01,2025,3,164000,4643.9552
2025-03-02,2025,3,179000,5068.7072
2025-03-03,2025,3,184000,5210.2912
2025-03-04,2025,3,158000,4474.0544
2025-03-05,2025,3,142000,4020.9856
2025-03-06,2025,3,159000,4502.3712
2025-03-07,2025,3,149000,4219.2032
2025-03-08,2025,3,142000,4020.9856
2025-03-09,2025,3,153000,4332.4704
2025-03-10,2025,3,159000,4502.3712
2025-03-11,2025,3,139000,3936.0352
2025-03-12,2025,3,144000,4077.6192
2025-03-13,2025,3,167000,4728.9056
2025-03-14,2025,3,155000,4389.104
2025-03-15,2025,3,163000,4615.6384
2025-03-16,2025,3,147000,4162.5696
2025-03-17,2025,3,176000,4983.7568
2025-03-18,2025,3,156000,4417.4208
2025-03-19,2025,3,149000,4219.2032
2025-03-20,2025,3,145000,4105.936
2025-03-21,2025,3,165000,4672.272
2025-03-22,2025,3,161000,4559.0048
2025-03-23,2025,3,153000,4332.4704
2025-03-24,2025,3,159000,4502.3712
2025-03-25,2025,3,165000,4672.272
2025-03-26,2025,3,181000,5125.3408
2025-03-27,2025,3,220000,6229.696
2025-03-28,2025,3,252000,7135.8336
2025-03-29,2025,3,263000,7447.3184
2025-03-30,2025,3,250000,7079.2
2025-03-31,2025,3,260000,7362.368
2025-04-01,2025,4,244000,6909.2992
2025-04-02,2025,4,237000,6711.0816
2025-04-03,2025,4,2e+05,5663.36
2025-04-04,2025,4,174000,4927.1232
2025-04-05,2025,4,197000,5578.4096
2025-04-06,2025,4,191000,5408.5088
2025-04-07,2025,4,177000,5012.0736
2025-04-08,2025,4,166000,4700.5888
2025-04-09,2025,4,174000,4927.1232
2025-04-10,2025,4,246000,6965.9328
2025-04-11,2025,4,259000,7334.0512
2025-04-12,2025,4,285000,8070.288
2025-04-13,2025,4,251000,7107.5168
2025-04-14,2025,4,281000,7957.0208
2025-04-15,2025,4,269000,7617.2192
2025-04-16,2025,4,286000,8098.6048
2025-04-17,2025,4,249000,7050.8832
2025-04-18,2025,4,232000,6569.4976
2025-04-19,2025,4,265000,7503.952
2025-04-20,2025,4,272000,7702.1696
2025-04-21,2025,4,276000,7815.4368
2025-04-22,2025,4,199000,5635.0432
2025-04-23,2025,4,208000,5889.8944
2025-04-24,2025,4,201000,5691.6768
2025-04-25,2025,4,207000,5861.5776
2025-04-26,2025,4,250000,7079.2
2025-04-30,2025,4,235000,6654.448
2025-05-01,2025,5,214000,6059.7952
2025-05-02,2025,5,248000,7022.5664
2025-05-03,2025,5,233000,6597.8144
2025-05-04,2025,5,231000,6541.1808
2025-05-05,2025,5,221000,6258.0128
2025-05-06,2025,5,229000,6484.5472
2025-05-07,2025,5,245000,6937.616
2025-05-08,2025,5,235000,6654.448
2025-05-09,2025,5,242000,6852.6656
2025-05-10,2025,5,257000,7277.4176
2025-05-11,2025,5,268000,7588.9024
2025-05-12,2025,5,268000,7588.9024
2025-05-13,2025,5,291000,8240.1888
2025-05-14,2025,5,273000,7730.4864
2025-05-15,2025,5,244000,6909.2992
2025-05-16,2025,5,235000,6654.448
2025-05-17,2025,5,248000,7022.5664
2025-05-18,2025,5,201000,5691.6768
2025-05-19,2025,5,194000,5493.4592
2025-05-20,2025,5,203000,5748.3104
2025-05-21,2025,5,175000,4955.44
2025-05-22,2025,5,191000,5408.5088
2025-05-23,2025,5,195000,5521.776
2025-05-24,2025,5,169000,4785.5392
2025-05-25,2025,5,185000,5238.608
2025-05-26,2025,5,180000,5097.024
2025-05-27,2025,5,156000,4417.4208
2025-05-28,2025,5,181000,5125.3408
2025-05-29,2025,5,254000,7192.4672
2025-05-30,2025,5,206000,5833.2608
2025-05-31,2025,5,233000,6597.8144
2025-06-01,2025,6,248000,7022.5664
2025-06-02,2025,6,233000,6597.8144
2025-06-03,2025,6,232000,6569.4976
2025-06-04,2025,6,255000,7220.784
2025-06-05,2025,6,191000,5408.5088
2025-06-06,2025,6,194000,5493.4592
2025-06-07,2025,6,176000,4983.7568
2025-06-08,2025,6,169000,4785.5392
2025-06-09,2025,6,176000,4983.7568
2025-06-10,2025,6,160000,4530.688
2025-06-11,2025,6,195000,5521.776
2025-06-12,2025,6,179000,5068.7072
2025-06-13,2025,6,165000,4672.272
2025-06-14,2025,6,170000,4813.856
2025-06-15,2025,6,153000,4332.4704
2025-06-16,2025,6,175000,4955.44
2025-06-17,2025,6,146000,4134.2528
2025-06-18,2025,6,153000,4332.4704
2025-06-19,2025,6,148000,4190.8864
2025-06-20,2025,6,149000,4219.2032
2025-06-21,2025,6,129000,3652.8672
2025-06-22,2025,6,136000,3851.0848
2025-06-23,2025,6,132000,3737.8176
2025-06-24,2025,6,134000,3794.4512
2025-06-25,2025,6,143000,4049.3024
2025-06-26,2025,6,140000,3964.352
2025-06-27,2025,6,165000,4672.272
2025-06-28,2025,6,131000,3709.5008
2025-06-29,2025,6,123000,3482.9664
2025-06-30,2025,6,129000,3652.8672
2025-07-01,2025,7,135000,3822.768
2025-07-02,2025,7,171000,4842.1728
2025-07-03,2025,7,135000,3822.768
2025-07-04,2025,7,123000,3482.9664
2025-07-05,2025,7,128000,3624.5504
2025-07-06,2025,7,127000,3596.2336
2025-07-07,2025,7,118000,3341.3824
2025-07-08,2025,7,135000,3822.768
2025-07-09,2025,7,125000,3539.6
2025-07-10,2025,7,113000,3199.7984
2025-07-11,2025,7,105000,2973.264
2025-07-12,2025,7,112000,3171.4816
2025-07-13,2025,7,115000,3256.432
2025-07-14,2025,7,128000,3624.5504
2025-07-15,2025,7,114000,3228.1152
2025-07-16,2025,7,129000,3652.8672
2025-07-17,2025,7,155000,4389.104
2025-07-18,2025,7,137000,3879.4016
2025-07-19,2025,7,130000,3681.184
2025-07-20,2025,7,121000,3426.3328
2025-07-21,2025,7,121000,3426.3328
2025-07-22,2025,7,122000,3454.6496
2025-07-23,2025,7,127000,3596.2336
2025-07-24,2025,7,118000,3341.3824
2025-07-25,2025,7,126000,3567.9168
2025-07-26,2025,7,129000,3652.8672
2025-07-27,2025,7,120000,3398.016
2025-07-28,2025,7,111000,3143.1648
2025-07-29,2025,7,118000,3341.3824
2025-07-30,2025,7,123000,3482.9664
2025-07-31,2025,7,120000,3398.016
2025-08-01,2025,8,115000,3256.432
2025-08-02,2025,8,122000,3454.6496
2025-08-03,2025,8,119000,3369.6992
2025-08-04,2025,8,116000,3284.7488
2025-08-05,2025,8,116000,3284.7488
2025-08-06,2025,8,117000,3313.0656
2025-08-07,2025,8,129000,3652.8672
2025-08-08,2025,8,124000,3511.2832
2025-08-09,2025,8,123000,3482.9664
2025-08-10,2025,8,124000,3511.2832
2025-08-11,2025,8,134000,3794.4512
2025-08-12,2025,8,129000,3652.8672
2025-08-13,2025,8,135000,3822.768
2025-08-14,2025,8,123000,3482.9664
2025-08-15,2025,8,110000,3114.848
2025-08-16,2025,8,119000,3369.6992
2025-08-17,2025,8,109000,3086.5312
2025-08-18,2025,8,122000,3454.6496
2025-08-19,2025,8,125000,3539.6
2025-08-20,2025,8,115000,3256.432
2025-08-21,2025,8,117000,3313.0656
2025-08-22,2025,8,119000,3369.6992
2025-08-23,2025,8,122000,3454.6496
2025-08-24,2025,8,108000,3058.2144
2025-08-25,2025,8,106000,3001.5808
2025-08-26,2025,8,125000,3539.6
2025-08-27,2025,8,115000,3256.432
2025-08-28,2025,8,121000,3426.3328
2025-08-29,2025,8,117000,3313.0656
2025-08-30,2025,8,104000,2944.9472
2025-08-31,2025,8,106000,3001.5808
2025-09-01,2025,9,103000,2916.6304
2025-09-02,2025,9,112000,3171.4816
2025-09-03,2025,9,103000,2916.6304
2025-09-04,2025,9,99900,2828.84832
2025-09-05,2025,9,97600,2763.71968
2025-09-06,2025,9,98500,2789.2048
2025-09-07,2025,9,94400,2673.10592
2025-09-08,2025,9,96300,2726.90784
2025-09-09,2025,9,95000,2690.096
2025-09-10,2025,9,98100,2777.87808
2025-09-11,2025,9,98200,2780.70976
2025-09-12,2025,9,95300,2698.59104
2025-09-13,2025,9,94700,2681.60096
2025-09-14,2025,9,93900,2658.94752
2025-09-15,2025,9,92700,2624.96736
2025-09-16,2025,9,95100,2692.92768
2025-09-17,2025,9,105000,2973.264
2025-09-18,2025,9,102000,2888.3136
2025-09-19,2025,9,98400,2786.37312
2025-09-20,2025,9,1e+05,2831.68
2025-09-21,2025,9,96000,2718.4128
2025-09-22,2025,9,93200,2639.12576
2025-09-23,2025,9,95500,2704.2544
2025-09-24,2025,9,94100,2664.61088
2025-09-25,2025,9,96900,2743.89792
2025-09-26,2025,9,91900,2602.31392
2025-09-27,2025,9,91900,2602.31392
2025-09-28,2025,9,93500,2647.6208
2025-09-29,2025,9,93300,2641.95744
2025-09-30,2025,9,92700,2624.96736
2025-10-02,2025,10,95300,2698.59104
2025-10-03,2025,10,95200,2695.75936
2025-10-04,2025,10,93600,2650.45248
2025-10-05,2025,10,98800,2797.69984
2025-10-06,2025,10,98700,2794.86816
2025-10-07,2025,10,101000,2859.9968
2025-10-08,2025,10,101000,2859.9968
2025-10-09,2025,10,98700,2794.86816
2025-10-10,2025,10,102000,2888.3136
2025-10-11,2025,10,95100,2692.92768
2025-10-12,2025,10,93200,2639.12576
2025-10-13,2025,10,101000,2859.9968
2025-10-14,2025,10,102000,2888.3136
2025-10-15,2025,10,106000,3001.5808
2025-10-16,2025,10,105000,2973.264
2025-10-17,2025,10,104000,2944.9472
2025-10-18,2025,10,95600,2707.08608
2025-10-19,2025,10,98600,2792.03648
2025-10-20,2025,10,96100,2721.24448
2025-10-21,2025,10,97200,2752.39296
2025-10-22,2025,10,98900,2800.53152
2025-10-23,2025,10,102000,2888.3136
2025-10-24,2025,10,101000,2859.9968
2025-10-25,2025,10,99500,2817.5216
2025-10-26,2025,10,97100,2749.56128
2025-10-27,2025,10,97000,2746.7296
2025-10-28,2025,10,98200,2780.70976
2025-10-29,2025,10,102000,2888.3136
2025-10-30,2025,10,105000,2973.264
2025-10-31,2025,10,104000,2944.9472
2025-11-01,2025,11,109000,3086.5312
2025-11-02,2025,11,99900,2828.84832
2025-11-03,2025,11,108000,3058.2144
2025-11-04,2025,11,113000,3199.7984
2025-11-05,2025,11,109000,3086.5312
2025-11-06,2025,11,107000,3029.8976
2025-11-07,2025,11,104000,2944.9472
2025-11-08,2025,11,105000,2973.264
2025-11-09,2025,11,109000,3086.5312
2025-11-10,2025,11,107000,3029.8976
2025-11-11,2025,11,107000,3029.8976
2025-11-12,2025,11,109000,3086.5312
2025-11-13,2025,11,112000,3171.4816
2025-11-14,2025,11,112000,3171.4816
2025-11-15,2025,11,112000,3171.4816
2025-11-16,2025,11,108000,3058.2144
2025-11-17,2025,11,112000,3171.4816
2025-11-18,2025,11,105000,2973.264
2025-11-19,2025,11,116000,3284.7488
2025-11-20,2025,11,116000,3284.7488
2025-11-21,2025,11,112000,3171.4816
2025-11-22,2025,11,114000,3228.1152
2025-11-23,2025,11,110000,3114.848
2025-11-24,2025,11,114000,3228.1152
2025-11-25,2025,11,112000,3171.4816
2025-11-26,2025,11,102000,2888.3136
2025-11-27,2025,11,103000,2916.6304
2025-11-28,2025,11,103000,2916.6304
2025-11-29,2025,11,103000,2916.6304
2025-11-30,2025,11,106000,3001.5808
2025-12-01,2025,12,109000,3086.5312
2025-12-02,2025,12,112000,3171.4816
2025-12-03,2025,12,106000,3001.5808
2025-12-04,2025,12,110000,3114.848
2025-12-05,2025,12,110000,3114.848
2025-12-06,2025,12,117000,3313.0656
2025-12-07,2025,12,120000,3398.016
2025-12-08,2025,12,117000,3313.0656
2025-12-09,2025,12,104000,2944.9472
2025-12-10,2025,12,135000,3822.768
2025-12-11,2025,12,131000,3709.5008
2025-12-12,2025,12,125000,3539.6
2025-12-13,2025,12,123000,3482.9664
2025-12-14,2025,12,118000,3341.3824
2025-12-15,2025,12,122000,3454.6496
2025-12-16,2025,12,117000,3313.0656
2025-12-17,2025,12,153000,4332.4704
2025-12-18,2025,12,192000,5436.8256
2025-12-19,2025,12,187000,5295.2416
2025-12-20,2025,12,203000,5748.3104
2025-12-21,2025,12,155000,4389.104
2025-12-22,2025,12,137000,3879.4016
2025-12-23,2025,12,134000,3794.4512
2025-12-24,2025,12,127000,3596.2336
2025-12-25,2025,12,125000,3539.6
2025-12-26,2025,12,139000,3936.0352
2025-12-27,2025,12,136000,3851.0848
2025-12-28,2025,12,128000,3624.5504
2025-12-29,2025,12,135000,3822.768
2025-12-30,2025,12,130000,3681.184
2025-12-31,2025,12,137000,3879.4016
2026-01-01,2026,1,138000,3907.7184
2026-01-02,2026,1,115000,3256.432
2026-01-03,2026,1,115000,3256.432
2026-01-04,2026,1,116000,3284.7488
2026-01-05,2026,1,122000,3454.6496
2026-01-06,2026,1,121000,3426.3328
2026-01-07,2026,1,121000,3426.3328
2026-01-08,2026,1,120000,3398.016
2026-01-09,2026,1,116000,3284.7488
2026-01-10,2026,1,118000,3341.3824
2026-01-11,2026,1,119000,3369.6992
2026-01-12,2026,1,116000,3284.7488
2026-01-13,2026,1,122000,3454.6496
2026-01-14,2026,1,126000,3567.9168
2026-01-15,2026,1,113000,3199.7984
2026-01-16,2026,1,118000,3341.3824
2026-01-17,2026,1,114000,3228.1152
2026-01-18,2026,1,114000,3228.1152
2026-01-19,2026,1,114000,3228.1152
2026-01-20,2026,1,121000,3426.3328
2026-01-21,2026,1,120000,3398.016
2026-01-22,2026,1,117000,3313.0656
2026-01-23,2026,1,127000,3596.2336
2026-01-24,2026,1,132000,3737.8176
2026-01-25,2026,1,126000,3567.9168
2026-01-26,2026,1,120000,3398.016
2026-01-27,2026,1,113000,3199.7984
2026-01-28,2026,1,107000,3029.8976
2026-01-29,2026,1,107000,3029.8976
2026-01-30,2026,1,104000,2944.9472
2026-01-31,2026,1,102000,2888.3136
2026-02-01,2026,2,108000,3058.2144
2026-02-02,2026,2,104000,2944.9472
2026-02-03,2026,2,103000,2916.6304
2026-02-04,2026,2,99200,2809.02656
2026-02-05,2026,2,101000,2859.9968
2026-02-06,2026,2,101000,2859.9968
2026-02-07,2026,2,106000,3001.5808
2026-02-08,2026,2,113000,3199.7984
2026-02-09,2026,2,109000,3086.5312
2026-02-10,2026,2,102000,2888.3136
2026-02-11,2026,2,104000,2944.9472
2026-02-12,2026,2,107000,3029.8976
2026-02-13,2026,2,104000,2944.9472
2026-02-14,2026,2,106000,3001.5808
2026-02-15,2026,2,111000,3143.1648
2026-02-16,2026,2,133000,3766.1344
2026-02-17,2026,2,116000,3284.7488
2026-02-18,2026,2,111000,3143.1648
2026-02-19,2026,2,115000,3256.432
2026-02-20,2026,2,113000,3199.7984
2026-02-21,2026,2,123000,3482.9664
2026-02-22,2026,2,114000,3228.1152
2026-02-23,2026,2,120000,3398.016
2026-02-24,2026,2,126000,3567.9168
2026-02-25,2026,2,167000,4728.9056
2026-02-26,2026,2,132000,3737.8176
2026-02-27,2026,2,138000,3907.7184
2026-02-28,2026,2,110000,3114.848
2026-03-01,2026,3,110000,3114.848
